id,name,category,region,description,description_es,address,city,phone,email,website,eligibility,eligibility_es,notes,notes_es,hours,tags,services,county,served_counties,coverage
1,ADOC — Reentry & Rehabilitation Services,state-agency,Statewide,"The Alabama Department of Corrections coordinates statewide reentry planning that begins at intake and continues through pre-release programming and community supervision. Reentry staff connect people leaving state custody to housing referrals, MyDHR benefits enrollment, Alabama Career Center workforce services, and local reentry coalitions across all 67 counties. This office provides planning, programming, and referrals coordinated through facility case managers—not a walk-in crisis line or emergency cash provider.","El Departamento de Correcciones de Alabama coordina la planificación estatal de reinserción que comienza al ingreso y continúa durante la programación previa a la liberación y la supervisión comunitaria. El personal de reinserción conecta a las personas que salen de custodia estatal con referencias de vivienda, inscripción en beneficios de MyDHR, servicios laborales de Alabama Career Center y coaliciones locales de reinserción en los 67 condados. Esta oficina ofrece planificación y referencias, no es una línea de crisis.",301 South Ripley Street,Montgomery,334-353-3883,,https://doc.alabama.gov/ReEntryInfo,Individuals in ADOC custody preparing for release or recently released; families and community partners may use published reentry resources and planning guides.,Personas en custodia de ADOC que se preparan para la liberación o recién liberadas; familias y aliados comunitarios pueden usar los recursos publicados de reinserción.,Review the reentry resource guide at doc.alabama.gov/ReEntryInfo; coordinate through facility reentry coordinators and assigned supervision officers after release.,Revise la guía de recursos de reinserción en doc.alabama.gov/ReEntryInfo; coordine con los coordinadores de reinserción de la instalación y el oficial de supervisión asignado.,State office Monday–Friday business hours,statewide|reentry|ADOC|DOC|pre-release|prison,Pre-release planning|Transitional programming coordination|Community partner referrals|Reentry resource navigation|Supervision linkage,Montgomery,,statewide
2,Alabama Bureau of Pardons and Paroles — Statewide,probation-parole,Statewide,"The Alabama Bureau of Pardons and Paroles supervises people on parole and probation and processes pardon, parole, and clemency applications through field offices across the state. Officers connect supervisees to employment, treatment, and housing referrals as conditions of supervision, and the Board hears pardon and parole cases on a published statewide docket. Supervision and hearings only—not a source of emergency cash or shelter.","La Junta de Indultos y Libertad Condicional de Alabama supervisa a personas en libertad condicional y probatoria y procesa solicitudes de indulto, libertad condicional y clemencia a través de oficinas de campo en todo el estado. Los oficiales conectan a los supervisados con referencias de empleo, tratamiento y vivienda como condiciones de supervisión, y la Junta escucha casos en un calendario estatal publicado. Solo supervisión y audiencias, no efectivo de emergencia ni refugio.","RSA Tower, 201 Monroe Street",Montgomery,334-242-8700,,https://paroles.alabama.gov,"Individuals under active parole or probation supervision, or eligible to apply for pardon, parole, or clemency under Alabama law.","Personas bajo supervisión activa de libertad condicional o probatoria, o elegibles para solicitar indulto, libertad condicional o clemencia según la ley de Alabama.",Find field office locations and hearing dockets at paroles.alabama.gov; contact your assigned supervision officer for case-specific questions.,Encuentre ubicaciones de oficinas de campo y calendarios de audiencias en paroles.alabama.gov; contacte a su oficial de supervisión asignado para preguntas específicas.,Field offices Monday–Friday business hours,statewide|probation-parole|pardons|paroles|reentry,Parole supervision|Probation supervision|Pardon and clemency hearings|Field office referrals|Reentry condition compliance support,Montgomery,,statewide
3,MyDHR — Alabama Benefits Portal,financial-assistance,Statewide,"MyDHR is Alabama's official online portal for applying for and managing SNAP food assistance, Family Assistance (TANF) cash benefits, child care subsidies, and Medicaid referrals through county Department of Human Resources offices. Justice-involved Alabamians can apply for food and cash support after release, and county DHR staff assist with verification and recertification at all 67 county offices statewide.","MyDHR es el portal en línea oficial de Alabama para solicitar y administrar asistencia alimentaria SNAP, beneficios en efectivo de Asistencia Familiar (TANF), subsidios de cuidado infantil y referencias de Medicaid a través de oficinas del Departamento de Recursos Humanos del condado. Los alabameños en reinserción pueden solicitar apoyo alimentario y en efectivo después de la liberación; el personal del condado ayuda con verificación y recertificación en las 67 oficinas.",50 Ripley Street,Montgomery,1-800-382-0499,,https://mydhr.alabama.gov,"Alabama residents meeting income and household-size requirements for SNAP, TANF, or child care assistance; criminal record is generally not a barrier to SNAP eligibility.","Residentes de Alabama que cumplan requisitos de ingresos y tamaño del hogar para SNAP, TANF o asistencia de cuidado infantil; los antecedentes penales generalmente no son barrera para SNAP.",Apply online at mydhr.alabama.gov or visit your county DHR office; call 1-800-382-0499 for application help; bring ID and release documents.,Solicite en línea en mydhr.alabama.gov o visite su oficina DHR del condado; llame al 1-800-382-0499 para ayuda; traiga identificación y documentos de liberación.,Online 24/7; county DHR office hours vary,statewide|benefits|SNAP|TANF|MyDHR|reentry,SNAP enrollment|TANF cash assistance|Child care subsidy applications|Medicaid referral|County DHR office locator,Montgomery,,statewide
4,Alabama Medicaid Agency,healthcare,Statewide,"The Alabama Medicaid Agency administers health coverage for eligible low-income residents, pregnant women, children, and people with disabilities statewide, including plan first family planning coverage and coordination with the ACA marketplace. Returning citizens can apply for Medicaid before or immediately after release to secure prescription and primary care coverage; recipient services staff help with enrollment questions and eligibility appeals by phone.","La Agencia de Medicaid de Alabama administra la cobertura de salud para residentes elegibles de bajos ingresos, mujeres embarazadas, niños y personas con discapacidades en todo el estado, incluida la cobertura de planificación familiar Plan First y coordinación con el mercado de la ACA. Los ciudadanos que regresan pueden solicitar Medicaid antes o inmediatamente después de la liberación para asegurar cobertura de recetas y atención primaria.",501 Dexter Avenue,Montgomery,1-800-362-1504,,https://medicaid.alabama.gov,"Alabama residents meeting income and category requirements (children, pregnant women, disabled adults, some low-income parents); Alabama has not expanded Medicaid to all low-income adults.","Residentes de Alabama que cumplan requisitos de ingresos y categoría (niños, mujeres embarazadas, adultos discapacitados, algunos padres de bajos ingresos); Alabama no ha expandido Medicaid a todos los adultos de bajos ingresos.",Apply through mydhr.alabama.gov or call 1-800-362-1504; ask about presumptive eligibility for pregnant applicants and disability-based categories.,Solicite a través de mydhr.alabama.gov o llame al 1-800-362-1504; pregunte sobre elegibilidad presuntiva para embarazadas y categorías por discapacidad.,"Recipient call center Monday–Friday, 8:00 a.m.–5:00 p.m. CT",statewide|healthcare|Medicaid|health-insurance|reentry,Medicaid application assistance|Eligibility determination|Plan First family planning coverage|Recipient services helpline|Appeals support,Montgomery,,statewide
5,Alabama 211,state-agency,Statewide,"Alabama 211 is a free statewide information and referral service connecting residents to health and human services including housing, food, utilities, employment, and crisis support across all 67 counties. United Way-supported navigators, coordinated through Connect Alabama 211, help callers find local programs by need and ZIP code by phone or online. Alabama 211 is a referral service—not a direct-service provider.","Alabama 211 es un servicio gratuito de información y referencia estatal que conecta a residentes con servicios de salud y humanos incluyendo vivienda, alimentos, servicios públicos, empleo y apoyo en crisis en los 67 condados. Navegadores apoyados por United Way, coordinados a través de Connect Alabama 211, ayudan a encontrar programas locales por necesidad y código postal. Es un servicio de referencia, no un proveedor directo.",,,211,,https://www.uwca.org/211,Open to all Alabama residents; no criminal-record restrictions stated.,Abierto a todos los residentes de Alabama; sin restricciones de antecedentes indicadas.,"Dial 211 from any Alabama phone, or 1-888-421-1266 if 211 is unavailable in your area; search resources online at uwca.org/211.","Marque 211 desde cualquier teléfono de Alabama, o 1-888-421-1266 si 211 no está disponible en su área; busque recursos en uwca.org/211.",Available during published service hours; check uwca.org/211,statewide|hotline|211|referral-only|basic-needs,Information and referral|Housing resource navigation|Benefits referrals|Crisis resource connections,,,statewide
6,Legal Services Alabama — Statewide Intake,legal-aid,Statewide,"Legal Services Alabama is the state's primary nonprofit civil legal aid provider serving low-income Alabamians with housing, public benefits, family law, and criminal record relief including expungement and certificates of eligibility under Alabama's Clean Slate law. Centralized statewide intake routes callers to regional offices in Birmingham, Montgomery, Mobile, Huntsville, and Dothan—not criminal defense representation.","Legal Services Alabama es el principal proveedor sin fines de lucro de asistencia legal civil del estado que sirve a personas de bajos ingresos con vivienda, beneficios públicos, derecho familiar y alivio de antecedentes penales incluida la expungación bajo la ley Clean Slate de Alabama. La admisión centralizada enruta a oficinas regionales en Birmingham, Montgomery, Mobile, Huntsville y Dothan, no defensa penal.","2001 Park Place North, Suite 700",Montgomery,1-866-456-4995,,https://www.alslegal.org,Low-income Alabama residents with non-criminal legal problems; LSC income limits apply; offense-type restrictions may apply for record relief eligibility.,Residentes de Alabama de bajos ingresos con problemas legales no penales; aplican límites de ingresos LSC; pueden aplicar restricciones por tipo de delito para alivio de antecedentes.,Apply online at alslegal.org or call 1-866-456-4995; regional offices serve specific counties listed on the website.,Solicite en alslegal.org o llame al 1-866-456-4995; las oficinas regionales sirven condados específicos listados en el sitio web.,Intake Monday–Friday business hours; online application 24/7,statewide|legal-aid|low-income|expungement|clean-slate|hotline,Civil legal representation|Expungement assistance|Housing legal aid|Benefits advocacy|Regional office referrals,Montgomery,,statewide
7,Alabama Career Center System,employment,Statewide,"The Alabama Career Center System, operated by the Alabama Department of Labor, connects job seekers—including justice-involved Alabamians—to career centers, job matching, unemployment services, and WIOA training referrals through local workforce boards covering all 67 counties. Fair-chance employer partnerships and reentry-focused case management coordinate through Career Center offices for returning citizens seeking sustainable employment.","El Sistema de Centros de Carrera de Alabama, operado por el Departamento de Trabajo de Alabama, conecta a buscadores de empleo—incluidos alabameños con antecedentes penales—con centros de carrera, coincidencia de empleo, servicios de desempleo y referencias de capacitación WIOA a través de juntas de fuerza laboral locales en los 67 condados. Las alianzas de empleo de segunda oportunidad se coordinan a través de las oficinas de Career Center.",649 Monroe Street,Montgomery,334-242-8003,,https://joblink.alabama.gov,Open to Alabama job seekers including justice-involved individuals; core career center services are free.,Abierto a buscadores de empleo de Alabama incluidas personas con antecedentes penales; servicios básicos del centro de carrera son gratuitos.,Find your nearest Career Center at joblink.alabama.gov; register online for job search tools and WIOA training referrals.,Encuentre su Career Center más cercano en joblink.alabama.gov; regístrese en línea para herramientas de búsqueda de empleo y referencias de capacitación WIOA.,Career centers Monday–Friday business hours,statewide|employment|career-center|WIOA|fair-chance|reentry,Job search assistance|Career coaching|WIOA training referrals|Unemployment services|Fair-chance employment navigation,Montgomery,,statewide
8,AIDT — Alabama Industrial Development Training,employment,Statewide,"AIDT is Alabama's workforce development agency providing free industrial and manufacturing skills training, pre-employment assessments, and employer-specific training programs statewide, including at the Alabama Robotics Technology Park. Justice-involved Alabamians can access short-term credential training in welding, forklift operation, industrial maintenance, and other in-demand trades that connect directly to regional employer partnerships.","AIDT es la agencia de desarrollo de fuerza laboral de Alabama que ofrece capacitación gratuita en habilidades industriales y de manufactura, evaluaciones previas al empleo y programas de capacitación específicos para empleadores en todo el estado, incluido el Alabama Robotics Technology Park. Los alabameños con antecedentes penales pueden acceder a capacitación de credenciales a corto plazo en soldadura, operación de montacargas y mantenimiento industrial.",3920 Trade Center Way,Montgomery,334-242-4158,,https://www.aidt.edu,Alabama residents seeking industrial or manufacturing job skills training; some programs require employer sponsorship or referral from a Career Center.,Residentes de Alabama que buscan capacitación en habilidades industriales o de manufactura; algunos programas requieren patrocinio del empleador o referencia de un Career Center.,Browse current training programs at aidt.edu; ask your Alabama Career Center about AIDT referrals and the Alabama Robotics Technology Park schedule.,Explore los programas de capacitación actuales en aidt.edu; pregunte en su Alabama Career Center sobre referencias a AIDT y el calendario del Alabama Robotics Technology Park.,Training schedules vary by program and site,statewide|employment|AIDT|workforce-training|manufacturing|reentry,Industrial skills training|Manufacturing credential programs|Pre-employment assessments|Employer-specific training|Robotics technology training,Montgomery,,statewide
9,Alabama Department of Rehabilitation Services (ADRS),employment,Statewide,"The Alabama Department of Rehabilitation Services helps Alabamians with disabilities—including justice-involved individuals with qualifying disabilities—prepare for, obtain, and maintain employment through vocational counseling, assistive technology, training, and job placement at district offices statewide. ADRS coordinates with Career Centers and ADOC reentry programs for disability employment supports before and after release.","El Departamento de Servicios de Rehabilitación de Alabama ayuda a alabameños con discapacidades—incluidas personas con antecedentes penales con discapacidades calificadas—a prepararse, obtener y mantener empleo mediante consejería vocacional, tecnología de asistencia, capacitación y colocación laboral en oficinas de distrito en todo el estado. ADRS coordina con Career Centers y programas de reinserción de ADOC.",602 South Lawrence Street,Montgomery,1-800-441-7607,,https://www.rehab.alabama.gov,"Alabama residents with physical, mental, or developmental disabilities that create employment barriers; eligibility determined through ADRS assessment.","Residentes de Alabama con discapacidades físicas, mentales o del desarrollo que crean barreras laborales; elegibilidad determinada por evaluación de ADRS.",Apply at rehab.alabama.gov or call 1-800-441-7607; district office locations are listed on the ADRS website.,Solicite en rehab.alabama.gov o llame al 1-800-441-7607; las ubicaciones de oficinas de distrito están en el sitio web de ADRS.,District offices Monday–Friday business hours,statewide|employment|ADRS|disability|vocational-rehabilitation|reentry,Vocational counseling|Job placement|Assistive technology|Skills training|Disability employment supports,Montgomery,,statewide
10,Alabama Department of Mental Health (ADMH),healthcare,Statewide,"The Alabama Department of Mental Health oversees the statewide network of Community Mental Health Centers and substance use treatment providers serving Alabamians with mental illness, substance use disorders, and developmental disabilities. ADMH funds crisis services, the Alabama Warm Line peer support line, and treatment coordination for justice-involved individuals through regional centers—not a direct crisis hotline itself.","El Departamento de Salud Mental de Alabama supervisa la red estatal de Centros Comunitarios de Salud Mental y proveedores de tratamiento de uso de sustancias que sirven a alabameños con enfermedades mentales, trastornos por uso de sustancias y discapacidades del desarrollo. ADMH financia servicios de crisis, la línea de apoyo entre pares Alabama Warm Line y coordinación de tratamiento para personas con antecedentes penales.",100 North Union Street,Montgomery,334-242-3454,,https://mh.alabama.gov,"Alabama residents seeking mental health, substance use, or developmental disability services; individual center eligibility and fees vary by income.","Residentes de Alabama que buscan servicios de salud mental, uso de sustancias o discapacidad del desarrollo; la elegibilidad y tarifas varían por centro e ingresos.",Find your local Community Mental Health Center at mh.alabama.gov; call 988 for immediate crisis support statewide.,Encuentre su Centro Comunitario de Salud Mental local en mh.alabama.gov; llame al 988 para apoyo inmediato en crisis en todo el estado.,State office Monday–Friday business hours; local centers vary,statewide|healthcare|ADMH|mental-health|substance-use|reentry,Community mental health center referrals|Substance use treatment coordination|Crisis services funding|Peer support program oversight|Developmental disability services,Montgomery,,statewide
11,Alabama Prisoner Reentry Commission,reentry-organizations,Statewide,"The Alabama Prisoner Reentry Commission coordinates state agencies, faith communities, and community-based providers around a shared statewide reentry strategy, connecting justice-involved Alabamians and local reentry coalitions to housing, employment, and treatment partners. The commission convenes policy and coalition-building work—not direct emergency services or a walk-in office for individuals seeking immediate help.","La Comisión de Reinserción de Prisioneros de Alabama coordina agencias estatales, comunidades de fe y proveedores comunitarios en torno a una estrategia estatal compartida de reinserción, conectando a alabameños con antecedentes penales y coaliciones locales de reinserción con aliados de vivienda, empleo y tratamiento. La comisión convoca trabajo de política y coalición, no servicios de emergencia directos.",301 South Ripley Street,Montgomery,,,https://doc.alabama.gov/ReentryCommission,"Justice-involved Alabama residents, agencies, and community partners seeking reentry coalition connections and statewide policy information.","Residentes de Alabama con antecedentes penales, agencias y aliados comunitarios que buscan conexiones con coaliciones de reinserción e información de políticas estatales.",Visit doc.alabama.gov for commission updates and member organization directories; contact local reentry coalitions listed by county for direct services.,Visite doc.alabama.gov para actualizaciones de la comisión y directorios de organizaciones miembros; contacte coaliciones locales de reinserción por condado para servicios directos.,Contact for current meeting schedule,statewide|reentry|coalition|policy|referral-only,Coalition coordination|Reentry policy advocacy|Local reentry partner directory|Interagency collaboration,Montgomery,,statewide
12,Alabama Law Enforcement Agency — Driver License Division,id-documentation,Statewide,"The Alabama Law Enforcement Agency's Driver License Division issues state ID cards and driver's licenses required for employment, housing, and benefits enrollment after release. Returning citizens can apply for an Alabama ID at driver license offices statewide with proof of identity and residency. Not a vital records office—contact the Center for Health Statistics for birth certificates.","La División de Licencias de Conducir de la Agencia de Cumplimiento de la Ley de Alabama emite tarjetas de identificación estatal y licencias de conducir necesarias para empleo, vivienda e inscripción en beneficios después de la liberación. Los ciudadanos que regresan pueden solicitar una identificación de Alabama en oficinas de licencias con prueba de identidad y residencia. No es oficina de registros vitales.",201 South Union Street,Montgomery,334-242-4400,,https://www.alea.gov,Alabama residents with required identity and residency documentation; fees apply for ID cards and licenses; fee waivers may apply for indigent applicants under state law.,Residentes de Alabama con documentación requerida de identidad y residencia; aplican tarifas para tarjetas de identificación; pueden aplicar exenciones para solicitantes indigentes.,Find driver license offices at alea.gov/dld; bring certified birth certificate or passport plus proof of Alabama residency; ask about the indigent ID fee waiver.,Encuentre oficinas en alea.gov/dld; traiga certificado de nacimiento o pasaporte más prueba de residencia; pregunte sobre la exención de tarifa de identificación para indigentes.,Driver license office hours vary; check alea.gov,statewide|id-documentation|ALEA|drivers-license|state-id|reentry,State ID card issuance|Driver's license services|ID renewal|Driver license office locator|Indigent fee waiver information,Montgomery,,statewide
13,Alabama Department of Veterans Affairs,veterans,Statewide,"The Alabama Department of Veterans Affairs helps justice-involved veterans access VA benefits, disability claims, education benefits, and housing resources through county veterans service offices across all 67 counties. Veterans released from incarceration may qualify for VA health care, vocational rehabilitation, and veterans treatment court supports. Benefits navigation and claims advocacy—not emergency shelter.","El Departamento de Asuntos de Veteranos de Alabama ayuda a veteranos con antecedentes penales a acceder a beneficios del VA, reclamaciones de discapacidad, beneficios educativos y recursos de vivienda a través de oficinas de servicios para veteranos del condado en los 67 condados. Los veteranos liberados pueden calificar para atención médica del VA, rehabilitación vocacional y tribunales de tratamiento para veteranos.",1350 Congressman W.L. Dickinson Drive,Montgomery,334-242-5077,,https://va.alabama.gov,Honorably discharged or qualifying Alabama veterans and their dependents; service documentation required.,Veteranos de Alabama con baja honorable o calificados y sus dependientes; se requiere documentación de servicio.,Find your county veterans service office at va.alabama.gov; free benefits claims assistance available at all 67 county offices.,Encuentre su oficina de servicios para veteranos del condado en va.alabama.gov; asistencia gratuita con reclamaciones disponible en las 67 oficinas.,County offices Monday–Friday business hours,statewide|veterans|VA-benefits|reentry|justice-involved-veterans,VA benefits claims assistance|Disability claims navigation|Education benefits guidance|Veterans treatment court support|County VSO referrals,Montgomery,,statewide
14,988 Suicide & Crisis Lifeline — Alabama,healthcare,Statewide,"Free confidential 24/7 crisis support for people experiencing mental health emergencies, suicidal thoughts, or substance use crises in Alabama. Trained specialists provide immediate support and can connect callers to local mobile crisis teams through Alabama Community Mental Health Center partners. Available to anyone—not reentry-specific but essential for justice-involved individuals in crisis.","Apoyo gratuito y confidencial 24/7 para emergencias de salud mental, pensamientos suicidas o crisis por uso de sustancias en Alabama. Especialistas capacitados ofrecen apoyo inmediato y conexión a equipos de crisis móviles a través de aliados de Centros Comunitarios de Salud Mental de Alabama. Disponible para cualquier persona, esencial para personas con antecedentes penales en crisis.",,,988,,https://988lifeline.org,Open to anyone in Alabama experiencing a mental health or suicide crisis; no eligibility restrictions.,Abierto a cualquier persona en Alabama en crisis de salud mental o suicidio; sin restricciones.,Call or text 988; Spanish-language support available. For immediate physical danger call 911.,Llame o envíe texto al 988; soporte en español disponible. Para peligro físico inmediato llame al 911.,Available 24/7,statewide|hotline|crisis|mental-health|988,Crisis counseling|Suicide prevention support|Mental health referrals|Substance use crisis support,,,statewide
15,SAMHSA National Helpline,substance-use-treatment,Statewide,Free confidential 24/7 treatment referral and information service for individuals and families facing mental health or substance use disorders. Provides referrals to local treatment facilities and community organizations in Alabama and nationwide. Spanish-language support available through trained specialists for justice-involved individuals seeking SUD or mental health treatment after release.,Servicio gratuito y confidencial 24/7 de referencia e información para personas y familias con trastornos de salud mental o uso de sustancias. Proporciona referencias a centros de tratamiento locales en Alabama y a nivel nacional. Soporte en español disponible para personas con antecedentes penales que buscan tratamiento después de la liberación.,,,800-662-4357,,https://www.samhsa.gov/find-help/national-helpline,Open to anyone in the United States seeking substance use or mental health treatment information and referrals.,Abierto a cualquier persona en Estados Unidos que busque información y referencias de tratamiento.,TTY 800-487-4889; also use FindTreatment.gov to search Alabama providers online.,TTY 800-487-4889; también use FindTreatment.gov para buscar proveedores en Alabama.,Available 24/7,statewide|hotline|substance-use|treatment-referral|national,Treatment referrals|Substance use information|Mental health resource navigation,,,statewide
16,FindTreatment.gov — Alabama Provider Search,substance-use-treatment,Statewide,"SAMHSA's online treatment locator helping Alabama residents find substance use and mental health treatment providers by location, service type, and payment options including Medicaid. Justice-involved individuals can search outpatient, residential, and MAT providers before or after release from ADOC custody or county jails across all 67 counties.","Localizador en línea de SAMHSA que ayuda a residentes de Alabama a encontrar proveedores de tratamiento de uso de sustancias y salud mental por ubicación, tipo de servicio y opciones de pago incluido Medicaid. Personas con antecedentes penales pueden buscar proveedores ambulatorios, residenciales y TMO antes o después de la liberación.",,,,,https://findtreatment.gov,Open to anyone searching for treatment; provider admission rules vary.,Abierto a cualquier persona que busque tratamiento; las reglas de admisión varían según el proveedor.,"Search findtreatment.gov by Alabama county or city; filter for MAT, outpatient, or residential services.","Busque en findtreatment.gov por condado o ciudad de Alabama; filtre por TMO, ambulatorio o residencial.",Website 24/7,statewide|substance-use|online|MAT|treatment-locator,Treatment provider search|MAT locator|Outpatient program finder|Residential program finder,,,statewide
17,Alabama Appleseed Center for Law & Justice,reentry-organizations,Statewide,"Alabama Appleseed Center for Law & Justice is a nonprofit research and advocacy organization working to reform Alabama's fines-and-fees system, expand fair-chance employment, and improve outcomes for justice-involved Alabamians statewide. Staff publish policy research and connect returning citizens to legal resources and coalition partners—not direct cash assistance or emergency housing.","Alabama Appleseed Center for Law & Justice es una organización sin fines de lucro de investigación y defensa que trabaja para reformar el sistema de multas y tarifas de Alabama, expandir el empleo de segunda oportunidad y mejorar resultados para alabameños con antecedentes penales en todo el estado. El personal publica investigación de políticas y conecta a ciudadanos que regresan con recursos legales y aliados de coalición.","207 Montgomery Street, Suite 425",Montgomery,334-263-0086,,https://www.alabamaappleseed.org,"Justice-involved Alabama residents and advocates seeking fair-chance policy information, legal referrals, or coalition connections.","Residentes de Alabama con antecedentes penales y defensores que buscan información sobre políticas de segunda oportunidad, referencias legales o conexiones con coaliciones.",Visit alabamaappleseed.org for policy reports and fair-chance resources; connects to Legal Services Alabama and local workforce partners.,Visite alabamaappleseed.org para informes de políticas y recursos de segunda oportunidad; conecta con Legal Services Alabama y aliados de fuerza laboral locales.,Monday–Friday business hours,statewide|reentry|fair-chance|policy|referral-only,Fair-chance policy advocacy|Legal resource referrals|Fines and fees reform research|Coalition coordination,Montgomery,,statewide
18,Alabama DHR — Family Assistance Division,financial-assistance,Statewide,"The Family Assistance Division of the Alabama Department of Human Resources administers the Family Assistance (TANF) cash assistance program and coordinates work-support activities for low-income families statewide, including returning parents rebuilding stability after incarceration. County DHR offices process applications, redeterminations, and work-participation requirements alongside SNAP and Medicaid intake through the same MyDHR system.","La División de Asistencia Familiar del Departamento de Recursos Humanos de Alabama administra el programa de asistencia en efectivo Family Assistance (TANF) y coordina actividades de apoyo laboral para familias de bajos ingresos en todo el estado, incluidos padres que regresan y reconstruyen estabilidad tras la encarcelación. Las oficinas DHR del condado procesan solicitudes, redeterminaciones y requisitos de participación laboral junto con SNAP y Medicaid.",50 Ripley Street,Montgomery,334-242-1900,,https://dhr.alabama.gov/family-assistance-division,Low-income Alabama families with dependent children meeting TANF income and work-participation requirements; time limits and work requirements apply.,Familias de Alabama de bajos ingresos con hijos dependientes que cumplan requisitos de ingresos y participación laboral de TANF; aplican límites de tiempo y requisitos laborales.,Apply through mydhr.alabama.gov or your county DHR office; ask about work-participation exemptions for recent releases and caregiving responsibilities.,Solicite a través de mydhr.alabama.gov o su oficina DHR del condado; pregunte sobre exenciones de participación laboral para liberaciones recientes y responsabilidades de cuidado.,County DHR offices Monday–Friday business hours,statewide|benefits|TANF|family-assistance|DHR|reentry,TANF cash assistance|Work-participation coordination|County DHR referrals|Redetermination support,Montgomery,,statewide
19,Cooper Green Mercy Health Services,healthcare,Birmingham metro,"Cooper Green Mercy Health Services is Jefferson County's safety-net outpatient health system providing primary care, dental, pharmacy, and specialty referrals on a sliding fee scale for uninsured and low-income residents, including returning citizens without Medicaid or private insurance. The clinic coordinates with county DHR and local reentry partners to help patients establish ongoing care shortly after release from Jefferson County Jail or ADOC custody.","Cooper Green Mercy Health Services es el sistema de salud ambulatorio de red de seguridad del condado Jefferson que ofrece atención primaria, dental, farmacia y referencias de especialidad con tarifa móvil para residentes sin seguro y de bajos ingresos, incluidos ciudadanos que regresan sin Medicaid ni seguro privado. La clínica coordina con DHR del condado y aliados locales de reinserción.",1515 6th Avenue South,Birmingham,205-930-3300,,https://www.coopergreenhealth.org,Jefferson County residents who are uninsured or underinsured; sliding-fee scale based on household income; proof of residency required.,Residentes del condado Jefferson sin seguro o con seguro insuficiente; escala de tarifas móviles basada en ingresos del hogar; se requiere prueba de residencia.,Call 205-930-3300 to schedule an appointment; bring proof of Jefferson County residency and any release paperwork to your first visit.,Llame al 205-930-3300 para programar una cita; traiga prueba de residencia en el condado Jefferson y documentos de liberación a su primera visita.,"Monday–Friday, 8:00 a.m.–4:30 p.m.",birmingham|jefferson|healthcare|sliding-fee|safety-net|reentry,Primary care|Dental care|Pharmacy services|Specialty referrals|Sliding-fee scale enrollment,Jefferson,Jefferson,single
20,"Pathways, Inc. — Women's Homeless Shelter",housing,Birmingham metro,"Pathways, Inc. operates Birmingham's dedicated emergency shelter and supportive services for women experiencing homelessness, including women recently released from incarceration who need immediate housing stability. Case managers help residents access benefits, employment services, and permanent housing placements while providing meals, case management, and a safe overnight shelter in downtown Birmingham.","Pathways, Inc. opera el refugio de emergencia y servicios de apoyo dedicado de Birmingham para mujeres sin hogar, incluidas mujeres recién liberadas de encarcelación que necesitan estabilidad de vivienda inmediata. Los administradores de casos ayudan a las residentes a acceder a beneficios, servicios de empleo y colocación en vivienda permanente mientras ofrecen comidas y refugio seguro nocturno en el centro de Birmingham.",3600 8th Avenue South,Birmingham,205-322-6640,,https://pathwayshome.org,Adult women experiencing homelessness in the Birmingham area; justice-involved women welcome; intake assessment required.,Mujeres adultas sin hogar en el área de Birmingham; mujeres con antecedentes penales bienvenidas; se requiere evaluación de admisión.,Call 205-322-6640 for shelter intake; connects to Jefferson County DHR and Birmingham workforce partners for ongoing stability.,Llame al 205-322-6640 para admisión al refugio; conecta con DHR del condado Jefferson y aliados de fuerza laboral de Birmingham.,Shelter intake daily; call ahead to confirm availability,birmingham|jefferson|housing|shelter|women|reentry,Emergency shelter for women|Case management|Benefits navigation|Employment referrals|Permanent housing placement assistance,Jefferson,Jefferson,single
21,YWCA Central Alabama — Family Violence Program,family-children,Birmingham metro,"YWCA Central Alabama's Family Violence Program provides emergency shelter, a 24-hour crisis line, counseling, and legal advocacy for survivors of domestic violence and their children across the Birmingham metro area, including justice-involved survivors navigating both safety planning and court obligations. Case managers connect families to housing, benefits, and children's services while maintaining confidential shelter locations.","El Programa de Violencia Familiar de YWCA Central Alabama proporciona refugio de emergencia, línea de crisis 24 horas, consejería y defensa legal para sobrevivientes de violencia doméstica y sus hijos en el área metropolitana de Birmingham, incluidas sobrevivientes con antecedentes penales. Los administradores de casos conectan a las familias con vivienda, beneficios y servicios infantiles manteniendo ubicaciones de refugio confidenciales.",309 23rd Street North,Birmingham,205-322-9922,,https://ywcabham.org,Survivors of domestic violence and their children in the greater Birmingham area; 24-hour crisis line open to anyone seeking safety information.,Sobrevivientes de violencia doméstica y sus hijos en el área metropolitana de Birmingham; línea de crisis de 24 horas abierta a cualquiera que busque información de seguridad.,Call the 24-hour crisis line at 205-322-9922; shelter location is confidential for resident safety.,Llame a la línea de crisis de 24 horas al 205-322-9922; la ubicación del refugio es confidencial por la seguridad de las residentes.,Crisis line available 24/7,birmingham|jefferson|family-children|domestic-violence|shelter|crisis-line,Emergency shelter|24-hour crisis line|Legal advocacy|Counseling|Children's services,Jefferson,Jefferson,single
22,The King's Home,housing,Birmingham metro,"The King's Home operates residential recovery and transitional housing campuses in the Birmingham metro area for women and children affected by trauma, homelessness, and substance use, including women referred through the justice system. Programs combine faith-based counseling, education, vocational training, and family reunification support across multiple campus locations serving the greater Birmingham region.","The King's Home opera campus de recuperación residencial y vivienda transicional en el área metropolitana de Birmingham para mujeres y niños afectados por trauma, falta de vivienda y uso de sustancias, incluidas mujeres referidas por el sistema de justicia. Los programas combinan consejería basada en la fe, educación, capacitación vocacional y apoyo de reunificación familiar.",1719 Kings Home Drive,Chelsea,205-664-2465,,https://thekingshome.org,"Women and children experiencing homelessness, trauma, or substance use disorders in the Birmingham region; justice-involved referrals accepted per program policy.","Mujeres y niños que enfrentan falta de vivienda, trauma o trastornos por uso de sustancias en la región de Birmingham; se aceptan referencias con antecedentes penales según política del programa.",Call 205-664-2465 for program intake; multiple campuses serve Jefferson and Shelby counties with residential recovery and family housing tracks.,Llame al 205-664-2465 para admisión; múltiples campus sirven a los condados Jefferson y Shelby con recuperación residencial y vivienda familiar.,Residential program; contact admissions for intake hours,birmingham|shelby|jefferson|housing|recovery|women|children,Residential recovery housing|Transitional housing|Vocational training|Family reunification support|Faith-based counseling,Shelby,Shelby|Jefferson,multi
23,One Roof — Metro Birmingham Continuum of Care,basic-needs,Birmingham metro,"One Roof is the lead agency for the Metro Birmingham Continuum of Care, coordinating homeless services, coordinated entry, and the regional Homeless Management Information System across Jefferson, Shelby, St. Clair, and Blount counties. Returning citizens experiencing homelessness can connect through coordinated entry to shelter, rapid rehousing, and permanent supportive housing providers in the network. One Roof is a coordination hub—not a direct shelter provider.","One Roof es la agencia líder del Continuo de Cuidado Metro Birmingham, coordinando servicios para personas sin hogar, entrada coordinada y el Sistema de Información de Manejo de Personas sin Hogar regional en los condados Jefferson, Shelby, St. Clair y Blount. Los ciudadanos que regresan y enfrentan falta de vivienda pueden conectarse a través de entrada coordinada con refugio, realojamiento rápido y vivienda de apoyo permanente.","2 20th Street North, Suite 1200",Birmingham,205-458-8550,,https://oneroofonline.org,Individuals and families experiencing or at risk of homelessness in the Metro Birmingham region; coordinated entry assessment determines referral priority.,Personas y familias que enfrentan o están en riesgo de falta de vivienda en la región Metro Birmingham; la evaluación de entrada coordinada determina la prioridad de referencia.,Contact 205-458-8550 or visit oneroofonline.org to locate a coordinated entry access point; bring ID if available for faster processing.,Contacte al 205-458-8550 o visite oneroofonline.org para localizar un punto de acceso de entrada coordinada; traiga identificación si está disponible.,Coordinated entry access points vary; check oneroofonline.org,birmingham|jefferson|basic-needs|coordinated-entry|homelessness|continuum-of-care,Coordinated entry assessment|Shelter and housing referrals|Homeless Management Information System|Regional provider network coordination,Jefferson,Jefferson|Shelby|St. Clair|Blount,multi
24,Christ Health Center — Hoover,healthcare,Birmingham metro,"Christ Health Center's Hoover clinic provides faith-based primary care, behavioral health, and dental services on a sliding fee scale for uninsured and underinsured residents of the greater Birmingham area, including returning citizens reestablishing care after release. The Hoover site complements the flagship Woodlawn clinic with expanded appointment availability for South Jefferson County patients.","La clínica de Christ Health Center en Hoover ofrece atención primaria basada en la fe, salud conductual y servicios dentales con tarifa móvil para residentes sin seguro o con seguro insuficiente del área metropolitana de Birmingham, incluidos ciudadanos que regresan y restablecen atención después de la liberación. El sitio de Hoover complementa la clínica insignia de Woodlawn.",1749 Old Montgomery Highway,Hoover,205-957-4372,,https://christhealthcenter.org,Uninsured and underinsured residents of the Birmingham metro area; sliding-fee scale based on household income.,Residentes sin seguro o con seguro insuficiente del área metropolitana de Birmingham; escala de tarifas móviles basada en ingresos del hogar.,Call 205-957-4372 to schedule an appointment; ask about behavioral health and dental services available at the Hoover site.,Llame al 205-957-4372 para programar una cita; pregunte sobre servicios de salud conductual y dentales disponibles en el sitio de Hoover.,"Monday–Friday, 8:00 a.m.–5:00 p.m.",birmingham|jefferson|hoover|healthcare|sliding-fee|faith-based,Primary care|Behavioral health counseling|Dental care|Sliding-fee scale enrollment,Jefferson,Jefferson,single
25,Jefferson County Committee for Economic Opportunity (JCCEO),basic-needs,Birmingham metro,"JCCEO is Jefferson County's Community Action Agency, operating Head Start, weatherization, energy assistance, and family self-sufficiency programs for low-income residents including returning citizens rebuilding household stability. JCCEO's network of neighborhood centers across Birmingham helps families access utility assistance, food resources, and case management alongside employment and benefits referrals.","JCCEO es la Agencia de Acción Comunitaria del condado Jefferson, que opera Head Start, ponderación climática, asistencia energética y programas de autosuficiencia familiar para residentes de bajos ingresos incluidos ciudadanos que regresan y reconstruyen estabilidad del hogar. La red de centros vecinales de JCCEO en Birmingham ayuda a las familias a acceder a asistencia de servicios públicos y recursos alimentarios.",2601 5th Avenue North,Birmingham,205-328-1122,,https://www.jcceo.org,Low-income Jefferson County residents meeting federal poverty guidelines; program-specific eligibility varies by service.,Residentes de bajos ingresos del condado Jefferson que cumplan las pautas federales de pobreza; la elegibilidad varía según el servicio.,Call 205-328-1122 for the nearest neighborhood center; ask about energy assistance and family self-sufficiency case management.,Llame al 205-328-1122 para el centro vecinal más cercano; pregunte sobre asistencia energética y manejo de casos de autosuficiencia familiar.,Monday–Friday business hours; center hours vary,birmingham|jefferson|basic-needs|community-action|energy-assistance|reentry,Head Start|Energy and utility assistance|Weatherization|Family self-sufficiency case management|Food resource referrals,Jefferson,Jefferson,single
26,Family Guidance Center of Alabama,substance-use-treatment,Montgomery metro,"Family Guidance Center of Alabama provides outpatient substance use and mental health counseling, medication-assisted treatment referrals, and court-ordered assessment services for adults and adolescents in the Montgomery area, including individuals referred through drug court and probation. Licensed counselors coordinate treatment plans with the Alabama Bureau of Pardons and Paroles and River Region court systems.","Family Guidance Center of Alabama ofrece consejería ambulatoria de uso de sustancias y salud mental, referencias de tratamiento asistido por medicamentos y servicios de evaluación ordenados por la corte para adultos y adolescentes en el área de Montgomery, incluidas personas referidas por tribunales de drogas y probatoria. Los consejeros con licencia coordinan planes de tratamiento con la Junta de Libertad Condicional de Alabama.",4144 Carmichael Court,Montgomery,334-244-9575,,https://www.familyguidancecenter.org,Adults and adolescents in the River Region seeking substance use or mental health counseling; court-ordered assessments accepted with referral paperwork.,Adultos y adolescentes en la región River Region que buscan consejería de uso de sustancias o salud mental; se aceptan evaluaciones ordenadas por la corte con documentación de referencia.,Call 334-244-9575 to schedule an intake assessment; bring probation or drug court referral paperwork if applicable.,Llame al 334-244-9575 para programar una evaluación de admisión; traiga documentación de referencia de probatoria o tribunal de drogas si corresponde.,Monday–Friday business hours,montgomery|substance-use-treatment|outpatient|drug-court|reentry,Outpatient substance use counseling|Mental health counseling|Court-ordered assessments|MAT referrals|Case coordination with probation,Montgomery,Montgomery,single
27,Montgomery Area Mental Health Authority,healthcare,Montgomery metro,"Montgomery Area Mental Health Authority is the region's designated Community Mental Health Center, providing outpatient psychiatric care, substance use treatment, crisis intervention, and case management for River Region residents including justice-involved adults released from Montgomery County Jail or ADOC facilities. Sliding-fee services and Medicaid billing help ensure continuity of care after release.","Montgomery Area Mental Health Authority es el Centro Comunitario de Salud Mental designado de la región, que ofrece atención psiquiátrica ambulatoria, tratamiento de uso de sustancias, intervención en crisis y manejo de casos para residentes de River Region incluidos adultos con antecedentes penales liberados de la cárcel del condado Montgomery o instalaciones de ADOC.",4361 Narrow Lane Road,Montgomery,334-273-7400,,https://www.mamha.net,River Region residents seeking mental health or substance use services; sliding-fee scale based on income; Medicaid and most insurance accepted.,Residentes de River Region que buscan servicios de salud mental o uso de sustancias; escala de tarifas móviles según ingresos; se acepta Medicaid y la mayoría de los seguros.,Call 334-273-7400 for intake; ask about same-day crisis intervention appointments for individuals recently released from custody.,Llame al 334-273-7400 para admisión; pregunte sobre citas de intervención en crisis el mismo día para personas recién liberadas.,"Monday–Friday, 8:00 a.m.–5:00 p.m.; crisis services available beyond regular hours",montgomery|healthcare|CMHC|mental-health|substance-use|reentry,Outpatient psychiatric care|Substance use treatment|Crisis intervention|Case management|Sliding-fee scale enrollment,Montgomery,Montgomery,single
28,The Salvation Army of Montgomery — Center of Hope,housing,Montgomery metro,"The Salvation Army of Montgomery's Center of Hope provides emergency shelter, meals, and case management for men, women, and families experiencing homelessness in the River Region, including returning citizens with nowhere else to go after release. Case managers connect residents to Alabama Career Center employment services, MyDHR benefits, and permanent housing programs while guests stabilize.","El Center of Hope del Ejército de Salvación de Montgomery proporciona refugio de emergencia, comidas y manejo de casos para hombres, mujeres y familias sin hogar en River Region, incluidos ciudadanos que regresan sin otro lugar adonde ir después de la liberación. Los administradores de casos conectan a los residentes con servicios de empleo, beneficios de MyDHR y programas de vivienda permanente.",1150 Ann Street,Montgomery,334-262-1650,,https://montgomeryal.salvationarmy.org,"Men, women, and families experiencing homelessness in the Montgomery area; walk in or call for same-day intake assessment.","Hombres, mujeres y familias sin hogar en el área de Montgomery; ingrese sin cita o llame para evaluación de admisión el mismo día.",Call 334-262-1650 for shelter intake; case management connects to Career Center employment services and MyDHR benefits enrollment.,Llame al 334-262-1650 para admisión al refugio; el manejo de casos conecta con servicios de empleo de Career Center e inscripción en beneficios de MyDHR.,Shelter 24/7; intake assessments during business hours,montgomery|housing|emergency-shelter|families|reentry|faith-based,Emergency shelter|Meals|Case management|Employment referrals|Benefits navigation,Montgomery,Montgomery,single
29,Montgomery Housing Authority — Family Self-Sufficiency Program,financial-assistance,Montgomery metro,"The Montgomery Housing Authority's Family Self-Sufficiency Program helps Housing Choice Voucher participants, including returning citizens in subsidized housing, build savings and achieve economic independence through case management, goal-setting, and an escrow account that grows as household earned income increases. Participants receive coordinated referrals to employment, education, and financial coaching partners.","El Programa de Autosuficiencia Familiar de la Autoridad de Vivienda de Montgomery ayuda a los participantes del Vale de Elección de Vivienda, incluidos ciudadanos que regresan en vivienda subsidiada, a generar ahorros y lograr independencia económica mediante manejo de casos, establecimiento de metas y una cuenta de depósito en garantía que crece con el ingreso del hogar.",525 South Lawrence Street,Montgomery,334-206-7500,,https://mhaal.org,Current Montgomery Housing Authority Housing Choice Voucher or public housing participants; enrollment is voluntary and requires a five-year contract of participation.,Participantes actuales del Vale de Elección de Vivienda o vivienda pública de la Autoridad de Vivienda de Montgomery; la inscripción es voluntaria y requiere un contrato de participación de cinco años.,Call 334-206-7500 to ask about Family Self-Sufficiency enrollment; must already hold an MHA voucher or public housing unit.,Llame al 334-206-7500 para preguntar sobre la inscripción en Autosuficiencia Familiar; debe tener ya un vale de MHA o unidad de vivienda pública.,Monday–Friday business hours,montgomery|financial-assistance|housing-authority|self-sufficiency|savings,Escrow savings account|Case management|Goal-setting coaching|Employment and education referrals,Montgomery,Montgomery,single
30,Common Ground — Montgomery Homeless Resource Center,basic-needs,Montgomery metro,"Common Ground is a daytime resource center in Montgomery offering showers, mail service, ID assistance, and case management referrals for people experiencing homelessness in the River Region, including individuals recently released from incarceration without a fixed address. Staff help guests connect to shelter beds, MyDHR benefits, and Alabama Career Center employment services.","Common Ground es un centro de recursos diurno en Montgomery que ofrece duchas, servicio de correo, ayuda con identificación y referencias de manejo de casos para personas sin hogar en River Region, incluidas personas recién liberadas de encarcelación sin dirección fija. El personal ayuda a los huéspedes a conectarse con camas de refugio, beneficios de MyDHR y servicios de empleo.",1075 Woodley Road,Montgomery,334-782-3450,,https://www.commongroundmontgomery.org,Adults experiencing homelessness in the Montgomery area; walk-in day services available without appointment.,Adultos sin hogar en el área de Montgomery; servicios diurnos sin cita disponibles sin necesidad de programar.,"Walk in during posted hours for showers, mail, and referrals; call 334-782-3450 to confirm current hours and services.","Ingrese durante el horario publicado para duchas, correo y referencias; llame al 334-782-3450 para confirmar el horario actual.",Weekday daytime hours; call to confirm,montgomery|basic-needs|day-center|homelessness|reentry,Showers and hygiene|Mail service|ID assistance|Case management referrals|Shelter bed connections,Montgomery,Montgomery,single
31,Goodwill Southern Rivers — Montgomery Career Center,employment,Montgomery metro,"Goodwill Southern Rivers operates a career center in Montgomery offering job readiness training, resume assistance, and fair-chance employer connections for adults facing employment barriers, including returning citizens. Program staff coordinate with Alabama Career Center and probation partners to place participants in retail, warehouse, and service-sector jobs with ongoing job coaching support.","Goodwill Southern Rivers opera un centro de carrera en Montgomery que ofrece capacitación de preparación laboral, asistencia con currículum y conexiones con empleadores de segunda oportunidad para adultos que enfrentan barreras de empleo, incluidos ciudadanos que regresan. El personal del programa coordina con Alabama Career Center y aliados de probatoria para colocar a los participantes en empleos minoristas, de almacén y de servicios.",2320 Eastern Boulevard,Montgomery,334-262-2225,,https://goodwillsr.org,"Adults in the Montgomery area facing employment barriers, including justice-involved individuals; program enrollment through career center intake.","Adultos en el área de Montgomery que enfrentan barreras de empleo, incluidas personas con antecedentes penales; inscripción en el programa a través de la admisión del centro de carrera.",Call 334-262-2225 to schedule an intake appointment; job coaching continues after placement to support retention.,Llame al 334-262-2225 para programar una cita de admisión; el coaching laboral continúa después de la colocación para apoyar la retención.,Monday–Friday business hours,montgomery|employment|goodwill|job-readiness|fair-chance|reentry,Job readiness training|Resume assistance|Fair-chance employer connections|Job coaching|Retail and warehouse job placement,Montgomery,Montgomery,single
32,"Housing First, Inc. — Mobile",basic-needs,Mobile metro,"Housing First, Inc. leads the Mobile area's Continuum of Care, operating coordinated entry, the regional Homeless Management Information System, and rapid rehousing programs for people experiencing homelessness across Mobile and Baldwin counties. Returning citizens without stable housing can access a single point of entry connecting them to emergency shelter, rapid rehousing, and permanent supportive housing partners in the network.","Housing First, Inc. lidera el Continuo de Cuidado del área de Mobile, operando entrada coordinada, el Sistema de Información de Manejo de Personas sin Hogar regional y programas de realojamiento rápido para personas sin hogar en los condados Mobile y Baldwin. Los ciudadanos que regresan sin vivienda estable pueden acceder a un punto único de entrada que los conecta con refugio de emergencia y vivienda de apoyo permanente.","851 Dauphin Street, Suite 200",Mobile,251-450-3345,,https://housingfirstinc.org,Individuals and families experiencing or at risk of homelessness in Mobile or Baldwin counties; coordinated entry assessment determines referral priority.,Personas y familias que enfrentan o están en riesgo de falta de vivienda en los condados Mobile o Baldwin; la evaluación de entrada coordinada determina la prioridad de referencia.,Call 251-450-3345 or visit housingfirstinc.org to find a coordinated entry access point in the Mobile area.,Llame al 251-450-3345 o visite housingfirstinc.org para encontrar un punto de acceso de entrada coordinada en el área de Mobile.,Coordinated entry access points vary; check housingfirstinc.org,mobile|basic-needs|coordinated-entry|homelessness|continuum-of-care,Coordinated entry assessment|Rapid rehousing referrals|Homeless Management Information System|Regional provider network coordination,Mobile,Mobile|Baldwin,multi
33,AltaPointe Health,healthcare,Mobile metro,"AltaPointe Health is the Gulf Coast region's largest behavioral health provider, offering outpatient psychiatric care, substance use treatment, crisis stabilization, and integrated primary care across dozens of Mobile-area locations, including services for justice-involved adults released from Mobile County Metro Jail. AltaPointe accepts Medicaid and operates a 24-hour crisis line for the region.","AltaPointe Health es el mayor proveedor de salud conductual de la región de la Costa del Golfo, que ofrece atención psiquiátrica ambulatoria, tratamiento de uso de sustancias, estabilización de crisis y atención primaria integrada en docenas de ubicaciones del área de Mobile, incluidos servicios para adultos con antecedentes penales liberados de la cárcel del condado Mobile. AltaPointe acepta Medicaid y opera una línea de crisis de 24 horas.",6900 AltaPointe Parkway,Mobile,251-450-2211,,https://www.altapointe.org,"Mobile-area residents seeking mental health, substance use, or integrated primary care services; Medicaid and sliding-fee options available.","Residentes del área de Mobile que buscan servicios de salud mental, uso de sustancias o atención primaria integrada; opciones de Medicaid y tarifa móvil disponibles.",Call 251-450-2211 for intake; 24-hour crisis line available for immediate behavioral health emergencies.,Llame al 251-450-2211 para admisión; línea de crisis de 24 horas disponible para emergencias de salud conductual inmediatas.,Outpatient clinics Monday–Friday; crisis line available 24/7,mobile|healthcare|CMHC|mental-health|substance-use|crisis-line|reentry,Outpatient psychiatric care|Substance use treatment|Crisis stabilization|Integrated primary care|24-hour crisis line,Mobile,Mobile,single
34,Dumas Wesley Community Center,family-children,Mobile metro,"Dumas Wesley Community Center serves low-income women and children in Mobile's Maysville neighborhood with a licensed child development center, the Sybil H. Smith Family Village transitional housing program for mothers experiencing homelessness, and family support services, including support for mothers reuniting with children after incarceration. Case managers coordinate benefits, employment, and parenting support.","Dumas Wesley Community Center sirve a mujeres y niños de bajos ingresos en el vecindario Maysville de Mobile con un centro de desarrollo infantil con licencia, el programa de vivienda transicional Sybil H. Smith Family Village para madres sin hogar, y servicios de apoyo familiar, incluido apoyo para madres que se reúnen con sus hijos después de la encarcelación.",1006 Kenneth Street,Mobile,251-479-0092,,https://dumaswesley.org,"Low-income women and children in the Mobile area, including mothers experiencing homelessness or reunifying after incarceration; program-specific intake required.","Mujeres y niños de bajos ingresos en el área de Mobile, incluidas madres sin hogar o que se reúnen tras la encarcelación; se requiere admisión específica del programa.",Call 251-479-0092 for intake information; Family Village transitional housing has a structured application and waitlist process.,Llame al 251-479-0092 para información de admisión; la vivienda transicional Family Village tiene un proceso estructurado de solicitud y lista de espera.,Monday–Friday business hours,mobile|family-children|housing|childcare|women|reentry,Transitional housing for mothers|Licensed child development center|Family reunification support|Case management|Parenting support,Mobile,Mobile,single
35,Mobile Housing Board — Family Self-Sufficiency Program,financial-assistance,Mobile metro,"The Mobile Housing Board's Family Self-Sufficiency Program helps Housing Choice Voucher and public housing participants, including returning citizens in subsidized housing, build savings and achieve economic independence through five-year case management contracts and an escrow account funded by rising earned income. Participants receive coordinated referrals to employment and education partners across Mobile.","El Programa de Autosuficiencia Familiar de la Junta de Vivienda de Mobile ayuda a los participantes del Vale de Elección de Vivienda y vivienda pública, incluidos ciudadanos que regresan en vivienda subsidiada, a generar ahorros y lograr independencia económica mediante contratos de manejo de casos de cinco años y una cuenta de depósito en garantía financiada por el aumento de ingresos ganados.",151 South Claiborne Street,Mobile,251-434-2200,,https://mobilehousing.org,Current Mobile Housing Board Housing Choice Voucher or public housing participants; enrollment is voluntary and requires a five-year contract of participation.,Participantes actuales del Vale de Elección de Vivienda o vivienda pública de la Junta de Vivienda de Mobile; la inscripción es voluntaria y requiere un contrato de cinco años.,Call 251-434-2200 to ask about Family Self-Sufficiency enrollment; must already hold a Mobile Housing Board voucher or unit.,Llame al 251-434-2200 para preguntar sobre la inscripción en Autosuficiencia Familiar; debe tener ya un vale o unidad de la Junta de Vivienda de Mobile.,Monday–Friday business hours,mobile|financial-assistance|housing-authority|self-sufficiency|savings,Escrow savings account|Case management|Goal-setting coaching|Employment and education referrals,Mobile,Mobile,single
36,Goodwill Easter Seals of the Gulf Coast — Mobile,employment,Mobile metro,"Goodwill Easter Seals of the Gulf Coast operates career services and vocational training in Mobile for adults with disabilities and employment barriers, including justice-involved residents seeking job placement and skills certification. The center offers job coaching, retail and warehouse training tracks, and fair-chance employer partnerships coordinated with local Career Center and probation staff.","Goodwill Easter Seals of the Gulf Coast opera servicios de carrera y capacitación vocacional en Mobile para adultos con discapacidades y barreras de empleo, incluidos residentes con antecedentes penales que buscan colocación laboral y certificación de habilidades. El centro ofrece coaching laboral, capacitación minorista y de almacén, y alianzas con empleadores de segunda oportunidad.",5 Beltline Park North,Mobile,251-473-7475,,https://www.goodwillsouth.org,"Mobile-area adults with disabilities or employment barriers, including justice-involved individuals; intake assessment required for vocational programs.","Adultos del área de Mobile con discapacidades o barreras de empleo, incluidas personas con antecedentes penales; se requiere evaluación de admisión para programas vocacionales.",Call 251-473-7475 to schedule an intake appointment; ask about fair-chance employer partnerships and retail training tracks.,Llame al 251-473-7475 para programar una cita de admisión; pregunte sobre alianzas con empleadores de segunda oportunidad y capacitación minorista.,Monday–Friday business hours,mobile|employment|goodwill|vocational-training|fair-chance|reentry,Vocational training|Job coaching|Fair-chance employer connections|Retail and warehouse job placement|Skills certification,Mobile,Mobile,single
37,Catholic Social Services of Mobile,basic-needs,Mobile metro,"Catholic Social Services of Mobile provides emergency financial assistance, food pantry access, immigration services, and case management for low-income residents across Mobile and Baldwin counties, including returning citizens facing utility shutoffs or eviction shortly after release. Bilingual staff assist Spanish-speaking clients with benefits navigation and referrals to housing and legal partners.","Catholic Social Services of Mobile proporciona asistencia financiera de emergencia, acceso a despensa de alimentos, servicios de inmigración y manejo de casos para residentes de bajos ingresos en los condados Mobile y Baldwin, incluidos ciudadanos que regresan y enfrentan cortes de servicios públicos o desalojo poco después de la liberación. El personal bilingüe asiste a clientes de habla hispana.",400 Government Street,Mobile,251-434-1550,,https://cssmobile.org,Low-income residents of Mobile and Baldwin counties facing financial crisis; documentation of need and residency generally required.,Residentes de bajos ingresos de los condados Mobile y Baldwin que enfrentan crisis financiera; generalmente se requiere documentación de necesidad y residencia.,Call 251-434-1550 for an appointment; bring a utility shutoff notice or eviction notice if seeking emergency financial assistance.,Llame al 251-434-1550 para una cita; traiga un aviso de corte de servicios públicos o de desalojo si busca asistencia financiera de emergencia.,Monday–Friday business hours,mobile|basic-needs|emergency-assistance|food-pantry|bilingual|reentry,Emergency financial assistance|Food pantry|Immigration services|Case management|Housing and legal referrals,Mobile,Mobile|Baldwin,multi
38,"First Stop, Inc. — Huntsville",basic-needs,Huntsville metro,"First Stop, Inc. is Huntsville's crisis intervention and resource navigation center, providing emergency financial assistance, a 24-hour crisis line, and case management for individuals and families facing homelessness, domestic violence, or sudden crisis, including returning citizens with nowhere else to turn. Staff connect clients to shelter, MyDHR benefits, and Madison County employment partners.","First Stop, Inc. es el centro de intervención en crisis y navegación de recursos de Huntsville, que proporciona asistencia financiera de emergencia, una línea de crisis de 24 horas y manejo de casos para personas y familias que enfrentan falta de vivienda, violencia doméstica o crisis repentina, incluidos ciudadanos que regresan sin otro lugar adonde acudir.",602 Andrew Jackson Way NE,Huntsville,256-536-1666,,https://firststopinc.org,"Madison County residents facing a housing, domestic violence, or financial crisis; 24-hour crisis line open to anyone seeking immediate help.","Residentes del condado Madison que enfrentan una crisis de vivienda, violencia doméstica o financiera; línea de crisis de 24 horas abierta a cualquiera que busque ayuda inmediata.",Call the 24-hour crisis line at 256-536-1666; walk-in case management available during business hours.,Llame a la línea de crisis de 24 horas al 256-536-1666; manejo de casos sin cita disponible durante el horario comercial.,Crisis line available 24/7; office Monday–Friday business hours,huntsville|madison|basic-needs|crisis-line|emergency-assistance|reentry,24-hour crisis line|Emergency financial assistance|Case management|Shelter referrals|Benefits navigation,Madison,Madison,single
39,Huntsville Housing Authority — Family Self-Sufficiency Program,financial-assistance,Huntsville metro,"The Huntsville Housing Authority's Family Self-Sufficiency Program helps Housing Choice Voucher participants, including returning citizens in subsidized housing, build savings and reduce dependence on public assistance through case management, goal-setting, and an escrow account that grows with household earned income over a five-year contract term.","El Programa de Autosuficiencia Familiar de la Autoridad de Vivienda de Huntsville ayuda a los participantes del Vale de Elección de Vivienda, incluidos ciudadanos que regresan en vivienda subsidiada, a generar ahorros y reducir la dependencia de la asistencia pública mediante manejo de casos, establecimiento de metas y una cuenta de depósito en garantía durante un contrato de cinco años.",1717 Northside Drive,Huntsville,256-534-0503,,https://hsvha.org,Current Huntsville Housing Authority Housing Choice Voucher or public housing participants; enrollment is voluntary and requires a five-year contract of participation.,Participantes actuales del Vale de Elección de Vivienda o vivienda pública de la Autoridad de Vivienda de Huntsville; la inscripción es voluntaria y requiere un contrato de cinco años.,Call 256-534-0503 to ask about Family Self-Sufficiency enrollment; must already hold an HHA voucher or public housing unit.,Llame al 256-534-0503 para preguntar sobre la inscripción en Autosuficiencia Familiar; debe tener ya un vale o unidad de vivienda pública de HHA.,Monday–Friday business hours,huntsville|madison|financial-assistance|housing-authority|self-sufficiency|savings,Escrow savings account|Case management|Goal-setting coaching|Employment and education referrals,Madison,Madison,single
40,Still Serving Veterans,veterans,Huntsville metro,"Still Serving Veterans, headquartered in Huntsville, provides free career counseling, benefits claims assistance, and housing stability navigation for veterans across North Alabama, including justice-involved veterans transitioning from incarceration or facing homelessness. Case managers help veterans access VA disability compensation, education benefits, and employment placement with area employers.","Still Serving Veterans, con sede en Huntsville, proporciona consejería laboral gratuita, asistencia con reclamaciones de beneficios y navegación de estabilidad de vivienda para veteranos en el norte de Alabama, incluidos veteranos con antecedentes penales en transición desde la encarcelación o que enfrentan falta de vivienda. Los administradores de casos ayudan a los veteranos a acceder a compensación por discapacidad del VA.",8500 Madison Boulevard,Madison,256-883-7035,,https://stillservingveterans.org,Veterans of any era residing in North Alabama; honorable or general discharge generally required for VA benefits claims assistance.,Veteranos de cualquier era que residan en el norte de Alabama; generalmente se requiere baja honorable o general para asistencia con reclamaciones de beneficios del VA.,Call 256-883-7035 to schedule a veteran services appointment; bring DD-214 discharge paperwork if available.,Llame al 256-883-7035 para programar una cita de servicios para veteranos; traiga el formulario de baja DD-214 si está disponible.,Monday–Friday business hours,huntsville|madison|veterans|VA-benefits|employment|reentry,VA benefits claims assistance|Career counseling|Housing stability navigation|Employment placement|Education benefits guidance,Madison,Madison,single
41,Manna House,food-nutrition,Huntsville metro,"Manna House operates a large-scale food pantry and utility assistance program in Huntsville, distributing groceries and household essentials to thousands of Madison County families each month, including returning citizens rebuilding a household after release. Clients can shop the pantry directly, and case workers help connect families to MyDHR benefits and other basic-needs partners.","Manna House opera una despensa de alimentos a gran escala y un programa de asistencia con servicios públicos en Huntsville, distribuyendo comestibles y artículos esenciales del hogar a miles de familias del condado Madison cada mes, incluidos ciudadanos que regresan y reconstruyen un hogar después de la liberación. Los clientes pueden comprar directamente en la despensa.",2020 Vernon Street SW,Huntsville,256-536-3363,,https://mannahousehsv.org,Madison County residents in need of food or utility assistance; proof of residency and income documentation typically requested.,Residentes del condado Madison que necesitan asistencia alimentaria o de servicios públicos; generalmente se solicita prueba de residencia y documentación de ingresos.,Call 256-536-3363 for pantry hours and eligibility documents; utility assistance funds are limited and available on a first-come basis.,Llame al 256-536-3363 para conocer el horario de la despensa y los documentos de elegibilidad; los fondos de asistencia con servicios públicos son limitados.,Pantry hours vary; call ahead to confirm,huntsville|madison|food-nutrition|food-pantry|utility-assistance|reentry,Food pantry|Utility assistance|Household essentials distribution|Benefits referrals,Madison,Madison,single
42,Crisis Services of North Alabama,healthcare,Huntsville metro,"Crisis Services of North Alabama operates a 24-hour crisis line, mobile crisis response, and suicide prevention services for residents across the Huntsville region, coordinating with the 988 Suicide and Crisis Lifeline and local hospitals to divert people in mental health crisis away from jail when possible. Justice-involved individuals experiencing a behavioral health emergency can request mobile crisis dispatch.","Crisis Services of North Alabama opera una línea de crisis de 24 horas, respuesta móvil de crisis y servicios de prevención del suicidio para residentes de la región de Huntsville, coordinando con la Línea 988 y hospitales locales para desviar a personas en crisis de salud mental de la cárcel cuando sea posible. Las personas con antecedentes penales en emergencia de salud conductual pueden solicitar despacho de crisis móvil.",4040 Memorial Parkway SW,Huntsville,256-716-1000,,https://crisisservicesnal.org,Anyone in the Huntsville region experiencing a mental health or suicide crisis; no eligibility restrictions for crisis line calls.,Cualquier persona en la región de Huntsville que experimente una crisis de salud mental o suicidio; sin restricciones de elegibilidad para llamadas a la línea de crisis.,Call the 24-hour crisis line at 256-716-1000 or dial 988; ask about mobile crisis team dispatch for in-person response.,Llame a la línea de crisis de 24 horas al 256-716-1000 o marque 988; pregunte sobre el despacho del equipo de crisis móvil para respuesta en persona.,Available 24/7,huntsville|madison|healthcare|crisis-line|mobile-crisis|mental-health,24-hour crisis line|Mobile crisis response|Suicide prevention|Hospital and law enforcement coordination,Madison,Madison,single
43,CED Mental Health Center,substance-use-treatment,Huntsville metro,"CED Mental Health Center is a Community Mental Health Center serving Madison, Marshall, and Jackson counties with outpatient psychiatric care, substance use disorder treatment, and case management for adults and children, including justice-involved individuals referred through drug court or probation. Sliding-fee services and Medicaid billing support continuity of care after release from incarceration.","CED Mental Health Center es un Centro Comunitario de Salud Mental que sirve a los condados Madison, Marshall y Jackson con atención psiquiátrica ambulatoria, tratamiento de trastornos por uso de sustancias y manejo de casos para adultos y niños, incluidas personas con antecedentes penales referidas por tribunal de drogas o probatoria. Servicios de tarifa móvil y facturación de Medicaid apoyan la continuidad de la atención tras la liberación.",4040 Memorial Parkway SW,Huntsville,256-533-1970,,https://cedmhc.org,"Residents of Madison, Marshall, or Jackson counties seeking mental health or substance use treatment; sliding-fee scale and Medicaid accepted.","Residentes de los condados Madison, Marshall o Jackson que buscan tratamiento de salud mental o uso de sustancias; se acepta escala de tarifas móviles y Medicaid.",Call 256-533-1970 for intake; bring drug court or probation referral paperwork if applicable.,Llame al 256-533-1970 para admisión; traiga documentación de referencia de tribunal de drogas o probatoria si corresponde.,Monday–Friday business hours,huntsville|madison|substance-use-treatment|CMHC|drug-court|reentry,Outpatient substance use treatment|Psychiatric care|Case management|Court-referral coordination,Madison,Madison|Marshall|Jackson,multi
44,Salvation Army of Tuscaloosa,housing,Tuscaloosa metro,"The Salvation Army of Tuscaloosa provides emergency shelter, meals, and case management for individuals and families experiencing homelessness in West Alabama, including returning citizens released from Tuscaloosa County Jail without stable housing. Case managers connect residents to employment services, MyDHR benefits, and longer-term housing programs while guests stabilize at the shelter.","El Ejército de Salvación de Tuscaloosa proporciona refugio de emergencia, comidas y manejo de casos para personas y familias sin hogar en el oeste de Alabama, incluidos ciudadanos que regresan liberados de la cárcel del condado Tuscaloosa sin vivienda estable. Los administradores de casos conectan a los residentes con servicios de empleo, beneficios de MyDHR y programas de vivienda a largo plazo.",2101 Stillman Boulevard,Tuscaloosa,205-345-8878,,https://tuscaloosaal.salvationarmy.org,Individuals and families experiencing homelessness in the Tuscaloosa area; walk in or call for same-day intake assessment.,Personas y familias sin hogar en el área de Tuscaloosa; ingrese sin cita o llame para evaluación de admisión el mismo día.,Call 205-345-8878 for shelter intake; case management connects to Career Center employment services and MyDHR benefits.,Llame al 205-345-8878 para admisión al refugio; el manejo de casos conecta con servicios de empleo de Career Center y beneficios de MyDHR.,Shelter 24/7; intake assessments during business hours,tuscaloosa|housing|emergency-shelter|reentry|faith-based,Emergency shelter|Meals|Case management|Employment referrals|Benefits navigation,Tuscaloosa,Tuscaloosa,single
45,Turning Point of West Alabama,family-children,Tuscaloosa metro,"Turning Point of West Alabama provides emergency shelter, a 24-hour crisis line, forensic exams, and court advocacy for survivors of domestic violence and sexual assault across Tuscaloosa and surrounding counties, including justice-involved survivors navigating protective orders and family court. Confidential shelter and children's services help families rebuild safety and stability.","Turning Point of West Alabama proporciona refugio de emergencia, línea de crisis de 24 horas, exámenes forenses y defensa judicial para sobrevivientes de violencia doméstica y agresión sexual en Tuscaloosa y condados circundantes, incluidas sobrevivientes con antecedentes penales que navegan órdenes de protección y tribunales familiares. Servicios confidenciales de refugio e infantiles ayudan a las familias.",2801 Loop Road,Tuscaloosa,205-758-0808,,https://turningpointwa.org,Survivors of domestic violence or sexual assault in West Alabama and their children; 24-hour crisis line open to anyone seeking safety information.,Sobrevivientes de violencia doméstica o agresión sexual en el oeste de Alabama y sus hijos; línea de crisis de 24 horas abierta a cualquiera que busque información de seguridad.,Call the 24-hour crisis line at 205-758-0808; shelter location is confidential for resident safety.,Llame a la línea de crisis de 24 horas al 205-758-0808; la ubicación del refugio es confidencial por la seguridad de las residentes.,Crisis line available 24/7,tuscaloosa|family-children|domestic-violence|shelter|crisis-line,Emergency shelter|24-hour crisis line|Court advocacy|Forensic exam coordination|Children's services,Tuscaloosa,Tuscaloosa,single
46,Temporary Emergency Services (TES) of Tuscaloosa,basic-needs,Tuscaloosa metro,"Temporary Emergency Services provides emergency food, clothing, furniture, and utility assistance for low-income households in Tuscaloosa County, including returning citizens establishing a household after release with little more than the clothes they were released in. Referral partners across West Alabama route clients to TES for immediate material needs while longer-term case management continues elsewhere.","Temporary Emergency Services proporciona alimentos de emergencia, ropa, muebles y asistencia con servicios públicos para hogares de bajos ingresos en el condado Tuscaloosa, incluidos ciudadanos que regresan y establecen un hogar después de la liberación con poco más que la ropa con la que salieron. Aliados de referencia en el oeste de Alabama envían clientes a TES para necesidades materiales inmediatas.",2637 Kicker Road,Tuscaloosa,205-758-5535,,https://tesofalabama.org,"Low-income Tuscaloosa County households in need of emergency food, clothing, or furniture; referral from a partner agency is often required.","Hogares de bajos ingresos del condado Tuscaloosa que necesitan alimentos, ropa o muebles de emergencia; a menudo se requiere referencia de una agencia aliada.",Call 205-758-5535 for current referral requirements; many partner agencies including DHR and local churches can provide a TES referral.,Llame al 205-758-5535 para conocer los requisitos actuales de referencia; muchas agencias aliadas incluida DHR y iglesias locales pueden proporcionar una referencia a TES.,Monday–Friday business hours,tuscaloosa|basic-needs|emergency-assistance|furniture|clothing|reentry,Emergency food assistance|Clothing distribution|Furniture assistance|Utility assistance referrals,Tuscaloosa,Tuscaloosa,single
47,Indian Rivers Behavioral Health,substance-use-treatment,Tuscaloosa metro,"Indian Rivers Behavioral Health is the Community Mental Health Center serving Tuscaloosa, Pickens, Fayette, and Bibb counties with outpatient psychiatric care, substance use treatment, and crisis services for adults and children, including individuals referred through Tuscaloosa County drug court and probation. Sliding-fee services and Medicaid billing help returning citizens continue care after release.","Indian Rivers Behavioral Health es el Centro Comunitario de Salud Mental que sirve a los condados Tuscaloosa, Pickens, Fayette y Bibb con atención psiquiátrica ambulatoria, tratamiento de uso de sustancias y servicios de crisis para adultos y niños, incluidas personas referidas por el tribunal de drogas y probatoria del condado Tuscaloosa. Servicios de tarifa móvil y facturación de Medicaid ayudan a continuar la atención tras la liberación.",2801 Kicker Road,Tuscaloosa,205-345-1600,,https://www.indianrivers.org,"Residents of Tuscaloosa, Pickens, Fayette, or Bibb counties seeking mental health or substance use treatment; sliding-fee scale and Medicaid accepted.","Residentes de los condados Tuscaloosa, Pickens, Fayette o Bibb que buscan tratamiento de salud mental o uso de sustancias; se acepta escala de tarifas móviles y Medicaid.",Call 205-345-1600 for intake; bring drug court or probation referral paperwork if applicable.,Llame al 205-345-1600 para admisión; traiga documentación de referencia de tribunal de drogas o probatoria si corresponde.,Monday–Friday business hours; crisis services available beyond regular hours,tuscaloosa|substance-use-treatment|CMHC|drug-court|reentry,Outpatient substance use treatment|Psychiatric care|Crisis services|Case management,Tuscaloosa,Tuscaloosa|Pickens|Fayette|Bibb,multi
48,Shelton State Community College — Adult Education,education,Tuscaloosa metro,"Shelton State Community College's Adult Education program offers free GED preparation, adult basic education, and English language classes for West Alabama residents, including justice-involved adults working toward a high school equivalency credential needed for employment and further training. Classes lead into Shelton State's career technical programs and Alabama Career Center job placement services.","El programa de Educación para Adultos de Shelton State Community College ofrece preparación gratuita para el GED, educación básica para adultos y clases de inglés para residentes del oeste de Alabama, incluidos adultos con antecedentes penales que trabajan para obtener una credencial de equivalencia de escuela secundaria necesaria para el empleo. Las clases conducen a los programas técnicos de carrera de Shelton State.",9500 Old Greensboro Road,Tuscaloosa,205-391-2211,,https://www.sheltonstate.edu,West Alabama residents age 16 and older not enrolled in secondary school; no cost for GED preparation and adult basic education classes.,Residentes del oeste de Alabama de 16 años o más que no estén inscritos en la escuela secundaria; sin costo para la preparación del GED y clases de educación básica para adultos.,Call 205-391-2211 to register for adult education classes; ask about testing schedules and evening class options.,Llame al 205-391-2211 para inscribirse en clases de educación para adultos; pregunte sobre horarios de exámenes y opciones de clases nocturnas.,Class schedules vary; day and evening sections offered,tuscaloosa|education|GED|adult-education|reentry,GED preparation|Adult basic education|English language classes|Career technical program referrals,Tuscaloosa,Tuscaloosa,single
49,SpectraCare Health Systems,substance-use-treatment,Dothan metro,"SpectraCare Health Systems is the Community Mental Health Center serving the Wiregrass region, providing outpatient psychiatric care, substance use disorder treatment, and crisis services for adults and children across Houston, Henry, Dale, Geneva, and Barbour counties, including individuals referred through Houston County drug court and probation. Sliding-fee services help returning citizens continue treatment after release.","SpectraCare Health Systems es el Centro Comunitario de Salud Mental que sirve a la región Wiregrass, proporcionando atención psiquiátrica ambulatoria, tratamiento de trastornos por uso de sustancias y servicios de crisis para adultos y niños en los condados Houston, Henry, Dale, Geneva y Barbour, incluidas personas referidas por el tribunal de drogas y probatoria del condado Houston.",3423 Ross Clark Circle,Dothan,334-712-0568,,https://spectracarehs.org,Residents of the Wiregrass region seeking mental health or substance use treatment; sliding-fee scale and Medicaid accepted.,Residentes de la región Wiregrass que buscan tratamiento de salud mental o uso de sustancias; se acepta escala de tarifas móviles y Medicaid.,Call 334-712-0568 for intake; bring drug court or probation referral paperwork if applicable.,Llame al 334-712-0568 para admisión; traiga documentación de referencia de tribunal de drogas o probatoria si corresponde.,Monday–Friday business hours; crisis services available beyond regular hours,dothan|houston|substance-use-treatment|CMHC|wiregrass|drug-court|reentry,Outpatient substance use treatment|Psychiatric care|Crisis services|Case management,Houston,Houston|Henry|Dale|Geneva|Barbour,multi
50,House of Ruth,family-children,Dothan metro,"House of Ruth provides emergency shelter, a 24-hour crisis line, and advocacy for survivors of domestic violence and their children across the Wiregrass region, including justice-involved survivors balancing safety planning with court obligations. Confidential shelter, counseling, and legal advocacy help families in Houston and surrounding counties rebuild stability after crisis.","House of Ruth proporciona refugio de emergencia, línea de crisis de 24 horas y defensa para sobrevivientes de violencia doméstica y sus hijos en la región Wiregrass, incluidas sobrevivientes con antecedentes penales que equilibran la planificación de seguridad con obligaciones judiciales. Refugio confidencial, consejería y defensa legal ayudan a las familias en el condado Houston y condados circundantes.",P.O. Box 969,Dothan,334-794-4000,,https://houseofruthdothan.org,Survivors of domestic violence and their children in the Wiregrass region; 24-hour crisis line open to anyone seeking safety information.,Sobrevivientes de violencia doméstica y sus hijos en la región Wiregrass; línea de crisis de 24 horas abierta a cualquiera que busque información de seguridad.,Call the 24-hour crisis line at 334-794-4000; shelter location is confidential for resident safety.,Llame a la línea de crisis de 24 horas al 334-794-4000; la ubicación del refugio es confidencial por la seguridad de las residentes.,Crisis line available 24/7,dothan|houston|family-children|domestic-violence|shelter|crisis-line,Emergency shelter|24-hour crisis line|Legal advocacy|Counseling|Children's services,Houston,Houston,single
51,Wiregrass Rehabilitation Center,employment,Dothan metro,"Wiregrass Rehabilitation Center provides vocational evaluation, job skills training, and supported employment services for adults with disabilities and employment barriers in the Wiregrass region, including justice-involved individuals with qualifying disabilities referred by ADRS. Programs include contract work training, job coaching, and placement support with area employers in and around Dothan.","Wiregrass Rehabilitation Center proporciona evaluación vocacional, capacitación en habilidades laborales y servicios de empleo con apoyo para adultos con discapacidades y barreras de empleo en la región Wiregrass, incluidas personas con antecedentes penales con discapacidades calificadas referidas por ADRS. Los programas incluyen capacitación laboral por contrato, coaching laboral y apoyo de colocación.",1160 Honeysuckle Road,Dothan,334-793-0111,,https://wiregrassrehab.org,Adults with disabilities or significant employment barriers in the Wiregrass region; referral from ADRS or self-referral accepted for vocational evaluation.,Adultos con discapacidades o barreras significativas de empleo en la región Wiregrass; se acepta referencia de ADRS o autorreferencia para evaluación vocacional.,Call 334-793-0111 to schedule a vocational evaluation; ADRS referral can help expedite enrollment.,Llame al 334-793-0111 para programar una evaluación vocacional; la referencia de ADRS puede ayudar a acelerar la inscripción.,Monday–Friday business hours,dothan|houston|employment|vocational-rehabilitation|disability|reentry,Vocational evaluation|Job skills training|Supported employment|Job coaching|Employer placement support,Houston,Houston,single
52,Southeast Alabama Medical Center Foundation — Charity Care,healthcare,Dothan metro,"The Southeast Alabama Medical Center Foundation coordinates charity care and financial assistance applications for uninsured and underinsured Wiregrass-region patients receiving hospital and outpatient care at SAMC in Dothan, including returning citizens needing follow-up care after a health issue identified during incarceration. Financial counselors help patients apply for charity care write-offs and Medicaid.","La Fundación del Centro Médico del Sureste de Alabama coordina la atención caritativa y las solicitudes de asistencia financiera para pacientes sin seguro o con seguro insuficiente de la región Wiregrass que reciben atención hospitalaria y ambulatoria en SAMC en Dothan, incluidos ciudadanos que regresan y necesitan atención de seguimiento. Los consejeros financieros ayudan a los pacientes a solicitar exenciones de atención caritativa y Medicaid.",1108 Ross Clark Circle,Dothan,334-793-8701,,https://www.samc.org,Uninsured or underinsured patients of Southeast Alabama Medical Center meeting income guidelines for charity care; financial counseling appointment required.,Pacientes sin seguro o con seguro insuficiente del Centro Médico del Sureste de Alabama que cumplan las pautas de ingresos para atención caritativa; se requiere cita de consejería financiera.,Call 334-793-8701 and ask for financial counseling; bring recent pay stubs or proof of income for the charity care application.,Llame al 334-793-8701 y pida consejería financiera; traiga recibos de pago recientes o prueba de ingresos para la solicitud de atención caritativa.,Monday–Friday business hours,dothan|houston|healthcare|charity-care|hospital|financial-assistance,Charity care application assistance|Financial counseling|Medicaid application referral|Hospital bill assistance,Houston,Houston,single
53,Salvation Army of the Shoals,housing,Florence metro,"The Salvation Army of the Shoals provides emergency shelter, meals, and case management for individuals and families experiencing homelessness in Florence and the surrounding Shoals area, including returning citizens released from Lauderdale County Jail without stable housing. Case managers connect residents to Career Center employment services, MyDHR benefits, and longer-term housing options.","El Ejército de Salvación de los Shoals proporciona refugio de emergencia, comidas y manejo de casos para personas y familias sin hogar en Florence y el área circundante de los Shoals, incluidos ciudadanos que regresan liberados de la cárcel del condado Lauderdale sin vivienda estable. Los administradores de casos conectan a los residentes con servicios de empleo y beneficios de MyDHR.",410 East College Street,Florence,256-764-8464,,https://shoals.salvationarmy.org,Individuals and families experiencing homelessness in the Shoals area; walk in or call for same-day intake assessment.,Personas y familias sin hogar en el área de los Shoals; ingrese sin cita o llame para evaluación de admisión el mismo día.,Call 256-764-8464 for shelter intake; case management connects to Career Center employment services and MyDHR benefits.,Llame al 256-764-8464 para admisión al refugio; el manejo de casos conecta con servicios de empleo de Career Center y beneficios de MyDHR.,Shelter 24/7; intake assessments during business hours,florence|lauderdale|housing|emergency-shelter|reentry|faith-based,Emergency shelter|Meals|Case management|Employment referrals|Benefits navigation,Lauderdale,Lauderdale,single
54,Christian Service Center of the Shoals,basic-needs,Florence metro,"Christian Service Center of the Shoals operates a food pantry, clothing closet, and emergency utility and rent assistance program for low-income residents of Florence and the surrounding Shoals area, including returning citizens establishing a household after release. Volunteers and case workers help clients access one-time emergency assistance and referrals to longer-term benefits programs.","Christian Service Center of the Shoals opera una despensa de alimentos, un armario de ropa y un programa de asistencia de emergencia con servicios públicos y alquiler para residentes de bajos ingresos de Florence y el área circundante de los Shoals, incluidos ciudadanos que regresan y establecen un hogar después de la liberación. Voluntarios y trabajadores de caso ayudan a los clientes a acceder a asistencia de emergencia única.",223 West Tuscaloosa Street,Florence,256-764-8118,,https://cscshoals.org,"Low-income residents of the Shoals area in need of food, clothing, or emergency utility and rent assistance; proof of residency and need typically required.","Residentes de bajos ingresos del área de los Shoals que necesitan alimentos, ropa o asistencia de emergencia con servicios públicos y alquiler; generalmente se requiere prueba de residencia y necesidad.",Call 256-764-8118 for pantry hours and emergency assistance eligibility; bring a shutoff or eviction notice for utility or rent help.,Llame al 256-764-8118 para conocer el horario de la despensa y la elegibilidad para asistencia de emergencia; traiga un aviso de corte o desalojo.,Monday–Friday business hours,florence|lauderdale|basic-needs|food-pantry|emergency-assistance|reentry,Food pantry|Clothing closet|Emergency utility assistance|Emergency rent assistance,Lauderdale,Lauderdale,single
55,Northwest Shoals Community College — Adult Education,education,Florence metro,"Northwest Shoals Community College's Adult Education program offers free GED preparation, adult basic education, and workforce readiness classes for residents of the Shoals area, including justice-involved adults working toward a high school equivalency credential needed for employment. Classes lead into career technical programs and coordination with the local Alabama Career Center office.","El programa de Educación para Adultos de Northwest Shoals Community College ofrece preparación gratuita para el GED, educación básica para adultos y clases de preparación laboral para residentes del área de los Shoals, incluidos adultos con antecedentes penales que trabajan para obtener una credencial de equivalencia de escuela secundaria. Las clases conducen a programas técnicos de carrera y coordinación con la oficina local de Alabama Career Center.",800 George Wallace Boulevard,Muscle Shoals,256-331-5210,,https://www.nwscc.edu,Shoals-area residents age 16 and older not enrolled in secondary school; no cost for GED preparation and adult basic education classes.,Residentes del área de los Shoals de 16 años o más que no estén inscritos en la escuela secundaria; sin costo para la preparación del GED y clases de educación básica para adultos.,Call 256-331-5210 to register for adult education classes; ask about testing schedules and evening class options.,Llame al 256-331-5210 para inscribirse en clases de educación para adultos; pregunte sobre horarios de exámenes y opciones de clases nocturnas.,Class schedules vary; day and evening sections offered,florence|lauderdale|muscle-shoals|education|GED|adult-education|reentry,GED preparation|Adult basic education|Workforce readiness classes|Career technical program referrals,Lauderdale,Lauderdale|Colbert,multi
56,Alabama Career Center — Florence,employment,Florence metro,"The Alabama Career Center office in Florence connects Shoals-area job seekers—including justice-involved residents—to job search assistance, unemployment services, and WIOA training referrals coordinated through the North Alabama workforce region. Fair-chance employer relationships and on-site resource rooms help returning citizens build resumes and apply for local manufacturing and service-sector jobs.","La oficina de Alabama Career Center en Florence conecta a los buscadores de empleo del área de los Shoals—incluidos residentes con antecedentes penales—con asistencia de búsqueda de empleo, servicios de desempleo y referencias de capacitación WIOA coordinadas a través de la región de fuerza laboral del norte de Alabama. Las relaciones con empleadores de segunda oportunidad y salas de recursos ayudan a los ciudadanos que regresan.",602 South Court Street,Florence,256-767-4711,,https://joblink.alabama.gov,Open to Shoals-area job seekers including justice-involved individuals; core career center services are free.,Abierto a buscadores de empleo del área de los Shoals incluidas personas con antecedentes penales; servicios básicos del centro de carrera son gratuitos.,Visit joblink.alabama.gov to find the Florence office hours; walk-in resource room available for job search and resume help.,Visite joblink.alabama.gov para conocer el horario de la oficina de Florence; sala de recursos disponible sin cita para búsqueda de empleo y ayuda con currículum.,Monday–Friday business hours,florence|lauderdale|employment|career-center|WIOA|fair-chance|reentry,Job search assistance|Resume help|WIOA training referrals|Unemployment services|Fair-chance employment navigation,Lauderdale,Lauderdale,single
57,Jimmie Hale Mission,housing,Birmingham metro,"Jimmie Hale Mission operates three free facilities for people experiencing homelessness in the Birmingham area: the Shepura Men's Center downtown with a 160-bed dormitory, chapel, and learning center; Jessie's Place, a safe haven for up to 30 women and children; and Royal Pines, a quiet rural recovery campus for 45 men. All three sites provide the 16-week Back to Life program with counseling, medical and dental care, and career and housing assistance.","Jimmie Hale Mission opera tres instalaciones gratuitas para personas sin hogar en el área de Birmingham: el Shepura Men's Center en el centro con un dormitorio de 160 camas, capilla y centro de aprendizaje; Jessie's Place, un refugio para hasta 30 mujeres y niños; y Royal Pines, un campus rural de recuperación para 45 hombres. Los tres sitios ofrecen el programa Back to Life de 16 semanas con asesoría, atención médica y dental, y ayuda de carrera y vivienda.",3420 2nd Avenue North,Birmingham,205-323-5878,,https://jimmiehalemission.com/,"Men, women, and children experiencing homelessness in the Birmingham area, including people leaving incarceration; call the Shepura Men's Center weekdays 9 a.m.–4 p.m. to schedule an intake interview.","Hombres, mujeres y niños sin hogar en el área de Birmingham, incluidas personas que salen de la encarcelación; llame al Shepura Men's Center entre semana de 9 a.m. a 4 p.m. para programar una entrevista de admisión.","Bring a completed online application from jimmiehalemission.com to your intake interview; Jessie's Place for women and children is at 2305 5th Avenue North; all services, meals, and the recovery curriculum are free of charge.","Lleve una solicitud en línea completada de jimmiehalemission.com a su entrevista de admisión; Jessie's Place para mujeres y niños está en 2305 5th Avenue North; todos los servicios, comidas y el currículo de recuperación son gratuitos.","Shelters 24/7; intake interviews Monday–Friday, 9:00 a.m.–4:00 p.m.",housing|emergency-shelter|recovery-residence|free|Birmingham|reentry|faith-based,"Emergency shelter for men, women, and children|Long-term recovery program|Medical and dental care|Career and job readiness|Housing assistance",Jefferson,Jefferson,single
58,Firehouse Ministries,housing,Birmingham metro,"Firehouse Ministries has served men experiencing chronic homelessness in downtown Birmingham since 1983, providing shelter, meals, clothing, and a day program for close to 3,000 individuals a year. Beyond emergency shelter, Firehouse operates permanent supportive housing for men with disabilities or serious mental illness, a respite program for guests recovering from illness or injury, and the tools and case management needed to rebuild toward independent living.","Firehouse Ministries ha servido a hombres con falta de vivienda crónica en el centro de Birmingham desde 1983, ofreciendo refugio, comidas, ropa y un programa diurno a casi 3,000 personas al año. Además del refugio de emergencia, Firehouse opera vivienda de apoyo permanente para hombres con discapacidades o enfermedad mental grave, un programa de respiro para huéspedes en recuperación de enfermedad o lesión, y manejo de caso para avanzar hacia la vida independiente.",626 2nd Avenue North,Birmingham,205-252-9571,rdavis@firehouseshelter.com,https://firehouseshelter.com/,Adult men experiencing homelessness in the Birmingham area; shelter and day services available on a walk-up basis; permanent supportive housing requires disability documentation and case management referral.,Hombres adultos sin hogar en el área de Birmingham; refugio y servicios diurnos disponibles sin cita previa; la vivienda de apoyo permanente requiere documentación de discapacidad y referencia de manejo de caso.,Shelter operates 24 hours; day program serves lunch 11:30 a.m.–12:30 p.m.; call the shelter coordinator at 205-252-9571 for intake information or to ask about the respite and permanent supportive housing programs.,El refugio opera las 24 horas; el programa diurno sirve almuerzo de 11:30 a.m. a 12:30 p.m.; llame al coordinador del refugio al 205-252-9571 para información de admisión o para preguntar sobre respiro y vivienda de apoyo permanente.,Shelter 24/7; day program serves lunch 11:30 a.m.–12:30 p.m.,housing|emergency-shelter|men|permanent-supportive-housing|Birmingham|chronic-homelessness,Emergency shelter for men|Day program with meals and hygiene|Permanent supportive housing|Medical respite beds|Case management,Jefferson,Jefferson,single
59,Salvation Army of Greater Birmingham — Center of Hope,housing,Birmingham metro,"The Salvation Army of Greater Birmingham operates the Center of Hope, the only shelter in Central Alabama serving men, women, children, families, and veterans together at a single location. Guests receive emergency shelter, meals, clothing, and counseling around the clock, with case managers connecting residents to transitional housing for families, benefits enrollment, and community resources across Jefferson, Shelby, and St. Clair counties.","El Ejército de Salvación del Gran Birmingham opera el Center of Hope, el único refugio en el centro de Alabama que sirve a hombres, mujeres, niños, familias y veteranos en un solo lugar. Los huéspedes reciben refugio de emergencia, comidas, ropa y asesoría las 24 horas, con administradores de casos que conectan a los residentes con vivienda de transición para familias, inscripción en beneficios y recursos comunitarios en los condados de Jefferson, Shelby y St. Clair.",2015 26th Avenue North,Birmingham,205-328-2420,,https://southernusa.salvationarmy.org/birmingham-al/,"Men, women, children, families, and veterans experiencing homelessness in Jefferson, Shelby, or St. Clair counties; walk in or call for same-day assessment; no prior appointment required for emergency shelter.","Hombres, mujeres, niños, familias y veteranos sin hogar en los condados de Jefferson, Shelby o St. Clair; puede presentarse sin cita o llamar para una evaluación el mismo día; no se requiere cita previa para refugio de emergencia.",Call 205-328-2420 or come to the Social Services Building for immediate help; the shelter also operates transitional housing for homeless families and serves as a warming station during extreme weather.,Llame al 205-328-2420 o venga al edificio de Servicios Sociales para ayuda inmediata; el refugio también opera vivienda de transición para familias sin hogar y funciona como estación de calor durante clima extremo.,Shelter and intake 24/7,housing|emergency-shelter|families|veterans|Birmingham|Salvation-Army,"Emergency shelter for men, women, and children|Transitional housing for families|Meals and clothing|Counseling|Community referrals",Jefferson,Jefferson|Shelby|St. Clair,multi
60,First Light Shelter,housing,Birmingham metro,"First Light is downtown Birmingham's only emergency shelter accepting homeless women and women with children around the clock, accommodating up to 38 guests. Beyond a bed, nutritious meals, and hygiene essentials, First Light provides social workers, group therapy, and Shelter Plus Care permanent supportive housing for women who are homeless due to disabling conditions such as mental illness, past substance use, or HIV/AIDS, connecting guests to healthcare, job training, and housing assistance.","First Light es el único refugio de emergencia en el centro de Birmingham que acepta a mujeres sin hogar y mujeres con niños las 24 horas, con capacidad para 38 huéspedes. Además de una cama, comidas nutritivas y artículos de higiene, First Light ofrece trabajadoras sociales, terapia de grupo y vivienda de apoyo permanente Shelter Plus Care para mujeres sin hogar por condiciones incapacitantes como enfermedad mental, uso de sustancias pasado o VIH/SIDA.",2230 Fourth Avenue North,Birmingham,205-323-4277,help@firstlightshelter.org,https://firstlightshelter.org/,Women and women with children experiencing homelessness; 24-hour walk-in intake; Shelter Plus Care permanent supportive housing requires a documented disabling condition and referral through the Jefferson County Housing Authority.,Mujeres y mujeres con niños sin hogar; admisión sin cita las 24 horas; la vivienda de apoyo permanente Shelter Plus Care requiere una condición incapacitante documentada y referencia a través de la Autoridad de Vivienda del Condado de Jefferson.,"Call 205-323-4277 or walk in any time; guests receive an individualized case plan with a social worker; donated hygiene products, laundry detergent, and linens are distributed nightly.","Llame al 205-323-4277 o preséntese en cualquier momento; las huéspedes reciben un plan de caso individualizado con una trabajadora social; se distribuyen productos de higiene, detergente y ropa de cama donados cada noche.",24/7 emergency shelter intake,housing|emergency-shelter|women|families|Birmingham|permanent-supportive-housing,24-hour emergency shelter for women and children|Shelter Plus Care permanent supportive housing|Social work and group therapy|Hygiene and laundry access|Healthcare and job training referrals,Jefferson,Jefferson,single
61,Waterfront Rescue Mission — Mobile Campus,housing,Mobile metro,"Waterfront Rescue Mission's Mobile campus, long known locally as Mobile Rescue Mission, offers 110 beds for men in its Christ-centered Addiction Recovery Program and for overnight shelter guests. Non-program guests may stay each month for a $10 co-pay, with bad-weather nights and holidays free for those without income. Weekday day services include hot meals, chaplaincy support, restroom access, clothing, and connections to veteran care and work-training programs.","El campus de Mobile de Waterfront Rescue Mission, conocido localmente como Mobile Rescue Mission, ofrece 110 camas para hombres en su Programa de Recuperación de Adicciones centrado en Cristo y para huéspedes de refugio nocturno. Los huéspedes fuera del programa pueden quedarse cada mes por un copago de $10, con noches de mal clima y días festivos gratis para quienes no tienen ingresos. Los servicios diurnos entre semana incluyen comidas calientes, capellanía, acceso a baños, ropa y conexiones a cuidado de veteranos y capacitación laboral.",279A North Washington Avenue,Mobile,251-433-1847,,https://waterfrontmission.org/,"Adult men seeking shelter or addiction recovery in the Mobile area; day services available to men, women, and children Monday–Friday; program interviews required for the residential recovery track.","Hombres adultos que buscan refugio o recuperación de adicciones en el área de Mobile; servicios diurnos disponibles para hombres, mujeres y niños de lunes a viernes; se requieren entrevistas de programa para la vía de recuperación residencial.","Call 251-433-1847 for shelter availability or to schedule a recovery program interview; day services run Monday–Friday, 9:30 a.m.–3:00 p.m., offering meals, chaplain visits, and clothing requests.","Llame al 251-433-1847 para disponibilidad de refugio o para programar una entrevista del programa de recuperación; los servicios diurnos son de lunes a viernes de 9:30 a.m. a 3:00 p.m., con comidas, visitas de capellán y solicitudes de ropa.","Overnight shelter nightly; day services Monday–Friday, 9:30 a.m.–3:00 p.m.",housing|emergency-shelter|men|addiction-recovery|Mobile|veterans,Overnight emergency shelter|Residential addiction recovery program|Day services and hot meals|Veteran care|Work training,Mobile,Mobile,single
62,Friendship Mission,housing,Montgomery metro,"Friendship Mission is a faith-centered refuge for the River Region's homeless and hungry, operating separate shelters for men and for women and children plus a public soup kitchen serving meals daily. The Caring Center provides free clothing to residents at no charge, and staff help guests work toward self-sufficiency through case management, referrals, and structured shelter programming across Montgomery, Autauga, Elmore, Lowndes, and Macon counties.","Friendship Mission es un refugio centrado en la fe para las personas sin hogar y con hambre de la región del río, con refugios separados para hombres y para mujeres con niños, además de un comedor público que sirve comidas diariamente. El Caring Center proporciona ropa gratuita a los residentes sin costo, y el personal ayuda a los huéspedes a lograr la autosuficiencia mediante manejo de caso, referencias y programación estructurada de refugio en los condados de Montgomery, Autauga, Elmore, Lowndes y Macon.",3561 Mobile Highway,Montgomery,334-356-6412,,http://www.friendshipmission.org,"Men, women, and children experiencing homelessness in the River Region; call the main line and press 3 to speak with intake staff about shelter availability at either location.","Hombres, mujeres y niños sin hogar en la región del río; llame a la línea principal y presione 3 para hablar con el personal de admisión sobre disponibilidad de refugio en cualquiera de las ubicaciones.","Women's Shelter is at 312 Chisholm Street; soup kitchen at the Men's Shelter serves Monday–Saturday 12:30 p.m. and 5:30 p.m., Sunday 9:30 a.m. and 5:30 p.m.; clothing donations go to The Caring Center, 380 Arba Street.","El refugio de mujeres está en 312 Chisholm Street; el comedor en el refugio de hombres sirve de lunes a sábado a las 12:30 p.m. y 5:30 p.m., domingo a las 9:30 a.m. y 5:30 p.m.; las donaciones de ropa van al Caring Center, 380 Arba Street.",Shelters 24/7; soup kitchen daily per posted meal times,housing|emergency-shelter|families|Montgomery|faith-based|soup-kitchen,Emergency shelter for men and for women/children|Public soup kitchen|Free clothing closet|Case management|Referrals to self-sufficiency resources,Montgomery,Montgomery|Autauga|Elmore|Lowndes|Macon,multi
63,Dothan Rescue Mission,housing,Dothan/Wiregrass region,"Dothan Rescue Mission has provided lifelines to people experiencing homelessness in the Wiregrass since 1979, delivering more than 15,000 meals and 12,000 nights of shelter each year through separate men's and family lodges. Guests receive hot food, clean clothing, and temporary shelter alongside case support aimed at helping them rebuild toward stable housing, serving Houston, Coffee, Dale, Geneva, and Henry counties in southeast Alabama.","Dothan Rescue Mission ha ofrecido salvavidas a personas sin hogar en la región Wiregrass desde 1979, entregando más de 15,000 comidas y 12,000 noches de refugio al año a través de albergues separados para hombres y familias. Los huéspedes reciben comida caliente, ropa limpia y refugio temporal junto con apoyo de caso para ayudarlos a reconstruir una vivienda estable, sirviendo a los condados de Houston, Coffee, Dale, Geneva y Henry en el sureste de Alabama.",216 East Crawford Street,Dothan,334-794-4637,,https://dothanrescuemission.com/,"Men, women, and families experiencing homelessness in the Wiregrass region; call ahead for shelter and meal availability; men's shelter at 211 East Washington Street and family shelter at 209 East Washington Street.","Hombres, mujeres y familias sin hogar en la región Wiregrass; llame con anticipación para disponibilidad de refugio y comidas; refugio de hombres en 211 East Washington Street y refugio familiar en 209 East Washington Street.",Administrative office hours are Monday–Thursday 8:30 a.m.–4:00 p.m. and Friday 8:30 a.m.–noon; meals are served daily near noon and again in the late afternoon; call first to confirm current shelter space.,El horario de la oficina administrativa es de lunes a jueves de 8:30 a.m. a 4:00 p.m. y viernes de 8:30 a.m. a mediodía; las comidas se sirven diariamente cerca del mediodía y de nuevo por la tarde; llame primero para confirmar espacio de refugio.,"Administrative office Monday–Thursday, 8:30 a.m.–4:00 p.m.; Friday, 8:30 a.m.–12:00 p.m.",housing|emergency-shelter|families|Dothan|Wiregrass|faith-based,Emergency shelter for men and families|Daily hot meals|Clothing assistance|Case support|Community referrals,Houston,Houston|Coffee|Dale|Geneva|Henry,multi
64,Downtown Rescue Mission,housing,Huntsville/Madison metro,"Downtown Rescue Mission has served men, women, and children across North Alabama and South Tennessee for more than 50 years with emergency shelter, daily meals, and a work-and-social-rehabilitation therapy program. Separate dorms exist for men and for women, including women with children, and the year-long, faith-based Life Recovery Program combines biblical education, counseling, life-skills training, and job-readiness preparation for adults whose homelessness is tied to substance use.","Downtown Rescue Mission ha servido a hombres, mujeres y niños del norte de Alabama y sur de Tennessee por más de 50 años con refugio de emergencia, comidas diarias y un programa de rehabilitación laboral y social. Existen dormitorios separados para hombres y para mujeres, incluidas mujeres con niños, y el programa Life Recovery de un año, basado en la fe, combina educación bíblica, asesoría, capacitación en habilidades de vida y preparación laboral para adultos cuya falta de vivienda está ligada al uso de sustancias.",1400 Evangel Drive,Huntsville,256-536-2441,volunteer@downtownrescuemission.org,https://www.downtownrescuemission.org/,"Men, women, and families experiencing homelessness in the Huntsville/Madison County area; emergency shelter available on a walk-in basis; the Life Recovery Program requires an intake interview and roughly one-year residential commitment.","Hombres, mujeres y familias sin hogar en el área de Huntsville/Madison; refugio de emergencia disponible sin cita previa; el programa Life Recovery requiere una entrevista de admisión y un compromiso residencial de aproximadamente un año.","Office hours are Monday–Friday, 8:30 a.m.–4:30 p.m.; call 256-536-2441 for shelter intake or to schedule a tour; single fathers and single mothers each have dedicated shelter tracks.","El horario de oficina es de lunes a viernes, 8:30 a.m. a 4:30 p.m.; llame al 256-536-2441 para admisión al refugio o para programar una visita; hay vías de refugio dedicadas para padres solteros y madres solteras.","Shelter 24/7; administrative office Monday–Friday, 8:30 a.m.–4:30 p.m.",housing|emergency-shelter|families|Huntsville|recovery-residence|faith-based,"Emergency shelter for men, women, and families|Year-long Life Recovery Program|Daily meals|Work and social rehabilitation therapy|Counseling",Madison,Madison,single
65,Christ Health Center — Woodlawn,healthcare,Birmingham metro,"Christ Health Center is a Federally Qualified Health Center network serving more than 18,000 patients a year across four Birmingham locations, offering pediatric and adult medical care, dental services, pharmacy, and mental health counseling. The Woodlawn location provides medical and dental care on a sliding fee scale, accepting most insurance as well as patients with limited or no coverage, and integrates mental health visits into primary care for returning residents rebuilding stability.","Christ Health Center es una red de Centros de Salud Calificados Federalmente que atiende a más de 18,000 pacientes al año en cuatro ubicaciones de Birmingham, ofreciendo atención médica pediátrica y de adultos, servicios dentales, farmacia y asesoría de salud mental. La ubicación de Woodlawn ofrece atención médica y dental en escala móvil, aceptando la mayoría de los seguros y también a pacientes con cobertura limitada o sin ella.",5720 1st Avenue South,Birmingham,205-380-9455,,https://christhealthcenter.org/,"Children, adults, and families in the Birmingham area regardless of insurance status; sliding fee scale available based on household income; most major insurance plans and Medicaid accepted.","Niños, adultos y familias en el área de Birmingham sin importar el estado del seguro; escala móvil de tarifas disponible según ingresos del hogar; se acepta la mayoría de los seguros y Medicaid.",Call 205-380-9455 to schedule at Woodlawn; dental appointments call 205-380-9446; pharmacy is at 205-380-9450; additional Chalkville and Live Oaks locations and a pediatric clinic operate elsewhere in Birmingham.,Llame al 205-380-9455 para programar una cita en Woodlawn; para citas dentales llame al 205-380-9446; la farmacia está en el 205-380-9450; hay ubicaciones adicionales en Chalkville y Live Oaks y una clínica pediátrica en otras partes de Birmingham.,Medical and dental clinic hours vary by location; call to confirm,healthcare|FQHC|dental|mental-health|Birmingham|sliding-scale,Primary medical care|Dental care|Pharmacy|Mental health counseling|Sliding-scale fees,Jefferson,Jefferson,single
66,Alabama Regional Medical Services (ARMS),healthcare,Birmingham metro,"Alabama Regional Medical Services, formerly known as Birmingham Health Care, has served the greater Birmingham area since 1985 as a HRSA-funded community health center offering urgent, acute, and primary care to the underserved, uninsured, and homeless. ARMS operates a Certified Primary Care Medical Home model across several neighborhood health centers plus the CrossRoads to Intervention program, giving returning residents a stable medical home regardless of ability to pay.","Alabama Regional Medical Services, antes conocido como Birmingham Health Care, ha servido al área metropolitana de Birmingham desde 1985 como un centro de salud comunitario financiado por HRSA que ofrece atención urgente, aguda y primaria a personas desatendidas, sin seguro y sin hogar. ARMS opera un modelo de Hogar Médico de Atención Primaria Certificado en varios centros de salud vecinales, brindando a las personas en reinserción un hogar médico estable sin importar su capacidad de pago.",712 25th Street North,Birmingham,205-407-6900,,https://alabamaarms.org/,"Underserved, uninsured, under-insured, low-income, and homeless individuals and families in the Birmingham area; sliding fee scale based on income; walk-ins accepted at most sites.","Personas y familias desatendidas, sin seguro, con seguro insuficiente, de bajos ingresos y sin hogar en el área de Birmingham; escala móvil de tarifas según ingresos; se aceptan pacientes sin cita en la mayoría de los sitios.",Call the corporate office at 205-407-6900 for site information; the Metro Health Center is at 712 25th Street North and the Northern Health Center at 2817 30th Avenue North; ARMS is JCAHCO accredited and a legacy member of the National Health Care for the Homeless Council.,Llame a la oficina corporativa al 205-407-6900 para información de sedes; el Metro Health Center está en 712 25th Street North y el Northern Health Center en 2817 30th Avenue North; ARMS está acreditado por JCAHCO y es miembro histórico del National Health Care for the Homeless Council.,Clinic hours vary by site; call for current schedule,healthcare|FQHC|homeless-health|Birmingham|sliding-scale,Urgent and primary care|Acute care|Certified Primary Care Medical Home|Homeless health services|CrossRoads to Intervention,Jefferson,Jefferson,single
67,Whatley Health Services — Maude L. Whatley Health Center,healthcare,Tuscaloosa/West Alabama,"Whatley Health Services is a Federally Qualified Health Center headquartered in Tuscaloosa that provides primary medical and dental care, behavioral health, and STD/HIV testing to residents of West Alabama regardless of insurance status. Since receiving New Access Point funding in 2007 to serve homeless individuals and at-risk children, Whatley has grown to ten locations across Tuscaloosa, Greene, Hale, Pickens, Sumter, Fayette, Lamar, and surrounding counties, plus a mobile health unit.","Whatley Health Services es un Centro de Salud Calificado Federalmente con sede en Tuscaloosa que ofrece atención médica y dental primaria, salud conductual y pruebas de VIH/ETS a residentes del oeste de Alabama sin importar el seguro. Desde que recibió fondos en 2007 para servir a personas sin hogar y niños en riesgo, Whatley ha crecido a diez ubicaciones en los condados de Tuscaloosa, Greene, Hale, Pickens, Sumter, Fayette, Lamar y alrededores, además de una unidad médica móvil.",2731 Martin Luther King Jr. Blvd.,Tuscaloosa,205-758-6647,info@whatleyhealth.org,https://whatleyhealth.org/,"Children, adults, and seniors in West Alabama with private insurance, Medicare, Medicaid, Tricare, or no insurance; sliding fee schedule available for those who meet household size and income guidelines.","Niños, adultos y personas mayores del oeste de Alabama con seguro privado, Medicare, Medicaid, Tricare o sin seguro; escala móvil de tarifas disponible para quienes cumplan las pautas de tamaño de hogar e ingresos.","Call 205-758-6647 to schedule at the main Tuscaloosa location, open Monday–Friday 8 a.m.–8 p.m. and Saturday 8 a.m.–3 p.m.; satellite clinics operate in Eutaw, Vernon, Carrollton, Livingston, and Sipsey with local phone numbers.","Llame al 205-758-6647 para programar en la ubicación principal de Tuscaloosa, abierta de lunes a viernes de 8 a.m. a 8 p.m. y sábado de 8 a.m. a 3 p.m.; hay clínicas satélite en Eutaw, Vernon, Carrollton, Livingston y Sipsey con números locales.","Main location Monday–Friday, 8:00 a.m.–8:00 p.m.; Saturday, 8:00 a.m.–3:00 p.m.",healthcare|FQHC|dental|HIV-testing|Tuscaloosa|West-Alabama|sliding-scale,Primary medical care|Dental care|Behavioral health|STD/HIV testing|Mobile health unit,Tuscaloosa,Tuscaloosa|Greene|Hale|Pickens|Sumter|Fayette|Lamar,multi
68,Franklin Primary Health Center,healthcare,Mobile metro,"Franklin Primary Health Center is a Federally Qualified Health Center anchored by the Franklin Medical Mall in downtown Mobile, delivering primary care, dental, vision, pediatrics, women's health, and behavioral health to Southwest Alabama regardless of ability to pay. The network operates additional sites in Prichard, Brewton, Evergreen, Bay Minette, Foley, and Loxley, giving returning residents across the Mobile Bay region a consistent medical home and integrated behavioral health support.","Franklin Primary Health Center es un Centro de Salud Calificado Federalmente anclado por el Franklin Medical Mall en el centro de Mobile, que ofrece atención primaria, dental, de la vista, pediátrica, de la mujer y conductual al suroeste de Alabama sin importar la capacidad de pago. La red opera sitios adicionales en Prichard, Brewton, Evergreen, Bay Minette, Foley y Loxley.",1303 Dr. Martin Luther King Jr. Avenue,Mobile,251-432-4117,,https://franklinprimary.org/,"Individuals and families in Southwest Alabama regardless of income or insurance status; sliding fee scale available; most insurance plans, Medicaid, and Medicare accepted.","Personas y familias del suroeste de Alabama sin importar ingresos o estado del seguro; escala móvil de tarifas disponible; se acepta la mayoría de los seguros, Medicaid y Medicare.","Call 251-432-4117 to schedule at the Franklin Medical Mall or any satellite site; the Medical & Dental Express and Wellness, Smiles & Vision Express operate at the same downtown Mobile address for same-day needs.","Llame al 251-432-4117 para programar en el Franklin Medical Mall o en cualquier sitio satélite; el Medical & Dental Express y Wellness, Smiles & Vision Express operan en la misma dirección del centro de Mobile para necesidades el mismo día.",Clinic hours vary by site; call for current schedule,healthcare|FQHC|dental|vision|Mobile|sliding-scale,Primary medical care|Dental care|Vision care|Behavioral health|Women's and pediatric health,Mobile,Mobile|Baldwin|Escambia|Monroe|Conecuh,multi
69,Thrive Alabama,healthcare,Huntsville/Florence region,"Thrive Alabama, formerly the Davis Clinic, is a Ryan White Part B and C medical provider delivering HIV primary care, prevention, and case management from its Huntsville hub with a satellite clinic in Florence. Services include medical visits, medication access, PrEP, non-medical case management, and mental health support for people living with or at risk for HIV across North Alabama, an important continuity-of-care resource for people leaving incarceration with HIV-related health needs.","Thrive Alabama, antes Davis Clinic, es un proveedor médico Ryan White Parte B y C que ofrece atención primaria de VIH, prevención y manejo de caso desde su sede en Huntsville, con una clínica satélite en Florence. Los servicios incluyen visitas médicas, acceso a medicamentos, PrEP, manejo de caso no médico y apoyo de salud mental para personas que viven con o en riesgo de VIH en el norte de Alabama.","301 Governors Drive SW, Suite 160",Huntsville,256-536-4700,,https://www.thrivealabama.org/,People living with HIV or at risk of HIV in North Alabama; Ryan White eligibility screening required for some services; income-based sliding scale; toll-free line 800-728-3603.,Personas que viven con VIH o en riesgo de VIH en el norte de Alabama; se requiere evaluación de elegibilidad Ryan White para algunos servicios; escala móvil según ingresos; línea gratuita 800-728-3603.,Call 256-536-4700 for the Huntsville Davis Clinic or 256-764-0492 for the Florence Hames Clinic satellite office at 112 South Pine Street; an Albertville satellite also serves Marshall County.,"Llame al 256-536-4700 para la Davis Clinic en Huntsville o al 256-764-0492 para la oficina satélite Hames Clinic en Florence, 112 South Pine Street; una sede satélite en Albertville también atiende al condado de Marshall.",Monday–Friday business hours; call to confirm current schedule,healthcare|HIV|Ryan-White|Huntsville|Florence|PrEP,HIV primary medical care|Prevention and PrEP|Non-medical case management|Medication access|Mental health support,Madison,Madison|Lauderdale|Marshall,multi
70,Birmingham AIDS Outreach (BAO),healthcare,Birmingham metro,"Birmingham AIDS Outreach provides free, confidential HIV and STI testing, medical case management, mental health counseling, and support groups for people living with or affected by HIV in Central Alabama. BAO is the only AIDS service organization in Alabama offering free legal services for HIV-positive clients, handling estate planning, custody, and discrimination cases, and its social workers help clients navigate healthcare, transportation, and referrals with limited income or no insurance.","Birmingham AIDS Outreach ofrece pruebas gratuitas y confidenciales de VIH e ITS, manejo de caso médico, asesoría de salud mental y grupos de apoyo para personas que viven con o afectadas por el VIH en el centro de Alabama. BAO es la única organización de servicios de SIDA en Alabama que ofrece servicios legales gratuitos para clientes VIH positivos, manejando planificación patrimonial, custodia y casos de discriminación.",205 32nd Street South,Birmingham,205-322-4197,,https://www.birminghamaidsoutreach.org/,People living with or affected by HIV in Central Alabama; free HIV/STI testing open to all; case management and legal services prioritized for HIV-positive clients meeting program eligibility.,Personas que viven con o afectadas por el VIH en el centro de Alabama; pruebas gratuitas de VIH/ITS abiertas a todos; manejo de caso y servicios legales priorizados para clientes VIH positivos que cumplan los requisitos del programa.,"Walk-in service hours are Monday, Tuesday, and Thursday 9:00–11:45 a.m. and 12:30–5:00 p.m., and Friday 9:00 a.m.–noon; transportation assistance is available once per week for clients with recent appointments.","El horario de servicio sin cita es lunes, martes y jueves de 9:00 a 11:45 a.m. y de 12:30 a 5:00 p.m., y viernes de 9:00 a.m. a mediodía; hay asistencia de transporte disponible una vez por semana para clientes con citas recientes.","Walk-in hours Monday, Tuesday, Thursday, 9:00 a.m.–5:00 p.m.; Friday, 9:00 a.m.–12:00 p.m.",healthcare|HIV|legal-services|Birmingham|case-management,Free HIV/STI testing|Medical case management|Legal services for HIV-positive clients|Mental health counseling and support groups|Transportation assistance,Jefferson,Jefferson,single
71,Riverbend Center for Mental Health,healthcare,Florence/Lauderdale region,"Riverbend Center for Mental Health has provided mental health, substance use, and psychiatric services to Northwest Alabama since 1950, serving more than 7,500 clients a year across Colbert, Franklin, and Lauderdale counties. Programs include adult case management, intensive day treatment, partial hospitalization, residential services, and certified peer specialist support, with emergency services and outpatient commitments handled through the Florence facility.","Riverbend Center for Mental Health ha ofrecido servicios de salud mental, uso de sustancias y psiquiatría al noroeste de Alabama desde 1950, sirviendo a más de 7,500 clientes al año en los condados de Colbert, Franklin y Lauderdale. Los programas incluyen manejo de caso para adultos, tratamiento diurno intensivo, hospitalización parcial, servicios residenciales y apoyo de especialistas de pares certificados.",635 West College Street,Florence,256-764-3431,,https://www.rcmh.org/,"Residents of Colbert, Franklin, and Lauderdale counties needing mental health or substance use treatment; call to schedule an intake assessment; a family member may call to initiate the process if the individual cannot.","Residentes de los condados de Colbert, Franklin y Lauderdale que necesitan tratamiento de salud mental o uso de sustancias; llame para programar una evaluación de admisión; un familiar puede llamar para iniciar el proceso si la persona no puede.",Call 256-764-3431 to schedule an Intake Assessment; the same number serves as the After Hours/Emergency line; a second facility in Russellville at 205 S. Jackson Avenue serves Franklin County clients.,"Llame al 256-764-3431 para programar una evaluación de admisión; el mismo número sirve como línea de emergencia fuera de horario; una segunda instalación en Russellville, 205 S. Jackson Avenue, atiende a clientes del condado de Franklin.",Outpatient office Monday–Friday business hours; emergency line available after hours,healthcare|mental-health|substance-use|Florence|Lauderdale|peer-support,Adult and child mental health case management|Substance use treatment|Intensive day treatment|Residential services|Certified peer specialist support,Lauderdale,Lauderdale|Colbert|Franklin,multi
72,The Foundry Ministries — Recovery Program,substance-use-treatment,Birmingham metro,"The Foundry Ministries runs Christ-centered residential addiction recovery in Bessemer for men and women, plus a Rescue Program serving Birmingham's chronically homeless with long-term transitional housing, financial literacy, and help obtaining missing or expired identification. The program blends spiritual guidance, counseling, and job-readiness training with a thrift-store work-therapy track for addicts and ex-inmates rebuilding stable lives.","The Foundry Ministries opera recuperación residencial de adicciones centrada en Cristo en Bessemer para hombres y mujeres, además de un Programa de Rescate para personas sin hogar crónicas de Birmingham con vivienda de transición a largo plazo, educación financiera y ayuda para obtener identificación perdida o vencida. El programa combina orientación espiritual, asesoría y capacitación laboral con una vía de terapia de trabajo en tiendas de segunda mano.",1804 6th Avenue North,Bessemer,205-428-8449,,https://foundryministries.com/,"Men and women struggling with addiction, including people recently released from incarceration; Women's Center is at 1800 4th Avenue North, Bessemer; apply through the website or call the Men's Center.","Hombres y mujeres que luchan contra la adicción, incluidas personas recién liberadas de la encarcelación; el Centro de Mujeres está en 1800 4th Avenue North, Bessemer; solicite a través del sitio web o llame al Centro de Hombres.",Call 205-428-8449 for the Men's Center or 205-425-7737 for the Women's Center; The Foundry Farm in Cullman offers a rural setting for men; aftercare and thrift-store employment readiness continue after graduation.,Llame al 205-428-8449 para el Centro de Hombres o al 205-425-7737 para el Centro de Mujeres; The Foundry Farm en Cullman ofrece un entorno rural para hombres; el cuidado posterior y la preparación laboral en tiendas continúan después de graduarse.,Residential program 24/7; office calls Monday–Friday business hours,substance-use-treatment|residential-recovery|reentry|Birmingham|Bessemer|faith-based,Residential addiction recovery for men and women|Rescue Program transitional housing|Financial literacy classes|ID document assistance|Job-readiness thrift-store training,Jefferson,Jefferson,single
73,Aletheia House,substance-use-treatment,Birmingham metro,"Aletheia House is one of Alabama's most established substance use treatment and reentry providers, offering transitional housing, case management, and recovery support for justice-involved individuals in Birmingham with direct referral access from the Alabama Department of Corrections. Services include drug and alcohol treatment, women's programming, HIV services, and affordable housing, with average stays of 90 to 180 days and intake accepted from courts, probation, or self-referral.","Aletheia House es uno de los proveedores de tratamiento de uso de sustancias y reinserción más establecidos de Alabama, ofreciendo vivienda de transición, manejo de caso y apoyo de recuperación para personas involucradas en el sistema judicial en Birmingham, con acceso directo de referencia del Departamento de Correcciones de Alabama. Los servicios incluyen tratamiento de drogas y alcohol, programación para mujeres, servicios de VIH y vivienda asequible, con estadías promedio de 90 a 180 días.",201 Finley Avenue West,Birmingham,205-324-6502,info@specialkindofcaring.org,https://www.specialkindofcaring.org/,"Adults with substance use disorders, including people involved with the justice system; referrals accepted from courts, probation and parole officers, or by self-referral; intake available year-round.","Adultos con trastornos por uso de sustancias, incluidas personas involucradas con el sistema judicial; se aceptan referencias de tribunales, oficiales de probatoria y libertad condicional, o por autorreferencia; admisión disponible todo el año.","Call 205-324-6502 for intake information at the Jefferson County location; the Jobs for Vets program operates separately at 2631 Ensley 5 Point West Avenue, 205-588-0597, for veterans needing employment support.","Llame al 205-324-6502 para información de admisión en la ubicación del condado de Jefferson; el programa Jobs for Vets opera por separado en 2631 Ensley 5 Point West Avenue, 205-588-0597, para veteranos que necesitan apoyo de empleo.",Office Monday–Friday business hours; residential programs 24/7,substance-use-treatment|reentry|transitional-housing|Birmingham|ADOC-referral,Substance use treatment|Transitional housing|Case management|Employment assistance|HIV services,Jefferson,Jefferson,single
74,Fellowship House,substance-use-treatment,Birmingham metro,"Fellowship House has served people with alcoholism, drug addiction, and co-occurring mental health disorders in Birmingham for more than 60 years, offering a full continuum of care from residential treatment through transitional apartments to outpatient services. The 73-capacity program uses a sliding fee scale, requires an ASAM assessment for admission, and runs a Family Program with counseling, events, and group therapy to help rebuild relationships strained by addiction and incarceration.","Fellowship House ha servido a personas con alcoholismo, adicción a drogas y trastornos concurrentes de salud mental en Birmingham por más de 60 años, ofreciendo un continuo completo de atención desde tratamiento residencial hasta apartamentos de transición y servicios ambulatorios. El programa, con capacidad para 73 personas, usa escala móvil de tarifas, requiere una evaluación ASAM para la admisión y ofrece un Programa Familiar con asesoría, eventos y terapia de grupo.",1625 12th Avenue South,Birmingham,205-933-2430,intake@fshbhm.org,https://fshbhm.org/,"Adult men and women with alcoholism, drug addiction, or co-occurring mental health disorders; an American Society of Addiction Medicine assessment is required; sliding-scale fees based on ability to pay.","Hombres y mujeres adultos con alcoholismo, adicción a drogas o trastornos concurrentes de salud mental; se requiere una evaluación de la Sociedad Americana de Medicina de Adicciones; tarifas en escala móvil según la capacidad de pago.","Contact the intake department at intake@fshbhm.org or 205-933-2430 extension 1402; if this is a medical emergency call 911; residential, transitional apartment, and outpatient tracks are available depending on need.","Contacte al departamento de admisión en intake@fshbhm.org o al 205-933-2430 extensión 1402; si es una emergencia médica llame al 911; hay vías residenciales, de apartamentos de transición y ambulatorias según la necesidad.",Irregular; call for intake appointment details,substance-use-treatment|co-occurring-disorders|residential|Birmingham|sliding-scale,Residential addiction treatment|Transitional apartments|Outpatient treatment|Family Program counseling|Co-occurring disorder care,Jefferson,Jefferson,single
75,The Lovelady Center,substance-use-treatment,Birmingham metro,"The Lovelady Center is the nation's largest long-term, Christ-centered recovery program dedicated to women and their children, serving women displaced by addiction, incarceration, domestic violence, and homelessness at no cost to clients. Recognized as a national model, the Center delivers comprehensive wraparound services including addiction counseling, parenting support, job training, and on-site housing so mothers can recover alongside their children rather than being separated from them.","The Lovelady Center es el programa de recuperación a largo plazo centrado en Cristo más grande del país dedicado a mujeres y sus hijos, sirviendo a mujeres desplazadas por la adicción, encarcelación, violencia doméstica y falta de vivienda sin costo para las clientas. Reconocido como un modelo nacional, el Centro ofrece servicios integrales que incluyen asesoría de adicciones, apoyo de crianza, capacitación laboral y vivienda en el lugar para que las madres se recuperen junto a sus hijos.",7916 2nd Avenue South,Birmingham,205-833-7410,,https://www.loveladycenter.org/,"Women displaced by addiction, incarceration, domestic violence, or homelessness, including women with children; program is free of charge; apply through the website's admissions form.","Mujeres desplazadas por la adicción, encarcelación, violencia doméstica o falta de vivienda, incluidas mujeres con niños; el programa es gratuito; solicite a través del formulario de admisión del sitio web.",Call the main line at 205-833-7410 for admissions and program questions; women may bring their children to live on campus during treatment; two Lovelady Thrift stores in Irondale and Clay support the program.,Llame a la línea principal al 205-833-7410 para preguntas de admisión y del programa; las mujeres pueden llevar a sus hijos a vivir en el campus durante el tratamiento; dos tiendas Lovelady Thrift en Irondale y Clay apoyan al programa.,Residential program 24/7; office calls Monday–Friday business hours,substance-use-treatment|women|children|residential-recovery|Birmingham|free,Long-term residential recovery for women|On-site housing for mothers and children|Addiction counseling|Parenting support|Job training,Jefferson,Jefferson,single
76,WellStone — Access to Care,substance-use-treatment,Huntsville/Madison metro,"WellStone provides comprehensive mental health and substance use treatment across North Alabama, with no one turned away for inability to pay and most insurance including Medicaid and Tricare accepted. The Huntsville campus offers individual, group, and intensive outpatient therapy plus medication management, while WellStone Emergency Services provides 24/7 walk-in crisis stabilization and mobile crisis teams for adults and children facing a mental health or substance use emergency.","WellStone ofrece tratamiento integral de salud mental y uso de sustancias en el norte de Alabama, sin rechazar a nadie por incapacidad de pago y aceptando la mayoría de los seguros, incluidos Medicaid y Tricare. El campus de Huntsville ofrece terapia individual, grupal e intensiva ambulatoria además de manejo de medicamentos, mientras que WellStone Emergency Services ofrece estabilización de crisis las 24 horas y equipos móviles de crisis.",4040 Memorial Parkway SW,Huntsville,256-705-6444,info@wellstone.com,https://wellstone.com/,Adults and children in North Alabama needing mental health or substance use treatment; no one is turned away for inability to pay; call the Access to Care line to register for services.,Adultos y niños en el norte de Alabama que necesitan tratamiento de salud mental o uso de sustancias; a nadie se le niega el servicio por incapacidad de pago; llame a la línea de Acceso a la Atención para registrarse.,Call the Huntsville Access to Care line at 256-705-6444 (Spanish 256-475-0776); WellStone Emergency Services at 4020 Memorial Parkway SW accepts walk-ins day or night; adult mobile crisis team 256-947-2065.,Llame a la línea de Acceso a la Atención de Huntsville al 256-705-6444 (español 256-475-0776); WellStone Emergency Services en 4020 Memorial Parkway SW acepta pacientes sin cita día y noche; equipo móvil de crisis para adultos 256-947-2065.,"Outpatient campus Monday–Friday, 8:00 a.m.–5:00 p.m.; Emergency Services 24/7 walk-in",substance-use-treatment|mental-health|crisis-services|Huntsville|Medicaid,Individual and group substance use therapy|Intensive outpatient programs|24/7 crisis stabilization|Mobile crisis teams|Medication management,Madison,Madison|Limestone|Cullman,multi
77,Offender Alumni Association,peer-support,Birmingham metro,"The Offender Alumni Association is a peer-led nonprofit founded and staffed by formerly incarcerated individuals who provide reentry navigation, mentorship, and violence-intervention support in Birmingham. Reentry Navigators help returning citizens access housing, employment, mental health care, and life skills, while OAA also runs family reunification support and parenting programs, building a network of credible messengers who mentor people coming home from incarceration.","Offender Alumni Association es una organización sin fines de lucro liderada por personas anteriormente encarceladas que brindan navegación de reinserción, mentoría y apoyo de intervención de violencia en Birmingham. Los Navegadores de Reinserción ayudan a los ciudadanos que regresan a acceder a vivienda, empleo, atención de salud mental y habilidades de vida, mientras OAA también ofrece apoyo de reunificación familiar y programas de crianza.",1200 Tuscaloosa Avenue SW,Birmingham,205-224-4138,,https://www.offenderalumniassociation.org/,Formerly incarcerated individuals and their families in the Birmingham area seeking peer mentorship and reentry navigation; open forums provide a safe space to connect with staff who have lived experience.,Personas anteriormente encarceladas y sus familias en el área de Birmingham que buscan mentoría de pares y navegación de reinserción; los foros abiertos ofrecen un espacio seguro para conectar con personal que tiene experiencia vivida.,"Call 205-224-4138 or visit the website to connect with a Reentry Navigator; OAA staff are trained in trauma-informed, de-escalation approaches and can support families dealing with incarceration or violence.","Llame al 205-224-4138 o visite el sitio web para conectarse con un Navegador de Reinserción; el personal de OAA está capacitado en enfoques informados sobre el trauma y de desescalada, y puede apoyar a familias que enfrentan encarcelación o violencia.",Office hours vary; call for current schedule,peer-support|reentry|mentorship|Birmingham|violence-intervention,Peer-led reentry navigation|Mentorship from formerly incarcerated staff|Family reunification support|Parenting programs|Violence intervention,Jefferson,Jefferson,single
78,Wings Across Alabama — Alabama Warm Line,peer-support,Statewide,"Wings Across Alabama is the state's largest mental health consumer-run organization, offering peer support through certified peer specialists who share lived experience with mental illness and recovery. The statewide Alabama Warm Line connects callers with a trained peer 24 hours a day for non-crisis emotional support, a valuable resource for people leaving incarceration who need someone who understands recovery to talk to outside of clinical or crisis settings.","Wings Across Alabama es la organización de consumidores de salud mental más grande del estado, dirigida por personas con experiencia vivida en enfermedad mental y recuperación. La Alabama Warm Line estatal conecta a quienes llaman con un par capacitado las 24 horas del día para apoyo emocional sin crisis, un recurso valioso para personas que salen de la encarcelación y necesitan hablar con alguien que entiende la recuperación.",,Montgomery,844-999-4647,,https://wingsacrossal.org/,Anyone in Alabama seeking non-crisis peer emotional support; the Warm Line is not a crisis line—callers in immediate crisis should call or text 988; office inquiries call the Wings office line.,Cualquier persona en Alabama que busque apoyo emocional de pares sin crisis; la Warm Line no es una línea de crisis—quienes estén en crisis inmediata deben llamar o enviar un mensaje de texto al 988; para consultas de oficina llame a la línea de Wings.,"Call the Alabama Warm Line at 844-999-4647, available 24/7; for organizational inquiries or Certified Peer Specialist training information call the Wings office at 334-649-1339.","Llame a la Alabama Warm Line al 844-999-4647, disponible las 24 horas; para consultas organizacionales o información de capacitación de Especialista de Pares Certificado llame a la oficina de Wings al 334-649-1339.",Warm Line available 24/7,peer-support|mental-health|warm-line|statewide|certified-peer-specialist,24/7 peer support warm line|Certified Peer Specialist training|Mental health recovery support|Community peer programs,Montgomery,,statewide
79,Community Action Partnership Huntsville/Madison & Limestone Counties,basic-needs,Huntsville/Madison metro,"Community Action Partnership Huntsville/Madison & Limestone Counties helps low-income households meet immediate needs through the Low-Income Home Energy Assistance Program, weatherization, and family support services from its central Huntsville office and neighborhood satellite sites. LIHEAP-eligible households can receive help with heating and cooling bills, with additional crisis assistance available for households with elderly members, people with disabilities, or children age 18 and younger.","Community Action Partnership Huntsville/Madison & Limestone Counties ayuda a los hogares de bajos ingresos a cubrir necesidades inmediatas a través del Programa de Asistencia de Energía para Hogares de Bajos Ingresos, climatización y servicios de apoyo familiar desde su oficina central en Huntsville y sitios satélite vecinales. Los hogares elegibles para LIHEAP pueden recibir ayuda con facturas de calefacción y aire acondicionado, con asistencia de crisis adicional disponible para hogares con miembros mayores, personas con discapacidades o niños de 18 años o menos.",3516 Stringfield Road NW,Huntsville,256-851-9800,,https://caa-htsval.org/,"Low-income households in Madison and Limestone counties; income guidelines apply for LIHEAP energy assistance; one regular heating and one regular cooling payment allowed per year, plus crisis assistance if funding allows.","Hogares de bajos ingresos en los condados de Madison y Limestone; aplican pautas de ingresos para la asistencia energética LIHEAP; se permite un pago regular de calefacción y uno de aire acondicionado por año, más asistencia de crisis si hay fondos disponibles.","Schedule an appointment through the automated scheduler at 256-907-1550 or call the main office at 256-851-9800; satellite locations serve Ardmore, Athens, Madison/Triana, New Hope, and New Market.","Programe una cita a través del sistema automatizado al 256-907-1550 o llame a la oficina principal al 256-851-9800; hay sitios satélite en Ardmore, Athens, Madison/Triana, New Hope y New Market.","Monday–Friday, 9:00 a.m.–5:00 p.m.",basic-needs|utility-assistance|LIHEAP|Huntsville|Madison|weatherization,Home energy bill assistance|Weatherization|Crisis utility assistance|Family support referrals,Madison,Madison|Limestone,multi
80,Community Service Programs of West Alabama,basic-needs,Tuscaloosa/West Alabama,"Community Service Programs of West Alabama provides resources that resolve immediate needs and build long-term self-sufficiency for low-income and vulnerable residents of ten West Alabama counties, administering energy assistance, food resources, and senior services from its Tuscaloosa headquarters. A dedicated call center connects households to available programs, with additional support for clients age 60 and older through a separate senior services line.","Community Service Programs of West Alabama proporciona recursos que resuelven necesidades inmediatas y desarrollan autosuficiencia a largo plazo para residentes de bajos ingresos y vulnerables en diez condados del oeste de Alabama, administrando asistencia energética, recursos alimentarios y servicios para personas mayores desde su sede en Tuscaloosa. Un centro de llamadas dedicado conecta a los hogares con los programas disponibles.",601 Black Bears Way,Tuscaloosa,205-752-5429,,http://www.cspwal.com,"Low-income and vulnerable households in Bibb, Choctaw, Dallas, Fayette, Greene, Hale, Lamar, Perry, Sumter, and Tuscaloosa counties; income guidelines apply for most assistance programs.","Hogares de bajos ingresos y vulnerables en los condados de Bibb, Choctaw, Dallas, Fayette, Greene, Hale, Lamar, Perry, Sumter y Tuscaloosa; aplican pautas de ingresos para la mayoría de los programas de asistencia.",Call the general call center at 833-836-7817 or the main office at 205-752-5429; clients age 60 and older can call 205-469-0386 for senior-specific services.,Llame al centro de llamadas general al 833-836-7817 o a la oficina principal al 205-752-5429; los clientes de 60 años o más pueden llamar al 205-469-0386 para servicios específicos para personas mayores.,"Monday–Friday, 9:00 a.m.–5:00 p.m.",basic-needs|utility-assistance|Tuscaloosa|West-Alabama|senior-services,Energy and utility assistance|Food resources|Senior services|Self-sufficiency case management,Tuscaloosa,Tuscaloosa|Bibb|Choctaw|Dallas|Fayette|Greene|Hale|Lamar|Perry|Sumter,multi
81,Southeast Alabama Community Action Partnership (SEACAP),basic-needs,Dothan/Wiregrass region,"Southeast Alabama Community Action Partnership is the Community Action Agency for the Wiregrass, providing utility assistance, weatherization, and family self-sufficiency programs from offices across Barbour, Coffee, Geneva, Henry, and Houston counties. The Dothan office serves Houston County residents directly, connecting returning residents and low-income families to energy assistance and referrals for food, housing, and other basic needs.","Southeast Alabama Community Action Partnership es la Agencia de Acción Comunitaria de la región Wiregrass, que ofrece asistencia de servicios públicos, climatización y programas de autosuficiencia familiar desde oficinas en los condados de Barbour, Coffee, Geneva, Henry y Houston. La oficina de Dothan atiende directamente a los residentes del condado de Houston, conectando a residentes en reinserción y familias de bajos ingresos con asistencia energética y referencias.",601 North Saint Andrews Street,Dothan,334-794-8754,,http://www.southeastalabamacap.org,"Low-income households in Barbour, Coffee, Geneva, Henry, and Houston counties; income guidelines apply for utility assistance and weatherization programs.","Hogares de bajos ingresos en los condados de Barbour, Coffee, Geneva, Henry y Houston; aplican pautas de ingresos para programas de asistencia de servicios públicos y climatización.","Call the Dothan office at 334-794-8754; the main SEACAP administrative office is in Enterprise at 100 George Wallace Drive, 334-347-0881; additional county offices operate in Eufaula, Elba, Hartford, and Abbeville.","Llame a la oficina de Dothan al 334-794-8754; la oficina administrativa principal de SEACAP está en Enterprise, 100 George Wallace Drive, 334-347-0881; hay oficinas adicionales en Eufaula, Elba, Hartford y Abbeville.",Monday–Friday business hours; call to confirm,basic-needs|utility-assistance|Dothan|Wiregrass|weatherization,Utility and energy assistance|Weatherization|Family self-sufficiency programs|Referrals to food and housing resources,Houston,Houston|Barbour|Coffee|Geneva|Henry,multi
82,Community Action Agency of South Alabama,basic-needs,Mobile/Baldwin rural region,"Community Action Agency of South Alabama promotes self-sufficiency for individuals, families, and communities across seven rural Southwest Alabama counties from its Daphne headquarters, administering energy assistance, weatherization, and Head Start alongside referrals for food and housing. The agency's call center helps low-income and returning residents in Baldwin, Escambia, Conecuh, Monroe, Clarke, Marengo, and Wilcox counties connect to available benefits.","Community Action Agency of South Alabama promueve la autosuficiencia de personas, familias y comunidades en siete condados rurales del suroeste de Alabama desde su sede en Daphne, administrando asistencia energética, climatización y Head Start junto con referencias para alimentos y vivienda. El centro de llamadas de la agencia ayuda a residentes de bajos ingresos fuera del condado de Mobile propiamente dicho.",26640 North Pollard Road,Daphne,251-626-2646,info@caaofsa.org,http://www.caaofsa.org/,"Low-income residents of Baldwin, Clarke, Conecuh, Escambia, Marengo, Monroe, and Wilcox counties; income guidelines apply for energy assistance and other programs.","Residentes de bajos ingresos de los condados de Baldwin, Clarke, Conecuh, Escambia, Marengo, Monroe y Wilcox; aplican pautas de ingresos para la asistencia energética y otros programas.",Call the central office at 251-626-2646 or the call center at 877-246-7836; check the website for Outreach Office and Head Start Center locations closest to you.,Llame a la oficina central al 251-626-2646 o al centro de llamadas al 877-246-7836; consulte el sitio web para conocer las ubicaciones de la Oficina de Alcance y los Centros Head Start más cercanos.,Monday–Friday business hours; call to confirm,basic-needs|utility-assistance|rural|Baldwin|weatherization|Head-Start,Energy and utility assistance|Weatherization|Head Start early childhood services|Referrals to food and housing resources,Baldwin,Baldwin|Clarke|Conecuh|Escambia|Marengo|Monroe|Wilcox,multi
83,Aid to Inmate Mothers,family-children,Statewide,"Aid to Inmate Mothers strengthens the bonds between Alabama's incarcerated women and their children through monthly facilitated visitation, the Storybook Project recorded-reading program, prison parenting classes, and family outreach for children affected by maternal incarceration. AIM's ARESET reentry program and Service Center for Women help mothers coming home reconnect with their children and access clothing, mentoring, and community referrals statewide.","Aid to Inmate Mothers fortalece los lazos entre las mujeres encarceladas de Alabama y sus hijos mediante visitas mensuales facilitadas, el programa Storybook Project de lectura grabada, clases de crianza en prisión y alcance familiar para niños afectados por la encarcelación materna. El programa de reinserción ARESET y el Centro de Servicio para Mujeres de AIM ayudan a las madres que regresan a reconectarse con sus hijos.",660 Morgan Avenue,Montgomery,334-262-2245,,https://inmatemoms.org/,Incarcerated women in Alabama prisons and their children or caregivers; reentry and Service Center for Women programs available to women returning home from incarceration.,Mujeres encarceladas en las prisiones de Alabama y sus hijos o cuidadores; los programas de reinserción y el Centro de Servicio para Mujeres están disponibles para mujeres que regresan a casa de la encarcelación.,Call the office at 334-262-2245 or the toll-free line at 800-679-0246; the Storybook Project records mothers reading books that are mailed to their children along with the book; Project Reconnect provides clothing for release.,Llame a la oficina al 334-262-2245 o a la línea gratuita al 800-679-0246; el Storybook Project graba a las madres leyendo libros que se envían a sus hijos junto con el libro; Project Reconnect proporciona ropa para la liberación.,Office Monday–Friday business hours,family-children|incarcerated-mothers|reentry|statewide|parenting,Facilitated prison visitation|Storybook Project reading recordings|Prison parenting classes|Reentry Service Center for Women|Clothing assistance,Montgomery,,statewide
84,Tuscaloosa's One Place,family-children,Tuscaloosa/West Alabama,"Tuscaloosa's One Place is a family resource center that promotes self-sufficiency, strengthens families, and prevents child abuse and neglect for the Tuscaloosa community. One-on-one consultations during crisis or emergency situations connect families with holistic services matched to their needs, and the center partners with local agencies on programs like the Children's Policy Council and seasonal Holiday Heart campaigns to support families navigating hardship, including reentry.","Tuscaloosa's One Place es un centro de recursos familiares que promueve la autosuficiencia, fortalece a las familias y previene el abuso y negligencia infantil en la comunidad de Tuscaloosa. Las consultas individuales durante situaciones de crisis o emergencia conectan a las familias con servicios integrales adaptados a sus necesidades, y el centro colabora con agencias locales en programas de apoyo familiar.",810 27th Avenue,Tuscaloosa,205-462-1000,tuscaloosaoneplace1@tuscaloosaoneplace.org,https://tuscaloosaoneplace.org/,"Families in the Tuscaloosa area facing crisis or emergency needs, including families affected by incarceration or reentry; intake assessments available for one-on-one consultation.","Familias en el área de Tuscaloosa que enfrentan crisis o necesidades de emergencia, incluidas familias afectadas por la encarcelación o reinserción; evaluaciones de admisión disponibles para consulta individual.","Call 205-462-1000 to schedule an intake assessment, available Monday–Friday 8:00 a.m.–noon; the Holiday Heart campaign helps families served throughout the year celebrate the holidays with donated gifts and clothing.","Llame al 205-462-1000 para programar una evaluación de admisión, disponible de lunes a viernes de 8:00 a.m. a mediodía; la campaña Holiday Heart ayuda a las familias atendidas durante el año a celebrar las fiestas con regalos y ropa donados.","Office Monday–Friday, 8:00 a.m.–4:30 p.m.; intake assessments 8:00 a.m.–12:00 p.m.",family-children|family-resource-center|Tuscaloosa|crisis-services,One-on-one crisis consultation|Family self-sufficiency resources|Child abuse and neglect prevention|Holiday assistance programs,Tuscaloosa,Tuscaloosa,single
85,Family Sunshine Center,family-children,Montgomery metro,"Family Sunshine Center fosters hope and healing for survivors of domestic violence, sexual assault, and human trafficking across Central Alabama through crisis intervention, emergency shelter, and supportive services offered free of charge. The Exodus Community provides transitional housing for survivors working toward independence, with counseling, advocacy, and safety planning available through the 24/7 crisis line for families affected by a partner's incarceration.","Family Sunshine Center fomenta la esperanza y la sanación para sobrevivientes de violencia doméstica, agresión sexual y trata de personas en el centro de Alabama a través de intervención en crisis, refugio de emergencia y servicios de apoyo ofrecidos de forma gratuita. The Exodus Community ofrece vivienda de transición para sobrevivientes que trabajan hacia la independencia, con asesoría, defensa y planificación de seguridad disponibles las 24 horas.",858 South Court Street,Montgomery,334-263-0218,info@familysunshine.org,https://familysunshine.org/,"Survivors of domestic violence, sexual assault, or human trafficking in Central Alabama and their children; services are free and confidential; call the crisis line or walk in during business hours.","Sobrevivientes de violencia doméstica, agresión sexual o trata de personas en el centro de Alabama y sus hijos; los servicios son gratuitos y confidenciales; llame a la línea de crisis o preséntese durante el horario de oficina.","Call the 24/7 Crisis Resource Line at 334-263-0218 (collect calls accepted); walk-in services available at 858 South Court Street Monday–Friday, 8:30 a.m.–4:30 p.m.; call 911 if in immediate danger.",Llame a la línea de crisis 24/7 al 334-263-0218 (se aceptan llamadas por cobrar); servicios sin cita disponibles en 858 South Court Street de lunes a viernes de 8:30 a.m. a 4:30 p.m.; llame al 911 si está en peligro inmediato.,"Crisis line 24/7; walk-in office Monday–Friday, 8:30 a.m.–4:30 p.m.",family-children|domestic-violence|emergency-shelter|Montgomery|crisis-line,24/7 crisis intervention|Emergency shelter and transitional housing|Counseling and advocacy|Safety planning|Human trafficking survivor support,Montgomery,Montgomery|Autauga|Elmore|Bullock|Butler|Crenshaw|Lowndes|Pike,multi
86,Alabama DHR — Child Support Enforcement Division,family-children,Statewide,"The Alabama Department of Human Resources Child Support Enforcement Division helps families establish paternity, obtain child support orders, and enforce compliance through local departments in every county. Returning citizens with an existing child support order can request a review and adjustment based on changed circumstances such as incarceration or reduced income, an important step for avoiding arrears that build up during incarceration and complicate reentry.","La División de Cumplimiento de Manutención Infantil del Departamento de Servicios Humanos de Alabama ayuda a las familias a establecer la paternidad, obtener órdenes de manutención infantil y hacer cumplir el cumplimiento a través de departamentos locales en cada condado. Los ciudadanos que regresan con una orden de manutención existente pueden solicitar una revisión y ajuste según circunstancias cambiadas como la encarcelación o ingresos reducidos.",50 Ripley Street,Montgomery,334-242-1310,,https://dhr.alabama.gov/child-support-enforcement-division/,"Custodial and non-custodial parents statewide, including people returning from incarceration who need to modify a child support order; apply for services through your local county DHR office.","Padres custodios y no custodios en todo el estado, incluidas personas que regresan de la encarcelación y necesitan modificar una orden de manutención infantil; solicite servicios a través de su oficina local de DHR del condado.",Contact your local county Department of Human Resources office to request a child support order review; the Child Support Payment Center and online payment information are available at dhr.alabama.gov.,Contacte a la oficina local del Departamento de Servicios Humanos de su condado para solicitar una revisión de la orden de manutención infantil; el Centro de Pagos de Manutención Infantil y la información de pago en línea están disponibles en dhr.alabama.gov.,Local DHR offices typically Monday–Friday business hours,family-children|child-support|statewide|reentry|DHR,Paternity establishment|Child support order establishment|Order review and modification|Enforcement and collection|Non-custodial parent location,Montgomery,,statewide
87,BJCTA MAX Transit,transportation,Birmingham metro,"MAX Transit, operated by the Birmingham-Jefferson County Transit Authority, provides fixed-route bus service, bus rapid transit, on-demand microtransit, and ADA paratransit throughout Birmingham-Jefferson County for a standard fare of $1.50 per trip. Reliable transportation is often a condition of employment, probation reporting, and treatment attendance, and MAX's transit centers plus the MAX Connect app help returning residents plan trips to jobs and appointments.","MAX Transit, operado por la Autoridad de Tránsito de Birmingham-Condado de Jefferson, ofrece servicio de autobús de ruta fija, tránsito rápido, microtránsito bajo demanda y paratránsito ADA en toda el área de Birmingham-Condado de Jefferson por una tarifa estándar de $1.50 por viaje. El transporte confiable suele ser una condición del empleo, los reportes de probatoria y la asistencia a tratamiento.",1801 Morris Avenue,Birmingham,,,https://maxtransit.org/,General public in the Birmingham-Jefferson County area; ADA paratransit requires disability certification; passengers must have valid fare media before boarding.,Público en general en el área de Birmingham-Condado de Jefferson; el paratránsito ADA requiere certificación de discapacidad; los pasajeros deben tener un medio de pago válido antes de abordar.,"Visit maxtransit.org or use the MAX Connect app to plan trips, buy passes, and track buses in real time; visit the Central, Crossplex, or Woodlawn Transit Centers to buy passes or get printed schedules.","Visite maxtransit.org o use la aplicación MAX Connect para planificar viajes, comprar pases y rastrear autobuses en tiempo real; visite los Centros de Tránsito Central, Crossplex o Woodlawn para comprar pases u obtener horarios impresos.",Service hours vary by route; see maxtransit.org for schedules,transportation|public-transit|Birmingham|paratransit|bus,Fixed-route bus service|Bus rapid transit|On-demand microtransit|ADA paratransit|Trip planning app,Jefferson,Jefferson,single
88,The Wave Transit System,transportation,Mobile metro,"The Wave Transit System is Mobile's public bus service, offering fixed routes across the city along with a Mobility Assistance Program and a Customer Information Center to help riders plan trips. For returning residents in the Mobile area, reliable and affordable public transit supports getting to job interviews, treatment appointments, probation check-ins, and family court dates without depending on a personal vehicle.","The Wave Transit System es el servicio público de autobuses de Mobile, que ofrece rutas fijas por toda la ciudad junto con un Programa de Asistencia de Movilidad y un Centro de Información al Cliente para ayudar a los pasajeros a planificar viajes. Para las personas en reinserción en el área de Mobile, el transporte público confiable y asequible ayuda a llegar a entrevistas de trabajo, citas de tratamiento y reportes de probatoria.",1224 West I-65 Service Road South,Mobile,251-344-6600,,https://thewavetransit.com/,General public in the Mobile area; Mobility Assistance Program available for riders needing additional support; call for current fare and route information.,Público en general en el área de Mobile; el Programa de Asistencia de Movilidad está disponible para pasajeros que necesitan apoyo adicional; llame para información actual de tarifas y rutas.,"Call 251-344-6600 or visit thewavetransit.com for route maps, schedules, and fare information; the Customer Information Center can help plan trips for job interviews or appointments.","Llame al 251-344-6600 o visite thewavetransit.com para mapas de rutas, horarios e información de tarifas; el Centro de Información al Cliente puede ayudar a planificar viajes para entrevistas de trabajo o citas.",Service hours vary by route; see thewavetransit.com for schedules,transportation|public-transit|Mobile|bus|mobility-assistance,Fixed-route bus service|Mobility Assistance Program|Trip planning support|Customer information center,Mobile,Mobile,single
89,The Dannon Project,employment,Birmingham metro,"The Dannon Project is one of the nation's top-performing reentry employment organizations, helping unemployed and underemployed returning citizens and at-risk youth in Central Alabama build stable careers. Intensive case management begins up to six months before release, and short-term training in food service, building maintenance, office skills, and career pathways combined with GED testing has produced an estimated 96 percent job retention rate two years after graduation.","The Dannon Project es una de las organizaciones de empleo de reinserción de mejor desempeño del país, ayudando a ciudadanos que regresan desempleados o subempleados y a jóvenes en riesgo en el centro de Alabama a desarrollar carreras estables. El manejo de caso intensivo comienza hasta seis meses antes de la liberación, y la capacitación a corto plazo combinada con exámenes de GED ha producido una tasa estimada de retención laboral del 96 por ciento dos años después de la graduación.",2324 5th Avenue North,Birmingham,205-202-4072,,https://dannonproject.org/,"Unemployed or underemployed returning citizens, including people currently incarcerated within six months of release, and at-risk youth in Central Alabama; nonviolent offenders prioritized with limited exceptions.","Ciudadanos que regresan desempleados o subempleados, incluidas personas actualmente encarceladas a menos de seis meses de su liberación, y jóvenes en riesgo en el centro de Alabama; se prioriza a delincuentes no violentos con excepciones limitadas.","Call 205-202-4072 or visit dannonproject.org to apply; incarcerated individuals can begin case management before release through facility coordination; training includes ABE tutoring, GED testing, and career pathway counseling.","Llame al 205-202-4072 o visite dannonproject.org para solicitar; las personas encarceladas pueden comenzar el manejo de caso antes de la liberación mediante coordinación con la instalación; la capacitación incluye tutoría ABE, exámenes de GED y asesoría de carrera.",Office Monday–Friday business hours,employment|reentry|GED|Birmingham|case-management|job-placement,Pre-release case management|Short-term job training and certifications|GED tutoring and testing|Job placement|Reentry case management,Jefferson,Jefferson,single
90,Alabama Goodwill Industries — Birmingham Career Center,employment,Birmingham metro,"Alabama Goodwill Industries operates a free Career Center offering job placement assistance, skills training, resume building, and career counseling for job seekers facing barriers to employment, including a criminal record. Employment specialists guide clients through every step of the job search, and Goodwill partners with local employers and the Birmingham Career Center on Second Chance hiring fairs specifically for people with felony or misdemeanor histories.","Alabama Goodwill Industries opera un Centro de Carrera gratuito que ofrece asistencia de colocación laboral, capacitación en habilidades, elaboración de currículums y asesoría de carrera para personas que buscan empleo y enfrentan barreras, incluido un historial penal. Los especialistas en empleo guían a los clientes en cada paso de la búsqueda de trabajo, y Goodwill se asocia con empleadores locales en ferias de contratación de segunda oportunidad específicamente para personas con antecedentes de delitos.",2350 Green Springs Highway,Birmingham,205-323-6331,BirminghamCareerCenter@alabamagoodwill.org,https://www.alabamagoodwill.org/careercenter-1,"Job seekers in the Birmingham area facing barriers to employment, including a criminal record; free walk-in services on Mondays and Wednesdays or by appointment.","Personas que buscan empleo en el área de Birmingham y enfrentan barreras para el empleo, incluido un historial penal; servicios gratuitos sin cita los lunes y miércoles o con cita previa.","Walk in Monday and Wednesday, 10 a.m.–2 p.m. at 2350 Green Springs Highway, or Tuesday and Thursday at the Center Point Career Center, 2310 Center Point Parkway; call 205-323-6331 extension 1102 to schedule.","Visite sin cita los lunes y miércoles de 10 a.m. a 2 p.m. en 2350 Green Springs Highway, o los martes y jueves en el Center Point Career Center, 2310 Center Point Parkway; llame al 205-323-6331 extensión 1102 para programar.","Walk-in Monday and Wednesday, 10:00 a.m.–2:00 p.m.",employment|second-chance-hiring|Birmingham|job-training|Goodwill,Job placement assistance|Skills training and certifications|Resume and interview preparation|Career counseling|Second Chance hiring fair connections,Jefferson,Jefferson,single
91,Alabama Career Center — Montgomery,employment,Montgomery metro,"The Montgomery Career Center is the primary public workforce access point for the River Region, offering career counseling, resume assistance, direct job placement, and classroom or on-the-job training as part of Alabama's statewide Career Center system. Veterans representatives, unemployment insurance filing assistance, and labor market information are available on-site, making it a key stop for returning residents building a work history in Montgomery, Autauga, and Elmore counties.","El Montgomery Career Center es el principal punto de acceso público a la fuerza laboral para la región del río, que ofrece asesoría de carrera, ayuda con currículums, colocación laboral directa y capacitación en el aula o en el trabajo como parte del sistema estatal de Centros de Carrera de Alabama. Hay representantes de veteranos, asistencia para presentar reclamos de seguro de desempleo e información del mercado laboral disponibles en el lugar.",1060 East South Boulevard,Montgomery,334-286-1746,,https://adol.alabama.gov/career-centers/,"Job seekers in the Montgomery area, including people with a criminal record seeking employment services; free resource room access to computers, job listings, and training referrals.","Personas que buscan empleo en el área de Montgomery, incluidas personas con antecedentes penales que buscan servicios de empleo; acceso gratuito a la sala de recursos con computadoras, listados de empleo y referencias de capacitación.","Call 334-286-1746 or visit 1060 East South Boulevard Monday–Friday, 8:00 a.m.–5:00 p.m.; ask about Work Opportunity Tax Credit information for employers willing to hire people with records.",Llame al 334-286-1746 o visite 1060 East South Boulevard de lunes a viernes de 8:00 a.m. a 5:00 p.m.; pregunte sobre el Crédito Fiscal por Oportunidad de Trabajo para empleadores dispuestos a contratar personas con antecedentes.,"Monday–Friday, 8:00 a.m.–5:00 p.m.",employment|career-center|Montgomery|job-training|veterans,Job search and placement assistance|Resume and interview preparation|Classroom and on-the-job training|Unemployment insurance filing help|Veterans employment representatives,Montgomery,Montgomery|Autauga|Elmore,multi
92,Alabama Career Center — Mobile,employment,Mobile metro,"The Mobile Career Center, operated through the Southwest Alabama Partnership for Training and Employment, is the primary public workforce access point for the Gulf Coast labor market, offering job search assistance, skills training referrals, and employer connections at no cost. The center works with satellite offices in Bay Minette, Brewton, Foley, Jackson, and Monroeville to reach returning residents across Southwest Alabama who need job placement support close to home.","El Mobile Career Center, operado a través de la Southwest Alabama Partnership for Training and Employment, es el principal punto de acceso público a la fuerza laboral para el mercado laboral de la Costa del Golfo, que ofrece asistencia de búsqueda de empleo, referencias de capacitación en habilidades y conexiones con empleadores sin costo. El centro trabaja con oficinas satélite en Bay Minette, Brewton, Foley, Jackson y Monroeville.",515 Springhill Plaza Court,Mobile,251-461-4146,,https://www.swapte.org/mobile-career-center-office,"Job seekers in the Mobile area, including people with a criminal record; free services include job search assistance, resource room access, and training referrals.","Personas que buscan empleo en el área de Mobile, incluidas personas con antecedentes penales; los servicios gratuitos incluyen asistencia de búsqueda de empleo, acceso a la sala de recursos y referencias de capacitación.","Call 251-461-4146 or visit 515 Springhill Plaza Court; satellite Career Centers are located in Bay Minette, Brewton, Choctaw County, Foley, Jackson, and Monroeville for residents outside Mobile proper.","Llame al 251-461-4146 o visite 515 Springhill Plaza Court; hay Centros de Carrera satélite en Bay Minette, Brewton, el condado de Choctaw, Foley, Jackson y Monroeville para residentes fuera de Mobile propiamente dicho.",Monday–Friday business hours,employment|career-center|Mobile|job-training|Gulf-Coast,Job search and placement assistance|Skills training referrals|Employer connections|Unemployment insurance information,Mobile,Mobile|Baldwin|Escambia|Washington|Clarke,multi
93,Legal Services Alabama — Statewide Intake & Expungement Project,legal-aid,Statewide,"Legal Services Alabama provides free civil legal help statewide for low-income residents, including a dedicated Reentry Project and Expungement Program that assist formerly incarcerated individuals with clearing eligible records, restoring driver's licenses, and overcoming employment barriers tied to a criminal history. Applicants generally must be at or below 125 percent of the federal poverty level, and all intake begins through the central call center rather than walking into a local office.","Legal Services Alabama ofrece ayuda legal civil gratuita en todo el estado para residentes de bajos ingresos, incluido un Proyecto de Reinserción dedicado y un Programa de Anulación de Antecedentes que ayuda a personas anteriormente encarceladas a limpiar registros elegibles, restaurar licencias de conducir y superar barreras de empleo ligadas a un historial penal. Los solicitantes generalmente deben tener ingresos iguales o menores al 125 por ciento del nivel federal de pobreza.",,Montgomery,866-456-4995,,https://legalservicesalabama.org/,Low-income Alabama residents at or below approximately 125% of the federal poverty level; expungement and reentry legal help prioritized for eligible formerly incarcerated individuals; income verification required.,Residentes de Alabama de bajos ingresos con ingresos iguales o menores a aproximadamente el 125% del nivel federal de pobreza; se prioriza la ayuda legal de anulación de antecedentes y reinserción para personas anteriormente encarceladas elegibles; se requiere verificación de ingresos.,"Call the Call Center at 866-456-4995 (Español 888-835-3505), Monday–Friday 8:30 a.m.–4:30 p.m., or apply online at legalservicesalabama.org; do not use the online application for urgent deadlines under two weeks.","Llame al Centro de Llamadas al 866-456-4995 (Español 888-835-3505), de lunes a viernes de 8:30 a.m. a 4:30 p.m., o solicite en línea en legalservicesalabama.org; no use la solicitud en línea para plazos urgentes de menos de dos semanas.","Call Center Monday–Friday, 8:30 a.m.–4:30 p.m.",legal-aid|expungement|reentry|statewide|free-legal-services,Expungement and record-clearing assistance|Reentry legal services|Housing and eviction defense|Public benefits appeals|Family law assistance,Montgomery,,statewide
94,Legal Services Alabama — Birmingham Office,legal-aid,Birmingham / Central Alabama,"Legal Services Alabama's Birmingham office provides free civil legal aid to low-income residents of Blount, Calhoun, Cherokee, Chilton, Clay, Cleburne, Coosa, DeKalb, Etowah, Jefferson, Randolph, St. Clair, Shelby, Talladega, and Walker counties, including housing, public benefits, family law, and community reentry matters such as record relief. LSA handles civil cases only—not criminal defense. Apply through the statewide call center before visiting the office.","La oficina de Birmingham de Legal Services Alabama ofrece asistencia legal civil gratuita a residentes de bajos ingresos de los condados Blount, Calhoun, Cherokee, Chilton, Clay, Cleburne, Coosa, DeKalb, Etowah, Jefferson, Randolph, St. Clair, Shelby, Talladega y Walker, incluyendo vivienda, beneficios públicos, derecho familiar y asuntos de reinserción comunitaria como el alivio de antecedentes. LSA maneja solo casos civiles, no defensa penal. Solicite a través del centro de llamadas estatal antes de visitar la oficina.","1820 7th Avenue North, Suite 200",Birmingham,205-328-3540,,https://legalservicesalabama.org,Low-income residents at or below 125% of the federal poverty level in the Birmingham office's 15-county service area.,Residentes de bajos ingresos al 125% o menos del nivel federal de pobreza en el área de servicio de 15 condados de la oficina de Birmingham.,"Apply through the statewide call center at 866-456-4995 (Spanish 888-835-3505), Monday–Friday 8:30 a.m.–4:30 p.m.","Solicite a través del centro de llamadas estatal al 866-456-4995 (español 888-835-3505), lunes a viernes 8:30 a.m.–4:30 p.m.",Monday–Friday business hours; call center Monday–Friday 8:30 a.m.–4:30 p.m.,birmingham|jefferson|legal-aid|expungement|central-alabama|reentry,Civil legal representation|Housing and eviction defense|Public benefits advocacy|Family law|Criminal record relief and expungement,Jefferson,Blount|Calhoun|Cherokee|Chilton|Clay|Cleburne|Coosa|DeKalb|Etowah|Jefferson|Randolph|St. Clair|Shelby|Talladega|Walker,multi
95,Legal Services Alabama — Mobile Office,legal-aid,Mobile / Gulf Coast,"Legal Services Alabama's Mobile office provides free civil legal aid to low-income residents of Baldwin, Choctaw, Clarke, Conecuh, Escambia, Mobile, Monroe, and Washington counties, handling housing, domestic violence protective orders, consumer, and public benefits matters for justice-involved adults along the Gulf Coast. Civil cases only—not criminal defense. Call the statewide intake line before visiting.","La oficina de Mobile de Legal Services Alabama ofrece asistencia legal civil gratuita a residentes de bajos ingresos de los condados Baldwin, Choctaw, Clarke, Conecuh, Escambia, Mobile, Monroe y Washington, atendiendo vivienda, órdenes de protección por violencia doméstica, asuntos de consumidor y beneficios públicos para adultos con antecedentes penales en la costa del Golfo. Solo casos civiles, no defensa penal. Llame a la línea de admisión estatal antes de visitar.","107 St. Francis Street, Suite 2100",Mobile,251-433-6560,,https://legalservicesalabama.org,Low-income residents at or below 125% of the federal poverty level in the Mobile office's 8-county Gulf Coast service area.,Residentes de bajos ingresos al 125% o menos del nivel federal de pobreza en el área de servicio de 8 condados de la costa del Golfo de la oficina de Mobile.,Apply through the statewide call center at 866-456-4995 (Spanish 888-835-3505); toll-free local line 1-800-403-4872.,Solicite a través del centro de llamadas estatal al 866-456-4995 (español 888-835-3505); línea local gratuita 1-800-403-4872.,Monday–Friday 8:30 a.m.–5:30 p.m.,mobile|legal-aid|expungement|gulf-coast|housing|reentry,Civil legal representation|Domestic violence protective orders|Consumer law|Public benefits advocacy|Housing legal aid,Mobile,Baldwin|Choctaw|Clarke|Conecuh|Escambia|Mobile|Monroe|Washington,multi
96,Legal Services Alabama — Huntsville Office,legal-aid,Huntsville / North Alabama,"Legal Services Alabama's Huntsville office provides free civil legal aid to low-income residents of Colbert, Cullman, Franklin, Jackson, Lauderdale, Lawrence, Limestone, Madison, Marshall, and Morgan counties, plus domestic violence cases from DeKalb County, covering housing, family law, and public benefits matters for returning citizens in north Alabama. Civil legal aid only—not criminal defense.","La oficina de Huntsville de Legal Services Alabama ofrece asistencia legal civil gratuita a residentes de bajos ingresos de los condados Colbert, Cullman, Franklin, Jackson, Lauderdale, Lawrence, Limestone, Madison, Marshall y Morgan, además de casos de violencia doméstica del condado DeKalb, cubriendo vivienda, derecho familiar y beneficios públicos para ciudadanos que regresan en el norte de Alabama. Solo asistencia legal civil, no defensa penal.",2409 Commerce Court SW,Huntsville,256-536-9645,,https://legalservicesalabama.org,Low-income residents at or below 125% of the federal poverty level in the Huntsville office's 10-county north Alabama service area.,Residentes de bajos ingresos al 125% o menos del nivel federal de pobreza en el área de servicio de 10 condados del norte de Alabama de la oficina de Huntsville.,Apply through the statewide call center at 866-456-4995 (Spanish 888-835-3505); toll-free local line 1-888-741-7129.,Solicite a través del centro de llamadas estatal al 866-456-4995 (español 888-835-3505); línea local gratuita 1-888-741-7129.,Monday–Friday 8:30 a.m.–5:00 p.m.,huntsville|madison|legal-aid|expungement|north-alabama|reentry,Civil legal representation|Housing legal aid|Family law|Public benefits advocacy|Domestic violence protective orders,Madison,Colbert|Cullman|Franklin|Jackson|Lauderdale|Lawrence|Limestone|Madison|Marshall|Morgan|DeKalb,multi
97,J.F. Ingram State Technical College,education,Statewide,"J.F. Ingram State Technical College is Alabama's sole correctional education provider, offering GED preparation and career technical training in 19 fields such as welding, HVAC, cosmetology, and commercial driving to incarcerated individuals and those under supervised release. The Alabama Prison-to-Workforce Pipeline enrolls students in high-demand courses and connects graduates to job placement through ADOC Work-Release centers after release.","J.F. Ingram State Technical College es el único proveedor de educación correccional de Alabama, que ofrece preparación para el GED y capacitación técnica en 19 campos como soldadura, HVAC, cosmetología y manejo comercial a personas encarceladas y bajo libertad supervisada. El Prison-to-Workforce Pipeline de Alabama inscribe a estudiantes en cursos de alta demanda y los conecta con colocación laboral después de la liberación.",5375 Ingram Road,Deatsville,334-285-5177,,https://www.istc.edu/,Individuals currently incarcerated in the Alabama prison system or under supervised release through the Alabama Bureau of Pardons and Paroles; must be at least 16 years old and complete required admissions testing.,Personas actualmente encarceladas en el sistema penitenciario de Alabama o bajo libertad supervisada a través de la Oficina de Indultos y Libertad Condicional de Alabama; deben tener al menos 16 años y completar las pruebas de admisión requeridas.,Incarcerated individuals should ask their facility's classification officer or reentry coordinator about enrollment; the ISTC Job Placement team and Reentry Services assist graduates in securing in-field careers after release.,Las personas encarceladas deben preguntar a su oficial de clasificación de la instalación o coordinador de reinserción sobre la inscripción; el equipo de Colocación Laboral y Servicios de Reinserción de ISTC ayuda a los graduados a conseguir carreras en su campo después de la liberación.,Classes held on correctional facility schedules; administrative office Monday–Friday business hours,education|GED|correctional-education|statewide|job-training|ADOC,GED preparation and testing|Career technical training in 19 fields|Work-based learning through Alabama Correctional Industries|Reentry job placement support,Elmore,,statewide
98,Wallace Community College — Adult Education & GED,education,Dothan/Wiregrass region,"Wallace Community College's Adult Education Department in Dothan offers free GED preparation, English as a Second Language, basic literacy instruction, and college and career preparation classes for adults across the Wiregrass. Classes run at the Dothan main campus and at community sites such as the Dothan Area Career Center, with GED testing available on-site, giving returning residents in Houston, Henry, Barbour, and Dale counties a direct path toward credentials and employment.","El Departamento de Educación para Adultos de Wallace Community College en Dothan ofrece preparación gratuita para el GED, inglés como segundo idioma, instrucción de alfabetización básica y clases de preparación universitaria y profesional para adultos en la región Wiregrass. Las clases se imparten en el campus principal de Dothan y en sitios comunitarios como el Dothan Area Career Center, con exámenes de GED disponibles en el lugar.",1141 Wallace Drive,Dothan,334-556-2613,,https://www.wallace.edu/programs/adult-education/,"Adults in the Wiregrass region seeking a GED, literacy instruction, or English language classes; free enrollment after attending a required in-person orientation session.","Adultos en la región Wiregrass que buscan un GED, instrucción de alfabetización o clases de inglés; inscripción gratuita después de asistir a una sesión de orientación presencial requerida.","Call 334-556-2613 to sign up for orientation, offered at the Dothan main campus; GED testing center questions can be directed to 334-556-2373; classes also meet at the Dothan Area Career Center, 787 Ross Clark Circle.","Llame al 334-556-2613 para inscribirse en la orientación, ofrecida en el campus principal de Dothan; las preguntas sobre el centro de exámenes de GED pueden dirigirse al 334-556-2373; las clases también se imparten en el Dothan Area Career Center, 787 Ross Clark Circle.","Monday–Thursday, 7:30 a.m.–4:30 p.m.; Friday, 7:30 a.m.–2:00 p.m.",education|GED|adult-education|Dothan|Wiregrass|ESL,Free GED preparation classes|English as a Second Language|Basic adult literacy instruction|College and career preparation|On-site GED testing,Houston,Houston|Henry|Barbour|Dale,multi
99,Alabama Possible,education,Statewide,"Alabama Possible is a statewide nonprofit founded in 1993 that breaks down barriers to prosperity through education, collaboration, and advocacy, focusing on postsecondary access and success for Alabamians affected by poverty. The organization publishes data on the cradle-to-career pipeline, promotes financial aid and college-readiness resources, and advocates for policy changes that reduce barriers facing justice-involved individuals seeking postsecondary credentials and stable employment.","Alabama Possible es una organización sin fines de lucro estatal fundada en 1993 que rompe las barreras a la prosperidad a través de la educación, la colaboración y la defensa, enfocándose en el acceso y éxito postsecundario para los habitantes de Alabama afectados por la pobreza. La organización publica datos y aboga por cambios de política que reduzcan las barreras que enfrentan las personas involucradas en el sistema judicial que buscan credenciales postsecundarias.",1016 19th Street South,Birmingham,205-939-1408,,https://alabamapossible.org/,"Alabamians seeking information on postsecondary access, financial aid, and poverty-related barriers to education; resources and data are publicly available on the website; direct services vary by partner program.","Habitantes de Alabama que buscan información sobre acceso postsecundario, ayuda financiera y barreras relacionadas con la pobreza para la educación; los recursos y datos están disponibles públicamente en el sitio web; los servicios directos varían según el programa asociado.","Call 205-939-1408 or visit alabamapossible.org for postsecondary access resources, FAFSA completion support materials, and data on poverty and education in Alabama counties.","Llame al 205-939-1408 o visite alabamapossible.org para recursos de acceso postsecundario, materiales de apoyo para completar el FAFSA y datos sobre pobreza y educación en los condados de Alabama.",Office Monday–Friday business hours,education|postsecondary-access|statewide|poverty|advocacy,Postsecondary access advocacy|FAFSA and financial aid resources|Poverty and education data|Policy advocacy for barrier reduction,Jefferson,,statewide
100,Birmingham VA Medical Center — Health Care for Homeless Veterans,veterans,Birmingham metro,"Birmingham VA Health Care System helps veterans who are homeless or at risk of homelessness due to financial hardship, unemployment, addiction, depression, or transition from jail, offering immediate food and shelter connections, transitional and permanent housing, job training, and healthcare. The Veterans Response Team includes a Veterans Justice Outreach Specialist who works directly with justice-involved veterans navigating reentry, along with peer support and substance use programs.","Birmingham VA Health Care System ayuda a veteranos sin hogar o en riesgo de perderla debido a dificultades financieras, desempleo, adicción, depresión o transición desde la cárcel, ofreciendo conexiones inmediatas a alimentos y refugio, vivienda de transición y permanente, capacitación laboral y atención médica. El Equipo de Respuesta de Veteranos incluye un Especialista de Alcance de Justicia para Veteranos que trabaja directamente con veteranos involucrados en el sistema judicial.",700 South 19th Street,Birmingham,205-933-8101,,https://www.va.gov/birmingham-health-care/,"Veterans who are homeless or at risk of becoming homeless, including those transitioning from incarceration; VA healthcare enrollment required for most services; walk-ins accepted at the Healthcare for Homeless Veterans office.","Veteranos sin hogar o en riesgo de perderla, incluidos aquellos en transición desde la encarcelación; se requiere inscripción en atención médica de VA para la mayoría de los servicios; se aceptan visitas sin cita en la oficina de Atención Médica para Veteranos Sin Hogar.","Call 205-933-8101 extension 336871 for Healthcare for Homeless Veterans, located on the 2nd Floor 2K Building, Monday–Friday 8 a.m.–4:30 p.m.; a second HCHV location operates at the Birmingham East VA Clinic, 7901 Crestwood Blvd; the National Call Center for Homeless Veterans is 877-424-3838.","Llame al 205-933-8101 extensión 336871 para Atención Médica para Veteranos Sin Hogar, ubicada en el 2do piso del edificio 2K, de lunes a viernes de 8 a.m. a 4:30 p.m.; una segunda ubicación de HCHV opera en la Clínica VA Birmingham East, 7901 Crestwood Blvd; la línea nacional es 877-424-3838.","Homeless Veteran services Monday–Friday, 8:00 a.m.–4:30 p.m.",veterans|homeless-veterans|Birmingham|VA|justice-outreach,Homeless veteran housing navigation|Justice system reentry support|Job training and life skills|Substance use and mental health treatment|Health and dental care,Jefferson,Jefferson,single
101,Central Alabama VA Health Care — Montgomery-West Campus,veterans,Montgomery metro,"Central Alabama Veterans Health Care System's Montgomery-West campus provides medically managed inpatient and residential substance use treatment, mental health care, and homeless veteran services for veterans across Central Alabama and western Georgia. A dedicated Homeless Veteran Care coordinator connects veterans facing financial hardship, unemployment, addiction, or reentry from jail to immediate shelter, job training, and justice system navigation support.","El campus Montgomery-West del Central Alabama Veterans Health Care System ofrece tratamiento residencial de uso de sustancias médicamente administrado, atención de salud mental y servicios para veteranos sin hogar en el centro de Alabama y el oeste de Georgia. Un coordinador dedicado de Atención para Veteranos Sin Hogar conecta a los veteranos que enfrentan dificultades financieras, desempleo, adicción o reinserción desde la cárcel con refugio inmediato y capacitación laboral.",215 Perry Hill Road,Montgomery,334-272-4670,,https://www.va.gov/central-alabama-health-care/,"Veterans who are homeless or at risk of becoming homeless, including those transitioning from jail; VA healthcare enrollment required for most services; a second campus in Tuskegee-East also serves the region.","Veteranos sin hogar o en riesgo de perderla, incluidos aquellos en transición desde la cárcel; se requiere inscripción en atención médica de VA para la mayoría de los servicios; un segundo campus en Tuskegee-East también atiende la región.",Call 334-272-4670 extension 34647 or 34648 for Homeless Veteran Care; the National Call Center for Homeless Veterans is 877-424-3838; the Tuskegee-East campus can be reached at 334-727-0550.,Llame al 334-272-4670 extensión 34647 o 34648 para Atención de Veteranos Sin Hogar; la línea nacional es 877-424-3838; el campus de Tuskegee-East puede ser contactado al 334-727-0550.,Homeless Veteran services Monday–Friday business hours,veterans|homeless-veterans|Montgomery|VA|substance-use,Residential and inpatient substance use treatment|Homeless veteran housing navigation|Justice system reentry support|Job training and education|Mental health care,Montgomery,Montgomery,single
102,VA Gulf Coast Health Care — Mobile VA Clinic,veterans,Mobile metro,"VA Gulf Coast Health Care's Mobile VA Clinic provides outpatient healthcare and homeless veteran services for veterans in Southwest Alabama, connecting those facing financial hardship, unemployment, addiction, depression, or reentry from jail to immediate food and shelter, job training, and justice system navigation. A Veterans Justice Outreach Specialist works directly with the Mobile area's justice-involved veterans, and a Mobile Vet Center provides additional readjustment counseling nearby.","La Clínica VA de Mobile de VA Gulf Coast Health Care ofrece atención médica ambulatoria y servicios para veteranos sin hogar en el suroeste de Alabama, conectando a quienes enfrentan dificultades financieras, desempleo, adicción, depresión o reinserción desde la cárcel con alimentos y refugio inmediatos, capacitación laboral y navegación del sistema judicial. Un Especialista de Alcance de Justicia para Veteranos trabaja directamente con veteranos del área de Mobile.",4444 Demetropolis Road,Mobile,251-219-3900,,https://www.va.gov/gulf-coast-health-care/,"Veterans who are homeless or at risk of becoming homeless in Southwest Alabama, including those transitioning from jail; VA healthcare enrollment required for most services.","Veteranos sin hogar o en riesgo de perderla en el suroeste de Alabama, incluidos aquellos en transición desde la cárcel; se requiere inscripción en atención médica de VA para la mayoría de los servicios.",Call 251-219-3900 for the Mobile VA Clinic or 251-219-3923 for Health Care for Homeless Veterans; the Mobile Vet Center at 3221 Spring Hill Avenue offers readjustment counseling at 251-478-5906; National Call Center for Homeless Veterans is 877-424-3838.,Llame al 251-219-3900 para la Clínica VA de Mobile o al 251-219-3923 para Atención Médica para Veteranos Sin Hogar; el Mobile Vet Center en 3221 Spring Hill Avenue ofrece asesoría de readaptación al 251-478-5906; la línea nacional es 877-424-3838.,Clinic Monday–Friday business hours,veterans|homeless-veterans|Mobile|VA|Gulf-Coast,Outpatient veteran healthcare|Homeless veteran housing navigation|Justice system reentry support|Job training and education|Readjustment counseling referral,Mobile,Mobile|Baldwin|Escambia,multi
103,Aletheia House — Jobs for Vets,veterans,Birmingham metro,"Aletheia House's Jobs for Vets program provides employment-focused case management and job readiness support for veterans in the Birmingham area, complementing the organization's broader substance use treatment and reentry housing services. The program is a resource for veterans leaving incarceration or facing homelessness who need help translating military experience into civilian employment while accessing recovery support if needed.","El programa Jobs for Vets de Aletheia House ofrece manejo de caso enfocado en el empleo y apoyo de preparación laboral para veteranos en el área de Birmingham, complementando los servicios más amplios de tratamiento de uso de sustancias y vivienda de reinserción de la organización. El programa es un recurso para veteranos que salen de la encarcelación o enfrentan falta de vivienda y necesitan ayuda para traducir su experiencia militar en empleo civil.",2631 Ensley 5 Point West Avenue,Birmingham,205-588-0597,,https://www.specialkindofcaring.org/,"Veterans in the Birmingham area seeking employment support, including veterans leaving incarceration or experiencing homelessness; combine with Aletheia House substance use or housing services as needed.","Veteranos en el área de Birmingham que buscan apoyo de empleo, incluidos veteranos que salen de la encarcelación o enfrentan falta de vivienda; puede combinarse con los servicios de uso de sustancias o vivienda de Aletheia House según sea necesario.",Call 205-588-0597 for Jobs for Vets program information; veterans can also connect with Aletheia House's main intake line at 205-324-6502 for housing or substance use treatment referrals.,Llame al 205-588-0597 para información del programa Jobs for Vets; los veteranos también pueden conectarse con la línea principal de admisión de Aletheia House al 205-324-6502 para referencias de vivienda o tratamiento de uso de sustancias.,Office Monday–Friday business hours,veterans|employment|Birmingham|reentry|job-readiness,Veteran employment case management|Job readiness training|Coordination with substance use treatment|Reentry housing referrals,Jefferson,Jefferson,single
104,Alabama Bureau of Pardons and Paroles — Headquarters,probation-parole,Statewide,"The Alabama Bureau of Pardons and Paroles administers parole and pardon hearings and community supervision for the state's justice-involved population from its Montgomery headquarters. The Public Information Unit fields questions about an individual's parole eligibility, hearing dates, and hearing results, while local field offices statewide handle day-to-day probation and parole reporting, compliance monitoring, and referrals to reentry resources.","La Oficina de Indultos y Libertad Condicional de Alabama administra las audiencias de libertad condicional e indulto y la supervisión comunitaria para la población involucrada en el sistema judicial del estado desde su sede en Montgomery. La Unidad de Información Pública responde preguntas sobre la elegibilidad de libertad condicional, fechas de audiencia y resultados, mientras que las oficinas de campo locales en todo el estado manejan el reporte diario de probatoria y libertad condicional.","100 Capitol Commerce Boulevard, Suite 310",Montgomery,334-242-8700,paroles@paroles.alabama.gov,https://paroles.alabama.gov/,"Individuals under Alabama parole or pardon consideration, and their family members with questions about hearings; contact your assigned field office for routine probation or parole reporting.","Personas bajo consideración de libertad condicional o indulto de Alabama, y sus familiares con preguntas sobre las audiencias; contacte a su oficina de campo asignada para el reporte rutinario de probatoria o libertad condicional.","Call 334-242-8700 and select an option for parole hearing questions (option 2), granted-but-not-released status (option 3), or missing consideration dates (option 4); find your local field office at paroles.alabama.gov/locations.","Llame al 334-242-8700 y seleccione una opción para preguntas de audiencias de libertad condicional (opción 2), estado concedido pero no liberado (opción 3), o fechas de consideración faltantes (opción 4); encuentre su oficina de campo local en paroles.alabama.gov/locations.",Office Monday–Friday business hours,probation-parole|statewide|Montgomery|pardons|reentry,Parole and pardon hearing information|Statewide field office directory|Community supervision coordination|Victim notification services,Montgomery,,statewide
105,Alabama Bureau of Pardons and Paroles — Montgomery Day Reporting Center,probation-parole,Montgomery metro,"The Montgomery Day Reporting Center provides structured, intensive community supervision as an alternative to incarceration for people on probation or parole in Montgomery County, combining regular check-ins with programming addressing employment, substance use, and cognitive behavioral needs. The center helps participants meet supervision requirements while connecting them to community resources that support stable housing and employment during reentry.","El Centro de Reporte Diario de Montgomery ofrece supervisión comunitaria estructurada e intensiva como alternativa a la encarcelación para personas en probatoria o libertad condicional en el condado de Montgomery, combinando controles regulares con programación que aborda empleo, uso de sustancias y necesidades cognitivo-conductuales. El centro ayuda a los participantes a cumplir con los requisitos de supervisión mientras los conecta con recursos comunitarios.",231 Clayton Street,Montgomery,334-245-0122,,https://paroles.alabama.gov/locations/montgomery-drc/,People on probation or parole in Montgomery County assigned to day reporting as a condition of supervision; assignment is made by the supervising officer or the court.,Personas en probatoria o libertad condicional en el condado de Montgomery asignadas a reporte diario como condición de supervisión; la asignación la realiza el oficial supervisor o el tribunal.,Call 334-245-0122 for hours and reporting requirements; the center is closed on all state and federal holidays; ask your supervising officer whether day reporting applies to your case.,Llame al 334-245-0122 para horarios y requisitos de reporte; el centro está cerrado en todos los días festivos estatales y federales; pregunte a su oficial supervisor si el reporte diario aplica a su caso.,"Monday–Friday, 8:00 a.m.–5:00 p.m.; closed state and federal holidays",probation-parole|day-reporting|Montgomery|community-supervision,Intensive community supervision|Cognitive behavioral programming|Employment and substance use referrals|Compliance reporting,Montgomery,Montgomery,single
106,Alabama Department of Corrections — Reentry & Rehabilitation Services,probation-parole,Statewide,"The Alabama Department of Corrections coordinates statewide rehabilitation and reentry programming including addiction recovery, education through its J.F. Ingram State partnership, and the Pre-Release and Reentry Program that gives inmates life-enrichment classes and community resource information before release, connecting them to housing and employment resources statewide ahead of their return.","El Departamento de Correcciones de Alabama coordina la programación estatal de rehabilitación y reinserción, incluida la recuperación de adicciones, educación a través de su asociación con J.F. Ingram State, y el Programa de Pre-Liberación y Reinserción que brinda a los reclusos clases de enriquecimiento de vida e información de recursos comunitarios antes de la liberación. El programa intensivo de reinserción de 180 días en Limestone Correctional Facility ofrece asesoría profunda para personas a menos de 18 meses de su liberación.",301 South Ripley Street,Montgomery,334-353-3870,,https://www.doc.alabama.gov/,"Individuals currently incarcerated in the Alabama prison system nearing release, and those under ADOC community supervision; pre-release programming is typically offered within 18 months of an expected release date.","Personas actualmente encarceladas en el sistema penitenciario de Alabama próximas a la liberación, y aquellas bajo supervisión comunitaria de ADOC; la programación de pre-liberación generalmente se ofrece dentro de los 18 meses previos a la fecha de liberación esperada.","Incarcerated individuals should ask facility reentry staff about pre-release classes and the Limestone Correctional Facility reentry program; the ADOC Reentry Resources page lists housing, family support, and community partner directories by category.","Las personas encarceladas deben preguntar al personal de reinserción de la instalación sobre las clases de pre-liberación y el programa de reinserción de Limestone Correctional Facility; la página de Recursos de Reinserción de ADOC enumera directorios de vivienda, apoyo familiar y aliados comunitarios por categoría.",Central office Monday–Friday business hours,probation-parole|reentry|statewide|ADOC|pre-release,Pre-release life enrichment classes|180-day intensive reentry program|Community resource directories|Correctional education coordination|Family reintegration referrals,Montgomery,,statewide
107,Alabama Bureau of Pardons and Paroles — Birmingham Field Office,probation-parole,Birmingham / Jefferson County,"The Alabama Bureau of Pardons and Paroles Birmingham Field Office supervises probationers and parolees in Jefferson County (outside the Bessemer cutoff) from its downtown location, one of 62 field offices statewide. Officers complete risk and needs assessments, conduct office, home, and employment checks based on supervision level, and refer people leaving state custody to Legal Services Alabama, Community Food Bank of Central Alabama, and Jefferson County veterans and workforce partners. Supervision reporting office—not a walk-in benefits or emergency shelter intake site.","La Oficina de Campo de Birmingham del Buró de Indultos y Libertad Condicional de Alabama supervisa a personas en probatoria y libertad condicional del condado Jefferson (fuera del área de Bessemer) desde su ubicación en el centro de Birmingham, una de las 62 oficinas de campo del estado. Los oficiales realizan evaluaciones de riesgo y necesidades, visitas domiciliarias y laborales según el nivel de supervisión, y refieren a quienes salen de custodia estatal a Legal Services Alabama, el Banco de Alimentos Comunitario de Alabama Central y aliados de veteranos y empleo del condado Jefferson. Oficina de reportes de supervisión, no centro de admisión de beneficios o refugio de emergencia.",2112 12th Avenue North,Birmingham,205-323-1091,,https://paroles.alabama.gov/locations/birmingham-field-office/,Individuals under Alabama Bureau of Pardons and Paroles community supervision in Jefferson County outside the Bessemer cutoff; report to assigned officer.,Personas bajo supervisión comunitaria del Buró de Indultos y Libertad Condicional de Alabama en el condado Jefferson fuera del área de Bessemer; repórtese al oficial asignado.,The Bessemer cutoff area is served by the separate Bessemer Field Office; hours Monday–Friday 8:00 a.m.–5:00 p.m.,El área de Bessemer es atendida por la Oficina de Campo de Bessemer por separado; horario lunes a viernes 8:00 a.m.–5:00 p.m.,Monday–Friday 8:00 a.m.–5:00 p.m.,birmingham|jefferson|probation-parole|ABPP|pardons-paroles|reentry,Probation supervision|Parole reporting|Risk and needs assessment|Community resource referrals|Reentry coordination,Jefferson,Jefferson,single
108,Alabama Bureau of Pardons and Paroles — Montgomery Field Office,probation-parole,Montgomery / River Region,"The Alabama Bureau of Pardons and Paroles Montgomery Field Office supervises probationers and parolees in Montgomery County and coordinates with the Montgomery Day Reporting Center for higher-need supervisees. Officers connect people returning from ADOC custody to Trenholm State Community College adult education, Heart of Alabama Food Bank, and Montgomery-area veterans and treatment partners as part of standard supervision. District field office—not a walk-in cash assistance or ID-replacement site.","La Oficina de Campo de Montgomery del Buró de Indultos y Libertad Condicional de Alabama supervisa a personas en probatoria y libertad condicional del condado Montgomery y coordina con el Centro de Reportes Diarios de Montgomery para quienes requieren mayor supervisión. Los oficiales conectan a personas que regresan de custodia de ADOC con educación para adultos de Trenholm State Community College, el Banco de Alimentos Heart of Alabama y aliados de veteranos y tratamiento del área de Montgomery. Oficina de campo de distrito, no sitio de admisión de asistencia en efectivo o reemplazo de identificación.",804 South Perry Street,Montgomery,334-954-5431,,https://paroles.alabama.gov/locations/montgomery-field-office/,Individuals under Alabama Bureau of Pardons and Paroles community supervision in Montgomery County; report to assigned officer.,Personas bajo supervisión comunitaria del Buró de Indultos y Libertad Condicional de Alabama en el condado Montgomery; repórtese al oficial asignado.,Montgomery Day Reporting Center at 231 Clayton Street serves higher-risk supervisees; hours Monday–Friday 6:00 a.m.–5:00 p.m.,El Centro de Reportes Diarios de Montgomery en 231 Clayton Street atiende a personas de mayor riesgo; horario lunes a viernes 6:00 a.m.–5:00 p.m.,Monday–Friday 6:00 a.m.–5:00 p.m.,montgomery|probation-parole|ABPP|pardons-paroles|river-region|reentry,Probation supervision|Parole reporting|Day reporting coordination|Treatment referrals|Reentry partner referrals,Montgomery,Montgomery,single
109,Alabama Bureau of Pardons and Paroles — Mobile Field Office,probation-parole,Mobile / Gulf Coast,"The Alabama Bureau of Pardons and Paroles Mobile Field Office supervises probationers and parolees throughout Mobile County, working alongside the Mobile Day Reporting Center for supervisees needing intensive contact. Officers refer people leaving state or county custody to Legal Services Alabama, Feeding the Gulf Coast, Bishop State Community College adult education, and Mobile County veterans services. Supervision field office—not a legal aid clinic or food pantry.","La Oficina de Campo de Mobile del Buró de Indultos y Libertad Condicional de Alabama supervisa a personas en probatoria y libertad condicional en todo el condado Mobile, junto con el Centro de Reportes Diarios de Mobile para quienes necesitan contacto intensivo. Los oficiales refieren a personas que salen de custodia estatal o del condado a Legal Services Alabama, Feeding the Gulf Coast, educación para adultos de Bishop State Community College y servicios de veteranos del condado Mobile. Oficina de campo de supervisión, no clínica de asistencia legal ni despensa de alimentos.",1514 South Broad Street,Mobile,251-433-0554,,https://paroles.alabama.gov/locations/mobile-field-office,Individuals under Alabama Bureau of Pardons and Paroles community supervision in Mobile County; report to assigned officer.,Personas bajo supervisión comunitaria del Buró de Indultos y Libertad Condicional de Alabama en el condado Mobile; repórtese al oficial asignado.,"Mobile Day Reporting Center at 3410 Demetropolis Road, 251-957-7699, serves higher-need supervisees.","El Centro de Reportes Diarios de Mobile en 3410 Demetropolis Road, 251-957-7699, atiende a personas con mayor necesidad.",Monday–Friday 8:00 a.m.–5:00 p.m.,mobile|probation-parole|ABPP|pardons-paroles|gulf-coast|reentry,Probation supervision|Parole reporting|Day reporting coordination|Legal aid referrals|Workforce and treatment referrals,Mobile,Mobile,single
110,Alabama Bureau of Pardons and Paroles — Huntsville Field Office,probation-parole,Huntsville / Madison County,"The Alabama Bureau of Pardons and Paroles Huntsville Field Office supervises probationers and parolees in Madison County and shares a building with the Huntsville Day Reporting Center. Officers coordinate referrals to Drake State and Calhoun Community College adult education, Food Bank of North Alabama, and Madison County veterans and behavioral health partners for people rebuilding stability after release. Field supervision office—not a walk-in SNAP or Medicaid application site.","La Oficina de Campo de Huntsville del Buró de Indultos y Libertad Condicional de Alabama supervisa a personas en probatoria y libertad condicional del condado Madison y comparte edificio con el Centro de Reportes Diarios de Huntsville. Los oficiales coordinan referencias a educación para adultos de Drake State y Calhoun Community College, el Banco de Alimentos del Norte de Alabama y aliados de veteranos y salud conductual del condado Madison. Oficina de supervisión de campo, no sitio de solicitud de SNAP o Medicaid.",2801 Westcorp Boulevard SW,Huntsville,256-288-0420,,https://paroles.alabama.gov/locations/huntsville-field-office/,Individuals under Alabama Bureau of Pardons and Paroles community supervision in Madison County; report to assigned officer.,Personas bajo supervisión comunitaria del Buró de Indultos y Libertad Condicional de Alabama en el condado Madison; repórtese al oficial asignado.,Combined field office and Day Reporting Center location; hours Monday–Friday 8:00 a.m.–5:00 p.m.,Ubicación combinada de oficina de campo y Centro de Reportes Diarios; horario lunes a viernes 8:00 a.m.–5:00 p.m.,Monday–Friday 8:00 a.m.–5:00 p.m.,huntsville|madison|probation-parole|ABPP|pardons-paroles|reentry,Probation supervision|Parole reporting|Day reporting coordination|Adult education referrals|Veterans and treatment referrals,Madison,Madison,single
111,Alabama Bureau of Pardons and Paroles — Tuscaloosa Field Office,probation-parole,Tuscaloosa / West Alabama,"The Alabama Bureau of Pardons and Paroles Tuscaloosa Field Office supervises probationers and parolees in Tuscaloosa County and shares its building with the Tuscaloosa Day Reporting Center. Officers refer people released from ADOC facilities to Community Service Programs of West Alabama, the West Alabama Food Bank, and local workforce and treatment partners while monitoring compliance with supervision conditions. Field reporting office—not a direct-service food pantry or benefits office.","La Oficina de Campo de Tuscaloosa del Buró de Indultos y Libertad Condicional de Alabama supervisa a personas en probatoria y libertad condicional del condado Tuscaloosa y comparte edificio con el Centro de Reportes Diarios de Tuscaloosa. Los oficiales refieren a personas liberadas de instalaciones de ADOC a Community Service Programs of West Alabama, el Banco de Alimentos del Oeste de Alabama y aliados locales de empleo y tratamiento mientras supervisan el cumplimiento de las condiciones. Oficina de reportes de campo, no despensa de alimentos ni oficina de beneficios.","220 14th Street, Unit 100",Tuscaloosa,205-758-5561,,https://paroles.alabama.gov/locations/tuscaloosa-field-office/,Individuals under Alabama Bureau of Pardons and Paroles community supervision in Tuscaloosa County; report to assigned officer.,Personas bajo supervisión comunitaria del Buró de Indultos y Libertad Condicional de Alabama en el condado Tuscaloosa; repórtese al oficial asignado.,"Tuscaloosa Day Reporting Center in Unit 150 of the same building, 205-872-1493.","El Centro de Reportes Diarios de Tuscaloosa está en la Unidad 150 del mismo edificio, 205-872-1493.",Monday–Friday 8:00 a.m.–5:00 p.m.,tuscaloosa|probation-parole|ABPP|pardons-paroles|west-alabama|reentry,Probation supervision|Parole reporting|Day reporting coordination|Workforce referrals|Treatment referrals,Tuscaloosa,Tuscaloosa,single
112,Alabama Bureau of Pardons and Paroles — Dothan Field Office,probation-parole,Dothan / Wiregrass,"The Alabama Bureau of Pardons and Paroles Dothan Field Office supervises probationers and parolees in Houston County and the Wiregrass region, connecting supervisees to the Wiregrass Area Food Bank, Legal Services Alabama's Dothan office, and local KEEP Program higher-education opportunities for people in custody and under supervision. District field office—not a crisis line or direct financial assistance provider.","La Oficina de Campo de Dothan del Buró de Indultos y Libertad Condicional de Alabama supervisa a personas en probatoria y libertad condicional del condado Houston y la región Wiregrass, conectando a los supervisados con el Banco de Alimentos del Área Wiregrass, la oficina de Dothan de Legal Services Alabama y oportunidades de educación superior del Programa KEEP. Oficina de campo de distrito, no línea de crisis ni proveedor directo de asistencia financiera.",144 North Oates Street,Dothan,334-793-7079,,https://paroles.alabama.gov/locations/dothan-field-office/,Individuals under Alabama Bureau of Pardons and Paroles community supervision in Houston County; report to assigned officer.,Personas bajo supervisión comunitaria del Buró de Indultos y Libertad Condicional de Alabama en el condado Houston; repórtese al oficial asignado.,Office closed 12:00 p.m.–1:00 p.m. for lunch; KEEP Program offers higher-education pathways for supervisees.,La oficina cierra de 12:00 p.m. a 1:00 p.m. para el almuerzo; el Programa KEEP ofrece vías de educación superior para supervisados.,Monday–Friday 8:00 a.m.–5:00 p.m. (closed 12:00–1:00 p.m.),dothan|houston|probation-parole|ABPP|pardons-paroles|wiregrass|reentry,Probation supervision|Parole reporting|Higher-education program referrals|Food bank referrals|Legal aid referrals,Houston,Houston,single
113,Legal Services Alabama — Montgomery Office,legal-aid,Montgomery / River Region,"Legal Services Alabama's Montgomery office provides free civil legal aid to low-income residents of Autauga, Bullock, Butler, Chambers, Chilton, Crenshaw, Elmore, Lee, Lowndes, Macon, Montgomery, Pike, Russell, and Tallapoosa counties, including eviction defense, benefits appeals, family law, and veterans relief matters affecting justice-involved adults. Montgomery houses LSA's central administrative office and statewide call center. Civil legal aid only—not criminal defense.","La oficina de Montgomery de Legal Services Alabama ofrece asistencia legal civil gratuita a residentes de bajos ingresos de los condados Autauga, Bullock, Butler, Chambers, Chilton, Crenshaw, Elmore, Lee, Lowndes, Macon, Montgomery, Pike, Russell y Tallapoosa, incluyendo defensa de desalojo, apelaciones de beneficios, derecho familiar y asuntos de alivio para veteranos. Montgomery alberga la oficina administrativa central de LSA y el centro de llamadas estatal. Solo asistencia legal civil, no defensa penal.",3054 McGehee Road,Montgomery,334-832-4570,,https://legalservicesalabama.org,Low-income residents at or below 125% of the federal poverty level in the Montgomery office's 14-county service area.,Residentes de bajos ingresos al 125% o menos del nivel federal de pobreza en el área de servicio de 14 condados de la oficina de Montgomery.,Apply through the statewide call center at 866-456-4995 (Spanish 888-835-3505); central administrative office located here.,Solicite a través del centro de llamadas estatal al 866-456-4995 (español 888-835-3505); la oficina administrativa central está ubicada aquí.,Monday–Thursday 8:30 a.m.–5:00 p.m.; Friday 8:30 a.m.–4:30 p.m.,montgomery|legal-aid|expungement|river-region|veterans|reentry,Civil legal representation|Eviction defense|Public benefits appeals|Family law|Veterans relief assistance,Montgomery,Autauga|Bullock|Butler|Chambers|Chilton|Crenshaw|Elmore|Lee|Lowndes|Macon|Montgomery|Pike|Russell|Tallapoosa,multi
114,Legal Services Alabama — Dothan Office,legal-aid,Dothan / Wiregrass,"Legal Services Alabama's Dothan office provides free civil legal aid to low-income residents of Barbour, Coffee, Covington, Dale, Geneva, Henry, and Houston counties in the Wiregrass region, handling housing, consumer, family law, and public benefits matters for justice-involved adults returning to rural southeast Alabama. Civil legal aid only—not criminal defense.","La oficina de Dothan de Legal Services Alabama ofrece asistencia legal civil gratuita a residentes de bajos ingresos de los condados Barbour, Coffee, Covington, Dale, Geneva, Henry y Houston en la región Wiregrass, atendiendo vivienda, consumidor, derecho familiar y beneficios públicos para adultos con antecedentes penales que regresan al sureste rural de Alabama. Solo asistencia legal civil, no defensa penal.",212 North Lena Street,Dothan,334-777-2344,,https://legalservicesalabama.org,Low-income residents at or below 125% of the federal poverty level in the Dothan office's 7-county Wiregrass service area.,Residentes de bajos ingresos al 125% o menos del nivel federal de pobreza en el área de servicio de 7 condados de Wiregrass de la oficina de Dothan.,Apply through the statewide call center at 866-456-4995 (Spanish 888-835-3505); toll-free local line 1-800-701-0926.,Solicite a través del centro de llamadas estatal al 866-456-4995 (español 888-835-3505); línea local gratuita 1-800-701-0926.,Monday–Friday 8:00 a.m.–5:00 p.m.,dothan|houston|legal-aid|wiregrass|rural|reentry,Civil legal representation|Housing and consumer law|Family law|Public benefits advocacy|Rural legal aid outreach,Houston,Barbour|Coffee|Covington|Dale|Geneva|Henry|Houston,multi
115,Jefferson State Community College — Adult Education,education,Birmingham / Jefferson County,"Jefferson State Community College's Adult Education program offers free GED preparation, digital literacy, and workforce readiness classes for adults in Jefferson, Chilton, Shelby, and St. Clair counties, including justice-involved adults rebuilding credentials at campus and community locations. Instructors provide tuition assistance for the GED Ready practice test and the official GED exam when eligibility requirements are met. Direct classroom instruction—not a benefits or housing office.","El programa de Educación para Adultos de Jefferson State Community College ofrece preparación GED gratuita, alfabetización digital y clases de preparación laboral para adultos de los condados Jefferson, Chilton, Shelby y St. Clair, incluidos adultos con antecedentes penales que reconstruyen sus credenciales en el campus y en ubicaciones comunitarias. Los instructores brindan asistencia de matrícula para el examen de práctica GED Ready y el examen GED oficial cuando se cumplen los requisitos. Instrucción directa en el aula, no oficina de beneficios o vivienda.","2601 Carson Road, Lurleen Wallace Hall Room 247",Birmingham,205-856-7954,,https://www.jeffersonstate.edu/support-services/adult-education-ged-preparation/,"Adults age 16+ not enrolled in high school in Jefferson, Chilton, Shelby, or St. Clair counties; justice-involved adults welcome.","Adultos de 16 años o más no inscritos en la secundaria en los condados Jefferson, Chilton, Shelby o St. Clair; adultos con antecedentes penales bienvenidos.","Classes offered at Shelby-Hoover, St. Clair/Pell City, and community sites; call 205-856-7954 to enroll.","Clases ofrecidas en Shelby-Hoover, St. Clair/Pell City y sitios comunitarios; llame al 205-856-7954 para inscribirse.",Class schedules vary by site; call for current schedule,birmingham|jefferson|education|GED|adult-education|reentry,GED preparation|GED testing assistance|Digital literacy|Workforce readiness|Multi-site class scheduling,Jefferson,Jefferson|Chilton|Shelby|St. Clair,multi
116,Bishop State Community College — Adult Education,education,Mobile / Washington County,"Bishop State Community College's Adult Education Program offers free traditional GED preparation classes at 21 locations across Mobile and Washington counties, preparing adults age 17 and older for the Pearson VUE GED test through instruction in math, language, and reading. The Carver Campus is a certified GED testing site, and orientation is required before enrollment. Direct instructional program—not a workforce placement agency or legal service.","El Programa de Educación para Adultos de Bishop State Community College ofrece clases gratuitas de preparación GED en 21 ubicaciones en los condados Mobile y Washington, preparando a adultos de 17 años o más para el examen GED de Pearson VUE mediante instrucción en matemáticas, lenguaje y lectura. El Campus Carver es un sitio certificado de exámenes GED, y se requiere orientación antes de la inscripción. Programa de instrucción directa, no agencia de colocación laboral ni servicio legal.",414 Stanton Road,Mobile,251-662-5370,adulteducation@bishop.edu,https://www.bishop.edu/programs/adult-education/adult-education-ged,Adults age 17+ in Mobile or Washington County not enrolled in high school; justice-involved adults accepted at community sites.,Adultos de 17 años o más en el condado Mobile o Washington no inscritos en la secundaria; adultos con antecedentes penales aceptados en sitios comunitarios.,Applicants age 16–17 must contact the Adult Education office at 251-662-5370 before orientation; enroll online for orientation dates.,Los solicitantes de 16 a 17 años deben contactar la oficina de Educación para Adultos al 251-662-5370 antes de la orientación; inscríbase en línea para fechas de orientación.,Class schedules vary by site; call for current schedule,mobile|washington|education|GED|adult-education|gulf-coast|reentry,GED preparation classes|Pearson VUE GED testing|21 community class sites|Digital literacy|Orientation and enrollment,Mobile,Mobile|Washington,multi
117,Trenholm State Community College — Adult Education Program,education,Montgomery / River Region,"H. Councill Trenholm State Community College's Adult Education Program serves Montgomery, Autauga, Bullock, Elmore, and Macon counties with free GED preparation, the High School Diploma Option, English Language Learner classes, and Alabama Career Essentials credentialing at the Patterson Site and the Lake Street outreach center, including instruction for people at Montgomery-area correctional facilities. Direct classroom and testing services—not a criminal justice agency.","El Programa de Educación para Adultos de H. Councill Trenholm State Community College sirve a los condados Montgomery, Autauga, Bullock, Elmore y Macon con preparación GED gratuita, la Opción de Diploma de Secundaria, clases de inglés como segundo idioma y credenciales de Alabama Career Essentials en el Sitio Patterson y el centro de alcance de Lake Street, incluyendo instrucción para personas en instalaciones correccionales del área de Montgomery. Servicios directos de aula y exámenes, no agencia de justicia penal.","3920 Troy Highway, Building J, Patterson Site",Montgomery,334-420-4348,adulteducation@trenholmstate.edu,https://www.trenholmstate.edu/adult-education-program/,Adults age 17+ in the Montgomery-area service counties not enrolled in high school; justice-involved adults accepted including at correctional facility sites.,"Adultos de 17 años o más en los condados del área de Montgomery no inscritos en la secundaria; adultos con antecedentes penales aceptados, incluidos sitios de instalaciones correccionales.",Additional outreach center at 1625 Lake Street; call 334-420-4348 or 334-420-4351 to enroll; toll-free 1-866-753-4544.,Centro de alcance adicional en 1625 Lake Street; llame al 334-420-4348 o 334-420-4351 para inscribirse; línea gratuita 1-866-753-4544.,Contact for current class schedule,montgomery|education|GED|adult-education|river-region|reentry,GED preparation|High School Diploma Option|English language classes|Career Essentials credentialing|Correctional facility instruction,Montgomery,Montgomery|Autauga|Bullock|Elmore|Macon,multi
118,Drake State Community and Technical College — Adult Education,education,Huntsville / Madison County,"Drake State Community and Technical College's Adult Education program provides free Adult Basic Education, Adult Secondary Education, and GED classes for Huntsville and Madison County residents, including open-entry, open-exit enrollment and an online GED preparation option for justice-involved adults balancing work or supervision requirements. Direct instructional program—not an emergency assistance office.","El programa de Educación para Adultos de Drake State Community and Technical College ofrece clases gratuitas de Educación Básica para Adultos, Educación Secundaria para Adultos y GED para residentes de Huntsville y el condado Madison, incluyendo inscripción de entrada y salida abierta y una opción de preparación GED en línea para adultos con antecedentes penales que equilibran trabajo o requisitos de supervisión. Programa de instrucción directa, no oficina de asistencia de emergencia.","3421 Meridian Street, Building 100, Room 106",Huntsville,256-551-5217,,https://drakestate.edu/career-pathways-programs/adult-education/,Adults age 16+ in Huntsville and Madison County not enrolled in high school; justice-involved adults welcome.,Adultos de 16 años o más en Huntsville y el condado Madison no inscritos en la secundaria; adultos con antecedentes penales bienvenidos.,"Open-entry, open-exit classes allow enrollment throughout the year; online GED lessons available for self-paced study.",Las clases de entrada y salida abierta permiten inscripción durante todo el año; lecciones GED en línea disponibles para estudio a su propio ritmo.,Contact for current class schedule,huntsville|madison|education|GED|adult-education|reentry,Adult Basic Education|Adult Secondary Education|GED classes and testing|Online GED preparation|Open-entry enrollment,Madison,Madison,single
119,Alabama Department of Veterans Affairs — Jefferson County Veterans Service Office,veterans,Birmingham / Jefferson County,"The Jefferson County Veterans Service Office, part of the statewide network of Alabama Department of Veterans Affairs offices, provides free hands-on help with VA compensation and pension claims and state and federal veterans benefits from its downtown Birmingham location, including for justice-involved veterans reentering the community. Certified Veterans Service Officers assist with claims filing—not legal representation or emergency housing placement.","La Oficina de Servicios para Veteranos del Condado Jefferson, parte de la red estatal de oficinas del Departamento de Asuntos de Veteranos de Alabama, ofrece ayuda práctica y gratuita con reclamos de compensación y pensión de VA y beneficios estatales y federales para veteranos desde su ubicación en el centro de Birmingham, incluidos veteranos con antecedentes penales que se reintegran a la comunidad. Los Oficiales de Servicio para Veteranos certificados ayudan con la presentación de reclamos, no representación legal ni colocación de vivienda de emergencia.","2121 Reverend Abraham Woods Jr. Boulevard, Suite 720",Birmingham,205-521-7305,,https://va.alabama.gov,"Veterans, dependents, and survivors in Jefferson County seeking help with VA claims and benefits; no cost for services.","Veteranos, dependientes y sobrevivientes en el condado Jefferson que buscan ayuda con reclamos y beneficios de VA; sin costo por los servicios.","A second Jefferson County office serves the Bessemer cutoff at 1801 2nd Avenue North, Bessemer; call ahead to confirm hours.","Una segunda oficina del condado Jefferson sirve al área de Bessemer en 1801 2nd Avenue North, Bessemer; llame antes para confirmar el horario.",Monday–Friday 7:30 a.m.–3:30 p.m.,birmingham|jefferson|veterans|ADVA|claims|reentry,VA compensation and pension claims assistance|State veterans benefits navigation|Dependent and survivor benefits|Discharge upgrade guidance|Referrals to VJO,Jefferson,Jefferson,single
120,Alabama Department of Veterans Affairs — Montgomery County Veterans Service Office,veterans,Montgomery / River Region,"The Montgomery County Veterans Service Office provides free assistance with VA disability claims, pension applications, and state veterans benefits for Montgomery County veterans, including those returning from incarceration who need help documenting service-connected conditions before reentry appointments. Certified Veterans Service Officers file claims—they do not provide direct financial assistance or housing placement.","La Oficina de Servicios para Veteranos del Condado Montgomery ofrece asistencia gratuita con reclamos de discapacidad de VA, solicitudes de pensión y beneficios estatales para veteranos del condado Montgomery, incluidos quienes regresan de la encarcelación y necesitan ayuda documentando condiciones relacionadas con el servicio antes de citas de reinserción. Los Oficiales de Servicio para Veteranos certificados presentan reclamos; no brindan asistencia financiera directa ni colocación de vivienda.",345 Perry Hill Road,Montgomery,334-832-1392,,https://va.alabama.gov,"Veterans, dependents, and survivors in Montgomery County seeking help with VA claims and benefits; no cost for services.","Veteranos, dependientes y sobrevivientes en el condado Montgomery que buscan ayuda con reclamos y beneficios de VA; sin costo por los servicios.",Coordinate with Central Alabama Veterans Health Care System's Veterans Justice Outreach specialists for justice-involved veterans.,Coordine con los especialistas de Alcance de Justicia para Veteranos del Central Alabama Veterans Health Care System para veteranos con antecedentes penales.,Monday–Friday business hours,montgomery|veterans|ADVA|claims|river-region|reentry,VA disability claims assistance|Pension application help|State veterans benefits navigation|VJO coordination|Survivor benefits assistance,Montgomery,Montgomery,single
121,Alabama Department of Veterans Affairs — Mobile County Veterans Service Office,veterans,Mobile / Gulf Coast,"The Mobile County Veterans Service Office, located in the Bay Haas Building, provides free assistance filing VA compensation, pension, and state veterans benefits claims for Mobile County veterans, including justice-involved veterans who need service-record documentation to access healthcare and housing benefits after release. Claims assistance office—not a legal aid clinic or emergency shelter.","La Oficina de Servicios para Veteranos del Condado Mobile, ubicada en el edificio Bay Haas, ofrece asistencia gratuita para presentar reclamos de compensación, pensión y beneficios estatales de VA para veteranos del condado Mobile, incluidos veteranos con antecedentes penales que necesitan documentación de su historial de servicio para acceder a beneficios de salud y vivienda tras su liberación. Oficina de asistencia con reclamos, no clínica de asistencia legal ni refugio de emergencia.","1150 Government Street, Room 107",Mobile,251-574-8578,,https://va.alabama.gov,"Veterans, dependents, and survivors in Mobile County seeking help with VA claims and benefits; no cost for services.","Veteranos, dependientes y sobrevivientes en el condado Mobile que buscan ayuda con reclamos y beneficios de VA; sin costo por los servicios.",Coordinate with VA Gulf Coast Health Care System's Veterans Justice Outreach specialist for justice-involved veterans in the Mobile area.,Coordine con el especialista de Alcance de Justicia para Veteranos del VA Gulf Coast Health Care System para veteranos con antecedentes penales del área de Mobile.,Monday–Friday business hours,mobile|veterans|ADVA|claims|gulf-coast|reentry,VA compensation and pension claims assistance|State veterans benefits navigation|Discharge documentation help|VJO coordination|Dependent benefits assistance,Mobile,Mobile,single
122,VA Birmingham Health Care — Veterans Justice Outreach & Peer Support,veterans,Birmingham / Statewide Referral,"The Birmingham VA Health Care System's Veterans Justice Outreach (VJO) and Health Care for Reentry Veterans programs provide direct outreach, court and jail liaison, and reentry planning for justice-involved veterans, connecting them to VA mental health, substance use, and homelessness services alongside a Veteran Peer Support Specialist. VJO specialists meet veterans in local courts and jails and help incarcerated veterans plan for release. Clinical and outreach program—not a walk-in benefits claims office.","Los programas de Alcance de Justicia para Veteranos (VJO) y Atención Médica para Veteranos en Reinserción del Sistema de Salud VA de Birmingham brindan alcance directo, enlace con tribunales y cárceles, y planificación de reinserción para veteranos con antecedentes penales, conectándolos con servicios de salud mental, uso de sustancias y falta de vivienda de VA junto con un Especialista de Apoyo entre Pares para Veteranos. Los especialistas de VJO se reúnen con veteranos en tribunales y cárceles locales y ayudan a veteranos encarcelados a planificar su liberación. Programa clínico y de alcance, no oficina de reclamos de beneficios sin cita.",700 South 19th Street,Birmingham,205-909-8876,,https://www.va.gov/birmingham-health-care/health-services/homeless-veteran-care/,"Justice-involved veterans in courts, jails, or reentering the community in the Birmingham VA Health Care System catchment area.","Veteranos con antecedentes penales en tribunales, cárceles o que se reintegran a la comunidad en el área de cobertura del Sistema de Salud VA de Birmingham.",Veterans Response Team line 205-909-8876 available Monday and Wednesday–Friday 8 a.m.–4:30 p.m.; for emergencies call 988 (press 1) or visit the Emergency Department.,Línea del Equipo de Respuesta para Veteranos 205-909-8876 disponible lunes y miércoles a viernes de 8 a.m.–4:30 p.m.; para emergencias llame al 988 (presione 1) o visite el Departamento de Emergencias.,Referral line Monday and Wednesday–Friday 8:00 a.m.–4:30 p.m.,birmingham|veterans|VJO|peer-support|justice-involved|reentry,Veterans Justice Outreach court and jail liaison|Health Care for Reentry Veterans planning|Veteran peer support|Mental health and substance use referrals|Homelessness prevention,Jefferson,Jefferson,single
123,Community Food Bank of Central Alabama,food-nutrition,Bessemer / Central Alabama,"The Community Food Bank of Central Alabama distributed more than 24 million pounds of food in 2025 through a network of more than 300 partner agencies across its Central Alabama service area, operating from a newly expanded Bessemer warehouse. The food bank supports partner pantries, mobile distributions, and SNAP outreach that help returning citizens and their families access groceries while rebuilding stability. Regional food bank hub—not a direct walk-in pantry for individuals.","El Banco de Alimentos Comunitario de Alabama Central distribuyó más de 24 millones de libras de alimentos en 2025 a través de una red de más de 300 agencias asociadas en su área de servicio de Alabama Central, operando desde un almacén recién ampliado en Bessemer. El banco de alimentos apoya despensas asociadas, distribuciones móviles y alcance de SNAP que ayudan a ciudadanos que regresan y sus familias a acceder a comestibles mientras reconstruyen su estabilidad. Centro regional de banco de alimentos, no despensa directa para individuos.",4336 Turin Drive,Bessemer,205-942-8911,,https://feedingal.org,Open to Central Alabama residents needing food assistance through the partner pantry network; SNAP application help available.,Abierto a residentes de Alabama Central que necesitan asistencia alimentaria a través de la red de despensas asociadas; ayuda para solicitar SNAP disponible.,"Moved to the new 105,000-square-foot Bessemer warehouse in mid-2026; find a partner pantry at feedingal.org.","Se trasladó al nuevo almacén de 105,000 pies cuadrados en Bessemer a mediados de 2026; encuentre una despensa asociada en feedingal.org.",Office Monday–Friday business hours; pantry hours vary by partner site,bessemer|jefferson|food-nutrition|food-bank|central-alabama|reentry,Partner pantry network|Mobile food distribution|SNAP outreach and application help|Senior food programs|Emergency food referrals,Jefferson,Jefferson|Shelby|Bibb|Blount|Chilton|St. Clair|Walker,multi
124,Feeding the Gulf Coast — Main Branch,food-nutrition,Theodore / Mobile County,"Feeding the Gulf Coast's main branch in Theodore distributes food throughout southwest Alabama, including Mobile, Baldwin, Washington, Clarke, Choctaw, Monroe, and Escambia counties, through a network of partner pantries, mobile food distributions, and child meal sites. The food bank's online pantry locator helps justice-involved adults and families find the nearest distribution point. Regional food bank warehouse—not a direct walk-in grocery site for individuals.","La sucursal principal de Feeding the Gulf Coast en Theodore distribuye alimentos en todo el suroeste de Alabama, incluyendo los condados Mobile, Baldwin, Washington, Clarke, Choctaw, Monroe y Escambia, a través de una red de despensas asociadas, distribuciones móviles y sitios de comidas infantiles. El localizador de despensas en línea ayuda a adultos con antecedentes penales y familias a encontrar el punto de distribución más cercano. Almacén regional de banco de alimentos, no sitio directo de comestibles para individuos.",5248 Mobile South Street,Theodore,251-653-1617,,https://www.feedingthegulfcoast.org,"Open to southwest Alabama residents needing food assistance through partner pantries, mobile distributions, or child meal sites.","Abierto a residentes del suroeste de Alabama que necesitan asistencia alimentaria a través de despensas asociadas, distribuciones móviles o sitios de comidas infantiles.","Find a pantry, mobile distribution, or financial assistance referral at feedingthegulfcoast.org/find-help/find-a-pantry.","Encuentre una despensa, distribución móvil o referencia de asistencia financiera en feedingthegulfcoast.org/find-help/find-a-pantry.",Office Monday–Friday business hours; pantry and distribution hours vary,theodore|mobile|food-nutrition|food-bank|gulf-coast|reentry,Partner pantry network|Mobile food distributions|Child meal sites|SNAP and financial assistance referrals|Senior food programs,Mobile,Mobile|Baldwin|Washington|Clarke|Choctaw|Monroe|Escambia,multi
125,Food Bank of North Alabama,food-nutrition,Huntsville / North Alabama,"The Food Bank of North Alabama distributes food to more than 200 partner agencies across Colbert, Cullman, DeKalb, Franklin, Jackson, Lauderdale, Lawrence, Limestone, Madison, Marshall, and Morgan counties, offering fresh produce, TEFAP commodities, and phone-based help applying for SNAP for returning citizens and low-income families. Regional food bank distribution center—not a direct walk-in pantry for the general public.","El Banco de Alimentos del Norte de Alabama distribuye alimentos a más de 200 agencias asociadas en los condados Colbert, Cullman, DeKalb, Franklin, Jackson, Lauderdale, Lawrence, Limestone, Madison, Marshall y Morgan, ofreciendo productos frescos, alimentos TEFAP y ayuda telefónica para solicitar SNAP para ciudadanos que regresan y familias de bajos ingresos. Centro regional de distribución de banco de alimentos, no despensa directa para el público general.",2000-B Vernon Avenue,Huntsville,256-539-2256,snap@fbofna.org,https://www.foodbanknorthal.org,Open to north Alabama residents needing food assistance through partner agencies; SNAP phone and in-person application help available.,Abierto a residentes del norte de Alabama que necesitan asistencia alimentaria a través de agencias asociadas; ayuda telefónica y en persona para solicitar SNAP disponible.,"SNAP application assistance line 256-539-2256 ext. 110, Monday–Friday 8:00 a.m.–4:00 p.m.","Línea de ayuda para solicitar SNAP 256-539-2256 ext. 110, lunes a viernes 8:00 a.m.–4:00 p.m.",Monday–Friday 8:00 a.m.–4:00 p.m.,huntsville|madison|food-nutrition|food-bank|north-alabama|reentry,Partner agency food distribution|Fresh produce and TEFAP commodities|SNAP application assistance|Reclamation food programs|On-site agency shopping,Madison,Colbert|Cullman|DeKalb|Franklin|Jackson|Lauderdale|Lawrence|Limestone|Madison|Marshall|Morgan,multi
126,West Alabama Food Bank,food-nutrition,Tuscaloosa / West Alabama,"The West Alabama Food Bank distributes food and supplies to hunger-relief agencies across nine counties—Bibb, Fayette, Greene, Hale, Lamar, Marion, Pickens, Sumter, and Tuscaloosa—from its Tuscaloosa warehouse, supporting returning citizens and families in a region where food insecurity rates significantly exceed the national average. Regional food bank distribution hub—not a direct-service pantry for individuals.","El Banco de Alimentos del Oeste de Alabama distribuye alimentos y suministros a agencias de ayuda contra el hambre en nueve condados —Bibb, Fayette, Greene, Hale, Lamar, Marion, Pickens, Sumter y Tuscaloosa— desde su almacén en Tuscaloosa, apoyando a ciudadanos que regresan y familias en una región donde las tasas de inseguridad alimentaria superan significativamente el promedio nacional. Centro regional de distribución de banco de alimentos, no despensa de servicio directo para individuos.",401 65th Street,Tuscaloosa,205-333-5353,wafb@bellsouth.net,https://westalabamafoodbank.org,Open to residents of the nine-county West Alabama service area needing food assistance through partner agencies.,Abierto a residentes del área de servicio de nueve condados del Oeste de Alabama que necesitan asistencia alimentaria a través de agencias asociadas.,Donations accepted Monday–Thursday 8:00 a.m.–2:00 p.m. and Friday 8:00 a.m.–noon; member of Feeding Alabama and Feeding America.,Donaciones aceptadas lunes a jueves de 8:00 a.m. a 2:00 p.m. y viernes de 8:00 a.m. a mediodía; miembro de Feeding Alabama y Feeding America.,Monday–Thursday 8:00 a.m.–2:00 p.m.; Friday 8:00 a.m.–noon,tuscaloosa|food-nutrition|food-bank|west-alabama|reentry,Partner agency food distribution|Hunger relief programs|Nine-county regional coverage|Feeding America affiliate network,Tuscaloosa,Bibb|Fayette|Greene|Hale|Lamar|Marion|Pickens|Sumter|Tuscaloosa,multi
127,Heart of Alabama Food Bank,food-nutrition,Montgomery / River Region,"Heart of Alabama Food Bank, formerly the Montgomery Area Food Bank, directly serves counties around Montgomery and partners with affiliated regional food banks in West Alabama, East Alabama, Wiregrass, and Selma Area to reach a total of 35 Alabama counties. The food bank distributes groceries through partner agencies and hosts food giveaways that help returning citizens and low-income families meet immediate needs. Regional food bank hub—not a direct walk-in pantry.","El Banco de Alimentos Heart of Alabama, anteriormente Montgomery Area Food Bank, sirve directamente a condados alrededor de Montgomery y se asocia con bancos de alimentos regionales afiliados en el Oeste de Alabama, el Este de Alabama, Wiregrass y el Área de Selma para llegar a un total de 35 condados de Alabama. El banco de alimentos distribuye comestibles a través de agencias asociadas y organiza entregas de alimentos que ayudan a ciudadanos que regresan y familias de bajos ingresos a satisfacer necesidades inmediatas. Centro regional de banco de alimentos, no despensa directa.",521 Trade Center Street,Montgomery,334-263-3784,,https://hafb.org,Open to River Region residents needing food assistance through partner agencies; additional counties served through affiliated food banks.,Abierto a residentes de la región de Montgomery que necesitan asistencia alimentaria a través de agencias asociadas; condados adicionales atendidos mediante bancos de alimentos afiliados.,Toll-free 1-800-768-3784; find help at hafb.org/find-help.,Línea gratuita 1-800-768-3784; encuentre ayuda en hafb.org/find-help.,Monday–Friday business hours,montgomery|food-nutrition|food-bank|river-region|reentry,Partner agency food distribution|Food giveaways|Regional affiliate network coordination|SNAP outreach referrals,Montgomery,Montgomery|Autauga|Elmore|Lowndes|Bullock|Pike,multi
128,Wiregrass Area Food Bank,food-nutrition,Dothan / Wiregrass,"The Wiregrass Area Food Bank distributes food to partner pantries and programs across Houston County and the surrounding Wiregrass region from its Dothan warehouse, including a Brown Bag Program for seniors and support for families affected by justice involvement. Direct-service pantries and agency partners handle client distribution—the food bank warehouse itself is not a walk-in grocery site.","El Banco de Alimentos del Área Wiregrass distribuye alimentos a despensas y programas asociados en el condado Houston y la región circundante de Wiregrass desde su almacén en Dothan, incluyendo un Programa de Bolsas Marrones para personas mayores y apoyo para familias afectadas por antecedentes penales. Las despensas de servicio directo y agencias asociadas manejan la distribución a clientes; el almacén del banco de alimentos no es un sitio de comestibles para visitas sin cita.",382 Twitchell Road,Dothan,334-794-9775,,https://www.wiregrassfoodbank.com,Open to Wiregrass-area residents needing food assistance through partner pantries and programs.,Abierto a residentes del área Wiregrass que necesitan asistencia alimentaria a través de despensas y programas asociados.,"Volunteer and donation hours Monday–Thursday 7:30 a.m.–4:00 p.m., Friday 7:30 a.m.–noon; call ahead to confirm partner pantry hours.","Horario de voluntariado y donaciones lunes a jueves de 7:30 a.m. a 4:00 p.m., viernes de 7:30 a.m. a mediodía; llame antes para confirmar el horario de la despensa asociada.",Monday–Thursday 7:30 a.m.–4:00 p.m.; Friday 7:30 a.m.–12:00 p.m.,dothan|houston|food-nutrition|food-bank|wiregrass|reentry,Partner pantry distribution|Brown Bag Program for seniors|Wiregrass regional coverage|Volunteer-based food sorting,Houston,Houston|Dale|Geneva|Henry|Coffee,multi
129,Alabama Law Enforcement Agency — Jefferson County Driver License Office,id-documentation,Birmingham / Jefferson County,"The Alabama Law Enforcement Agency's Jefferson County Driver License Office issues state ID cards and driver licenses in person, the required step for adults leaving incarceration who need identification to access housing, employment, and benefits. Applicants need proof of citizenship or lawful presence, a Social Security card, and two documents showing an Alabama address; ADOC case managers can help gather documents before release. First-time state IDs require an in-person visit—online service is limited to eligible renewals.","La Oficina de Licencias de Conducir del Condado Jefferson de la Agencia de Cumplimiento de la Ley de Alabama emite tarjetas de identificación estatal y licencias de conducir en persona, el paso necesario para adultos que salen de la encarcelación y necesitan identificación para acceder a vivienda, empleo y beneficios. Los solicitantes necesitan prueba de ciudadanía o presencia legal, una tarjeta de Seguro Social y dos documentos que muestren una dirección de Alabama; los administradores de casos de ADOC pueden ayudar a reunir documentos antes de la liberación. Las identificaciones estatales por primera vez requieren una visita en persona; el servicio en línea se limita a renovaciones elegibles.",908 Bankhead Highway West,Birmingham,659-676-1210,,https://www.alea.gov/dps/driver-license/driver-license-offices,"Alabama residents applying for a first-time state ID or driver license; proof of identity, Social Security card, and two Alabama address documents required.","Residentes de Alabama que solicitan una identificación estatal o licencia de conducir por primera vez; se requiere prueba de identidad, tarjeta de Seguro Social y dos documentos de dirección de Alabama.",No tests offered after 4:00 p.m.; coordinate with your ADOC case manager or institutional counselor before release to start the ID process early.,No se ofrecen exámenes después de las 4:00 p.m.; coordine con su administrador de casos de ADOC o consejero institucional antes de la liberación para iniciar el proceso de identificación con anticipación.,Monday–Friday 7:00 a.m.–4:30 p.m.,birmingham|jefferson|id-documentation|ALEA|driver-license|reentry,State ID card issuance|Driver license issuance and reinstatement|REAL ID processing|Reentry ID coordination with ADOC,Jefferson,Jefferson,single
130,Alabama Center for Health Statistics — Vital Records,id-documentation,Statewide,"The Alabama Center for Health Statistics issues certified copies of Alabama birth certificates needed to obtain a state ID, apply for benefits, or start employment after release, with in-person same-day service available at any county health department statewide and mail-in requests processed through the Montgomery office. Alabama Code directs ADOC to help people obtain a Social Security card and birth certificate before release, though funding for fees remains the individual's responsibility unless a facility program covers it. Records office—not a walk-in ID card or benefits site.","El Centro de Estadísticas de Salud de Alabama emite copias certificadas de actas de nacimiento de Alabama necesarias para obtener una identificación estatal, solicitar beneficios o comenzar a trabajar después de la liberación, con servicio el mismo día disponible en cualquier departamento de salud del condado y solicitudes por correo procesadas en la oficina de Montgomery. El Código de Alabama ordena a ADOC ayudar a las personas a obtener una tarjeta de Seguro Social y acta de nacimiento antes de la liberación, aunque el pago de las tarifas sigue siendo responsabilidad individual salvo que un programa de la instalación lo cubra. Oficina de registros, no sitio de identificación o beneficios sin cita.","201 Monroe Street, Suite 1150, RSA Tower",Montgomery,334-206-5418,,https://www.alabamapublichealth.gov/vitalrecords/birth-certificates.html,Anyone requesting their own Alabama birth certificate or an authorized relative requesting on their behalf; fee applies (starting around $15).,Cualquier persona que solicite su propia acta de nacimiento de Alabama o un familiar autorizado que la solicite en su nombre; se aplica una tarifa (a partir de aproximadamente $15).,"In-person requests for regular certified copies are handled at any county health department, not at the RSA Tower; mail requests to P.O. Box 5625, Montgomery, AL 36103-5625.","Las solicitudes en persona de copias certificadas regulares se atienden en cualquier departamento de salud del condado, no en la Torre RSA; envíe solicitudes por correo a P.O. Box 5625, Montgomery, AL 36103-5625.",Monday–Friday 8:00 a.m.–4:30 p.m. Central Time,statewide|id-documentation|birth-certificate|vital-records|reentry,Birth certificate issuance|County health department locator|Mail-in and online ordering|Amendment and correction appointments,Montgomery,,statewide
131,ADOC Reentry ID Program — Pre-Release Identification Coordination,id-documentation,Statewide,"The Alabama Department of Corrections coordinates with the Alabama Law Enforcement Agency and the Social Security Administration under state law to help people obtain a non-driver state ID card, Social Security card, and birth certificate before release from ADOC custody. Institutional counselors and case managers initiate the paperwork so people leave with identification needed for housing, benefits, and employment applications. Pre-release coordination program—not a walk-in office for the general public.","El Departamento de Correcciones de Alabama coordina con la Agencia de Cumplimiento de la Ley de Alabama y la Administración del Seguro Social, según la ley estatal, para ayudar a las personas a obtener una tarjeta de identificación estatal sin licencia de conducir, una tarjeta de Seguro Social y un acta de nacimiento antes de salir de la custodia de ADOC. Los consejeros institucionales y administradores de casos inician el papeleo para que las personas salgan con la identificación necesaria para solicitudes de vivienda, beneficios y empleo. Programa de coordinación previo a la liberación, no oficina para visitas del público general.",301 South Ripley Street,Montgomery,334-353-3870,,https://doc.alabama.gov/reentryinfo.aspx,Individuals in ADOC custody preparing for release; coordinate through your assigned institutional counselor or case manager.,Personas en custodia de ADOC que se preparan para la liberación; coordine a través de su consejero institucional o administrador de casos asignado.,Based on Alabama Code Sections 41-27-3.2 and 41-10-1; ask your counselor about the ID and Social Security card process well before your release date.,Basado en las Secciones 41-27-3.2 y 41-10-1 del Código de Alabama; pregunte a su consejero sobre el proceso de identificación y tarjeta de Seguro Social mucho antes de su fecha de liberación.,Coordinated through facility staff; ADOC administrative office Monday–Friday business hours,statewide|id-documentation|ADOC|pre-release|reentry,Pre-release state ID coordination|Social Security card assistance|Birth certificate coordination|Reentry document checklist,Montgomery,,statewide
132,ClasTran — Birmingham Regional Paratransit,transportation,Birmingham / Jefferson and Shelby Counties,"ClasTran, a project of the Birmingham Regional Paratransit Consortium, provides curb-to-curb demand-response transportation in Jefferson and Shelby counties for riders age 60 and older, people with disabilities, and any resident of rural areas regardless of age, helping returning citizens reach probation reporting, medical appointments, and job interviews. Riders must complete an eligibility application before scheduling trips. Specialized paratransit service—not a fixed-route city bus system.","ClasTran, un proyecto del Consorcio Regional de Paratránsito de Birmingham, ofrece transporte de acera a acera bajo demanda en los condados Jefferson y Shelby para pasajeros de 60 años o más, personas con discapacidades y cualquier residente de áreas rurales sin importar la edad, ayudando a ciudadanos que regresan a llegar a reportes de probatoria, citas médicas y entrevistas de trabajo. Los pasajeros deben completar una solicitud de elegibilidad antes de programar viajes. Servicio de paratránsito especializado, no sistema de autobús urbano de ruta fija.","2100 16th Avenue South, Suite 55",Birmingham,205-325-8787,,https://www.clastran.com,Urban Jefferson and Shelby County riders must be 60+ or have a disability; rural-area riders qualify regardless of age or disability.,Los pasajeros urbanos de los condados Jefferson y Shelby deben tener 60 años o más o una discapacidad; los residentes de áreas rurales califican sin importar la edad o discapacidad.,Complete the eligibility application online or call 205-325-8787 to request one by mail; service operates 7 a.m.–5 p.m. Monday–Friday.,Complete la solicitud de elegibilidad en línea o llame al 205-325-8787 para solicitar una por correo; el servicio opera de 7 a.m. a 5 p.m. de lunes a viernes.,Monday–Friday 7:00 a.m.–5:00 p.m.,birmingham|jefferson|shelby|transportation|paratransit|reentry,Curb-to-curb paratransit|Rural county transportation|Senior and disability transit|Medical and probation appointment rides,Jefferson,Jefferson|Shelby,multi
133,The M Transit — Montgomery Area Paratransit (MAP),transportation,Montgomery / River Region,"The M Transit's Montgomery Area Paratransit (MAP) program provides ADA complementary paratransit for Montgomery residents with disabilities who cannot use fixed-route buses, while the fixed-route system offers reduced fares for seniors, students, and people with disabilities citywide. Riders use these services to reach probation reporting, medical appointments, and job sites during reentry. Municipal transit system—not a private medical transport provider.","El programa de Paratránsito del Área de Montgomery (MAP) de The M Transit ofrece paratránsito complementario ADA para residentes de Montgomery con discapacidades que no pueden usar autobuses de ruta fija, mientras que el sistema de ruta fija ofrece tarifas reducidas para personas mayores, estudiantes y personas con discapacidades en toda la ciudad. Los pasajeros usan estos servicios para llegar a reportes de probatoria, citas médicas y lugares de trabajo durante la reinserción. Sistema de tránsito municipal, no proveedor privado de transporte médico.",2318 West Fairview Avenue,Montgomery,334-625-4012,,https://themtransit.com,"Montgomery residents with disabilities certified for ADA paratransit; seniors, students, and riders with disabilities qualify for reduced fixed-route fares with valid ID.","Residentes de Montgomery con discapacidades certificadas para paratránsito ADA; personas mayores, estudiantes y pasajeros con discapacidades califican para tarifas reducidas de ruta fija con identificación válida.",MAP eligibility department 334-625-4692; present proof of age or disability at the transit office for a free reduced-fare photo ID.,Departamento de elegibilidad de MAP 334-625-4692; presente prueba de edad o discapacidad en la oficina de tránsito para obtener una identificación con foto gratuita de tarifa reducida.,Monday–Friday 8:00 a.m.–4:00 p.m.,montgomery|transportation|paratransit|ADA|river-region|reentry,ADA complementary paratransit|Reduced fixed-route fares|Reduced-fare photo ID issuance|Fixed-route bus service,Montgomery,Montgomery,single
134,Wave Transit — Mobility Assistance Program (MAP),transportation,Mobile / Gulf Coast,"The Wave Transit System's Mobility Assistance Program (MAP) provides ADA complementary paratransit for Mobile residents whose disability prevents them from using fixed-route buses, supporting justice-involved adults who need reliable rides to probation check-ins, medical care, and employment. Applications can take up to 21 business days to process and include an in-person functional assessment. Specialized paratransit service—not same-day emergency transportation.","El Programa de Asistencia de Movilidad (MAP) del Sistema Wave Transit ofrece paratránsito complementario ADA para residentes de Mobile cuya discapacidad les impide usar autobuses de ruta fija, apoyando a adultos con antecedentes penales que necesitan transporte confiable a citas de probatoria, atención médica y empleo. Las solicitudes pueden tardar hasta 21 días hábiles en procesarse e incluyen una evaluación funcional en persona. Servicio de paratránsito especializado, no transporte de emergencia el mismo día.","110 Beauregard Street, Suite 104",Mobile,251-344-5656,,https://thewavetransit.com,"Mobile residents with a physical or functional disability that limits use of fixed-route buses, as defined by the ADA.","Residentes de Mobile con una discapacidad física o funcional que limite el uso de autobuses de ruta fija, según lo define la ADA.","Applications available by phone, online, or in person; tickets must be purchased in advance at the transportation center.","Solicitudes disponibles por teléfono, en línea o en persona; los boletos deben comprarse con anticipación en el centro de transporte.",Monday–Friday 8:00 a.m.–5:00 p.m.,mobile|transportation|paratransit|ADA|gulf-coast|reentry,ADA complementary paratransit|Functional eligibility assessment|Advance trip scheduling|Fixed-route transit connections,Mobile,Mobile,single
135,City of Huntsville — Access Paratransit,transportation,Huntsville / Madison County,"The City of Huntsville's Access program provides door-to-door, ADA-certified paratransit for residents with disabilities who cannot ride fixed-route Orbit buses, plus limited service for seniors over 65 living beyond bus routes, helping people reentering the community reach probation offices, treatment appointments, and jobs. Reservations must be made by 5:00 p.m. the day before a trip. Specialized paratransit—not a same-day or emergency ride service.","El programa Access de la Ciudad de Huntsville ofrece paratránsito puerta a puerta certificado por ADA para residentes con discapacidades que no pueden usar los autobuses de ruta fija Orbit, además de servicio limitado para personas mayores de 65 años que viven lejos de las rutas de autobús, ayudando a personas que se reintegran a la comunidad a llegar a oficinas de probatoria, citas de tratamiento y empleos. Las reservaciones deben hacerse antes de las 5:00 p.m. del día anterior al viaje. Paratránsito especializado, no servicio de transporte el mismo día o de emergencia.",500 B Church Street,Huntsville,256-427-6811,Access@HuntsvilleAL.gov,https://www.huntsvilleal.gov/residents/streets/public-transportation/access/,Huntsville residents with disabilities certified for ADA paratransit; seniors 65+ living beyond Orbit routes eligible on a space-available basis.,Residentes de Huntsville con discapacidades certificadas para paratránsito ADA; personas mayores de 65 años que viven lejos de las rutas Orbit son elegibles según disponibilidad de espacio.,Call 256-427-6857 ext. 1 for eligibility details; reservations required by 5:00 p.m. the day before travel.,Llame al 256-427-6857 ext. 1 para detalles de elegibilidad; se requieren reservaciones antes de las 5:00 p.m. del día anterior al viaje.,Reservation line Monday–Friday 7:00 a.m.–5:00 p.m.,huntsville|madison|transportation|paratransit|ADA|reentry,ADA door-to-door paratransit|Senior limited-access transit|Advance trip reservations|Fixed-route Orbit bus connections,Madison,Madison,single
136,Community Action Partnership — Huntsville/Madison & Limestone Counties,financial-assistance,Huntsville / Madison and Limestone Counties,"Community Action Partnership Huntsville/Madison & Limestone Counties, Inc. administers the Low-Income Home Energy Assistance Program (LIHEAP), weatherization, and other Community Services Block Grant programs for qualifying households in Madison and Limestone counties, helping returning citizens and their families stabilize housing costs beyond what DHR benefits cover. Face-to-face and contactless appointments are both available. Energy and emergency assistance agency—not a food pantry or legal aid provider.","Community Action Partnership Huntsville/Madison & Limestone Counties, Inc. administra el Programa de Asistencia de Energía para Hogares de Bajos Ingresos (LIHEAP), climatización y otros programas de la Subvención en Bloque de Servicios Comunitarios para hogares elegibles en los condados Madison y Limestone, ayudando a ciudadanos que regresan y sus familias a estabilizar los costos de vivienda más allá de lo que cubren los beneficios de DHR. Están disponibles citas presenciales y sin contacto. Agencia de asistencia energética y de emergencia, no despensa de alimentos ni proveedor de asistencia legal.",3516 Stringfield Road NW,Huntsville,256-851-9800,,https://caa-htsval.org,"Low-income households in Madison and Limestone counties meeting LIHEAP income guidelines; priority for households with elderly, disabled, or young children.","Hogares de bajos ingresos en los condados Madison y Limestone que cumplan las pautas de ingresos de LIHEAP; prioridad para hogares con personas mayores, discapacitadas o niños pequeños.",Schedule a LIHEAP appointment through the automated line at 256-907-1550; documentation required at face-to-face appointments.,Programe una cita de LIHEAP a través de la línea automatizada al 256-907-1550; se requiere documentación en citas presenciales.,Monday–Friday business hours,huntsville|madison|limestone|financial-assistance|LIHEAP|community-action|reentry,LIHEAP energy assistance|Weatherization assistance|Community Services Block Grant programs|Appointment scheduling,Madison,Madison|Limestone,multi
137,Community Action Partnership of North Alabama,financial-assistance,Decatur / North Alabama,"Community Action Partnership of North Alabama, Inc. (CAPNA) administers LIHEAP energy assistance and other community services block grant programs for Morgan, Cullman, Lawrence, Marion, and Winston counties from its Decatur headquarters, giving justice-involved adults and low-income families help with utility bills beyond DHR's cash and food benefits. Energy and emergency assistance agency—not a housing placement or legal aid provider.","Community Action Partnership of North Alabama, Inc. (CAPNA) administra la asistencia energética LIHEAP y otros programas de la subvención en bloque de servicios comunitarios para los condados Morgan, Cullman, Lawrence, Marion y Winston desde su sede en Decatur, brindando a adultos con antecedentes penales y familias de bajos ingresos ayuda con facturas de servicios públicos más allá de los beneficios de efectivo y alimentos de DHR. Agencia de asistencia energética y de emergencia, no proveedor de colocación de vivienda o asistencia legal.",1909 Central Parkway SW,Decatur,256-355-7843,liheap@capna.org,https://capna.org,"Low-income households in Morgan, Cullman, Lawrence, Marion, or Winston counties meeting LIHEAP income guidelines.","Hogares de bajos ingresos en los condados Morgan, Cullman, Lawrence, Marion o Winston que cumplan las pautas de ingresos de LIHEAP.","County-specific automated appointment lines: Morgan 256-260-4050, Cullman 256-255-0454, Lawrence 256-522-0019, Marion/Winston 205-740-9933.","Líneas automatizadas de citas por condado: Morgan 256-260-4050, Cullman 256-255-0454, Lawrence 256-522-0019, Marion/Winston 205-740-9933.",Monday–Friday business hours,decatur|morgan|cullman|financial-assistance|LIHEAP|community-action|reentry,LIHEAP energy assistance|Weatherization assistance|Community Services Block Grant programs|County-specific appointment scheduling,Morgan,Morgan|Cullman|Lawrence|Marion|Winston,multi
138,"Mobile Community Action, Inc.",financial-assistance,Mobile / Washington County,"Mobile Community Action, Inc. administers LIHEAP energy assistance, weatherization, GED preparation, Head Start, and VITA free tax preparation for low-income households in Mobile and Washington counties, giving returning citizens access to utility help and tax credit filing support beyond DHR benefits. Community action agency programs—not emergency housing placement or legal representation.","Mobile Community Action, Inc. administra asistencia energética LIHEAP, climatización, preparación GED, Head Start y preparación de impuestos gratuita VITA para hogares de bajos ingresos en los condados Mobile y Washington, brindando a ciudadanos que regresan acceso a ayuda con servicios públicos y apoyo para declarar créditos fiscales más allá de los beneficios de DHR. Programas de agencia de acción comunitaria, no colocación de vivienda de emergencia ni representación legal.",461 Donald Street,Mobile,251-457-5700,,https://www.mcamobile.org,Low-income households in Mobile and Washington counties meeting LIHEAP and program-specific income guidelines.,Hogares de bajos ingresos en los condados Mobile y Washington que cumplan las pautas de ingresos de LIHEAP y específicas del programa.,LIHEAP call center 251-206-6117; agency also offers GED preparation and VITA tax assistance on-site.,Centro de llamadas de LIHEAP 251-206-6117; la agencia también ofrece preparación GED y asistencia de impuestos VITA en el lugar.,Monday–Friday business hours,mobile|washington|financial-assistance|LIHEAP|community-action|gulf-coast|reentry,LIHEAP energy assistance|Weatherization assistance program|GED preparation and testing|VITA free tax preparation|Head Start referrals,Mobile,Mobile|Washington,multi
139,Alabama Warm Line — Wings Across Alabama,peer-support,Statewide,"The Alabama Warm Line, operated by Wings Across Alabama, connects callers statewide to Certified Peer Specialists with lived experience in mental health challenges, substance use, homelessness, and incarceration for free, confidential, non-crisis conversations available around the clock. Warm Line Specialists listen without judgment and can help justice-involved callers process reentry stress and connect to further peer or clinical support. Non-crisis peer support line—for emergencies call or text 988.","La Línea de Apoyo de Alabama, operada por Wings Across Alabama, conecta a quienes llaman en todo el estado con Especialistas de Apoyo entre Pares certificados con experiencia vivida en desafíos de salud mental, uso de sustancias, falta de vivienda y encarcelamiento, para conversaciones gratuitas, confidenciales y sin crisis disponibles las 24 horas. Los Especialistas de la Línea de Apoyo escuchan sin juzgar y pueden ayudar a quienes llaman con antecedentes penales a procesar el estrés de la reinserción y conectarse con más apoyo entre pares o clínico. Línea de apoyo entre pares sin crisis; para emergencias llame o envíe texto al 988.",,Montgomery,1-844-999-4647,,https://wingsacrossal.org/talk-across-alabama/,Open to any Alabama resident seeking non-crisis peer support; no eligibility restrictions or referral required.,Abierto a cualquier residente de Alabama que busque apoyo entre pares sin crisis; sin restricciones de elegibilidad ni referencia requerida.,Call or dial 1-844-99-WINGS (1-844-999-4647); for a mental health or suicide crisis call or text 988 instead.,"Llame al 1-844-99-WINGS (1-844-999-4647); para una crisis de salud mental o suicidio, llame o envíe texto al 988.",Available 24/7,statewide|peer-support|warmline|recovery|mental-health|reentry,Peer recovery support|Non-crisis phone support|Resource navigation|Referrals to Certified Peer Specialists,Montgomery,,statewide
140,Alabama Department of Mental Health — Office of Peer Programs,peer-support,Statewide,"The Alabama Department of Mental Health's Office of Peer Programs certifies Peer Specialists and Recovery Support Specialists statewide and helps people with lived experience in mental illness, substance use recovery, or justice involvement connect with certified peer support in their community as they navigate reentry. The office trains and certifies peer workers rather than providing direct one-on-one peer support itself. State certification and coordination office—not a crisis line.","La Oficina de Programas entre Pares del Departamento de Salud Mental de Alabama certifica a Especialistas de Apoyo entre Pares y Especialistas de Apoyo en Recuperación en todo el estado y ayuda a personas con experiencia vivida en enfermedad mental, recuperación de uso de sustancias o antecedentes penales a conectarse con apoyo entre pares certificado en su comunidad mientras navegan la reinserción. La oficina capacita y certifica a trabajadores pares en lugar de brindar apoyo entre pares directo uno a uno. Oficina estatal de certificación y coordinación, no línea de crisis.",100 North Union Street,Montgomery,334-242-3456,,https://mh.alabama.gov/peer-programs/,Alabamians in recovery from mental illness or substance use disorder seeking peer support connections or Certified Peer Specialist training information.,Habitantes de Alabama en recuperación de enfermedad mental o trastorno por uso de sustancias que buscan conexiones de apoyo entre pares o información sobre capacitación de Especialista de Apoyo entre Pares certificado.,Toll-free 1-800-832-0952; certification requires a 40-hour training program and exam through ADMH.,Línea gratuita 1-800-832-0952; la certificación requiere un programa de capacitación de 40 horas y examen a través de ADMH.,Monday–Friday business hours,statewide|peer-support|ADMH|certification|recovery|reentry,Certified Peer Specialist training|Certified Recovery Support Specialist training|Peer support program referrals|Continuing education coordination,Montgomery,,statewide
141,VA Birmingham Health Care — Veteran Peer Support Program,peer-support,Birmingham / Statewide Referral,"The Birmingham VA Health Care System's Veteran Peer Support Program pairs veterans in recovery from mental health or substance use conditions—including justice-involved veterans—with trained peer specialists who share lived experience and model coping strategies during reentry. Referrals route through the Veterans Response Team, with contact from a peer specialist typically made within 24 to 48 hours. Clinical peer support program—not a crisis line or emergency service.","El Programa de Apoyo entre Pares para Veteranos del Sistema de Salud VA de Birmingham empareja a veteranos en recuperación de condiciones de salud mental o uso de sustancias —incluidos veteranos con antecedentes penales— con especialistas pares capacitados que comparten experiencia vivida y modelan estrategias de afrontamiento durante la reinserción. Las referencias se canalizan a través del Equipo de Respuesta para Veteranos, con contacto de un especialista par generalmente dentro de 24 a 48 horas. Programa clínico de apoyo entre pares, no línea de crisis ni servicio de emergencia.",700 South 19th Street,Birmingham,205-909-8876,,https://www.va.gov/birmingham-health-care/programs/veterans-response-team/,"Veterans enrolled in or eligible for Birmingham VA Health Care System services with a mental health or substance use history, including justice-involved veterans.","Veteranos inscritos o elegibles para servicios del Sistema de Salud VA de Birmingham con historial de salud mental o uso de sustancias, incluidos veteranos con antecedentes penales.",Referral line available Monday and Wednesday–Friday 8 a.m.–4:30 p.m.; leave a message Tuesday for next-day processing; for emergencies call or text 988 (press 1).,Línea de referencia disponible lunes y miércoles a viernes de 8 a.m. a 4:30 p.m.; deje un mensaje el martes para procesamiento al día siguiente; para emergencias llame o envíe texto al 988 (presione 1).,Referral line Monday and Wednesday–Friday 8:00 a.m.–4:30 p.m.,birmingham|veterans|peer-support|VJO|reentry,Veteran peer support matching|Recovery goal coaching|Veterans Justice Outreach coordination|Referral triage within 24-48 hours,Jefferson,Jefferson,single
142,Friendship Mission — Emergency Shelter & Reentry Housing,housing,Montgomery / Montgomery County,"Friendship Mission in Montgomery operates emergency shelter, transitional housing, and a long-term recovery residence for unhoused adults including returning citizens recently released from Montgomery County Jail or ADOC custody. Residents receive meals, case management, life-skills classes, and employment navigation with connections to Alabama Career Center Montgomery and MyDHR benefits enrollment. Direct shelter and housing services—not a statewide legal aid or benefits hotline.","Friendship Mission en Montgomery opera refugio de emergencia, vivienda transicional y una residencia de recuperación a largo plazo para adultos sin hogar incluidos ciudadanos que regresan recién liberados de la cárcel del condado Montgomery o custodia de ADOC. Los residentes reciben comidas, manejo de casos, clases de habilidades para la vida y navegación de empleo con conexiones a Alabama Career Center Montgomery e inscripción en beneficios MyDHR.",3400 McGehee Road,Montgomery,334-356-6414,,https://www.friendshipmission.org,Unhoused adults in the Montgomery area; justice-involved individuals welcome per program policy; men and women served in separate programs.,Adultos sin hogar en el área de Montgomery; personas con antecedentes penales bienvenidas según política del programa; hombres y mujeres atendidos en programas separados.,Call 334-356-6414 for intake; emergency shelter and recovery residence tracks have separate admission processes.,Llame al 334-356-6414 para admisión; las vías de refugio de emergencia y residencia de recuperación tienen procesos de admisión separados.,Office Monday–Friday business hours; shelters 24/7,montgomery|housing|emergency-shelter|transitional-housing|recovery|reentry,Emergency shelter|Transitional housing|Recovery residence|Case management|Employment navigation,Montgomery,Montgomery,single
143,Dothan Rescue Mission — Shelter & Recovery Housing,housing,Dothan / Houston County,"Dothan Rescue Mission provides emergency shelter, meals, and faith-based recovery housing for men and women in the Wiregrass region including justice-involved adults returning to Houston, Dale, and Henry counties after jail or prison. Residents work through structured recovery programming, vocational training, and case management while connecting to Southeast Alabama Works and local employers. Direct shelter provider—not a probation office or SNAP intake site.","Dothan Rescue Mission proporciona refugio de emergencia, comidas y vivienda de recuperación basada en la fe para hombres y mujeres en la región Wiregrass incluidos adultos con antecedentes penales que regresan a los condados Houston, Dale y Henry después de la cárcel o prisión. Los residentes avanzan por programación estructurada de recuperación, capacitación vocacional y manejo de casos.",301 West Main Street,Dothan,334-792-3691,,https://www.dothanrescuemission.org,Adults experiencing homelessness or seeking recovery housing in the Wiregrass; justice referrals accepted per program policy.,Adultos sin hogar o que buscan vivienda de recuperación en Wiregrass; referencias de justicia aceptadas según política.,Call 334-792-3691 for shelter availability; separate men's and women's programs; connects to Wiregrass 211 partners.,Llame al 334-792-3691 para disponibilidad de refugio; programas separados para hombres y mujeres.,Shelter 24/7; office Monday–Friday business hours,dothan|houston|housing|emergency-shelter|recovery|wiregrass|reentry,Emergency shelter|Recovery housing|Meals|Vocational training|Case management,Houston,Houston|Dale|Henry,multi
144,Florence Rescue Mission — Shelter & Discipleship Housing,housing,Florence / Lauderdale County,"Florence Rescue Mission serves unhoused men in the Shoals with emergency shelter, meals, addiction recovery programming, and a discipleship-based transitional housing track that accepts returning citizens rebuilding stability after Lauderdale County Jail or ADOC release. Staff connect residents to Northwest Shoals Alabama Career Center, Whatley Health, and Shoals legal aid partners. Men's shelter and recovery housing—not a women's program or statewide hotline.","Florence Rescue Mission sirve a hombres sin hogar en Shoals con refugio de emergencia, comidas, programación de recuperación de adicciones y una vía de vivienda transicional basada en discipulado que acepta ciudadanos que regresan tras la cárcel del condado Lauderdale o liberación de ADOC. El personal conecta a residentes con Northwest Shoals Alabama Career Center y Whatley Health.",648 South Cherry Street,Florence,256-764-5051,,https://www.florencerescuemission.com,Homeless men in the Shoals region; recovery and discipleship tracks require program commitment; justice-involved men accepted.,Hombres sin hogar en la región Shoals; las vías de recuperación requieren compromiso del programa; se aceptan hombres con antecedentes penales.,Call 256-764-5051 before arriving; nightly shelter intake typically begins early evening; recovery program has separate application.,Llame al 256-764-5051 antes de llegar; la admisión nocturna al refugio generalmente comienza al anochecer.,Shelter intake evenings; office Monday–Friday business hours,florence|lauderdale|housing|emergency-shelter|recovery|shoals|reentry,Emergency shelter|Recovery programming|Discipleship housing|Meals|Employment referrals,Lauderdale,Lauderdale|Colbert,multi
145,King's Home — Transitional Housing (Shelby & Jefferson),housing,Birmingham metro,"King's Home operates Christian transitional housing campuses in Chelsea and Birmingham for women and children fleeing homelessness, domestic violence, or instability—including mothers returning from incarceration who need a structured environment while rebuilding custody, employment, and permanent housing. Residents receive counseling, life-skills education, and case management with referrals to Jefferson County DHR and Alabama Career Center partners. Long-term transitional housing—not emergency walk-in shelter for single men.","King's Home opera campus de vivienda transicional cristiana en Chelsea y Birmingham para mujeres y niños que huyen de la falta de vivienda, violencia doméstica o inestabilidad—incluidas madres que regresan de la encarcelación que necesitan un entorno estructurado mientras reconstruyen custodia, empleo y vivienda permanente. Las residentes reciben consejería, educación en habilidades para la vida y manejo de casos.",1212 King Street,Chelsea,205-678-7211,,https://www.kingshome.com,Women and children in crisis including justice-involved mothers; admission through application and interview; separate programs by campus.,Mujeres y niños en crisis incluidas madres con antecedentes penales; admisión mediante solicitud y entrevista.,Call 205-678-7211 for Chelsea women's campus intake; Birmingham campus serves women and children; application required before placement.,Llame al 205-678-7211 para admisión al campus de mujeres en Chelsea; se requiere solicitud antes de la colocación.,Office Monday–Friday business hours; residential 24/7,chelsea|shelby|birmingham|housing|transitional-housing|women|families|reentry,Transitional housing|Counseling|Life-skills education|Case management|Family stability support,Shelby,Shelby|Jefferson|St. Clair,multi
146,Housing Authority of the Birmingham District — FSS Program,housing,Birmingham / Jefferson County,"The Housing Authority of the Birmingham District Family Self-Sufficiency (FSS) program pairs Section 8 and public housing residents—including returning citizens in HABD-assisted housing—with escrow savings accounts and case management to reach education, employment, and homeownership goals over five years. FSS coordinators connect participants to Alabama Career Center Birmingham, Legal Services Alabama, and Jefferson County reentry partners. Housing authority program—not a walk-in emergency shelter.","El programa de Autosuficiencia Familiar (FSS) de la Autoridad de Vivienda del Distrito de Birmingham empareja a residentes de Sección 8 y vivienda pública—incluidos ciudadanos que regresan en vivienda asistida por HABD—con cuentas de ahorro en depósito y manejo de casos para alcanzar metas educativas, laborales y de propiedad de vivienda en cinco años.",1826 3rd Avenue South,Birmingham,205-521-8401,,https://www.habd.org/fss,HABD Section 8 or public housing residents willing to commit to a five-year FSS contract; justice-involved residents may participate when housed through HABD.,Residentes de Sección 8 o vivienda pública de HABD dispuestos a comprometerse con un contrato FSS de cinco años; residentes con antecedentes penales pueden participar cuando están alojados a través de HABD.,Contact FSS coordinator at 205-521-8401; escrow account grows as earned income increases; pairs with HABD resident services.,Contacte al coordinador FSS al 205-521-8401; la cuenta de depósito crece a medida que aumentan los ingresos.,Monday–Friday business hours,birmingham|jefferson|housing|FSS|section-8|case-management|reentry,Family Self-Sufficiency escrow|Case management|Employment goal planning|Homeownership preparation|Benefits coordination,Jefferson,Jefferson,single
147,Housing First Inc. — Rapid Rehousing (Mobile),housing,Mobile / Mobile County,"Housing First Inc. is Mobile's lead rapid rehousing and homelessness prevention provider, helping literally homeless adults and families—including returning citizens with no safe discharge plan—move quickly into rental housing with short-term financial assistance and case management. The agency coordinates with Waterfront Rescue Mission, Mobile County DHR, and ABPP field staff on jail discharge planning. Rapid rehousing provider—not a nightly emergency shelter walk-in.","Housing First Inc. es el principal proveedor de realojamiento rápido y prevención de la falta de vivienda en Mobile, ayudando a adultos y familias literalmente sin hogar—incluidos ciudadanos que regresan sin un plan seguro de alta—a mudarse rápidamente a vivienda de alquiler con asistencia financiera a corto plazo y manejo de casos.",2551 Government Boulevard,Mobile,251-450-3345,,https://www.housingfirstinc.org,Literally homeless individuals and families in Mobile County per HUD definition; coordinated entry referral typically required; justice-involved adults eligible when homeless.,Individuos y familias literalmente sin hogar en el condado Mobile según definición de HUD; generalmente se requiere referencia de entrada coordinada.,Call 251-450-3345; coordinated entry through local homeless response system; pairs with Waterfront Rescue Mission shelter.,Llame al 251-450-3345; entrada coordinada a través del sistema local de respuesta a personas sin hogar.,Monday–Friday business hours,mobile|housing|rapid-rehousing|homelessness-prevention|coordinated-entry|reentry,Rapid rehousing|Rental assistance|Case management|Homelessness prevention|Landlord negotiation,Mobile,Mobile,single
148,The Way of the Cross — Transitional Housing (Huntsville),housing,Huntsville / Madison County,"The Way of the Cross in Huntsville provides faith-based transitional housing and recovery support for men leaving incarceration, addiction, or homelessness in Madison, Morgan, and Limestone counties. Residents live in a structured community while attending work therapy, life-skills classes, and employment readiness programming with referrals to Still Serving Veterans and North Alabama Career Center. Men's transitional program—not emergency cash or legal representation.","The Way of the Cross en Huntsville proporciona vivienda transicional basada en la fe y apoyo de recuperación para hombres que salen de la encarcelación, adicción o falta de vivienda en los condados Madison, Morgan y Limestone. Los residentes viven en una comunidad estructurada mientras asisten a terapia laboral, clases de habilidades para la vida y programación de preparación para el empleo.",2300 Holmes Avenue NW,Huntsville,256-539-1636,,https://www.wayofthecross.org,Adult men seeking recovery and transitional housing; justice-involved and parole referrals accepted per intake review.,Hombres adultos que buscan recuperación y vivienda transicional; referencias de justicia y libertad condicional aceptadas según revisión de admisión.,Call 256-539-1636 for intake interview; program includes work therapy component; connects to Madison County ABPP office.,Llame al 256-539-1636 para entrevista de admisión; el programa incluye componente de terapia laboral.,Residential 24/7; office Monday–Friday business hours,huntsville|madison|housing|transitional-housing|recovery|men|reentry,Transitional housing|Work therapy|Life-skills classes|Recovery support|Employment readiness,Madison,Madison|Morgan|Limestone,multi
149,Legal Services Alabama — Gadsden Regional Office,legal-aid,Gadsden / Etowah County,"Legal Services Alabama's Gadsden office provides free civil legal help to low-income residents of Etowah, Cherokee, DeKalb, Marshall, and St. Clair counties with housing, public benefits, family law, and criminal record relief including certificate of employability consultations for justice-involved clients. Attorneys and paralegals handle civil matters only—not criminal defense representation.","La oficina de Gadsden de Legal Services Alabama brinda ayuda legal civil gratuita a residentes de bajos ingresos de los condados Etowah, Cherokee, DeKalb, Marshall y St. Clair con vivienda, beneficios públicos, derecho familiar y alivio de antecedentes penales incluidas consultas de certificado de empleabilidad para clientes con antecedentes penales.",1031 Goodyear Avenue,Gadsden,256-546-0406,,https://www.alslegal.org,"Low-income residents of Etowah, Cherokee, DeKalb, Marshall, and St. Clair counties; LSC income limits apply; civil cases only.","Residentes de bajos ingresos de los condados Etowah, Cherokee, DeKalb, Marshall y St. Clair; aplican límites de ingresos LSC; solo casos civiles.",Call 256-546-0406 or statewide intake 866-456-4995; apply online at alslegal.org.,Llame al 256-546-0406 o admisión estatal 866-456-4995; solicite en alslegal.org.,Monday–Friday business hours,gadsden|etowah|legal-aid|expungement|low-income|northeast-alabama,Civil legal representation|Benefits advocacy|Housing legal help|Record relief consultation|Family law assistance,Etowah,Etowah|Cherokee|DeKalb|Marshall|St. Clair,multi
150,Legal Services Alabama — Selma Regional Office,legal-aid,Selma / Dallas County,"Legal Services Alabama's Selma office serves low-income residents of the Black Belt including Dallas, Perry, Marengo, Wilcox, and Sumter counties with civil legal aid for evictions, SNAP and Medicaid denials, family law, and reentry-related record relief. Justice-involved clients can seek help restoring driver's license eligibility and challenging wrongful benefits terminations after release. Civil legal aid office—not a probation reporting site.","La oficina de Selma de Legal Services Alabama sirve a residentes de bajos ingresos del Cinturón Negro incluidos los condados Dallas, Perry, Marengo, Wilcox y Sumter con asistencia legal civil para desalojos, denegaciones de SNAP y Medicaid, derecho familiar y alivio de antecedentes relacionado con la reinserción.",1104 Water Avenue,Selma,334-872-5751,,https://www.alslegal.org,"Low-income residents of Dallas, Perry, Marengo, Wilcox, and Sumter counties; LSC income guidelines; civil legal problems only.","Residentes de bajos ingresos de los condados Dallas, Perry, Marengo, Wilcox y Sumter; pautas de ingresos LSC; solo problemas legales civiles.",Call 334-872-5751 or statewide 866-456-4995; office also supports Black Belt reentry coalitions with legal education workshops.,Llame al 334-872-5751 o estatal 866-456-4995; la oficina también apoya coaliciones de reinserción del Cinturón Negro.,Monday–Friday business hours,selma|dallas|legal-aid|black-belt|benefits|reentry,Eviction defense|SNAP and Medicaid appeals|Record relief guidance|Family law help|Driver license restoration consultation,Dallas,Dallas|Perry|Marengo|Wilcox|Sumter,multi
151,Legal Services Alabama — Decatur Regional Office,legal-aid,Decatur / Morgan County,"Legal Services Alabama's Decatur office provides free civil legal services to low-income residents of Morgan, Lawrence, Limestone, and Cullman counties including justice-involved clients facing housing discrimination, benefits denials, and family law barriers during reentry in the Tennessee Valley. Staff assist with expungement information and certificate of employability petitions where eligible. Civil legal aid—not criminal defense.","La oficina de Decatur de Legal Services Alabama brinda servicios legales civiles gratuitos a residentes de bajos ingresos de los condados Morgan, Lawrence, Limestone y Cullman incluidos clientes con antecedentes penales que enfrentan discriminación en vivienda, denegaciones de beneficios y barreras de derecho familiar durante la reinserción en el Valle de Tennessee.",211 Oak Street NE,Decatur,256-353-7841,,https://www.alslegal.org,"Low-income residents of Morgan, Lawrence, Limestone, and Cullman counties; LSC income limits; civil matters only.","Residentes de bajos ingresos de los condados Morgan, Lawrence, Limestone y Cullman; límites de ingresos LSC; solo asuntos civiles.",Call 256-353-7841 or statewide intake 866-456-4995; pairs with North Alabama Career Center and WellStone behavioral health referrals.,Llame al 256-353-7841 o admisión estatal 866-456-4995; se vincula con North Alabama Career Center.,Monday–Friday business hours,decatur|morgan|legal-aid|tennessee-valley|expungement|reentry,Housing legal aid|Benefits appeals|Family law assistance|Record relief information|Employment barrier legal help,Morgan,Morgan|Lawrence|Limestone|Cullman,multi
152,Legal Services Alabama — Opelika Regional Office,legal-aid,Opelika / Lee County,"Legal Services Alabama's Opelika office serves low-income residents of Lee, Russell, Chambers, Macon, and Tallapoosa counties with civil legal help for housing, public benefits, consumer debt, and criminal record matters affecting employment after release from Lee County Jail or ADOC custody. Intake is available by phone and online application. Civil legal services only—not parole supervision.","La oficina de Opelika de Legal Services Alabama sirve a residentes de bajos ingresos de los condados Lee, Russell, Chambers, Macon y Tallapoosa con ayuda legal civil para vivienda, beneficios públicos, deuda de consumo y asuntos de antecedentes penales que afectan el empleo después de la liberación.",919 Avenue A,Opelika,334-749-8482,,https://www.alslegal.org,"Low-income residents of Lee, Russell, Chambers, Macon, and Tallapoosa counties; LSC income limits apply.","Residentes de bajos ingresos de los condados Lee, Russell, Chambers, Macon y Tallapoosa; aplican límites de ingresos LSC.",Call 334-749-8482 or apply at alslegal.org; East Alabama reentry partners include Lee County DHR and Opelika Career Center.,Llame al 334-749-8482 o solicite en alslegal.org; aliados de reinserción del Este de Alabama incluyen DHR del condado Lee.,Monday–Friday business hours,opelika|lee|legal-aid|east-alabama|benefits|reentry,Civil legal representation|Eviction defense|Benefits advocacy|Consumer debt help|Record relief consultation,Lee,Lee|Russell|Chambers|Macon|Tallapoosa,multi
153,Legal Services Alabama — Anniston Regional Office,legal-aid,Anniston / Calhoun County,"Legal Services Alabama's Anniston office provides free civil legal assistance to low-income residents of Calhoun, Cleburne, Randolph, Clay, and Talladega counties including returning citizens navigating eviction, custody, and benefits reinstatement after incarceration. Attorneys help eligible clients with record sealing information and driver's license restoration referrals. Civil legal aid office—not a substance use treatment provider.","La oficina de Anniston de Legal Services Alabama brinda asistencia legal civil gratuita a residentes de bajos ingresos de los condados Calhoun, Cleburne, Randolph, Clay y Talladega incluidos ciudadanos que regresan que navegan desalojo, custodia y restablecimiento de beneficios después de la encarcelación.",1700 Leighton Avenue,Anniston,256-237-8381,,https://www.alslegal.org,"Low-income residents of Calhoun, Cleburne, Randolph, Clay, and Talladega counties; civil legal problems only.","Residentes de bajos ingresos de los condados Calhoun, Cleburne, Randolph, Clay y Talladega; solo problemas legales civiles.",Call 256-237-8381 or statewide 866-456-4995; connects to East Central Mental Health and Calhoun County Career Center.,Llame al 256-237-8381 o estatal 866-456-4995; conecta con East Central Mental Health.,Monday–Friday business hours,anniston|calhoun|legal-aid|east-alabama|housing|reentry,Housing legal help|Benefits appeals|Family law assistance|Record sealing information|License restoration referrals,Calhoun,Calhoun|Cleburne|Randolph|Clay|Talladega,multi
154,Alabama Department of Public Health — Vital Records,state-agency,Statewide,"The Alabama Department of Public Health Center for Health Statistics issues certified birth, death, marriage, and divorce certificates needed for state ID, Medicaid, and employment applications after release from jail or prison. Returning citizens can order certificates online, by mail, or in person at county health departments with acceptable identification. Vital records office—not a driver license issuance site.","El Centro de Estadísticas de Salud del Departamento de Salud Pública de Alabama emite certificados certificados de nacimiento, defunción, matrimonio y divorcio necesarios para identificación estatal, Medicaid y solicitudes de empleo después de la liberación. Los ciudadanos que regresan pueden ordenar certificados en línea, por correo o en persona en departamentos de salud del condado.",201 Monroe Street,Montgomery,334-206-5418,,https://www.alabamapublichealth.gov/vitalrecords/,Individuals with legal right to request the record; acceptable ID required; fees apply per certified copy.,Personas con derecho legal a solicitar el registro; se requiere identificación aceptable; aplican tarifas por copia certificada.,Order online at vitalrecords.alabama.gov; county health departments also process walk-in requests; allow processing time in reentry planning.,Ordene en vitalrecords.alabama.gov; los departamentos de salud del condado también procesan solicitudes presenciales.,Monday–Friday business hours; online ordering 24/7,statewide|state-agency|vital-records|birth-certificate|id-documentation,Birth certificate orders|Death certificate orders|Marriage and divorce records|Online vital records requests,Montgomery,,statewide
155,Alabama Medicaid Agency — Member Services,state-agency,Statewide,"The Alabama Medicaid Agency administers Medicaid and ALL Kids health coverage for eligible low-income Alabamians, including returning citizens reestablishing healthcare after release when income and household rules are met. Member services help with enrollment, redetermination, and finding enrolled providers statewide. Health coverage agency—not a behavioral health crisis line or housing provider.","La Agencia de Medicaid de Alabama administra Medicaid y cobertura de salud ALL Kids para alabameños elegibles de bajos ingresos, incluidos ciudadanos que regresan que restablecen atención médica después de la liberación cuando se cumplen las reglas de ingresos y hogar. Los servicios para miembros ayudan con inscripción, redeterminación y búsqueda de proveedores inscritos en todo el estado.",501 Dexter Avenue,Montgomery,800-362-1504,,https://www.medicaid.alabama.gov,Alabama residents meeting Medicaid or ALL Kids income and categorical requirements; apply through MyDHR or county DHR office.,Residentes de Alabama que cumplan requisitos de ingresos y categoría de Medicaid o ALL Kids; solicite a través de MyDHR o la oficina DHR del condado.,Apply at mydhr.alabama.gov; member services 800-362-1504; provider directory at medicaid.alabama.gov.,Solicite en mydhr.alabama.gov; servicios para miembros 800-362-1504; directorio de proveedores en medicaid.alabama.gov.,Member services Monday–Friday business hours,statewide|state-agency|Medicaid|health-coverage|benefits|reentry,Medicaid enrollment help|ALL Kids coverage|Member services|Provider directory|Redetermination support,Montgomery,,statewide
156,Second Chance Alabama,reentry-organizations,Statewide,"Second Chance Alabama is a statewide advocacy and networking organization connecting employers, service providers, and justice-involved Alabamians around fair-chance hiring, ban-the-box policy, and community reentry supports. The coalition publishes employer resources and partners with local reentry navigators but does not operate emergency shelter or direct cash assistance at the state level.","Second Chance Alabama es una organización estatal de defensa y redes que conecta empleadores, proveedores de servicios y alabameños con antecedentes penales en torno a la contratación de segunda oportunidad, política ban-the-box y apoyos comunitarios de reinserción. La coalición publica recursos para empleadores y se asocia con navegadores locales de reinserción pero no opera refugio de emergencia ni asistencia en efectivo directa a nivel estatal.",,Birmingham,,info@secondchancealabama.org,https://www.secondchancealabama.org,"Justice-involved Alabamians, employers, and community partners seeking fair-chance employment connections and coalition information.","Alabameños con antecedentes penales, empleadores y aliados comunitarios que buscan conexiones de empleo de segunda oportunidad e información de coalición.",Visit secondchancealabama.org for employer pledge and local partner directory; coalition networking—not direct crisis services.,"Visite secondchancealabama.org para el compromiso de empleadores y directorio de aliados locales; redes de coalición, no servicios de crisis directos.",Contact for current events and meetings,statewide|reentry|coalition|fair-chance|referral-only,Fair-chance employer networking|Policy advocacy|Local partner directory|Reentry resource navigation,Jefferson,,statewide
157,The Dannon Project — Reentry Navigation,reentry-organizations,Birmingham / Jefferson County,"The Dannon Project is a Birmingham-based reentry organization providing case management, life-skills training, employment navigation, and supportive services for justice-involved adults returning to Jefferson, Shelby, and surrounding counties after incarceration. Staff coordinate with ABPP officers, Alabama Career Center, and local employers on fair-chance hiring pathways. Direct reentry navigation—not a statewide hotline or emergency shelter for walk-in intake.","The Dannon Project es una organización de reinserción con sede en Birmingham que brinda manejo de casos, capacitación en habilidades para la vida, navegación de empleo y servicios de apoyo para adultos con antecedentes penales que regresan a los condados Jefferson, Shelby y circundantes después de la encarcelación. El personal coordina con oficiales de ABPP, Alabama Career Center y empleadores locales.",2324 5th Avenue North,Birmingham,205-202-4072,,https://www.thedannonproject.org,"Justice-involved adults referred through ABPP, courts, or self-referral in the Birmingham metro; program-specific requirements apply.","Adultos con antecedentes penales referidos a través de ABPP, tribunales o autorreferencia en el área metropolitana de Birmingham; aplican requisitos específicos del programa.",Call 205-202-4072 for enrollment; partners with Jefferson County reentry task force and local workforce boards.,Llame al 205-202-4072 para inscripción; se asocia con la fuerza de tarea de reinserción del condado Jefferson.,Monday–Friday business hours,birmingham|jefferson|reentry|case-management|employment|reentry-organizations,Reentry case management|Life-skills training|Employment navigation|ABPP coordination|Employer partnerships,Jefferson,Jefferson|Shelby,multi
158,Aid to Inmate Mothers (AIM) — Family Reentry Support,reentry-organizations,Montgomery / Statewide,"Aid to Inmate Mothers (AIM) supports incarcerated and formerly incarcerated mothers in Alabama with family reunification, parenting education, housing referrals, and case management from its Montgomery office and community partnerships across the state. AIM helps mothers leaving Tutwiler and other facilities plan safe returns to children while connecting to DHR, legal aid, and local reentry housing. Direct family reentry services—not a men's transitional housing program.","Aid to Inmate Mothers (AIM) apoya a madres encarceladas y anteriormente encarceladas en Alabama con reunificación familiar, educación para la crianza, referencias de vivienda y manejo de casos desde su oficina en Montgomery y alianzas comunitarias en todo el estado. AIM ayuda a las madres que salen de Tutwiler y otras instalaciones a planificar regresos seguros con sus hijos.",505 Adams Avenue,Montgomery,334-262-2245,,https://www.inmatemothers.org,Incarcerated and formerly incarcerated mothers in Alabama; parenting and reunification focus; referral through facility or self-referral.,Madres encarceladas y anteriormente encarceladas en Alabama; enfoque en crianza y reunificación; referencia a través de la instalación o autorreferencia.,Call 334-262-2245; AIM offers transportation assistance for prison visits and post-release family stabilization planning.,Llame al 334-262-2245; AIM ofrece asistencia de transporte para visitas a la prisión y planificación de estabilización familiar posterior a la liberación.,Monday–Friday business hours,montgomery|reentry|family-children|women|parenting|reentry-organizations,Family reunification support|Parenting education|Housing referrals|Case management|Transportation assistance for visits,Montgomery,,statewide
159,Wallace Community College Selma — Adult Education,education,Selma / Dallas County,"Wallace Community College Selma Adult Education offers free GED and English language classes for Dallas, Perry, Marengo, and Wilcox County adults including returning citizens rebuilding education credentials for employment and training programs. Instructors provide flexible scheduling at the Selma campus and community sites with referrals to Alabama Career Center Selma and Black Belt reentry partners. Free instruction—official GED testing fees may be covered for qualifying students.","Wallace Community College Selma Adult Education ofrece clases gratuitas de GED e inglés para adultos de los condados Dallas, Perry, Marengo y Wilcox incluidos ciudadanos que regresan que reconstruyen credenciales educativas para empleo y programas de capacitación. Los instructores ofrecen horarios flexibles en el campus de Selma y sitios comunitarios con referencias a Alabama Career Center Selma.",3000 Earl Goodwin Parkway,Selma,334-876-9227,,https://www.wccs.edu/adult-education/,Adults age 18+ in the Black Belt service area; ages 16–17 with school withdrawal documentation; justice-involved adults welcome.,Adultos de 18 años o más en el área de servicio del Cinturón Negro; 16–17 años con documentación de retiro escolar; adultos con antecedentes penales bienvenidos.,Call 334-876-9227 to enroll; TABE placement required; pairs with Legal Services Alabama Selma office for record relief workshops.,Llame al 334-876-9227 para inscribirse; se requiere ubicación TABE; se vincula con Legal Services Alabama Selma.,Class schedules vary; call for current sessions,selma|dallas|education|GED|adult-education|black-belt|reentry,GED preparation|English language instruction|TABE placement|Career pathway referrals|Workforce partner coordination,Dallas,Dallas|Perry|Marengo|Wilcox,multi
160,Alabama Career Center — Selma,employment,Selma / Dallas County,"The Alabama Career Center in Selma connects job seekers in Dallas, Perry, Marengo, and Wilcox counties—including justice-involved adults on ABPP supervision—to free job search assistance, resume help, WIOA training referrals, and fair-chance employer connections through the West AlabamaWorks regional partnership. Staff coordinate with Wallace Community College adult education and Black Belt reentry navigators. Workforce center—not emergency housing or legal aid intake.","El Alabama Career Center en Selma conecta a buscadores de empleo en los condados Dallas, Perry, Marengo y Wilcox—incluidos adultos con antecedentes penales bajo supervisión de ABPP—a ayuda gratuita de búsqueda de empleo, currículum, referencias de capacitación WIOA y conexiones con empleadores de segunda oportunidad a través de la asociación regional West AlabamaWorks.",1002 Water Avenue,Selma,334-872-3231,,https://joblink.alabama.gov,Open to job seekers in the Black Belt service area including justice-involved individuals; veterans receive priority services.,Abierto a buscadores de empleo en el área del Cinturón Negro incluidas personas con antecedentes penales; veteranos reciben servicios prioritarios.,Register at joblink.alabama.gov before visiting; pairs with CSP of West Alabama LIHEAP and Legal Services Alabama Selma.,Regístrese en joblink.alabama.gov antes de visitar; se vincula con CSP of West Alabama LIHEAP y Legal Services Alabama Selma.,Monday–Friday business hours,selma|dallas|employment|workforce|WIOA|black-belt|fair-chance|reentry,Job search assistance|Resume help|WIOA training referrals|Fair-chance employer connections|Career coaching,Dallas,Dallas|Perry|Marengo|Wilcox,multi
161,Cahaba Medical Care — Camden Clinic,healthcare,Camden / Wilcox County,"Cahaba Medical Care operates a Federally Qualified Health Center clinic in Camden providing primary medical care, women's health and prenatal services, chronic disease management, and behavioral health screening for Wilcox County residents, including uninsured and Medicaid patients such as returning citizens reestablishing a local medical home after release. The nonprofit FQHC network also serves neighboring Perry, Bibb, Chilton, Shelby, and Jefferson counties with a discounted sliding-fee schedule based on income and family size. A primary care clinic — not a hospital emergency department.","Cahaba Medical Care opera una clínica FQHC en Camden que ofrece atención médica primaria, salud de la mujer y atención prenatal, manejo de enfermedades crónicas y evaluación de salud conductual para residentes del condado Wilcox, incluidos pacientes sin seguro y con Medicaid como ciudadanos que regresan y reestablecen un hogar médico local tras su liberación. La red FQHC también atiende a los condados vecinos de Perry, Bibb, Chilton, Shelby y Jefferson con una escala de tarifas móvil según ingresos. Es una clínica de atención primaria, no una sala de emergencias hospitalaria.",321 Whiskey Run Road,Camden,334-682-4128,contact@cahabamedicalcare.com,https://cahabamedicalcare.com/who-we-are,"Wilcox County residents of all ages; sliding-fee discount based on income and family size; Medicaid, Medicare, and most insurance accepted; criminal record is not a stated barrier to care.","Residentes del condado Wilcox de todas las edades; descuento de tarifa móvil según ingresos y tamaño familiar; se aceptan Medicaid, Medicare y la mayoría de seguros; los antecedentes penales no son una barrera indicada para recibir atención.",Call 334-682-4128 for an appointment; walk-ins accepted as capacity allows; closed daily for lunch.,Llame al 334-682-4128 para una cita; se aceptan pacientes sin cita según disponibilidad; cerrado diariamente para el almuerzo.,"Monday–Friday, 8:00 a.m.–5:00 p.m.",camden|wilcox|healthcare|FQHC|primary-care|sliding-fee|reentry,Primary medical care|Prenatal and women's health|Chronic disease management|Behavioral health screening|Sliding-fee program,Wilcox,Wilcox,single
162,Christian Way — Food Pantry & Clothing Ministry,food-nutrition,Camden / Wilcox County,"Christian Way, operated by Christian Way Baptist Church on Depot Street in Camden, runs a food pantry and clothing/donation center that helps more than 300 Wilcox County families each year with canned goods, frozen meals, clothing, and household items. Returning citizens and families facing food insecurity can visit the donation center for groceries and basic supplies at no cost. Direct food and clothing assistance — not an emergency shelter or cash-assistance office.","Christian Way, operado por Christian Way Baptist Church en Depot Street en Camden, administra un banco de alimentos y un centro de ropa y donaciones que ayuda a más de 300 familias del condado Wilcox cada año con alimentos enlatados, comidas congeladas, ropa y artículos del hogar. Ciudadanos que regresan y familias con inseguridad alimentaria pueden visitar el centro de donaciones para obtener alimentos y suministros básicos sin costo. Asistencia directa de alimentos y ropa, no un refugio de emergencia ni una oficina de asistencia en efectivo.",948 Depot Street,Camden,334-682-4908,christianway@frontiernet.net,http://www.bethlehempinebarren.com/churches/christian-way,Open to Wilcox and Monroe County residents in need of food or clothing; visitors are asked to sign in at the donation center; no income documentation barrier reported.,Abierto a residentes de los condados Wilcox y Monroe que necesiten alimentos o ropa; se pide a los visitantes registrarse en el centro de donaciones; no se reporta barrera de documentación de ingresos.,Call 334-682-4908 to confirm current pantry hours before visiting; clothing and household goods available in addition to food.,Llame al 334-682-4908 para confirmar el horario actual de la despensa antes de visitar; también hay ropa y artículos del hogar disponibles además de alimentos.,Contact for current pantry hours,camden|wilcox|food-nutrition|food-pantry|clothing|reentry,Emergency food pantry|Clothing and household donations|Furniture and equipment donations|Community outreach,Wilcox,Wilcox|Monroe,multi
163,Greene County Health System,healthcare,Eutaw / Greene County,"Greene County Health System operates the county's only hospital in Eutaw, providing 24-hour emergency care, inpatient medical and surgical services, laboratory and imaging, physical and occupational therapy, and skilled nursing care for Greene, Sumter, Hale, Marengo, and Tuscaloosa county residents. Returning citizens without a medical home can access emergency and follow-up care through the hospital's outpatient and swing-bed programs. A rural acute-care hospital — not a walk-in benefits office.","Greene County Health System opera el único hospital del condado en Eutaw, ofreciendo atención de emergencia las 24 horas, servicios médicos y quirúrgicos hospitalarios, laboratorio e imágenes, terapia física y ocupacional, y cuidado de enfermería especializada para residentes de los condados Greene, Sumter, Hale, Marengo y Tuscaloosa. Ciudadanos que regresan sin un hogar médico pueden acceder a atención de emergencia y de seguimiento. Es un hospital rural de cuidados agudos, no una oficina de beneficios sin cita.",509 Wilson Avenue,Eutaw,205-372-3388,,https://gcheutaw.com/,Open to residents of Greene County and surrounding West Alabama counties; emergency care provided regardless of ability to pay; Medicaid and uninsured patients accepted for eligible services.,Abierto a residentes del condado Greene y condados vecinos del oeste de Alabama; atención de emergencia sin importar la capacidad de pago; se aceptan pacientes con Medicaid y sin seguro para servicios elegibles.,Emergency department open 24/7; call 205-372-3388 for outpatient scheduling and swing-bed/nursing home admissions.,Departamento de emergencias abierto las 24 horas; llame al 205-372-3388 para programar citas ambulatorias y admisiones de cuidado de enfermería.,Emergency 24/7; outpatient clinic hours vary,eutaw|greene|healthcare|hospital|emergency-care|reentry,Emergency care|Inpatient medical and surgical care|Laboratory and imaging|Physical and occupational therapy|Skilled nursing and swing-bed care,Greene,Greene,single
164,Greene County Community Service — Food Pantry,food-nutrition,Eutaw / Greene County,"Greene County Community Service operates a food pantry in Eutaw distributing groceries to low-income Greene County households, including returning citizens reestablishing food security after incarceration. The pantry is open several days a week with a midday closure and is one of the only standalone food distribution points serving the county alongside partner church pantries. Direct food assistance — not a statewide hotline or SNAP application office.","Greene County Community Service opera un banco de alimentos en Eutaw que distribuye comestibles a hogares de bajos ingresos del condado Greene, incluidos ciudadanos que regresan que reestablecen la seguridad alimentaria tras su encarcelamiento. La despensa está abierta varios días a la semana con un cierre al mediodía y es uno de los pocos puntos de distribución de alimentos independientes del condado junto con despensas de iglesias aliadas. Asistencia directa de alimentos, no una línea directa estatal ni una oficina de solicitud de SNAP.",116 Prairie Avenue,Eutaw,205-372-4562,,https://www.foodpantries.org/li/greene_county_community_service_35462,Greene County residents in need of food assistance; no referral required; call ahead to confirm current requirements.,Residentes del condado Greene que necesiten asistencia alimentaria; no se requiere referencia; llame con anticipación para confirmar los requisitos actuales.,"Pantry hours Monday–Thursday 8:00 a.m.–5:00 p.m., closed for lunch 12:00–1:00 p.m.; call 205-372-4562 to confirm before visiting.","Horario de la despensa lunes a jueves de 8:00 a.m. a 5:00 p.m., cerrado para almuerzo de 12:00 a 1:00 p.m.; llame al 205-372-4562 para confirmar antes de visitar.","Monday–Thursday, 8:00 a.m.–5:00 p.m. (closed 12:00–1:00 p.m.)",eutaw|greene|food-nutrition|food-pantry|reentry,Emergency food pantry|Grocery distribution|Referrals to West Alabama Food Bank,Greene,Greene,single
165,Cahaba Medical Care — Marion Clinic,healthcare,Marion / Perry County,"Cahaba Medical Care's Marion clinic is a Federally Qualified Health Center serving Perry County, a county with no hospital of its own, offering primary care, prenatal and obstetric services, dental referrals, and behavioral health support for uninsured, Medicaid, and low-income patients including justice-involved adults establishing local care after release. The clinic opened a dedicated prenatal program in 2023 to address gaps in maternal healthcare access. An outpatient FQHC — not an emergency room.","La clínica de Cahaba Medical Care en Marion es un Centro de Salud Calificado Federalmente que atiende al condado Perry, que no cuenta con hospital propio, ofreciendo atención primaria, servicios prenatales y obstétricos, referencias dentales y apoyo de salud conductual para pacientes sin seguro, con Medicaid y de bajos ingresos, incluidos adultos con antecedentes penales que establecen atención local tras su liberación. La clínica abrió un programa prenatal dedicado en 2023. Es una clínica FQHC ambulatoria, no una sala de emergencias.",1303 Washington Street,Marion,334-247-1006,contact@cahabamedicalcare.com,https://cahabamedicalcare.com/who-we-are,Perry County residents of all ages; sliding-fee discount based on income; Medicaid and Medicare accepted; criminal record is not a stated barrier to care.,Residentes del condado Perry de todas las edades; descuento de tarifa móvil según ingresos; se aceptan Medicaid y Medicare; los antecedentes penales no son una barrera indicada para recibir atención.,Call 334-247-1006 for an appointment; closed daily 12:30–1:30 p.m. for lunch; prenatal and ultrasound services available on-site.,Llame al 334-247-1006 para una cita; cerrado diariamente de 12:30 a 1:30 p.m. para almuerzo; servicios prenatales y de ultrasonido disponibles en el sitio.,"Monday–Thursday, 8:00 a.m.–7:00 p.m.; Friday, 8:00 a.m.–5:00 p.m.",marion|perry|healthcare|FQHC|prenatal-care|sliding-fee|reentry,Primary medical care|Prenatal and obstetric care|Behavioral health support|Sliding-fee program|Dental referrals,Perry,Perry,single
166,Sowing Seeds of Hope — Community & Direct Services,basic-needs,Marion / Perry County,"Sowing Seeds of Hope is a faith-based community development nonprofit in Marion serving Perry County residents with a job training and work-readiness program, free computer classes, hypertension and diabetes support, self-help housing construction, and assistance with clothing, school supplies, and home repairs. Returning citizens can access job-search help and concrete family support through direct, walk-in services. A hands-on community organization — not a crisis hotline or legal aid office.","Sowing Seeds of Hope es una organización comunitaria de fe en Marion que sirve a los residentes del condado Perry con un programa de capacitación laboral y preparación para el trabajo, clases gratuitas de computación, apoyo para hipertensión y diabetes, construcción de vivienda de autoayuda, y asistencia con ropa, útiles escolares y reparaciones del hogar. Los ciudadanos que regresan pueden acceder a ayuda de búsqueda de empleo y apoyo familiar concreto mediante servicios directos sin cita previa. Es una organización comunitaria práctica, no una línea de crisis ni una oficina de asistencia legal.",1728 South Washington Street,Marion,334-683-4666,susan@ssohope.org,https://ssohope.org/,Perry County residents; specific program requirements vary; job training and work-readiness program open to adults seeking employment including justice-involved residents.,"Residentes del condado Perry; los requisitos específicos del programa varían; el programa de capacitación laboral y preparación para el trabajo está abierto a adultos que buscan empleo, incluidos residentes con antecedentes penales.",Call 334-683-4666 to ask about current program schedules; home repair assistance has a waitlist subject to volunteer group availability.,Llame al 334-683-4666 para preguntar sobre los horarios actuales de los programas; la asistencia de reparación del hogar tiene lista de espera sujeta a disponibilidad de grupos de voluntarios.,"Monday–Friday, 9:00 a.m.–5:00 p.m.",marion|perry|basic-needs|job-training|community-development|reentry,Job training and work-readiness program|Free computer classes|Self-help housing program|Clothing and school supply assistance|Health screenings and support groups,Perry,Perry,single
167,Ochsner Choctaw General,healthcare,Butler / Choctaw County,"Ochsner Choctaw General is a 25-bed critical access hospital in Butler providing 24/7 emergency care, inpatient and outpatient services, diagnostic imaging, laboratory testing, and rehabilitation therapy for Choctaw County residents, plus two affiliated clinics — Choctaw Urgent Care Center and Gilbertown Family Medical Clinic. Returning citizens without a medical home can access emergency care and outpatient follow-up regardless of insurance status. A community hospital — not a walk-in DHR or probation office.","Ochsner Choctaw General es un hospital de acceso crítico de 25 camas en Butler que ofrece atención de emergencia las 24 horas, servicios hospitalarios y ambulatorios, imágenes diagnósticas, pruebas de laboratorio y terapia de rehabilitación para residentes del condado Choctaw, además de dos clínicas afiliadas: Choctaw Urgent Care Center y Gilbertown Family Medical Clinic. Ciudadanos que regresan sin un hogar médico pueden acceder a atención de emergencia y seguimiento ambulatorio sin importar su estado de seguro. Es un hospital comunitario, no una oficina de DHR ni de libertad condicional.",401 Vanity Fair Avenue,Butler,205-459-9100,,https://www.ochsner.org/locations/ochsner-choctaw-general/,"Open to Choctaw County residents; emergency care provided regardless of ability to pay; Medicaid, Medicare, and uninsured patients accepted for eligible services.","Abierto a residentes del condado Choctaw; atención de emergencia sin importar la capacidad de pago; se aceptan pacientes con Medicaid, Medicare y sin seguro para servicios elegibles.",Emergency department open 24/7; call 205-459-9100 for outpatient scheduling; affiliated clinics in Gilbertown provide additional primary care access.,Departamento de emergencias abierto las 24 horas; llame al 205-459-9100 para programar citas ambulatorias; las clínicas afiliadas en Gilbertown ofrecen acceso adicional a atención primaria.,Emergency 24/7; outpatient clinic hours vary,butler|choctaw|healthcare|hospital|emergency-care|reentry,Emergency care|Inpatient and outpatient services|Diagnostic imaging|Physical and occupational therapy|Wound care,Choctaw,Choctaw,single
168,Evergreen Medical Center,healthcare,Evergreen / Conecuh County,"Evergreen Medical Center is a 44-bed acute care hospital serving Conecuh County with 24-hour emergency care, inpatient medical and surgical services, diagnostic imaging, rural health clinic primary care, and home health and hospice programs. Returning citizens without a medical home can access emergency treatment and establish ongoing primary care through Evergreen Primary Care regardless of insurance status. A hospital and rural health clinic — not a benefits or probation office.","Evergreen Medical Center es un hospital de cuidados agudos de 44 camas que atiende al condado Conecuh con atención de emergencia las 24 horas, servicios médicos y quirúrgicos hospitalarios, imágenes diagnósticas, atención primaria en clínica de salud rural, y programas de cuidado en el hogar y cuidados paliativos. Ciudadanos que regresan sin un hogar médico pueden recibir tratamiento de emergencia y establecer atención primaria continua a través de Evergreen Primary Care sin importar su estado de seguro. Es un hospital y clínica de salud rural, no una oficina de beneficios ni de libertad condicional.",101 Crestview Street,Evergreen,251-578-2480,,https://www.evergreenmedical.org/,"Open to Conecuh County residents; emergency care provided regardless of ability to pay; Medicaid, Medicare, and uninsured patients accepted through the rural health clinic.","Abierto a residentes del condado Conecuh; atención de emergencia sin importar la capacidad de pago; se aceptan pacientes con Medicaid, Medicare y sin seguro a través de la clínica de salud rural.",Emergency department open 24/7; call 251-578-2480 for Evergreen Primary Care appointments and home health referrals.,Departamento de emergencias abierto las 24 horas; llame al 251-578-2480 para citas de Evergreen Primary Care y referencias de cuidado en el hogar.,Emergency 24/7; clinic hours vary,evergreen|conecuh|healthcare|hospital|rural-health-clinic|reentry,Emergency care|Inpatient medical and surgical care|Rural health clinic primary care|Diagnostic imaging|Home health and hospice,Conecuh,Conecuh,single
169,Community Action Agency of South Alabama — Conecuh County Office,basic-needs,Evergreen / Conecuh County,"The Community Action Agency of South Alabama operates a Conecuh County office in Evergreen providing emergency financial assistance for housing, utilities, and medical bills, a food program, LIHEAP energy assistance, and children's services for low-income households. Returning citizens reestablishing a household after release can apply for utility and rent assistance and connect to weatherization and self-sufficiency programs. Direct financial and food assistance — not a legal aid or probation office.","La Community Action Agency of South Alabama opera una oficina del condado Conecuh en Evergreen que brinda asistencia financiera de emergencia para vivienda, servicios públicos y facturas médicas, un programa de alimentos, asistencia energética LIHEAP y servicios para niños de hogares de bajos ingresos. Ciudadanos que regresan y reestablecen un hogar tras su liberación pueden solicitar asistencia de servicios públicos y renta y conectarse con programas de climatización y autosuficiencia. Asistencia financiera y alimentaria directa, no una oficina de asistencia legal ni de libertad condicional.",714 West Front Street,Evergreen,251-578-2331,,https://www.caaofsa.org/,Low-income Conecuh County households meeting income guidelines; income documentation required; call the 24/7 appointment line to check eligibility and schedule intake.,Hogares de bajos ingresos del condado Conecuh que cumplan con las pautas de ingresos; se requiere documentación de ingresos; llame a la línea de citas 24/7 para verificar elegibilidad y programar la admisión.,Call the 24/7 appointment line at 1-877-246-7836 or schedule online at caaofsa.org; local Evergreen office direct line 251-578-2331; funds are limited and dependent on availability.,Llame a la línea de citas 24/7 al 1-877-246-7836 o programe en línea en caaofsa.org; línea directa de la oficina local de Evergreen 251-578-2331; los fondos son limitados y dependen de la disponibilidad.,"Monday–Friday, 8:00 a.m.–5:00 p.m.",evergreen|conecuh|basic-needs|utility-assistance|LIHEAP|food-program|reentry,Emergency rent and utility assistance|Food program|LIHEAP energy assistance|Weatherization referrals|Children's services,Conecuh,Conecuh,single
170,Bullock County Food Pantry,food-nutrition,Union Springs / Bullock County,"The Bullock County Food Pantry in Union Springs distributes groceries to residents of Bullock County and special-needs populations facing food insecurity, including returning citizens rebuilding household stability after release. Monthly distribution serves families who call ahead to confirm eligibility and current hours. Direct food assistance — not an emergency shelter or a SNAP application office.","El Bullock County Food Pantry en Union Springs distribuye alimentos a residentes del condado Bullock y a poblaciones con necesidades especiales que enfrentan inseguridad alimentaria, incluidos ciudadanos que regresan y reconstruyen la estabilidad de su hogar tras su liberación. La distribución mensual atiende a familias que llaman con anticipación para confirmar elegibilidad y horario actual. Asistencia directa de alimentos, no un refugio de emergencia ni una oficina de solicitud de SNAP.",101 Powell Street,Union Springs,334-738-2720,,https://www.foodpantries.org/li/bullock_county_food_pantry_36089,Bullock County residents and special-needs populations; call ahead to confirm eligibility and distribution schedule.,Residentes del condado Bullock y poblaciones con necesidades especiales; llame con anticipación para confirmar elegibilidad y horario de distribución.,"Distribution typically held the third Thursday of the month 2:00–4:00 p.m.; call 334-738-2720 to confirm before visiting, as hours can change.","La distribución generalmente se realiza el tercer jueves del mes de 2:00 a 4:00 p.m.; llame al 334-738-2720 para confirmar antes de visitar, ya que el horario puede cambiar.","3rd Thursday of the month, 2:00 p.m.–4:00 p.m. (call to confirm)",union-springs|bullock|food-nutrition|food-pantry|reentry,Emergency food distribution|Grocery boxes|Special-needs population outreach,Bullock,Bullock,single
171,Alabama Career Center — Union Springs (Bullock County),employment,Union Springs / Bullock County,"The Alabama Career Center Union Springs location, housed at the Bullock County Career Technical Center, connects Bullock County job seekers including justice-involved adults to job search assistance, resume help, interview preparation, and training and education program referrals through the Alabama Department of Labor's career center network. The itinerant point operates on a limited schedule and coordinates with the Montgomery-area career center for full-service needs. Free workforce services — not emergency cash assistance.","La ubicación del Alabama Career Center en Union Springs, ubicada en el Bullock County Career Technical Center, conecta a los buscadores de empleo del condado Bullock, incluidos adultos con antecedentes penales, con asistencia de búsqueda de empleo, ayuda con currículum, preparación para entrevistas y referencias a programas de capacitación a través de la red de centros de carrera del Departamento de Trabajo de Alabama. Este punto itinerante opera en un horario limitado y coordina con el centro de carrera del área de Montgomery para necesidades de servicio completo. Servicios de fuerza laboral gratuitos, no asistencia de efectivo de emergencia.",304 East Blackmon Avenue,Union Springs,334-821-2532,unionsprings@alcc.alabama.gov,https://adol.alabama.gov/career-centers/,Open to Bullock County job seekers including justice-involved individuals; core Career Center services are free; call ahead as the itinerant schedule is limited.,Abierto a buscadores de empleo del condado Bullock incluidas personas con antecedentes penales; los servicios básicos del Career Center son gratuitos; llame con anticipación ya que el horario itinerante es limitado.,Call 334-821-2532 or email unionsprings@alcc.alabama.gov to confirm current open days; full-service support available at the Montgomery Career Center.,Llame al 334-821-2532 o envíe un correo a unionsprings@alcc.alabama.gov para confirmar los días de atención actuales; el Career Center de Montgomery ofrece apoyo de servicio completo.,Limited itinerant schedule; call to confirm current days and hours,union-springs|bullock|employment|career-center|fair-chance|reentry,Job search assistance|Resume and cover letter help|Interview preparation|Training program referrals|Unemployment insurance information,Bullock,Bullock,single
172,Alabama Career Center — Fayette (Serving Fayette & Lamar Counties),employment,Fayette / Fayette & Lamar Counties,"The Alabama Career Center in Fayette, located on the Bevill State Community College campus, connects job seekers in Fayette and Lamar counties — including justice-involved adults — to resume assistance, job search resources, employer referrals, and unemployment compensation filing help. The center regularly hosts job fairs with employers such as Bevill State Community College, the Alabama Department of Corrections, and area manufacturers, including events held at the Vernon City Complex for Lamar County residents. Free workforce services — not a DHR or probation office.","El Alabama Career Center en Fayette, ubicado en el campus de Bevill State Community College, conecta a buscadores de empleo de los condados Fayette y Lamar, incluidos adultos con antecedentes penales, con asistencia de currículum, recursos de búsqueda de empleo, referencias a empleadores y ayuda para solicitar compensación por desempleo. El centro organiza regularmente ferias de empleo con empleadores como Bevill State Community College y el Departamento de Correcciones de Alabama, incluyendo eventos realizados en Vernon City Complex para residentes del condado Lamar. Servicios de fuerza laboral gratuitos, no una oficina de DHR ni de libertad condicional.",2631 Temple Avenue North,Fayette,205-303-6030,Fayette@alcc.alabama.gov,https://fayetteal.org/economic-development/careercenter/,Open to Fayette and Lamar County job seekers including justice-involved individuals; core services are free; Alabama Department of Corrections has participated as an employer at center job fairs.,Abierto a buscadores de empleo de los condados Fayette y Lamar incluidas personas con antecedentes penales; los servicios básicos son gratuitos; el Departamento de Correcciones de Alabama ha participado como empleador en las ferias de empleo del centro.,Located in Tom Bevill Building Room B-37 on the Bevill State campus; call 205-303-6030 or email Fayette@alcc.alabama.gov; watch for periodic job fairs held in Vernon for Lamar County residents.,"Ubicado en el edificio Tom Bevill, sala B-37, en el campus de Bevill State; llame al 205-303-6030 o envíe un correo a Fayette@alcc.alabama.gov; esté atento a las ferias de empleo periódicas realizadas en Vernon para residentes del condado Lamar.","Monday–Friday, 8:00 a.m.–5:00 p.m.",fayette|lamar|vernon|employment|career-center|fair-chance|reentry,Job search assistance|Resume preparation|Employer job fairs|Unemployment insurance filing|Training and retraining referrals,Fayette,Fayette|Lamar,multi
173,Lamar County Health Department,healthcare,Vernon / Lamar County,"The Lamar County Health Department in Vernon provides public health, clinical, WIC, environmental, and home care services for Lamar County residents, including STD testing and treatment, family planning, childhood and adult vaccines, and breast and cervical cancer screening. Returning citizens can obtain certified vital records and establish basic clinical care through the health department when no other local provider is accessible. A public health clinic — not a hospital emergency department.","El Departamento de Salud del Condado Lamar en Vernon ofrece servicios de salud pública, clínicos, WIC, ambientales y de cuidado en el hogar para residentes del condado Lamar, incluyendo pruebas y tratamiento de ETS, planificación familiar, vacunas infantiles y de adultos, y detección de cáncer de mama y cervical. Ciudadanos que regresan pueden obtener copias certificadas de registros vitales y establecer atención clínica básica a través del departamento de salud cuando no hay otro proveedor local accesible. Es una clínica de salud pública, no una sala de emergencias hospitalaria.",300 Springfield Road,Vernon,205-695-9195,,https://www.alabamapublichealth.gov/lamar/,Open to Lamar County residents; clinical services available on a fee or sliding-scale basis; certified vital records available with valid ID.,Abierto a residentes del condado Lamar; servicios clínicos disponibles con tarifa o escala móvil; registros vitales certificados disponibles con identificación válida.,Call 205-695-9195 for clinic appointments; home health services for Lamar County are coordinated through the Randolph County Health Department.,Llame al 205-695-9195 para citas clínicas; los servicios de cuidado en el hogar para el condado Lamar se coordinan a través del Departamento de Salud del Condado Randolph.,"Monday–Friday, 7:30 a.m.–5:00 p.m.",vernon|lamar|healthcare|public-health|WIC|vital-records|reentry,Clinical and STD services|Family planning|Immunizations|WIC|Certified vital records,Lamar,Lamar,single
174,Fayette Medical Center,healthcare,Fayette / Fayette County,"Fayette Medical Center, part of the DCH Health System, is a 61-bed acute care hospital in Fayette offering 24-hour emergency care, surgical and specialty clinics, an on-site medical clinic, and a 122-bed nursing home for long-term and skilled care. Returning citizens without insurance or a local medical home can access emergency treatment and follow-up primary care through the FMC Medical Clinic. A hospital and outpatient clinic — not a walk-in benefits or probation office.","Fayette Medical Center, parte de DCH Health System, es un hospital de cuidados agudos de 61 camas en Fayette que ofrece atención de emergencia las 24 horas, clínicas quirúrgicas y de especialidad, una clínica médica en el sitio y un hogar de ancianos de 122 camas para cuidado a largo plazo y especializado. Ciudadanos que regresan sin seguro o sin un hogar médico local pueden acceder a tratamiento de emergencia y atención primaria de seguimiento a través de la FMC Medical Clinic. Es un hospital y clínica ambulatoria, no una oficina de beneficios ni de libertad condicional.",1653 Temple Avenue North,Fayette,205-932-5966,,https://www.dchsystem.com/locations/fayette-medical-center/,"Open to Fayette County residents; emergency care provided regardless of ability to pay; Medicaid, Medicare, and uninsured patients accepted for eligible outpatient services.","Abierto a residentes del condado Fayette; atención de emergencia sin importar la capacidad de pago; se aceptan pacientes con Medicaid, Medicare y sin seguro para servicios ambulatorios elegibles.","Emergency department open 24/7; call 205-932-5966 for the hospital operator; FMC Medical Clinic at 1653 Temple Avenue, Suite 1, handles primary care scheduling.","Departamento de emergencias abierto las 24 horas; llame al 205-932-5966 para el conmutador del hospital; la clínica FMC Medical Clinic en 1653 Temple Avenue, Suite 1, maneja las citas de atención primaria.",Emergency 24/7; clinic hours vary,fayette|healthcare|hospital|emergency-care|primary-care|reentry,Emergency care|Surgical and specialty clinics|Primary care clinic|Skilled nursing home care|Diagnostic imaging,Fayette,Fayette,single
175,HEARTS of Cleburne — Food Pantry,food-nutrition,Heflin / Cleburne County,"HEARTS (Helping Every Area Resident To Succeed) of Cleburne operates a food pantry and family resource center in Heflin serving Cleburne County residents facing food insecurity, including returning citizens rebuilding stability after release. The center also hosts a 24-hour crisis hotline and partners with Gadsden State Community College to host adult education classes on-site. Direct food assistance — not a legal aid office or emergency shelter.","HEARTS (Helping Every Area Resident To Succeed) of Cleburne opera un banco de alimentos y centro de recursos familiares en Heflin que atiende a residentes del condado Cleburne con inseguridad alimentaria, incluidos ciudadanos que regresan y reconstruyen su estabilidad tras la liberación. El centro también mantiene una línea de crisis de 24 horas y colabora con Gadsden State Community College para ofrecer clases de educación para adultos en el sitio. Asistencia directa de alimentos, no una oficina de asistencia legal ni un refugio de emergencia.",915 Ross Street,Heflin,256-926-5544,,https://heartsofcleburne.com/,Cleburne County residents facing food insecurity; no referral required; call the 24-hour hotline for urgent needs outside office hours.,Residentes del condado Cleburne con inseguridad alimentaria; no se requiere referencia; llame a la línea de 24 horas para necesidades urgentes fuera del horario de oficina.,Office hours Monday–Friday 8:00 a.m.–4:00 p.m.; 24-hour crisis hotline 256-463-9535; call ahead to confirm current pantry distribution schedule.,Horario de oficina lunes a viernes de 8:00 a.m. a 4:00 p.m.; línea de crisis de 24 horas 256-463-9535; llame con anticipación para confirmar el horario actual de distribución de la despensa.,"Monday–Friday, 8:00 a.m.–4:00 p.m.; 24-hour hotline available",heflin|cleburne|food-nutrition|food-pantry|crisis-hotline|reentry,Emergency food pantry|24-hour crisis hotline|Family resource referrals|On-site adult education partnership,Cleburne,Cleburne,single
176,Gadsden State Community College — Adult Education (Cleburne County),education,Heflin / Cleburne County,"Gadsden State Community College Adult Education provides free GED preparation, high school equivalency testing support, and the Mobilizing Alabama Pathways program at the HEARTS Family Resource Center in Heflin, serving Cleburne County adults including returning citizens rebuilding credentials for employment. Orientation is held twice monthly before enrollment, and instruction is self-paced based on an individualized plan. Free instruction — official GED test fees are covered through the program.","Gadsden State Community College Adult Education ofrece preparación GED gratuita, apoyo para el examen de equivalencia de escuela secundaria y el programa Mobilizing Alabama Pathways en el HEARTS Family Resource Center en Heflin, sirviendo a adultos del condado Cleburne incluidos ciudadanos que regresan que reconstruyen credenciales para el empleo. La orientación se realiza dos veces al mes antes de la inscripción, y la instrucción es a su propio ritmo según un plan individualizado. La instrucción es gratuita; las tarifas del examen GED oficial están cubiertas por el programa.",915 Ross Street,Heflin,256-832-1206,adulted@gadsdenstate.edu,https://www.gadsdenstate.edu/programs-of-study/adult-education.cms,Adults age 17+ not enrolled in K-12 in Cleburne County; must complete TABE placement testing; justice-involved adults welcome.,Adultos de 17 años o más que no estén inscritos en K-12 en el condado Cleburne; deben completar la prueba de ubicación TABE; adultos con antecedentes penales bienvenidos.,Orientations held the first Monday and fourth Thursday of each month at 8:30 a.m. at HEARTS in Heflin; call 256-832-1206 or email adulted@gadsdenstate.edu to register.,Las orientaciones se realizan el primer lunes y el cuarto jueves de cada mes a las 8:30 a.m. en HEARTS en Heflin; llame al 256-832-1206 o envíe un correo a adulted@gadsdenstate.edu para registrarse.,"Orientation 1st Monday and 4th Thursday, 8:30 a.m.; class schedule set after enrollment",heflin|cleburne|education|GED|adult-education|MAP|reentry,GED preparation|High school equivalency testing support|Mobilizing Alabama Pathways|Individualized instruction plans,Cleburne,Cleburne,single
177,Alabama Career Center — Roanoke (Randolph County),employment,Roanoke / Randolph County,"The Alabama Career Center satellite in Roanoke connects Randolph County job seekers, including justice-involved adults, to job search assistance, resume and cover letter help, interview preparation, career counseling, and unemployment insurance services. Randolph County Commission and other local employers direct applicants to this office to submit employment applications. Free workforce services — not a walk-in DHR benefits office.","La sucursal del Alabama Career Center en Roanoke conecta a los buscadores de empleo del condado Randolph, incluidos adultos con antecedentes penales, con asistencia de búsqueda de empleo, ayuda con currículum y carta de presentación, preparación para entrevistas, orientación profesional y servicios de seguro de desempleo. La Comisión del Condado Randolph y otros empleadores locales dirigen a los solicitantes a esta oficina para presentar solicitudes de empleo. Servicios de fuerza laboral gratuitos, no una oficina de beneficios de DHR sin cita.",3928 Highway 431,Roanoke,256-692-5838,Roanoke@alcc.alabama.gov,https://adol.alabama.gov/career-centers/,Open to Randolph County job seekers including justice-involved individuals; core services are free; county government job applications accepted at this location.,Abierto a buscadores de empleo del condado Randolph incluidas personas con antecedentes penales; los servicios básicos son gratuitos; se aceptan solicitudes de empleo del gobierno del condado en esta ubicación.,Call 256-692-5838 or email Roanoke@alcc.alabama.gov before visiting; hours posted as 9:00 a.m.–4:00 p.m.,Llame al 256-692-5838 o envíe un correo a Roanoke@alcc.alabama.gov antes de visitar; el horario publicado es de 9:00 a.m. a 4:00 p.m.,"Monday–Friday, 9:00 a.m.–4:00 p.m.",roanoke|randolph|employment|career-center|fair-chance|reentry,Job search assistance|Resume and cover letter help|Interview preparation|Career counseling|Unemployment insurance services,Randolph,Randolph,single
178,Tanner Medical Center/East Alabama,healthcare,Wedowee / Randolph County,"Tanner Medical Center/East Alabama is a 50,000-square-foot critical access hospital in Wedowee providing 24-hour emergency care with eight exam rooms, inpatient beds, on-site laboratory and imaging, and surgical services for Randolph County residents. The adjacent medical office building houses Tanner Primary Care of Wedowee and specialty services including gastroenterology, gynecology, and oncology. County residents approved a sales tax to fund the hospital after the county's previous hospital closed in 2011. A hospital — not a benefits or probation office.","Tanner Medical Center/East Alabama es un hospital de acceso crítico de 50,000 pies cuadrados en Wedowee que ofrece atención de emergencia las 24 horas con ocho salas de examen, camas de hospitalización, laboratorio e imágenes en el sitio, y servicios quirúrgicos para residentes del condado Randolph. El edificio de oficinas médicas adyacente alberga Tanner Primary Care of Wedowee y servicios de especialidad incluyendo gastroenterología, ginecología y oncología. Los residentes del condado aprobaron un impuesto sobre las ventas para financiar el hospital después de que el hospital anterior del condado cerrara en 2011. Es un hospital, no una oficina de beneficios ni de libertad condicional.",1032 South Main Street,Wedowee,256-357-2111,,https://www.tanner.org/tanner-medical-center-east-alabama,"Open to Randolph County residents; emergency care provided regardless of ability to pay; Medicaid, Medicare, and uninsured patients accepted for eligible services.","Abierto a residentes del condado Randolph; atención de emergencia sin importar la capacidad de pago; se aceptan pacientes con Medicaid, Medicare y sin seguro para servicios elegibles.",Emergency department open 24/7; call 256-357-2111 for the hospital operator; Tanner Primary Care of Wedowee appointments at 256-357-2188.,Departamento de emergencias abierto las 24 horas; llame al 256-357-2111 para el conmutador del hospital; citas de Tanner Primary Care of Wedowee al 256-357-2188.,Emergency 24/7; clinic hours 7:00 a.m.–5:00 p.m. Monday–Friday,wedowee|randolph|healthcare|hospital|emergency-care|reentry,Emergency care|Inpatient services|Surgical services|Diagnostic imaging|Primary and specialty care referrals,Randolph,Randolph,single
179,Clay County Hospital,healthcare,Ashland / Clay County,"Clay County Hospital is a 53-bed acute care hospital in Ashland offering emergency care, radiology, physical and occupational therapy, cardiology, and a sleep lab, alongside an 83-bed nursing home and hospice program. Returning citizens without a medical home can access emergency treatment and outpatient follow-up regardless of insurance status. A hospital — not a walk-in benefits office; the county health department in Lineville handles WIC and clinical screenings.","Clay County Hospital es un hospital de cuidados agudos de 53 camas en Ashland que ofrece atención de emergencia, radiología, terapia física y ocupacional, cardiología y un laboratorio del sueño, además de un hogar de ancianos de 83 camas y un programa de cuidados paliativos. Ciudadanos que regresan sin un hogar médico pueden recibir tratamiento de emergencia y seguimiento ambulatorio sin importar su estado de seguro. Es un hospital, no una oficina de beneficios sin cita; el departamento de salud del condado en Lineville maneja WIC y evaluaciones clínicas.",83825 Highway 9,Ashland,256-354-2131,,https://www.claycountyhospital.com/,"Open to Clay County residents; emergency care provided regardless of ability to pay; Medicaid, Medicare, and uninsured patients accepted for eligible services.","Abierto a residentes del condado Clay; atención de emergencia sin importar la capacidad de pago; se aceptan pacientes con Medicaid, Medicare y sin seguro para servicios elegibles.",Emergency and main hospital line 256-354-2131; Clay County Health & Wellness Center 256-354-1260; Clay County Health Department in Lineville 256-396-6421 for WIC and clinical services.,Línea principal del hospital y emergencias 256-354-2131; Clay County Health & Wellness Center 256-354-1260; Departamento de Salud del Condado Clay en Lineville 256-396-6421 para WIC y servicios clínicos.,Emergency 24/7; hospital and clinic hours vary,ashland|clay|healthcare|hospital|emergency-care|reentry,Emergency care|Radiology|Physical and occupational therapy|Cardiology clinic|Skilled nursing and hospice,Clay,Clay,single
180,Southern Union State Community College — Adult Education (Clay County),education,Lineville / Clay County,"Southern Union State Community College Adult Education offers free GED preparation classes at Central High School of Clay County in Lineville, serving Clay County adults including returning citizens rebuilding credentials for employment through NCWorks-style referrals and career pathway programs. Instructors provide an individualized plan of instruction based on TABE placement testing, and students work at their own pace rather than a fixed term. Free instruction — official GED test fees are covered for enrolled students.","Southern Union State Community College Adult Education ofrece clases gratuitas de preparación GED en Central High School of Clay County en Lineville, sirviendo a adultos del condado Clay incluidos ciudadanos que regresan que reconstruyen credenciales para el empleo a través de programas de vías de carrera. Los instructores proporcionan un plan de instrucción individualizado basado en la prueba de ubicación TABE, y los estudiantes trabajan a su propio ritmo en lugar de un plazo fijo. La instrucción es gratuita; las tarifas del examen GED oficial están cubiertas para los estudiantes inscritos.",1 Bob Riley Drive,Lineville,334-749-8480,rfields@suscc.edu,https://www.suscc.edu/programs/class-locations,Adults age 18+ in Clay County; ages 16–17 with documentation of withdrawal from school; justice-involved adults welcome.,Adultos de 18 años o más en el condado Clay; 16–17 años con documentación de retiro escolar; adultos con antecedentes penales bienvenidos.,Classes meet Monday and Wednesday 3:00–7:00 p.m. at Central High School of Clay County; call 334-749-8480 or email rfields@suscc.edu to enroll; TABE placement testing required before starting.,Las clases se reúnen los lunes y miércoles de 3:00 a 7:00 p.m. en Central High School of Clay County; llame al 334-749-8480 o envíe un correo a rfields@suscc.edu para inscribirse; se requiere la prueba de ubicación TABE antes de comenzar.,"Monday and Wednesday, 3:00 p.m.–7:00 p.m.",lineville|clay|education|GED|adult-education|reentry,GED preparation|TABE placement testing|Individualized instruction plans|Career pathway referrals,Clay,Clay,single
181,Whatley Health Services — Marion Clinic,healthcare,Marion / Perry County,"Whatley Health Services operates a Federally Qualified Health Center clinic in Marion serving Perry, Marengo, and surrounding Black Belt counties with primary medical, dental, behavioral health, and sliding-fee care for uninsured and Medicaid patients. Justice-involved adults reestablishing healthcare after release from Perry County Jail or ADOC custody can access same-week appointments and medication assistance. Direct clinical care—not a probation reporting office.","Whatley Health Services opera una clínica del Centro de Salud Calificado Federalmente en Marion que sirve a Perry, Marengo y condados circundantes del Cinturón Negro con atención médica primaria, dental, de salud conductual y tarifas móviles para pacientes sin seguro y Medicaid. Los adultos con antecedentes penales que restablecen atención médica pueden acceder a citas y asistencia con medicamentos.",1000 Washington Street,Marion,334-683-6693,,https://www.whatleyhealth.org,"Residents of Perry, Marengo, and surrounding counties; sliding-fee scale based on income; Medicaid and Medicare accepted.","Residentes de Perry, Marengo y condados circundantes; escala de tarifas según ingresos; se aceptan Medicaid y Medicare.",Call 334-683-6693 for appointments; behavioral health and dental at select sites; pharmacy assistance available.,Llame al 334-683-6693 para citas; salud conductual y dental en sitios selectos; asistencia de farmacia disponible.,Monday–Friday business hours,marion|perry|marengo|healthcare|FQHC|primary-care|black-belt|reentry,Primary medical care|Dental services|Behavioral health counseling|Sliding-fee program|Pharmacy assistance,Perry,Perry|Marengo,multi
182,Northwest-Shoals Community College — Adult Education (Winston County),education,Double Springs / Winston County,Northwest-Shoals Community College Adult Education offers free GED preparation at the Winston County satellite site in Double Springs for adults including returning citizens in rural northwest Alabama rebuilding credentials for North Alabama Career Center referrals. Instructors provide TABE-based individualized instruction and connections to Alabama Career Center Hamilton. Free GED classes—not a substance use residential program.,Northwest-Shoals Community College Adult Education ofrece preparación gratuita para el GED en el sitio satélite del condado Winston en Double Springs para adultos incluidos ciudadanos que regresan en el noroeste rural de Alabama que reconstruyen credenciales para referencias del North Alabama Career Center.,1481 Highway 33,Double Springs,256-331-5200,,https://www.nwscc.edu/adult-education/,Adults age 18+ in Winston and surrounding counties; ages 16–17 with school withdrawal documentation; justice-involved adults welcome.,Adultos de 18 años o más en Winston y condados circundantes; 16–17 años con documentación de retiro escolar; adultos con antecedentes penales bienvenidos.,Call 256-331-5200 for enrollment; classes at Double Springs and Phil Campbell campuses; TABE placement required.,Llame al 256-331-5200 para inscripción; clases en campus Double Springs y Phil Campbell; se requiere ubicación TABE.,Class schedules vary; contact adult education office,double-springs|winston|education|GED|adult-education|reentry,GED preparation|TABE placement testing|Individualized instruction|Career center referrals,Winston,Winston,single
183,Alabama Career Center — Anniston,employment,Anniston / Multi-County,"The Anniston Career Center connects job seekers in Calhoun, Cleburne, Talladega, and Clay counties—including justice-involved adults on ABPP supervision—to free job search assistance, resume help, WIOA training referrals, and fair-chance employer connections through East AlabamaWorks. Staff coordinate with Gadsden State Community College adult education and East Central Alabama behavioral health partners. Workforce center—not emergency housing or legal aid intake.","El Alabama Career Center de Anniston conecta buscadores de empleo en los condados Calhoun, Cleburne, Talladega y Clay—incluidos adultos con antecedentes penales bajo supervisión de ABPP—a ayuda gratuita de búsqueda de empleo, currículum, referencias de capacitación WIOA y conexiones con empleadores de segunda oportunidad a través de East AlabamaWorks.",1731 Coleman Road,Anniston,256-832-0147,,https://joblink.alabama.gov,Open to east-central Alabama job seekers including justice-involved individuals; core Career Center services are free.,Abierto a buscadores de empleo del centro-este de Alabama incluidas personas con antecedentes penales; los servicios básicos del Career Center son gratuitos.,Register at joblink.alabama.gov before visiting; pairs with ABPP Anniston and Legal Services Alabama Anniston office.,Regístrese en joblink.alabama.gov antes de visitar; se vincula con ABPP Anniston y Legal Services Alabama Anniston.,"Monday–Friday, 8:00 a.m.–5:00 p.m.",anniston|calhoun|employment|career-center|WIOA|rural-depth|reentry,Job search assistance|Resume help|WIOA training referrals|Fair-chance employment|East AlabamaWorks partnerships,Calhoun,Calhoun|Cleburne|Talladega|Clay,multi
184,Alabama Career Center — Gadsden,employment,Gadsden / Multi-County,"The Gadsden Career Center connects job seekers in Etowah, Cherokee, and DeKalb counties—including returning citizens rebuilding work history after ADOC or county jail release—to free resume assistance, job search resources, WIOA training referrals, and employer job fairs through East AlabamaWorks. Veterans receive priority services. Workforce center—not a DHR benefits or probation reporting office.","El Alabama Career Center de Gadsden conecta buscadores de empleo en los condados Etowah, Cherokee y DeKalb—incluidos ciudadanos que regresan que reconstruyen historial laboral tras liberación de ADOC o cárcel del condado—a asistencia gratuita de currículum, recursos de búsqueda de empleo, referencias WIOA y ferias de empleo.",216 North 5th Street,Gadsden,256-546-4667,leticia.whitfield@alcc.alabama.gov,https://joblink.alabama.gov,Open to northeast Alabama job seekers including justice-involved adults; veterans receive priority services.,Abierto a buscadores de empleo del noreste de Alabama incluidos adultos con antecedentes penales; veteranos reciben servicios prioritarios.,Register at joblink.alabama.gov; hosts seasonal hiring fairs with East AlabamaWorks; Fort Payne satellite serves DeKalb County.,Regístrese en joblink.alabama.gov; organiza ferias de contratación estacionales con East AlabamaWorks; el satélite de Fort Payne sirve al condado DeKalb.,"Monday–Friday, 8:00 a.m.–5:00 p.m.",gadsden|etowah|employment|career-center|WIOA|rural-depth|reentry,Job search assistance|Resume preparation|WIOA training referrals|Veteran employment services|Employer job fairs,Etowah,Etowah|Cherokee|DeKalb,multi
185,Alabama Career Center — Opelika,employment,Opelika / Multi-County,"The Opelika Career Center connects job seekers in Lee, Russell, Chambers, Macon, and Tallapoosa counties—including justice-involved adults on ABPP supervision—to free job search assistance, career counseling, WIOA training referrals, and fair-chance employer connections through the Food Bank of East Alabama workforce partnership network. Staff link returning citizens to Southern Union State Community College adult education. Workforce center—not emergency shelter intake.","El Alabama Career Center de Opelika conecta buscadores de empleo en los condados Lee, Russell, Chambers, Macon y Tallapoosa—incluidos adultos con antecedentes penales bajo supervisión de ABPP—a asistencia gratuita de búsqueda de empleo, asesoría de carrera y referencias WIOA.",2300 Frederick Road,Opelika,334-749-5065,Opelika@alcc.alabama.gov,https://joblink.alabama.gov,Open to east Alabama job seekers including justice-involved individuals; core services free.,Abierto a buscadores de empleo del este de Alabama incluidas personas con antecedentes penales; servicios básicos gratuitos.,"Register at joblink.alabama.gov; pairs with ABPP Opelika, Phenix City, and LaFayette field offices.","Regístrese en joblink.alabama.gov; se vincula con oficinas de campo ABPP Opelika, Phenix City y LaFayette.","Monday–Friday, 8:00 a.m.–4:30 p.m.",opelika|lee|employment|career-center|WIOA|rural-depth|reentry,Job search assistance|Career counseling|WIOA training referrals|Fair-chance employment|Adult education referrals,Lee,Lee|Russell|Chambers|Macon|Tallapoosa,multi
186,Alabama Career Center — Jasper,employment,Jasper / Walker County,"The Jasper Career Center connects job seekers in Walker and Winston counties—including justice-involved adults returning from Walker County Jail or ADOC custody—to free job search assistance, resume help, WIOA training referrals, and fair-chance employer connections with regional mining and manufacturing employers. Staff coordinate with Bevill State Community College adult education and Legal Services Alabama Birmingham office. Workforce center—not a probation reporting site.","El Alabama Career Center de Jasper conecta buscadores de empleo en los condados Walker y Winston—incluidos adultos con antecedentes penales que regresan de la cárcel del condado Walker o custodia de ADOC—a asistencia gratuita de búsqueda de empleo, currículum y referencias WIOA.",3409 11th Avenue,Jasper,205-384-9011,,https://joblink.alabama.gov,Open to Walker and Winston County job seekers including justice-involved individuals; core services free.,Abierto a buscadores de empleo de los condados Walker y Winston incluidas personas con antecedentes penales; servicios básicos gratuitos.,Register at joblink.alabama.gov; pairs with ABPP Jasper field office and Community Food Bank of Central Alabama.,Regístrese en joblink.alabama.gov; se vincula con la oficina de campo ABPP Jasper y el Banco de Alimentos Comunitario de Alabama Central.,Monday–Friday business hours,jasper|walker|employment|career-center|WIOA|rural-depth|reentry,Job search assistance|Resume help|WIOA training referrals|Fair-chance employment|Manufacturing employer connections,Walker,Walker|Winston,multi
187,Alabama Career Center — Hamilton,employment,Hamilton / Marion County,"The Hamilton Career Center connects job seekers in Marion and surrounding northwest Alabama counties—including returning citizens reestablishing employment after incarceration—to free job search assistance, resume help, and WIOA training referrals through North AlabamaWorks. The center hosts periodic employer job fairs and coordinates with Northwest-Shoals Community College adult education in Double Springs. Workforce center—not a DHR or legal aid office.","El Alabama Career Center de Hamilton conecta buscadores de empleo en Marion y condados del noroeste de Alabama—incluidos ciudadanos que regresan que reestablecen empleo tras encarcelación—a asistencia gratuita de búsqueda de empleo, currículum y referencias WIOA a través de North AlabamaWorks.",1481 Military Street South,Hamilton,205-921-5672,,https://joblink.alabama.gov,Open to Marion County and northwest Alabama job seekers including justice-involved adults; core services free.,Abierto a buscadores de empleo del condado Marion y noroeste de Alabama incluidos adultos con antecedentes penales; servicios básicos gratuitos.,Register at joblink.alabama.gov; Haleyville itinerant point serves Winston County first and third Mondays.,Regístrese en joblink.alabama.gov; el punto itinerante de Haleyville sirve al condado Winston el primer y tercer lunes.,"Monday–Friday, 8:00 a.m.–4:30 p.m.",hamilton|marion|employment|career-center|WIOA|rural-depth|reentry,Job search assistance|Resume help|WIOA training referrals|Employer job fairs|Adult education referrals,Marion,Marion|Winston,multi
188,Alabama Career Center — Decatur,employment,Decatur / Lawrence County,"The Decatur Career Center connects job seekers in Lawrence, Morgan, and Limestone counties—including justice-involved adults on community supervision—to free job search assistance, career coaching, WIOA training referrals, and fair-chance employment navigation through North AlabamaWorks. Staff link returning citizens to Calhoun Community College adult education and Food Bank of North Alabama partners. Workforce center—not emergency housing intake.","El Alabama Career Center de Decatur conecta buscadores de empleo en los condados Lawrence, Morgan y Limestone—incluidos adultos con antecedentes penales bajo supervisión comunitaria—a asistencia gratuita de búsqueda de empleo, coaching de carrera y referencias WIOA.",1819 Bassett Avenue SE,Decatur,256-355-0872,,https://joblink.alabama.gov,Open to north Alabama job seekers including justice-involved individuals; veterans receive priority services.,Abierto a buscadores de empleo del norte de Alabama incluidas personas con antecedentes penales; veteranos reciben servicios prioritarios.,Register at joblink.alabama.gov; Moulton ABPP field office serves Lawrence County supervisees.,Regístrese en joblink.alabama.gov; la oficina de campo ABPP Moulton atiende supervisados del condado Lawrence.,Monday–Friday business hours,decatur|lawrence|employment|career-center|WIOA|rural-depth|reentry,Job search assistance|Career coaching|WIOA training referrals|Fair-chance employment|Veteran priority services,Lawrence,Lawrence|Morgan|Limestone,multi
189,Alabama Career Center — Oneonta,employment,Oneonta / Blount County,"The Oneonta Career Center connects Blount County job seekers—including justice-involved adults returning from Blount County Detention Center or ADOC custody—to free job search assistance, resume help, WIOA training referrals, and employer connections through North AlabamaWorks. Staff coordinate with Wallace State Community College adult education and Community Food Bank of Central Alabama partner pantries. Workforce center—not a walk-in DHR benefits office.","El Alabama Career Center de Oneonta conecta buscadores de empleo del condado Blount—incluidos adultos con antecedentes penales que regresan de la cárcel del condado Blount o custodia de ADOC—a asistencia gratuita de búsqueda de empleo, currículum y referencias WIOA.",55245 U.S. Highway 231,Oneonta,205-625-3626,,https://joblink.alabama.gov,Open to Blount County job seekers including justice-involved individuals; core Career Center services are free.,Abierto a buscadores de empleo del condado Blount incluidas personas con antecedentes penales; los servicios básicos del Career Center son gratuitos.,Register at joblink.alabama.gov; pairs with ABPP Oneonta field office and Legal Services Alabama Birmingham.,Regístrese en joblink.alabama.gov; se vincula con la oficina de campo ABPP Oneonta y Legal Services Alabama Birmingham.,Monday–Friday business hours,oneonta|blount|employment|career-center|WIOA|rural-depth|reentry,Job search assistance|Resume help|WIOA training referrals|Employer connections|Adult education referrals,Blount,Blount,single
190,Alabama Career Center — Andalusia,employment,Andalusia / Covington County,"The Andalusia Career Center connects job seekers in Covington and Crenshaw counties—including justice-involved adults on ABPP supervision—to free job search assistance, resume help, WIOA training referrals, and fair-chance employer connections in south-central Alabama. Staff coordinate with Lurleen B. Wallace Community College adult education and Wiregrass workforce partners. Workforce center—not a legal aid or food pantry.","El Alabama Career Center de Andalusia conecta buscadores de empleo en los condados Covington y Crenshaw—incluidos adultos con antecedentes penales bajo supervisión de ABPP—a asistencia gratuita de búsqueda de empleo, currículum y referencias WIOA en el centro-sur de Alabama.",202 YMCA Drive,Andalusia,334-222-3116,,https://joblink.alabama.gov,Open to Covington and Crenshaw County job seekers including justice-involved adults; core services free.,Abierto a buscadores de empleo de los condados Covington y Crenshaw incluidos adultos con antecedentes penales; servicios básicos gratuitos.,Register at joblink.alabama.gov; pairs with ABPP Andalusia field office and Legal Services Alabama Dothan.,Regístrese en joblink.alabama.gov; se vincula con la oficina de campo ABPP Andalusia y Legal Services Alabama Dothan.,Monday–Friday business hours,andalusia|covington|employment|career-center|WIOA|rural-depth|reentry,Job search assistance|Resume help|WIOA training referrals|Fair-chance employment|Wiregrass workforce partnerships,Covington,Covington|Crenshaw,multi
191,Alabama Career Center — Enterprise,employment,Enterprise / Barbour County,"The Enterprise Career Center connects job seekers in Barbour, Coffee, and Pike counties—including returning citizens rebuilding employment in the Wiregrass region—to free job search assistance, resume help, WIOA training referrals, and employer job fairs. Staff coordinate with Wallace Community College Dothan adult education and Southeast Alabama Community Action Partnership. Workforce center—not emergency cash assistance.","El Alabama Career Center de Enterprise conecta buscadores de empleo en los condados Barbour, Coffee y Pike—incluidos ciudadanos que regresan que reconstruyen empleo en la región Wiregrass—a asistencia gratuita de búsqueda de empleo, currículum y referencias WIOA.",600 Plaza Drive,Enterprise,334-347-0024,,https://joblink.alabama.gov,Open to Wiregrass region job seekers including justice-involved individuals; core services free.,Abierto a buscadores de empleo de la región Wiregrass incluidas personas con antecedentes penales; servicios básicos gratuitos.,Register at joblink.alabama.gov; pairs with ABPP Troy field office and Heart of Alabama Food Bank.,Regístrese en joblink.alabama.gov; se vincula con la oficina de campo ABPP Troy y el Banco de Alimentos Heart of Alabama.,Monday–Friday business hours,enterprise|barbour|employment|career-center|WIOA|rural-depth|reentry,Job search assistance|Resume help|WIOA training referrals|Employer job fairs|Wiregrass workforce navigation,Barbour,Barbour|Coffee|Pike,multi
192,Alabama Career Center — Greenville,employment,Greenville / Butler County,"The Greenville Career Center connects Butler County job seekers—including justice-involved adults on ABPP supervision—to free job search assistance, resume help, WIOA training referrals, and fair-chance employer connections in the Black Belt and River Region. Staff link returning citizens to Lurleen B. Wallace Community College adult education and Heart of Alabama Food Bank partner pantries. Workforce center—not a probation reporting office.","El Alabama Career Center de Greenville conecta buscadores de empleo del condado Butler—incluidos adultos con antecedentes penales bajo supervisión de ABPP—a asistencia gratuita de búsqueda de empleo, currículum y referencias WIOA en el Cinturón Negro y la región del río.",1000 East Commerce Street,Greenville,334-382-3211,,https://joblink.alabama.gov,Open to Butler County job seekers including justice-involved adults; core Career Center services are free.,Abierto a buscadores de empleo del condado Butler incluidos adultos con antecedentes penales; los servicios básicos del Career Center son gratuitos.,Register at joblink.alabama.gov; pairs with ABPP Greenville field office and Legal Services Alabama Montgomery.,Regístrese en joblink.alabama.gov; se vincula con la oficina de campo ABPP Greenville y Legal Services Alabama Montgomery.,Monday–Friday business hours,greenville|butler|employment|career-center|WIOA|rural-depth|reentry,Job search assistance|Resume help|WIOA training referrals|Fair-chance employment|Black Belt workforce navigation,Butler,Butler,single
193,Alabama Career Center — Troy,employment,Troy / Pike County,"The Troy Career Center connects Pike, Barbour, and Macon County job seekers—including justice-involved adults returning from ADOC custody—to free job search assistance, resume help, WIOA training referrals, and employer connections. Staff coordinate with Troy University adult education partners and East Central Mental Health substance use referrals. Workforce center—not emergency shelter intake.","El Alabama Career Center de Troy conecta buscadores de empleo de los condados Pike, Barbour y Macon—incluidos adultos con antecedentes penales que regresan de custodia de ADOC—a asistencia gratuita de búsqueda de empleo, currículum y referencias WIOA.",1023 South Brundidge Street,Troy,334-566-3920,,https://joblink.alabama.gov,"Open to Pike, Barbour, and Macon County job seekers including justice-involved individuals; core services free.","Abierto a buscadores de empleo de los condados Pike, Barbour y Macon incluidas personas con antecedentes penales; servicios básicos gratuitos.",Register at joblink.alabama.gov; pairs with ABPP Troy field office and Food Bank of East Alabama.,Regístrese en joblink.alabama.gov; se vincula con la oficina de campo ABPP Troy y el Banco de Alimentos del Este de Alabama.,Monday–Friday business hours,troy|pike|employment|career-center|WIOA|rural-depth|reentry,Job search assistance|Resume help|WIOA training referrals|Employer connections|Behavioral health referrals,Pike,Pike|Barbour|Macon,multi
194,Alabama Career Center — Centreville (Bibb County),employment,Centreville / Bibb County,"The Centreville Career Center location connects Bibb County job seekers—including justice-involved adults rebuilding employment in rural West Alabama—to free job search assistance, resume help, and WIOA training referrals through West AlabamaWorks and the Tuscaloosa Career Center network. Staff coordinate with Bevill State Community College adult education and Whatley Health Services. Workforce services—not a DHR or legal aid office.","La ubicación del Alabama Career Center en Centreville conecta buscadores de empleo del condado Bibb—incluidos adultos con antecedentes penales que reconstruyen empleo en el oeste rural de Alabama—a asistencia gratuita de búsqueda de empleo, currículum y referencias WIOA.",183 South Main Street,Centreville,205-926-4131,,https://joblink.alabama.gov,Open to Bibb County job seekers including justice-involved adults; core Career Center services are free.,Abierto a buscadores de empleo del condado Bibb incluidos adultos con antecedentes penales; los servicios básicos del Career Center son gratuitos.,Register at joblink.alabama.gov; full-service support also available at the Tuscaloosa Career Center.,Regístrese en joblink.alabama.gov; apoyo de servicio completo también disponible en el Career Center de Tuscaloosa.,Monday–Friday business hours,centreville|bibb|employment|career-center|WIOA|rural-depth|reentry,Job search assistance|Resume help|WIOA training referrals|West AlabamaWorks navigation|Healthcare partner referrals,Bibb,Bibb,single
195,Alabama Bureau of Pardons and Paroles — Anniston Field Office,probation-parole,Anniston / Calhoun County,"The Alabama Bureau of Pardons and Paroles Anniston Field Office supervises probationers and parolees in Calhoun and Cleburne counties, connecting returning citizens to East AlabamaWorks career centers, Highland Health Systems treatment, and Legal Services Alabama Anniston. Officers conduct office, home, and employment contacts based on supervision level. Field supervision office—not a walk-in SNAP or emergency shelter site.","La Oficina de Campo de Anniston del Buró de Indultos y Libertad Condicional de Alabama supervisa a personas en probatoria y libertad condicional en los condados Calhoun y Cleburne, conectando a quienes regresan con centros de carrera East AlabamaWorks, tratamiento de Highland Health Systems y Legal Services Alabama Anniston.","1201 Gurnee Avenue, Suite 2",Anniston,256-231-1710,,https://paroles.alabama.gov/locations/anniston-field-office/,Individuals under Alabama Bureau of Pardons and Paroles community supervision in Calhoun or Cleburne counties; report to assigned officer.,Personas bajo supervisión comunitaria del Buró de Indultos y Libertad Condicional de Alabama en los condados Calhoun o Cleburne; repórtese al oficial asignado.,Office hours Monday–Friday 8:00 a.m.–5:00 p.m.; pairs with Anniston Career Center and East Central Alabama behavioral health partners.,Horario de oficina lunes a viernes de 8:00 a.m. a 5:00 p.m.; se vincula con el Career Center de Anniston y aliados de salud conductual del este de Alabama.,"Monday–Friday, 8:00 a.m.–5:00 p.m.",anniston|calhoun|probation-parole|ABPP|rural-depth|reentry,Calhoun-Cleburne probation supervision|Parole reporting|Workforce referrals|Treatment coordination|Legal aid referrals,Calhoun,Calhoun|Cleburne,multi
196,Alabama Bureau of Pardons and Paroles — Gadsden Field Office,probation-parole,Gadsden / Etowah County,"The Alabama Bureau of Pardons and Paroles Gadsden Field Office supervises probationers and parolees in Etowah County, coordinating referrals to the Gadsden Career Center, WellStone behavioral health, and Legal Services Alabama Gadsden for people rebuilding stability after ADOC or county jail release. Field reporting office—not a walk-in benefits or food pantry.","La Oficina de Campo de Gadsden del Buró de Indultos y Libertad Condicional de Alabama supervisa a personas en probatoria y libertad condicional del condado Etowah, coordinando referencias al Career Center de Gadsden, WellStone y Legal Services Alabama Gadsden.",3200 W Meighan Boulevard,Gadsden,256-549-2750,,https://paroles.alabama.gov,Individuals under ABPP community supervision in Etowah County; report to assigned officer.,Personas bajo supervisión comunitaria de ABPP en el condado Etowah; repórtese al oficial asignado.,Closed 12:00–1:00 p.m. for lunch; DeKalb and Cherokee counties served by Fort Payne field office.,Cerrado de 12:00 a 1:00 p.m. para almuerzo; los condados DeKalb y Cherokee son atendidos por la oficina de campo de Fort Payne.,"Monday–Friday, 8:00 a.m.–5:00 p.m. (closed 12:00–1:00 p.m.)",gadsden|etowah|probation-parole|ABPP|rural-depth|reentry,Etowah County probation supervision|Parole reporting|Career center referrals|Behavioral health coordination,Etowah,Etowah,single
197,Alabama Bureau of Pardons and Paroles — Fort Payne Field Office,probation-parole,Fort Payne / DeKalb County,"The Alabama Bureau of Pardons and Paroles Fort Payne Field Office supervises probationers and parolees in DeKalb and Cherokee counties and operates a Day Reporting Center Lite with substance dependence and job training programming for higher-need supervisees. Officers connect returning citizens to Fort Payne Career Center, Highlands Medical Center, and Legal Services Alabama Gadsden. Field office—not emergency housing intake.",La Oficina de Campo de Fort Payne del Buró de Indultos y Libertad Condicional de Alabama supervisa a personas en probatoria y libertad condicional en los condados DeKalb y Cherokee y opera un Day Reporting Center Lite con programación de dependencia de sustancias y capacitación laboral.,2001 Jordan Road SW,Fort Payne,256-845-3801,,https://paroles.alabama.gov,Individuals under ABPP community supervision in DeKalb or Cherokee counties; report to assigned officer.,Personas bajo supervisión comunitaria de ABPP en los condados DeKalb o Cherokee; repórtese al oficial asignado.,DRC Lite offers cognitive behavioral treatment and educational referrals; pairs with Fort Payne Career Center.,El DRC Lite ofrece tratamiento cognitivo conductual y referencias educativas; se vincula con el Career Center de Fort Payne.,Monday–Friday business hours,fort-payne|dekalb|probation-parole|ABPP|DRC-lite|rural-depth|reentry,DeKalb-Cherokee probation supervision|DRC Lite programming|Substance dependence assistance|Career training referrals,DeKalb,DeKalb|Cherokee,multi
198,Alabama Bureau of Pardons and Paroles — Phenix City Field Office,probation-parole,Phenix City / Russell County,"The Alabama Bureau of Pardons and Paroles Phenix City Field Office supervises probationers and parolees in Russell County, connecting supervisees to Opelika Career Center, Food Bank of East Alabama partner pantries, and Legal Services Alabama Opelika. Officers monitor compliance with supervision conditions and refer people leaving custody to workforce and treatment partners. Field office—not a legal aid clinic.","La Oficina de Campo de Phenix City del Buró de Indultos y Libertad Condicional de Alabama supervisa a personas en probatoria y libertad condicional del condado Russell, conectando supervisados con el Career Center de Opelika y Legal Services Alabama Opelika.",1521 5th Avenue,Phenix City,334-298-6521,,https://paroles.alabama.gov/locations/phenix-city-field-office/,Individuals under ABPP community supervision in Russell County; report to assigned officer.,Personas bajo supervisión comunitaria de ABPP en el condado Russell; repórtese al oficial asignado.,Closed 12:00–1:00 p.m. EST for lunch; Lee County served by Opelika field office.,Cerrado de 12:00 a 1:00 p.m. EST para almuerzo; el condado Lee es atendido por la oficina de campo de Opelika.,"Monday–Friday, 8:00 a.m.–5:00 p.m. EST (closed 12:00–1:00 p.m.)",phenix-city|russell|probation-parole|ABPP|rural-depth|reentry,Russell County probation supervision|Parole reporting|Workforce referrals|Food bank partner linkages,Russell,Russell,single
199,Alabama Bureau of Pardons and Paroles — LaFayette Field Office,probation-parole,LaFayette / Chambers County,"The Alabama Bureau of Pardons and Paroles LaFayette Field Office supervises probationers and parolees in Chambers County, referring supervisees to Opelika Career Center, Food Bank of East Alabama, and Legal Services Alabama Opelika for employment and stability supports after release. Field supervision office—not a walk-in cash assistance site.","La Oficina de Campo de LaFayette del Buró de Indultos y Libertad Condicional de Alabama supervisa a personas en probatoria y libertad condicional del condado Chambers, refiriendo supervisados al Career Center de Opelika y al Banco de Alimentos del Este de Alabama.",1211 South Gilmer Avenue,LaFayette,334-864-8881,,https://paroles.alabama.gov,Individuals under ABPP community supervision in Chambers County; report to assigned officer.,Personas bajo supervisión comunitaria de ABPP en el condado Chambers; repórtese al oficial asignado.,Pairs with Opelika Career Center and East Alabama reentry workforce partners.,Se vincula con el Career Center de Opelika y aliados de reinserción laboral del este de Alabama.,Monday–Friday business hours,lafayette|chambers|probation-parole|ABPP|rural-depth|reentry,Chambers County probation supervision|Parole reporting|Employment referrals|Food security partner linkages,Chambers,Chambers,single
200,Alabama Bureau of Pardons and Paroles — Jasper Field Office,probation-parole,Jasper / Walker County,"The Alabama Bureau of Pardons and Paroles Jasper Field Office supervises probationers and parolees in Walker County, connecting supervisees to Jasper Career Center, Community Food Bank of Central Alabama, and Legal Services Alabama Birmingham for people rebuilding stability after incarceration. Field reporting office—not emergency shelter intake.","La Oficina de Campo de Jasper del Buró de Indultos y Libertad Condicional de Alabama supervisa a personas en probatoria y libertad condicional del condado Walker, conectando supervisados con el Career Center de Jasper y Legal Services Alabama Birmingham.",1710 Alabama Avenue,Jasper,205-384-7264,,https://paroles.alabama.gov,Individuals under ABPP community supervision in Walker County; report to assigned officer.,Personas bajo supervisión comunitaria de ABPP en el condado Walker; repórtese al oficial asignado.,Pairs with Jasper Career Center and Bevill State Community College adult education.,Se vincula con el Career Center de Jasper y educación para adultos de Bevill State Community College.,Monday–Friday business hours,jasper|walker|probation-parole|ABPP|rural-depth|reentry,Walker County probation supervision|Parole reporting|Career center referrals|Food bank linkages,Walker,Walker,single
201,Alabama Bureau of Pardons and Paroles — Hamilton Field Office,probation-parole,Hamilton / Marion County,"The Alabama Bureau of Pardons and Paroles Hamilton Field Office supervises probationers and parolees in Marion County, coordinating referrals to Hamilton Career Center, West Alabama Food Bank partner pantries, and Legal Services Alabama Tuscaloosa for rural northwest Alabama supervisees. Field office—not a DHR benefits application site.","La Oficina de Campo de Hamilton del Buró de Indultos y Libertad Condicional de Alabama supervisa a personas en probatoria y libertad condicional del condado Marion, coordinando referencias al Career Center de Hamilton y Legal Services Alabama Tuscaloosa.",1440 Military Street South,Hamilton,205-921-3701,,https://paroles.alabama.gov,Individuals under ABPP community supervision in Marion County; report to assigned officer.,Personas bajo supervisión comunitaria de ABPP en el condado Marion; repórtese al oficial asignado.,Winston County supervisees coordinate through regional ABPP assignment; call for reporting location.,Los supervisados del condado Winston coordinan a través de asignación regional de ABPP; llame para ubicación de reporte.,Monday–Friday business hours,hamilton|marion|probation-parole|ABPP|rural-depth|reentry,Marion County probation supervision|Parole reporting|Rural workforce referrals|Legal aid coordination,Marion,Marion|Winston,multi
202,Alabama Bureau of Pardons and Paroles — Moulton Field Office,probation-parole,Moulton / Lawrence County,"The Alabama Bureau of Pardons and Paroles Moulton Field Office supervises probationers and parolees in Lawrence County, connecting supervisees to Decatur Career Center, Food Bank of North Alabama, and Legal Services Alabama Huntsville. Officers refer people leaving custody to LIHEAP and workforce partners in the Shoals and Tennessee Valley region. Field office—not a food pantry.","La Oficina de Campo de Moulton del Buró de Indultos y Libertad Condicional de Alabama supervisa a personas en probatoria y libertad condicional del condado Lawrence, conectando supervisados con el Career Center de Decatur y el Banco de Alimentos del Norte de Alabama.",16245 Alabama Highway 157,Moulton,256-974-2461,,https://paroles.alabama.gov,Individuals under ABPP community supervision in Lawrence County; report to assigned officer.,Personas bajo supervisión comunitaria de ABPP en el condado Lawrence; repórtese al oficial asignado.,Pairs with Decatur Career Center and CAPNA energy assistance for north Alabama counties.,Se vincula con el Career Center de Decatur y asistencia energética CAPNA para condados del norte de Alabama.,Monday–Friday business hours,moulton|lawrence|probation-parole|ABPP|rural-depth|reentry,Lawrence County probation supervision|Parole reporting|Career center referrals|Energy assistance coordination,Lawrence,Lawrence,single
203,Alabama Bureau of Pardons and Paroles — Oneonta Field Office,probation-parole,Oneonta / Blount County,"The Alabama Bureau of Pardons and Paroles Oneonta Field Office supervises probationers and parolees in Blount County, referring supervisees to Oneonta Career Center, Community Food Bank of Central Alabama, and Legal Services Alabama Birmingham. Field supervision office—not a walk-in legal aid clinic.","La Oficina de Campo de Oneonta del Buró de Indultos y Libertad Condicional de Alabama supervisa a personas en probatoria y libertad condicional del condado Blount, refiriendo supervisados al Career Center de Oneonta y Legal Services Alabama Birmingham.",1001 Second Avenue East,Oneonta,205-625-2121,,https://paroles.alabama.gov,Individuals under ABPP community supervision in Blount County; report to assigned officer.,Personas bajo supervisión comunitaria de ABPP en el condado Blount; repórtese al oficial asignado.,Pairs with Oneonta Career Center and Wallace State Community College adult education.,Se vincula con el Career Center de Oneonta y educación para adultos de Wallace State Community College.,Monday–Friday business hours,oneonta|blount|probation-parole|ABPP|rural-depth|reentry,Blount County probation supervision|Parole reporting|Workforce referrals|Food bank partner linkages,Blount,Blount,single
204,Alabama Bureau of Pardons and Paroles — Ashland Field Office,probation-parole,Ashland / Clay County,"The Alabama Bureau of Pardons and Paroles Ashland Field Office supervises probationers and parolees in Clay and Coosa counties, connecting supervisees to Anniston Career Center, Highland Health Systems, and Legal Services Alabama Anniston. Field reporting office—not emergency cash or shelter intake.","La Oficina de Campo de Ashland del Buró de Indultos y Libertad Condicional de Alabama supervisa a personas en probatoria y libertad condicional en los condados Clay y Coosa, conectando supervisados con el Career Center de Anniston y Highland Health Systems.",2 Public Square,Ashland,256-354-2611,,https://paroles.alabama.gov,Individuals under ABPP community supervision in Clay or Coosa counties; report to assigned officer.,Personas bajo supervisión comunitaria de ABPP en los condados Clay o Coosa; repórtese al oficial asignado.,Pairs with Anniston Career Center and Coosa Valley Medical Center for rural east-central Alabama.,Se vincula con el Career Center de Anniston y Coosa Valley Medical Center para el centro-este rural de Alabama.,Monday–Friday business hours,ashland|clay|probation-parole|ABPP|rural-depth|reentry,Clay-Coosa probation supervision|Parole reporting|Workforce referrals|Healthcare coordination,Clay,Clay|Coosa,multi
205,Alabama Bureau of Pardons and Paroles — Andalusia Field Office,probation-parole,Andalusia / Covington County,"The Alabama Bureau of Pardons and Paroles Andalusia Field Office supervises probationers and parolees in Covington County, coordinating referrals to Andalusia Career Center, Feeding the Gulf Coast partner pantries, and Legal Services Alabama Dothan. Field office—not a substance use residential program.","La Oficina de Campo de Andalusia del Buró de Indultos y Libertad Condicional de Alabama supervisa a personas en probatoria y libertad condicional del condado Covington, coordinando referencias al Career Center de Andalusia y Legal Services Alabama Dothan.",101 Crestview Avenue,Andalusia,334-222-0141,,https://paroles.alabama.gov,Individuals under ABPP community supervision in Covington County; report to assigned officer.,Personas bajo supervisión comunitaria de ABPP en el condado Covington; repórtese al oficial asignado.,Crenshaw County supervisees may report through regional assignment; call office to confirm.,Los supervisados del condado Crenshaw pueden reportarse mediante asignación regional; llame a la oficina para confirmar.,Monday–Friday business hours,andalusia|covington|probation-parole|ABPP|rural-depth|reentry,Covington County probation supervision|Parole reporting|Gulf Coast workforce referrals|Food bank linkages,Covington,Covington|Crenshaw,multi
206,Alabama Bureau of Pardons and Paroles — Greenville Field Office,probation-parole,Greenville / Butler County,"The Alabama Bureau of Pardons and Paroles Greenville Field Office supervises probationers and parolees in Butler County, connecting supervisees to Greenville Career Center, Heart of Alabama Food Bank, and Legal Services Alabama Montgomery. Field supervision office—not a walk-in DHR benefits site.","La Oficina de Campo de Greenville del Buró de Indultos y Libertad Condicional de Alabama supervisa a personas en probatoria y libertad condicional del condado Butler, conectando supervisados con el Career Center de Greenville y el Banco de Alimentos Heart of Alabama.",800 East Commerce Street,Greenville,334-382-2681,,https://paroles.alabama.gov,Individuals under ABPP community supervision in Butler County; report to assigned officer.,Personas bajo supervisión comunitaria de ABPP en el condado Butler; repórtese al oficial asignado.,Pairs with Greenville Career Center and Black Belt reentry workforce partners.,Se vincula con el Career Center de Greenville y aliados de reinserción laboral del Cinturón Negro.,Monday–Friday business hours,greenville|butler|probation-parole|ABPP|rural-depth|reentry,Butler County probation supervision|Parole reporting|Employment referrals|Food security coordination,Butler,Butler,single
207,Alabama Bureau of Pardons and Paroles — Troy Field Office,probation-parole,Troy / Pike County,"The Alabama Bureau of Pardons and Paroles Troy Field Office supervises probationers and parolees in Pike, Barbour, and Macon counties, referring supervisees to Troy Career Center, Food Bank of East Alabama, and East Central Mental Health. Field office—not emergency housing placement.","La Oficina de Campo de Troy del Buró de Indultos y Libertad Condicional de Alabama supervisa a personas en probatoria y libertad condicional en los condados Pike, Barbour y Macon, refiriendo supervisados al Career Center de Troy y East Central Mental Health.",1203 South Brundidge Street,Troy,334-566-1511,,https://paroles.alabama.gov,"Individuals under ABPP community supervision in Pike, Barbour, or Macon counties; report to assigned officer.","Personas bajo supervisión comunitaria de ABPP en los condados Pike, Barbour o Macon; repórtese al oficial asignado.",Pairs with Troy Career Center and East Central Mental Health substance use services.,Se vincula con el Career Center de Troy y servicios de uso de sustancias de East Central Mental Health.,Monday–Friday business hours,troy|pike|probation-parole|ABPP|rural-depth|reentry,Pike-area probation supervision|Parole reporting|Workforce referrals|Substance use treatment coordination,Pike,Pike|Barbour|Macon,multi
208,Alabama Bureau of Pardons and Paroles — Selma Field Office,probation-parole,Selma / Dallas County,"The Alabama Bureau of Pardons and Paroles Selma Field Office supervises probationers and parolees in Dallas County, connecting supervisees to Alabama Career Center Selma, West Alabama Food Bank, and Legal Services Alabama Selma. Officers coordinate Black Belt reentry referrals with Wallace Community College adult education. Field office—not a walk-in food pantry.","La Oficina de Campo de Selma del Buró de Indultos y Libertad Condicional de Alabama supervisa a personas en probatoria y libertad condicional del condado Dallas, conectando supervisados con el Alabama Career Center Selma y Legal Services Alabama Selma.",1012 Water Avenue,Selma,334-874-1720,,https://paroles.alabama.gov,Individuals under ABPP community supervision in Dallas County; report to assigned officer.,Personas bajo supervisión comunitaria de ABPP en el condado Dallas; repórtese al oficial asignado.,Pairs with Selma Career Center and CSP of West Alabama LIHEAP programs.,Se vincula con el Career Center de Selma y programas LIHEAP de CSP del Oeste de Alabama.,Monday–Friday business hours,selma|dallas|probation-parole|ABPP|rural-depth|reentry,Dallas County probation supervision|Parole reporting|Black Belt workforce referrals|Legal aid coordination,Dallas,Dallas,single
209,Alabama Bureau of Pardons and Paroles — Evergreen Field Office,probation-parole,Evergreen / Conecuh County,"The Alabama Bureau of Pardons and Paroles Evergreen Field Office supervises probationers and parolees in Conecuh County, referring supervisees to regional career centers, Feeding the Gulf Coast partner pantries, and Legal Services Alabama Mobile. Field supervision office—not a healthcare clinic.","La Oficina de Campo de Evergreen del Buró de Indultos y Libertad Condicional de Alabama supervisa a personas en probatoria y libertad condicional del condado Conecuh, refiriendo supervisados a centros de carrera regionales y Legal Services Alabama Mobile.",100 Court Street,Evergreen,251-578-1212,,https://paroles.alabama.gov,Individuals under ABPP community supervision in Conecuh County; report to assigned officer.,Personas bajo supervisión comunitaria de ABPP en el condado Conecuh; repórtese al oficial asignado.,Pairs with Evergreen Medical Center and Community Action Agency of South Alabama.,Se vincula con Evergreen Medical Center y Community Action Agency of South Alabama.,Monday–Friday business hours,evergreen|conecuh|probation-parole|ABPP|rural-depth|reentry,Conecuh County probation supervision|Parole reporting|Gulf Coast workforce referrals|Healthcare coordination,Conecuh,Conecuh,single
210,Highland Health Systems,substance-use-treatment,Anniston / Multi-County,"Highland Health Systems is a Certified Community Behavioral Health Clinic in Anniston providing outpatient and intensive outpatient substance use treatment, co-occurring mental health care, and crisis stabilization for residents of Calhoun, Cleburne, Talladega, and Clay counties including justice-involved adults on ABPP supervision. Medicaid, Medicare, and sliding-fee services are available. Behavioral health provider—not a walk-in DHR or career center.","Highland Health Systems es una Clínica Comunitaria de Salud Conductual Certificada en Anniston que ofrece tratamiento ambulatorio e intensivo ambulatorio de uso de sustancias, atención de salud mental coexistente y estabilización de crisis para residentes de los condados Calhoun, Cleburne, Talladega y Clay incluidos adultos con antecedentes penales bajo supervisión de ABPP.",331 East 8th Street,Anniston,256-236-3403,,https://mh.alabama.gov/at_biz_dir/highland-health-systems/,Residents in the east-central Alabama service area; Medicaid and uninsured patients welcome including justice-involved adults.,Residentes en el área de servicio del centro-este de Alabama; pacientes con Medicaid y sin seguro bienvenidos incluidos adultos con antecedentes penales.,Call 256-236-3403 for intake; pairs with ABPP Anniston and Anniston Career Center reentry partners.,Llame al 256-236-3403 para admisión; se vincula con aliados de reinserción de ABPP Anniston y Career Center de Anniston.,Monday–Friday clinic hours; crisis services available,anniston|calhoun|substance-use-treatment|mental-health|CCBHC|rural-depth|reentry,Outpatient substance use treatment|Intensive outpatient programs|Co-occurring mental health|Crisis stabilization|Medicaid and sliding-fee care,Calhoun,Calhoun|Cleburne|Talladega|Clay,multi
211,East Central Mental Health Center,substance-use-treatment,Troy / Multi-County,"East Central Mental Health Center is a comprehensive community mental health center providing substance abuse and mental health services to residents of Bullock, Macon, and Pike counties, including outpatient treatment and crisis support for justice-involved adults rebuilding stability after incarceration. A public nonprofit CMHC—not a probation reporting or legal aid office.","East Central Mental Health Center es un centro comunitario integral de salud mental que brinda servicios de abuso de sustancias y salud mental a residentes de los condados Bullock, Macon y Pike, incluido tratamiento ambulatorio y apoyo de crisis para adultos con antecedentes penales.",200 Cherry Street,Troy,334-566-6000,,https://www.eastcentralmhc.org,"Residents of Bullock, Macon, or Pike counties; services provided regardless of ability to pay for eligible clients.","Residentes de los condados Bullock, Macon o Pike; servicios proporcionados sin importar capacidad de pago para clientes elegibles.",Call 334-566-6000 for intake; pairs with Troy Career Center and ABPP Troy field office.,Llame al 334-566-6000 para admisión; se vincula con el Career Center de Troy y la oficina de campo ABPP Troy.,Monday–Friday business hours,troy|pike|substance-use-treatment|mental-health|CMHC|rural-depth|reentry,Substance abuse treatment|Mental health counseling|Crisis support|Outpatient programs|Intellectual disabilities services,Pike,Bullock|Macon|Pike,multi
212,Northeast Alabama Health Services — Fort Payne FQHC,healthcare,Fort Payne / DeKalb County,"Northeast Alabama Health Services is a Federally Qualified Health Center in Fort Payne serving DeKalb and Cherokee counties with primary care, dental, behavioral health, and sliding-fee services for uninsured and Medicaid patients including returning citizens establishing a medical home. Direct clinical care—not a probation or workforce office.","Northeast Alabama Health Services es un Centro de Salud Calificado Federalmente en Fort Payne que sirve a los condados DeKalb y Cherokee con atención primaria, dental, salud conductual y servicios de tarifa móvil para pacientes sin seguro y con Medicaid incluidos ciudadanos que regresan.",3840 Gault Avenue North,Fort Payne,256-844-4975,,https://www.neahs.org,DeKalb and Cherokee County residents; sliding-fee discount based on income; Medicaid and Medicare accepted.,Residentes de los condados DeKalb y Cherokee; descuento de tarifa móvil según ingresos; se aceptan Medicaid y Medicare.,Call 256-844-4975 for Fort Payne clinic appointments; pairs with Fort Payne Career Center and ABPP Fort Payne.,Llame al 256-844-4975 para citas en la clínica de Fort Payne; se vincula con el Career Center de Fort Payne y ABPP Fort Payne.,Monday–Friday clinic hours,fort-payne|dekalb|healthcare|FQHC|primary-care|rural-depth|reentry,Primary medical care|Dental care|Behavioral health|Sliding-fee program|Medicaid enrollment assistance,DeKalb,DeKalb|Cherokee,multi
213,Stringfellow Memorial Hospital,healthcare,Anniston / Calhoun County,"Stringfellow Memorial Hospital in Anniston provides 24-hour emergency care, inpatient and outpatient medical services, and primary care access for Calhoun County residents including returning citizens without a medical home after release. The hospital accepts Medicaid, Medicare, and uninsured patients for eligible emergency and follow-up services. Acute-care hospital—not a walk-in benefits office.","Stringfellow Memorial Hospital en Anniston ofrece atención de emergencia las 24 horas, servicios médicos hospitalarios y ambulatorios, y acceso a atención primaria para residentes del condado Calhoun incluidos ciudadanos que regresan sin hogar médico tras su liberación.",301 East 18th Street,Anniston,256-235-8900,,https://www.stringfellow.org,Open to Calhoun County residents; emergency care regardless of ability to pay; Medicaid and uninsured patients accepted.,Abierto a residentes del condado Calhoun; atención de emergencia sin importar capacidad de pago; se aceptan pacientes con Medicaid y sin seguro.,Emergency department open 24/7; pairs with Highland Health Systems for behavioral health referrals.,Departamento de emergencias abierto las 24 horas; se vincula con Highland Health Systems para referencias de salud conductual.,Emergency 24/7; outpatient hours vary,anniston|calhoun|healthcare|hospital|emergency-care|rural-depth|reentry,Emergency care|Inpatient medical services|Outpatient clinics|Primary care access|Diagnostic imaging,Calhoun,Calhoun,single
214,Coosa Valley Medical Center,healthcare,Sylacauga / Talladega County,"Coosa Valley Medical Center in Sylacauga provides 24-hour emergency care, inpatient services, and outpatient primary care for Talladega and Coosa county residents including justice-involved adults reestablishing healthcare after incarceration. The hospital serves a rural east-central Alabama region with limited FQHC access. Hospital—not a DHR or probation office.","Coosa Valley Medical Center en Sylacauga ofrece atención de emergencia las 24 horas, servicios hospitalarios y atención primaria ambulatoria para residentes de los condados Talladega y Coosa incluidos adultos con antecedentes penales que restablecen atención médica tras encarcelación.",315 West Hickory Street,Sylacauga,256-249-5000,,https://www.coosavalleyhealth.com,Open to Talladega and Coosa County residents; emergency care regardless of ability to pay.,Abierto a residentes de los condados Talladega y Coosa; atención de emergencia sin importar capacidad de pago.,Emergency department open 24/7; pairs with Anniston Career Center and ABPP Ashland field office.,Departamento de emergencias abierto las 24 horas; se vincula con el Career Center de Anniston y la oficina de campo ABPP Ashland.,Emergency 24/7,sylacauga|talladega|healthcare|hospital|emergency-care|rural-depth|reentry,Emergency care|Inpatient services|Outpatient primary care|Laboratory and imaging|Rural health access,Talladega,Talladega|Coosa,multi
215,Whatley Health Services — Centreville Clinic,healthcare,Centreville / Bibb County,"Whatley Health Services operates a Federally Qualified Health Center clinic in Centreville providing primary medical, dental, and behavioral health care on a sliding-fee scale for Bibb County residents including uninsured, Medicaid, and justice-involved adults establishing local care after release. Part of the West Alabama FQHC network headquartered in Tuscaloosa. Outpatient clinic—not a hospital emergency department.","Whatley Health Services opera una clínica del Centro de Salud Calificado Federalmente en Centreville que ofrece atención médica primaria, dental y de salud conductual con tarifa móvil para residentes del condado Bibb incluidos adultos con antecedentes penales que establecen atención local tras su liberación.",260 Walnut Street,Centreville,205-926-3296,,https://whatleyhealth.org,Bibb County residents of all ages; sliding-fee based on income; Medicaid and Medicare accepted.,Residentes del condado Bibb de todas las edades; tarifa móvil según ingresos; se aceptan Medicaid y Medicare.,Call 205-926-3296 for appointments; mobile health unit serves rural West Alabama counties.,Llame al 205-926-3296 para citas; la unidad móvil de salud sirve condados rurales del oeste de Alabama.,Monday–Friday clinic hours,centreville|bibb|healthcare|FQHC|primary-care|rural-depth|reentry,Primary medical care|Dental care|Behavioral health|Sliding-fee program|Mobile health unit,Bibb,Bibb,single
216,Mizell Memorial Hospital,healthcare,Opp / Covington County,"Mizell Memorial Hospital in Opp provides 24-hour emergency care, inpatient medical services, and rural health clinic primary care for Covington and Crenshaw county residents including returning citizens without insurance reestablishing a medical home. A critical access hospital serving south-central Alabama—not a walk-in probation or legal aid office.","Mizell Memorial Hospital en Opp ofrece atención de emergencia las 24 horas, servicios médicos hospitalarios y atención primaria en clínica de salud rural para residentes de los condados Covington y Crenshaw incluidos ciudadanos que regresan sin seguro que restablecen un hogar médico.",702 North Main Street,Opp,334-493-3541,,https://www.mizellmemorialhospital.com,Open to Covington and Crenshaw County residents; emergency care regardless of ability to pay.,Abierto a residentes de los condados Covington y Crenshaw; atención de emergencia sin importar capacidad de pago.,Emergency department open 24/7; pairs with Andalusia Career Center and Feeding the Gulf Coast.,Departamento de emergencias abierto las 24 horas; se vincula con el Career Center de Andalusia y Feeding the Gulf Coast.,Emergency 24/7,opp|covington|healthcare|hospital|emergency-care|rural-depth|reentry,Emergency care|Inpatient medical services|Rural health clinic|Primary care access|Diagnostic services,Covington,Covington|Crenshaw,multi
217,Food Bank of East Alabama,food-nutrition,Auburn / Multi-County,"The Food Bank of East Alabama distributes food through more than 175 partner agencies across Chambers, Lee, Macon, Russell, Tallapoosa, Barbour, and Randolph counties, helping returning citizens and low-income families access partner pantries, mobile distributions, and senior meal programs. Regional food bank hub—not a direct walk-in pantry for individuals.","El Banco de Alimentos del Este de Alabama distribuye alimentos a través de más de 175 agencias aliadas en los condados Chambers, Lee, Macon, Russell, Tallapoosa, Barbour y Randolph, ayudando a ciudadanos que regresan y familias de bajos ingresos a acceder a despensas aliadas y distribuciones móviles.",355 Industry Drive,Auburn,334-821-9006,food-bank@foodbankofeastalabama.com,https://foodbankofeastalabama.com,Open to east Alabama residents needing food assistance through partner pantries and programs.,Abierto a residentes del este de Alabama que necesitan asistencia alimentaria mediante despensas y programas aliados.,Find partner pantries at foodbankofeastalabama.com/get-help/find-a-food-pantry; serves seven-county east-central region.,Encuentre despensas aliadas en foodbankofeastalabama.com/get-help/find-a-food-pantry; sirve región de siete condados del centro-este.,Monday–Friday business hours,auburn|lee|food-nutrition|food-bank|rural-depth|reentry,Partner pantry network|Mobile food distributions|Senior meal programs|Backpack programs|SNAP outreach referrals,Lee,Chambers|Lee|Macon|Russell|Tallapoosa|Barbour|Randolph,multi
218,Community Food Bank of Central Alabama — Northeast Region,food-nutrition,Anniston / Multi-County,"The Community Food Bank of Central Alabama serves northeast counties including Calhoun, Cherokee, Clay, Cleburne, Etowah, Talladega, and Winston through a network of more than 300 partner pantries and mobile distributions from its Bessemer warehouse, connecting justice-involved adults to groceries while rebuilding stability. Regional food bank—not a direct walk-in pantry.","El Banco de Alimentos Comunitario de Alabama Central sirve condados del noreste incluyendo Calhoun, Cherokee, Clay, Cleburne, Etowah, Talladega y Winston a través de una red de más de 300 despensas aliadas y distribuciones móviles.",4336 Turin Drive,Bessemer,205-942-8911,,https://feedingal.org,Open to residents in the Central Alabama food bank service area needing food through partner pantries.,Abierto a residentes en el área de servicio del banco de alimentos de Alabama Central que necesitan alimentos mediante despensas aliadas.,"Find partner pantries at feedingal.org; per Feeding Alabama network covers Winston, Talladega, and northeast rural counties.","Encuentre despensas aliadas en feedingal.org; según la red Feeding Alabama cubre Winston, Talladega y condados rurales del noreste.",Monday–Friday business hours,anniston|calhoun|food-nutrition|food-bank|rural-depth|reentry,Partner pantry network|Mobile food distribution|SNAP outreach|Northeast Alabama county coverage,Calhoun,Calhoun|Cherokee|Clay|Cleburne|Etowah|Talladega|Winston,multi
219,Heart of Alabama Food Bank — River Region Extension,food-nutrition,Montgomery / Multi-County,"Heart of Alabama Food Bank distributes groceries through partner agencies across Butler, Chilton, Coosa, Crenshaw, and surrounding River Region counties, helping returning citizens and low-income families access food through affiliated pantries and mobile giveaways beyond Montgomery's urban core. Regional food bank hub—not a direct walk-in pantry.","El Banco de Alimentos Heart of Alabama distribuye comestibles a través de agencias aliadas en los condados Butler, Chilton, Coosa, Crenshaw y circundantes de la región del río, ayudando a ciudadanos que regresan y familias de bajos ingresos a acceder a alimentos.",521 Trade Center Street,Montgomery,334-263-3784,,https://hafb.org,"Open to River Region residents needing food assistance through partner agencies in Butler, Chilton, Coosa, and Crenshaw counties.","Abierto a residentes de la región del río que necesitan asistencia alimentaria mediante agencias aliadas en los condados Butler, Chilton, Coosa y Crenshaw.",Toll-free 1-800-768-3784; find help at hafb.org/find-help per Feeding Alabama network county assignments.,Línea gratuita 1-800-768-3784; encuentre ayuda en hafb.org/find-help según asignaciones de condados de la red Feeding Alabama.,Monday–Friday business hours,montgomery|butler|food-nutrition|food-bank|river-region|rural-depth|reentry,Partner agency food distribution|Mobile food giveaways|River Region county coverage|SNAP outreach referrals,Butler,Butler|Chilton|Coosa|Crenshaw,multi
220,Feeding the Gulf Coast — South Alabama Region,food-nutrition,Theodore / Multi-County,"Feeding the Gulf Coast distributes food through partner pantries and mobile programs across Covington, Conecuh, Clarke, Monroe, and Escambia counties in south Alabama, helping justice-involved adults and families find the nearest food distribution through an online pantry locator. Regional food bank warehouse—not a direct walk-in grocery site.","Feeding the Gulf Coast distribuye alimentos a través de despensas aliadas y programas móviles en los condados Covington, Conecuh, Clarke, Monroe y Escambia en el sur de Alabama, ayudando a adultos con antecedentes penales y familias a encontrar la distribución de alimentos más cercana.",5248 Mobile South Street,Theodore,251-653-1617,,https://www.feedingthegulfcoast.org,Open to south Alabama residents needing food assistance through partner pantries and mobile distributions.,Abierto a residentes del sur de Alabama que necesitan asistencia alimentaria mediante despensas aliadas y distribuciones móviles.,Find pantries at feedingthegulfcoast.org/find-help/find-a-pantry; per Feeding Alabama serves Covington and Conecuh counties.,Encuentre despensas en feedingthegulfcoast.org/find-help/find-a-pantry; según Feeding Alabama sirve los condados Covington y Conecuh.,Monday–Friday business hours,theodore|covington|food-nutrition|food-bank|gulf-coast|rural-depth|reentry,Partner pantry network|Mobile food distributions|South Alabama county coverage|SNAP referral partners,Covington,Covington|Conecuh|Clarke|Monroe|Escambia,multi
221,Legal Services Alabama — Tuscaloosa Regional Office,legal-aid,Tuscaloosa / West Alabama,"Legal Services Alabama's Tuscaloosa office provides free civil legal aid to low-income residents of Bibb, Fayette, Greene, Hale, Lamar, Marion, Pickens, Tuscaloosa, Walker, and Winston counties, including housing, public benefits, family law, and criminal record relief for justice-involved adults. Civil cases only—not criminal defense. Apply through the statewide intake line before visiting.","La oficina regional de Tuscaloosa de Legal Services Alabama ofrece asistencia legal civil gratuita a residentes de bajos ingresos de los condados Bibb, Fayette, Greene, Hale, Lamar, Marion, Pickens, Tuscaloosa, Walker y Winston, incluyendo vivienda, beneficios públicos y alivio de antecedentes penales.","2315 9th Street, Suite 3A",Tuscaloosa,205-758-7503,,https://legalservicesalabama.org,Low-income residents at or below 125% of the federal poverty level in the Tuscaloosa office's 10-county West Alabama service area.,Residentes de bajos ingresos al 125% o menos del nivel federal de pobreza en el área de servicio de 10 condados de la oficina de Tuscaloosa.,Apply at 866-456-4995 or alslegal.org; pairs with West Alabama Food Bank and Whatley Health Services.,Solicite al 866-456-4995 o alslegal.org; se vincula con el Banco de Alimentos del Oeste de Alabama y Whatley Health Services.,Monday–Friday business hours,tuscaloosa|greene|legal-aid|west-alabama|rural-depth|reentry,Civil legal representation|Housing and eviction defense|Public benefits advocacy|Record relief|Family law,Tuscaloosa,Bibb|Fayette|Greene|Hale|Lamar|Marion|Pickens|Tuscaloosa|Walker|Winston,multi
222,Interfaith Ministries Tuscaloosa — Housing Services,housing,Tuscaloosa / West Alabama,"Interfaith Ministries Tuscaloosa provides emergency shelter, transitional housing, and homelessness prevention assistance for unhoused adults and families in Greene, Hale, Bibb, Marion, Sumter, and Tuscaloosa counties including returning citizens with no safe discharge plan after incarceration. Case managers connect residents to Whatley Health, West Alabama Food Bank, and Alabama Career Center partners. Direct housing services—not a legal aid or DHR office.","Interfaith Ministries Tuscaloosa brinda refugio de emergencia, vivienda transicional y asistencia de prevención de la falta de vivienda para adultos y familias sin hogar en los condados Greene, Hale, Bibb, Marion, Sumter y Tuscaloosa incluidos ciudadanos que regresan sin un plan seguro de alta tras encarcelación.",1721 22nd Avenue,Tuscaloosa,205-758-3828,,https://www.interfaithministries-tuscaloosa.org,Unhoused or at-risk adults and families in the West Alabama service area; justice-involved adults accepted for shelter and prevention programs.,Adultos y familias sin hogar o en riesgo en el área de servicio del oeste de Alabama; adultos con antecedentes penales aceptados para programas de refugio y prevención.,Call 205-758-3828 for intake; pairs with CSP of West Alabama and Legal Services Alabama Tuscaloosa.,Llame al 205-758-3828 para admisión; se vincula con CSP del Oeste de Alabama y Legal Services Alabama Tuscaloosa.,Monday–Friday business hours; after-hours shelter line available,tuscaloosa|greene|housing|emergency-shelter|transitional|rural-depth|reentry,Emergency shelter|Transitional housing|Homelessness prevention|Case management|Workforce partner referrals,Tuscaloosa,Greene|Hale|Bibb|Marion|Sumter|Tuscaloosa,multi
223,Turning Point — Domestic Violence & Housing Services,housing,Auburn / Lee County,"Turning Point provides emergency shelter, transitional housing, and crisis intervention for survivors of domestic violence and homelessness in Lee, Russell, Chambers, and Macon counties, including returning citizens fleeing abuse or instability after release. Advocates connect clients to Opelika Career Center, Food Bank of East Alabama, and Legal Services Alabama Opelika. Confidential shelter—not a probation reporting office.","Turning Point brinda refugio de emergencia, vivienda transicional e intervención en crisis para sobrevivientes de violencia doméstica y falta de vivienda en los condados Lee, Russell, Chambers y Macon, incluidos ciudadanos que regresan que huyen de abuso o inestabilidad tras su liberación.",1301 Gatewood Drive,Auburn,334-745-1545,,https://www.turningpointdv.org,"Survivors of domestic violence and unhoused individuals in Lee, Russell, Chambers, and Macon counties; crisis line available 24/7.","Sobrevivientes de violencia doméstica e individuos sin hogar en los condados Lee, Russell, Chambers y Macon; línea de crisis disponible las 24 horas.",24-hour crisis line 334-745-1545; confidential location; pairs with East Alabama reentry workforce partners.,Línea de crisis 24 horas 334-745-1545; ubicación confidencial; se vincula con aliados de reinserción laboral del este de Alabama.,Crisis line 24/7; office Monday–Friday business hours,auburn|lee|housing|emergency-shelter|domestic-violence|rural-depth|reentry,Emergency shelter|Transitional housing|Crisis intervention|Legal advocacy referrals|Workforce navigation,Lee,Lee|Russell|Chambers|Macon,multi
224,Habitat for Humanity of Greater Birmingham — Rural Repair Program,housing,Birmingham / Multi-County,"Habitat for Humanity of Greater Birmingham operates a Rural Repair Program providing critical home repairs and accessibility modifications for low-income homeowners in Walker, Blount, and rural Jefferson-area counties including returning citizens aging in place after incarceration. The program addresses substandard housing conditions—not emergency nightly shelter intake.","Habitat for Humanity of Greater Birmingham opera un Programa de Reparación Rural que brinda reparaciones críticas del hogar y modificaciones de accesibilidad para propietarios de bajos ingresos en los condados Walker, Blount y rurales del área de Jefferson incluidos ciudadanos que regresan que envejecen en su lugar tras encarcelación.",701 2nd Avenue South,Birmingham,205-780-1234,,https://www.habitatbirmingham.org,"Low-income homeowners in Walker, Blount, and eligible rural counties; income and homeownership documentation required.","Propietarios de bajos ingresos en Walker, Blount y condados rurales elegibles; se requiere documentación de ingresos y propiedad.",Apply through habitatbirmingham.org; pairs with Jasper Career Center and Community Food Bank of Central Alabama.,Solicite a través de habitatbirmingham.org; se vincula con el Career Center de Jasper y el Banco de Alimentos Comunitario de Alabama Central.,Monday–Friday business hours,birmingham|walker|housing|home-repair|rural-depth|reentry,Critical home repairs|Accessibility modifications|Rural homeowner assistance|Housing stability support,Walker,Walker|Blount|Jefferson,multi
225,Autauga County DHR — Benefits & Family Support,financial-assistance,Prattville / Autauga County,"The Autauga County Department of Human Resources office in Prattville processes SNAP, Medicaid, Family Assistance (TANF), and child care subsidy applications for Alabama residents including returning citizens reestablishing food and health benefits after release from Autauga County Jail or ADOC custody. County DHR staff help verify identity and income and accept applications submitted through the MyDHR portal.","La oficina del Departamento de Recursos Humanos del condado Autauga en Prattville procesa solicitudes de SNAP, Medicaid, Asistencia Familiar (TANF) y subsidios de cuidado infantil para residentes de Alabama, incluidos ciudadanos que regresan que restablecen beneficios alimentarios y de salud después de salir de la cárcel del condado Autauga o de la custodia de ADOC. El personal del condado ayuda a verificar identidad e ingresos y acepta solicitudes presentadas a través del portal MyDHR.",203 North Court Street,Prattville,1-800-410-5827,,https://mydhr.alabama.gov,"Autauga County residents meeting income and household-size requirements for SNAP, Medicaid, and Family Assistance; criminal record generally not a barrier.","Residentes del condado Autauga que cumplan requisitos de ingresos y tamaño de hogar para SNAP, Medicaid y Asistencia Familiar; los antecedentes penales generalmente no son barrera.",Apply online at mydhr.alabama.gov or visit the county DHR office; call 1-800-410-5827 for statewide MyDHR help; bring ID and release paperwork if recently released.,Solicite en mydhr.alabama.gov o visite la oficina DHR del condado; llame al 1-800-410-5827 para ayuda estatal de MyDHR; traiga identificación y documentos de liberación si fue liberado recientemente.,"Typically Monday–Friday, 8:00 a.m.–4:30 p.m. CT; call ahead",autauga|alabama|benefits|SNAP|Medicaid|DHR|reentry,SNAP enrollment|Medicaid application help|Family Assistance (TANF)|Child care subsidies|MyDHR application help,Autauga,Autauga,single
226,Barbour County DHR — Benefits & Family Support,financial-assistance,Clayton / Barbour County,"The Barbour County Department of Human Resources office in Clayton processes SNAP, Medicaid, Family Assistance (TANF), and child care subsidy applications for Alabama residents including returning citizens reestablishing food and health benefits after release from Barbour County Jail or ADOC custody. County DHR staff help verify identity and income and accept applications submitted through the MyDHR portal.","La oficina del Departamento de Recursos Humanos del condado Barbour en Clayton procesa solicitudes de SNAP, Medicaid, Asistencia Familiar (TANF) y subsidios de cuidado infantil para residentes de Alabama, incluidos ciudadanos que regresan que restablecen beneficios alimentarios y de salud después de salir de la cárcel del condado Barbour o de la custodia de ADOC. El personal del condado ayuda a verificar identidad e ingresos y acepta solicitudes presentadas a través del portal MyDHR.",276 Hwy. 239 South,Clayton,1-800-410-5827,,https://mydhr.alabama.gov,"Barbour County residents meeting income and household-size requirements for SNAP, Medicaid, and Family Assistance; criminal record generally not a barrier.","Residentes del condado Barbour que cumplan requisitos de ingresos y tamaño de hogar para SNAP, Medicaid y Asistencia Familiar; los antecedentes penales generalmente no son barrera.",Apply online at mydhr.alabama.gov or visit the county DHR office; call 1-800-410-5827 for statewide MyDHR help; bring ID and release paperwork if recently released.,Solicite en mydhr.alabama.gov o visite la oficina DHR del condado; llame al 1-800-410-5827 para ayuda estatal de MyDHR; traiga identificación y documentos de liberación si fue liberado recientemente.,"Typically Monday–Friday, 8:00 a.m.–4:30 p.m. CT; call ahead",barbour|alabama|benefits|SNAP|Medicaid|DHR|reentry,SNAP enrollment|Medicaid application help|Family Assistance (TANF)|Child care subsidies|MyDHR application help,Barbour,Barbour,single
227,Blount County DHR — Benefits & Family Support,financial-assistance,Oneonta / Blount County,"The Blount County Department of Human Resources office in Oneonta processes SNAP, Medicaid, Family Assistance (TANF), and child care subsidy applications for Alabama residents including returning citizens reestablishing food and health benefits after release from Blount County Jail or ADOC custody. County DHR staff help verify identity and income and accept applications submitted through the MyDHR portal.","La oficina del Departamento de Recursos Humanos del condado Blount en Oneonta procesa solicitudes de SNAP, Medicaid, Asistencia Familiar (TANF) y subsidios de cuidado infantil para residentes de Alabama, incluidos ciudadanos que regresan que restablecen beneficios alimentarios y de salud después de salir de la cárcel del condado Blount o de la custodia de ADOC. El personal del condado ayuda a verificar identidad e ingresos y acepta solicitudes presentadas a través del portal MyDHR.",55 DHR Lane,Oneonta,1-800-410-5827,,https://mydhr.alabama.gov,"Blount County residents meeting income and household-size requirements for SNAP, Medicaid, and Family Assistance; criminal record generally not a barrier.","Residentes del condado Blount que cumplan requisitos de ingresos y tamaño de hogar para SNAP, Medicaid y Asistencia Familiar; los antecedentes penales generalmente no son barrera.",Apply online at mydhr.alabama.gov or visit the county DHR office; call 1-800-410-5827 for statewide MyDHR help; bring ID and release paperwork if recently released.,Solicite en mydhr.alabama.gov o visite la oficina DHR del condado; llame al 1-800-410-5827 para ayuda estatal de MyDHR; traiga identificación y documentos de liberación si fue liberado recientemente.,"Typically Monday–Friday, 8:00 a.m.–4:30 p.m. CT; call ahead",blount|alabama|benefits|SNAP|Medicaid|DHR|reentry,SNAP enrollment|Medicaid application help|Family Assistance (TANF)|Child care subsidies|MyDHR application help,Blount,Blount,single
228,Bullock County DHR — Benefits & Family Support,financial-assistance,Union Springs / Bullock County,"The Bullock County Department of Human Resources office in Union Springs processes SNAP, Medicaid, Family Assistance (TANF), and child care subsidy applications for Alabama residents including returning citizens reestablishing food and health benefits after release from Bullock County Jail or ADOC custody. County DHR staff help verify identity and income and accept applications submitted through the MyDHR portal.","La oficina del Departamento de Recursos Humanos del condado Bullock en Union Springs procesa solicitudes de SNAP, Medicaid, Asistencia Familiar (TANF) y subsidios de cuidado infantil para residentes de Alabama, incluidos ciudadanos que regresan que restablecen beneficios alimentarios y de salud después de salir de la cárcel del condado Bullock o de la custodia de ADOC. El personal del condado ayuda a verificar identidad e ingresos y acepta solicitudes presentadas a través del portal MyDHR.",687 March Street,Union Springs,1-800-410-5827,,https://mydhr.alabama.gov,"Bullock County residents meeting income and household-size requirements for SNAP, Medicaid, and Family Assistance; criminal record generally not a barrier.","Residentes del condado Bullock que cumplan requisitos de ingresos y tamaño de hogar para SNAP, Medicaid y Asistencia Familiar; los antecedentes penales generalmente no son barrera.",Apply online at mydhr.alabama.gov or visit the county DHR office; call 1-800-410-5827 for statewide MyDHR help; bring ID and release paperwork if recently released.,Solicite en mydhr.alabama.gov o visite la oficina DHR del condado; llame al 1-800-410-5827 para ayuda estatal de MyDHR; traiga identificación y documentos de liberación si fue liberado recientemente.,"Typically Monday–Friday, 8:00 a.m.–4:30 p.m. CT; call ahead",bullock|alabama|benefits|SNAP|Medicaid|DHR|reentry,SNAP enrollment|Medicaid application help|Family Assistance (TANF)|Child care subsidies|MyDHR application help,Bullock,Bullock,single
229,Butler County DHR — Benefits & Family Support,financial-assistance,Greenville / Butler County,"The Butler County Department of Human Resources office in Greenville processes SNAP, Medicaid, Family Assistance (TANF), and child care subsidy applications for Alabama residents including returning citizens reestablishing food and health benefits after release from Butler County Jail or ADOC custody. County DHR staff help verify identity and income and accept applications submitted through the MyDHR portal.","La oficina del Departamento de Recursos Humanos del condado Butler en Greenville procesa solicitudes de SNAP, Medicaid, Asistencia Familiar (TANF) y subsidios de cuidado infantil para residentes de Alabama, incluidos ciudadanos que regresan que restablecen beneficios alimentarios y de salud después de salir de la cárcel del condado Butler o de la custodia de ADOC. El personal del condado ayuda a verificar identidad e ingresos y acepta solicitudes presentadas a través del portal MyDHR.",182 West Adams Street,Greenville,1-800-410-5827,,https://mydhr.alabama.gov,"Butler County residents meeting income and household-size requirements for SNAP, Medicaid, and Family Assistance; criminal record generally not a barrier.","Residentes del condado Butler que cumplan requisitos de ingresos y tamaño de hogar para SNAP, Medicaid y Asistencia Familiar; los antecedentes penales generalmente no son barrera.",Apply online at mydhr.alabama.gov or visit the county DHR office; call 1-800-410-5827 for statewide MyDHR help; bring ID and release paperwork if recently released.,Solicite en mydhr.alabama.gov o visite la oficina DHR del condado; llame al 1-800-410-5827 para ayuda estatal de MyDHR; traiga identificación y documentos de liberación si fue liberado recientemente.,"Typically Monday–Friday, 8:00 a.m.–4:30 p.m. CT; call ahead",butler|alabama|benefits|SNAP|Medicaid|DHR|reentry,SNAP enrollment|Medicaid application help|Family Assistance (TANF)|Child care subsidies|MyDHR application help,Butler,Butler,single
230,Calhoun County DHR — Benefits & Family Support,financial-assistance,Anniston / Calhoun County,"The Calhoun County Department of Human Resources office in Anniston processes SNAP, Medicaid, Family Assistance (TANF), and child care subsidy applications for Alabama residents including returning citizens reestablishing food and health benefits after release from Calhoun County Jail or ADOC custody. County DHR staff help verify identity and income and accept applications submitted through the MyDHR portal.","La oficina del Departamento de Recursos Humanos del condado Calhoun en Anniston procesa solicitudes de SNAP, Medicaid, Asistencia Familiar (TANF) y subsidios de cuidado infantil para residentes de Alabama, incluidos ciudadanos que regresan que restablecen beneficios alimentarios y de salud después de salir de la cárcel del condado Calhoun o de la custodia de ADOC. El personal del condado ayuda a verificar identidad e ingresos y acepta solicitudes presentadas a través del portal MyDHR.",415 West 11th St.,Anniston,1-800-410-5827,,https://mydhr.alabama.gov,"Calhoun County residents meeting income and household-size requirements for SNAP, Medicaid, and Family Assistance; criminal record generally not a barrier.","Residentes del condado Calhoun que cumplan requisitos de ingresos y tamaño de hogar para SNAP, Medicaid y Asistencia Familiar; los antecedentes penales generalmente no son barrera.",Apply online at mydhr.alabama.gov or visit the county DHR office; call 1-800-410-5827 for statewide MyDHR help; bring ID and release paperwork if recently released.,Solicite en mydhr.alabama.gov o visite la oficina DHR del condado; llame al 1-800-410-5827 para ayuda estatal de MyDHR; traiga identificación y documentos de liberación si fue liberado recientemente.,"Typically Monday–Friday, 8:00 a.m.–4:30 p.m. CT; call ahead",calhoun|alabama|benefits|SNAP|Medicaid|DHR|reentry,SNAP enrollment|Medicaid application help|Family Assistance (TANF)|Child care subsidies|MyDHR application help,Calhoun,Calhoun,single
231,Chambers County DHR — Benefits & Family Support,financial-assistance,LaFayette / Chambers County,"The Chambers County Department of Human Resources office in LaFayette processes SNAP, Medicaid, Family Assistance (TANF), and child care subsidy applications for Alabama residents including returning citizens reestablishing food and health benefits after release from Chambers County Jail or ADOC custody. County DHR staff help verify identity and income and accept applications submitted through the MyDHR portal.","La oficina del Departamento de Recursos Humanos del condado Chambers en LaFayette procesa solicitudes de SNAP, Medicaid, Asistencia Familiar (TANF) y subsidios de cuidado infantil para residentes de Alabama, incluidos ciudadanos que regresan que restablecen beneficios alimentarios y de salud después de salir de la cárcel del condado Chambers o de la custodia de ADOC. El personal del condado ayuda a verificar identidad e ingresos y acepta solicitudes presentadas a través del portal MyDHR.",410 9th Ave. SW,LaFayette,1-800-410-5827,,https://mydhr.alabama.gov,"Chambers County residents meeting income and household-size requirements for SNAP, Medicaid, and Family Assistance; criminal record generally not a barrier.","Residentes del condado Chambers que cumplan requisitos de ingresos y tamaño de hogar para SNAP, Medicaid y Asistencia Familiar; los antecedentes penales generalmente no son barrera.",Apply online at mydhr.alabama.gov or visit the county DHR office; call 1-800-410-5827 for statewide MyDHR help; bring ID and release paperwork if recently released.,Solicite en mydhr.alabama.gov o visite la oficina DHR del condado; llame al 1-800-410-5827 para ayuda estatal de MyDHR; traiga identificación y documentos de liberación si fue liberado recientemente.,"Typically Monday–Friday, 8:00 a.m.–4:30 p.m. CT; call ahead",chambers|alabama|benefits|SNAP|Medicaid|DHR|reentry,SNAP enrollment|Medicaid application help|Family Assistance (TANF)|Child care subsidies|MyDHR application help,Chambers,Chambers,single
232,Cherokee County DHR — Benefits & Family Support,financial-assistance,Centre / Cherokee County,"The Cherokee County Department of Human Resources office in Centre processes SNAP, Medicaid, Family Assistance (TANF), and child care subsidy applications for Alabama residents including returning citizens reestablishing food and health benefits after release from Cherokee County Jail or ADOC custody. County DHR staff help verify identity and income and accept applications submitted through the MyDHR portal.","La oficina del Departamento de Recursos Humanos del condado Cherokee en Centre procesa solicitudes de SNAP, Medicaid, Asistencia Familiar (TANF) y subsidios de cuidado infantil para residentes de Alabama, incluidos ciudadanos que regresan que restablecen beneficios alimentarios y de salud después de salir de la cárcel del condado Cherokee o de la custodia de ADOC. El personal del condado ayuda a verificar identidad e ingresos y acepta solicitudes presentadas a través del portal MyDHR.",202 Dean Buttram Sr. Avenue,Centre,1-800-410-5827,,https://mydhr.alabama.gov,"Cherokee County residents meeting income and household-size requirements for SNAP, Medicaid, and Family Assistance; criminal record generally not a barrier.","Residentes del condado Cherokee que cumplan requisitos de ingresos y tamaño de hogar para SNAP, Medicaid y Asistencia Familiar; los antecedentes penales generalmente no son barrera.",Apply online at mydhr.alabama.gov or visit the county DHR office; call 1-800-410-5827 for statewide MyDHR help; bring ID and release paperwork if recently released.,Solicite en mydhr.alabama.gov o visite la oficina DHR del condado; llame al 1-800-410-5827 para ayuda estatal de MyDHR; traiga identificación y documentos de liberación si fue liberado recientemente.,"Typically Monday–Friday, 8:00 a.m.–4:30 p.m. CT; call ahead",cherokee|alabama|benefits|SNAP|Medicaid|DHR|reentry,SNAP enrollment|Medicaid application help|Family Assistance (TANF)|Child care subsidies|MyDHR application help,Cherokee,Cherokee,single
233,Chilton County DHR — Benefits & Family Support,financial-assistance,Clanton / Chilton County,"The Chilton County Department of Human Resources office in Clanton processes SNAP, Medicaid, Family Assistance (TANF), and child care subsidy applications for Alabama residents including returning citizens reestablishing food and health benefits after release from Chilton County Jail or ADOC custody. County DHR staff help verify identity and income and accept applications submitted through the MyDHR portal.","La oficina del Departamento de Recursos Humanos del condado Chilton en Clanton procesa solicitudes de SNAP, Medicaid, Asistencia Familiar (TANF) y subsidios de cuidado infantil para residentes de Alabama, incluidos ciudadanos que regresan que restablecen beneficios alimentarios y de salud después de salir de la cárcel del condado Chilton o de la custodia de ADOC. El personal del condado ayuda a verificar identidad e ingresos y acepta solicitudes presentadas a través del portal MyDHR.",324 Health Center Drive,Clanton,1-800-410-5827,,https://mydhr.alabama.gov,"Chilton County residents meeting income and household-size requirements for SNAP, Medicaid, and Family Assistance; criminal record generally not a barrier.","Residentes del condado Chilton que cumplan requisitos de ingresos y tamaño de hogar para SNAP, Medicaid y Asistencia Familiar; los antecedentes penales generalmente no son barrera.",Apply online at mydhr.alabama.gov or visit the county DHR office; call 1-800-410-5827 for statewide MyDHR help; bring ID and release paperwork if recently released.,Solicite en mydhr.alabama.gov o visite la oficina DHR del condado; llame al 1-800-410-5827 para ayuda estatal de MyDHR; traiga identificación y documentos de liberación si fue liberado recientemente.,"Typically Monday–Friday, 8:00 a.m.–4:30 p.m. CT; call ahead",chilton|alabama|benefits|SNAP|Medicaid|DHR|reentry,SNAP enrollment|Medicaid application help|Family Assistance (TANF)|Child care subsidies|MyDHR application help,Chilton,Chilton,single
234,Clay County DHR — Benefits & Family Support,financial-assistance,Lineville / Clay County,"The Clay County Department of Human Resources office in Lineville processes SNAP, Medicaid, Family Assistance (TANF), and child care subsidy applications for Alabama residents including returning citizens reestablishing food and health benefits after release from Clay County Jail or ADOC custody. County DHR staff help verify identity and income and accept applications submitted through the MyDHR portal.","La oficina del Departamento de Recursos Humanos del condado Clay en Lineville procesa solicitudes de SNAP, Medicaid, Asistencia Familiar (TANF) y subsidios de cuidado infantil para residentes de Alabama, incluidos ciudadanos que regresan que restablecen beneficios alimentarios y de salud después de salir de la cárcel del condado Clay o de la custodia de ADOC. El personal del condado ayuda a verificar identidad e ingresos y acepta solicitudes presentadas a través del portal MyDHR.",86930 Highway 9,Lineville,1-800-410-5827,,https://mydhr.alabama.gov,"Clay County residents meeting income and household-size requirements for SNAP, Medicaid, and Family Assistance; criminal record generally not a barrier.","Residentes del condado Clay que cumplan requisitos de ingresos y tamaño de hogar para SNAP, Medicaid y Asistencia Familiar; los antecedentes penales generalmente no son barrera.",Apply online at mydhr.alabama.gov or visit the county DHR office; call 1-800-410-5827 for statewide MyDHR help; bring ID and release paperwork if recently released.,Solicite en mydhr.alabama.gov o visite la oficina DHR del condado; llame al 1-800-410-5827 para ayuda estatal de MyDHR; traiga identificación y documentos de liberación si fue liberado recientemente.,"Typically Monday–Friday, 8:00 a.m.–4:30 p.m. CT; call ahead",clay|alabama|benefits|SNAP|Medicaid|DHR|reentry,SNAP enrollment|Medicaid application help|Family Assistance (TANF)|Child care subsidies|MyDHR application help,Clay,Clay,single
235,Cleburne County DHR — Benefits & Family Support,financial-assistance,Heflin / Cleburne County,"The Cleburne County Department of Human Resources office in Heflin processes SNAP, Medicaid, Family Assistance (TANF), and child care subsidy applications for Alabama residents including returning citizens reestablishing food and health benefits after release from Cleburne County Jail or ADOC custody. County DHR staff help verify identity and income and accept applications submitted through the MyDHR portal.","La oficina del Departamento de Recursos Humanos del condado Cleburne en Heflin procesa solicitudes de SNAP, Medicaid, Asistencia Familiar (TANF) y subsidios de cuidado infantil para residentes de Alabama, incluidos ciudadanos que regresan que restablecen beneficios alimentarios y de salud después de salir de la cárcel del condado Cleburne o de la custodia de ADOC. El personal del condado ayuda a verificar identidad e ingresos y acepta solicitudes presentadas a través del portal MyDHR.",732 Oxford Street,Heflin,1-800-410-5827,,https://mydhr.alabama.gov,"Cleburne County residents meeting income and household-size requirements for SNAP, Medicaid, and Family Assistance; criminal record generally not a barrier.","Residentes del condado Cleburne que cumplan requisitos de ingresos y tamaño de hogar para SNAP, Medicaid y Asistencia Familiar; los antecedentes penales generalmente no son barrera.",Apply online at mydhr.alabama.gov or visit the county DHR office; call 1-800-410-5827 for statewide MyDHR help; bring ID and release paperwork if recently released.,Solicite en mydhr.alabama.gov o visite la oficina DHR del condado; llame al 1-800-410-5827 para ayuda estatal de MyDHR; traiga identificación y documentos de liberación si fue liberado recientemente.,"Typically Monday–Friday, 8:00 a.m.–4:30 p.m. CT; call ahead",cleburne|alabama|benefits|SNAP|Medicaid|DHR|reentry,SNAP enrollment|Medicaid application help|Family Assistance (TANF)|Child care subsidies|MyDHR application help,Cleburne,Cleburne,single
236,Coffee County DHR — Benefits & Family Support,financial-assistance,Enterprise / Coffee County,"The Coffee County Department of Human Resources office in Enterprise processes SNAP, Medicaid, Family Assistance (TANF), and child care subsidy applications for Alabama residents including returning citizens reestablishing food and health benefits after release from Coffee County Jail or ADOC custody. County DHR staff help verify identity and income and accept applications submitted through the MyDHR portal.","La oficina del Departamento de Recursos Humanos del condado Coffee en Enterprise procesa solicitudes de SNAP, Medicaid, Asistencia Familiar (TANF) y subsidios de cuidado infantil para residentes de Alabama, incluidos ciudadanos que regresan que restablecen beneficios alimentarios y de salud después de salir de la cárcel del condado Coffee o de la custodia de ADOC. El personal del condado ayuda a verificar identidad e ingresos y acepta solicitudes presentadas a través del portal MyDHR.",3881 Salem Road,Enterprise,1-800-410-5827,,https://mydhr.alabama.gov,"Coffee County residents meeting income and household-size requirements for SNAP, Medicaid, and Family Assistance; criminal record generally not a barrier.","Residentes del condado Coffee que cumplan requisitos de ingresos y tamaño de hogar para SNAP, Medicaid y Asistencia Familiar; los antecedentes penales generalmente no son barrera.",Apply online at mydhr.alabama.gov or visit the county DHR office; call 1-800-410-5827 for statewide MyDHR help; bring ID and release paperwork if recently released.,Solicite en mydhr.alabama.gov o visite la oficina DHR del condado; llame al 1-800-410-5827 para ayuda estatal de MyDHR; traiga identificación y documentos de liberación si fue liberado recientemente.,"Typically Monday–Friday, 8:00 a.m.–4:30 p.m. CT; call ahead",coffee|alabama|benefits|SNAP|Medicaid|DHR|reentry,SNAP enrollment|Medicaid application help|Family Assistance (TANF)|Child care subsidies|MyDHR application help,Coffee,Coffee,single
237,Colbert County DHR — Benefits & Family Support,financial-assistance,Tuscumbia / Colbert County,"The Colbert County Department of Human Resources office in Tuscumbia processes SNAP, Medicaid, Family Assistance (TANF), and child care subsidy applications for Alabama residents including returning citizens reestablishing food and health benefits after release from Colbert County Jail or ADOC custody. County DHR staff help verify identity and income and accept applications submitted through the MyDHR portal.","La oficina del Departamento de Recursos Humanos del condado Colbert en Tuscumbia procesa solicitudes de SNAP, Medicaid, Asistencia Familiar (TANF) y subsidios de cuidado infantil para residentes de Alabama, incluidos ciudadanos que regresan que restablecen beneficios alimentarios y de salud después de salir de la cárcel del condado Colbert o de la custodia de ADOC. El personal del condado ayuda a verificar identidad e ingresos y acepta solicitudes presentadas a través del portal MyDHR.",3105 George Wallace Blvd,Tuscumbia,1-800-410-5827,,https://mydhr.alabama.gov,"Colbert County residents meeting income and household-size requirements for SNAP, Medicaid, and Family Assistance; criminal record generally not a barrier.","Residentes del condado Colbert que cumplan requisitos de ingresos y tamaño de hogar para SNAP, Medicaid y Asistencia Familiar; los antecedentes penales generalmente no son barrera.",Apply online at mydhr.alabama.gov or visit the county DHR office; call 1-800-410-5827 for statewide MyDHR help; bring ID and release paperwork if recently released.,Solicite en mydhr.alabama.gov o visite la oficina DHR del condado; llame al 1-800-410-5827 para ayuda estatal de MyDHR; traiga identificación y documentos de liberación si fue liberado recientemente.,"Typically Monday–Friday, 8:00 a.m.–4:30 p.m. CT; call ahead",colbert|alabama|benefits|SNAP|Medicaid|DHR|reentry,SNAP enrollment|Medicaid application help|Family Assistance (TANF)|Child care subsidies|MyDHR application help,Colbert,Colbert,single
238,Coosa County DHR — Benefits & Family Support,financial-assistance,Rockford / Coosa County,"The Coosa County Department of Human Resources office in Rockford processes SNAP, Medicaid, Family Assistance (TANF), and child care subsidy applications for Alabama residents including returning citizens reestablishing food and health benefits after release from Coosa County Jail or ADOC custody. County DHR staff help verify identity and income and accept applications submitted through the MyDHR portal.","La oficina del Departamento de Recursos Humanos del condado Coosa en Rockford procesa solicitudes de SNAP, Medicaid, Asistencia Familiar (TANF) y subsidios de cuidado infantil para residentes de Alabama, incluidos ciudadanos que regresan que restablecen beneficios alimentarios y de salud después de salir de la cárcel del condado Coosa o de la custodia de ADOC. El personal del condado ayuda a verificar identidad e ingresos y acepta solicitudes presentadas a través del portal MyDHR.",300 South Jackson,Rockford,1-800-410-5827,,https://mydhr.alabama.gov,"Coosa County residents meeting income and household-size requirements for SNAP, Medicaid, and Family Assistance; criminal record generally not a barrier.","Residentes del condado Coosa que cumplan requisitos de ingresos y tamaño de hogar para SNAP, Medicaid y Asistencia Familiar; los antecedentes penales generalmente no son barrera.",Apply online at mydhr.alabama.gov or visit the county DHR office; call 1-800-410-5827 for statewide MyDHR help; bring ID and release paperwork if recently released.,Solicite en mydhr.alabama.gov o visite la oficina DHR del condado; llame al 1-800-410-5827 para ayuda estatal de MyDHR; traiga identificación y documentos de liberación si fue liberado recientemente.,"Typically Monday–Friday, 8:00 a.m.–4:30 p.m. CT; call ahead",coosa|alabama|benefits|SNAP|Medicaid|DHR|reentry,SNAP enrollment|Medicaid application help|Family Assistance (TANF)|Child care subsidies|MyDHR application help,Coosa,Coosa,single
239,Covington County DHR — Benefits & Family Support,financial-assistance,Andalusia / Covington County,"The Covington County Department of Human Resources office in Andalusia processes SNAP, Medicaid, Family Assistance (TANF), and child care subsidy applications for Alabama residents including returning citizens reestablishing food and health benefits after release from Covington County Jail or ADOC custody. County DHR staff help verify identity and income and accept applications submitted through the MyDHR portal.","La oficina del Departamento de Recursos Humanos del condado Covington en Andalusia procesa solicitudes de SNAP, Medicaid, Asistencia Familiar (TANF) y subsidios de cuidado infantil para residentes de Alabama, incluidos ciudadanos que regresan que restablecen beneficios alimentarios y de salud después de salir de la cárcel del condado Covington o de la custodia de ADOC. El personal del condado ayuda a verificar identidad e ingresos y acepta solicitudes presentadas a través del portal MyDHR.",1515 Martin Luther King Jr Expressway,Andalusia,1-800-410-5827,,https://mydhr.alabama.gov,"Covington County residents meeting income and household-size requirements for SNAP, Medicaid, and Family Assistance; criminal record generally not a barrier.","Residentes del condado Covington que cumplan requisitos de ingresos y tamaño de hogar para SNAP, Medicaid y Asistencia Familiar; los antecedentes penales generalmente no son barrera.",Apply online at mydhr.alabama.gov or visit the county DHR office; call 1-800-410-5827 for statewide MyDHR help; bring ID and release paperwork if recently released.,Solicite en mydhr.alabama.gov o visite la oficina DHR del condado; llame al 1-800-410-5827 para ayuda estatal de MyDHR; traiga identificación y documentos de liberación si fue liberado recientemente.,"Typically Monday–Friday, 8:00 a.m.–4:30 p.m. CT; call ahead",covington|alabama|benefits|SNAP|Medicaid|DHR|reentry,SNAP enrollment|Medicaid application help|Family Assistance (TANF)|Child care subsidies|MyDHR application help,Covington,Covington,single
240,Crenshaw County DHR — Benefits & Family Support,financial-assistance,Luverne / Crenshaw County,"The Crenshaw County Department of Human Resources office in Luverne processes SNAP, Medicaid, Family Assistance (TANF), and child care subsidy applications for Alabama residents including returning citizens reestablishing food and health benefits after release from Crenshaw County Jail or ADOC custody. County DHR staff help verify identity and income and accept applications submitted through the MyDHR portal.","La oficina del Departamento de Recursos Humanos del condado Crenshaw en Luverne procesa solicitudes de SNAP, Medicaid, Asistencia Familiar (TANF) y subsidios de cuidado infantil para residentes de Alabama, incluidos ciudadanos que regresan que restablecen beneficios alimentarios y de salud después de salir de la cárcel del condado Crenshaw o de la custodia de ADOC. El personal del condado ayuda a verificar identidad e ingresos y acepta solicitudes presentadas a través del portal MyDHR.",25 Hospital Drive,Luverne,1-800-410-5827,,https://mydhr.alabama.gov,"Crenshaw County residents meeting income and household-size requirements for SNAP, Medicaid, and Family Assistance; criminal record generally not a barrier.","Residentes del condado Crenshaw que cumplan requisitos de ingresos y tamaño de hogar para SNAP, Medicaid y Asistencia Familiar; los antecedentes penales generalmente no son barrera.",Apply online at mydhr.alabama.gov or visit the county DHR office; call 1-800-410-5827 for statewide MyDHR help; bring ID and release paperwork if recently released.,Solicite en mydhr.alabama.gov o visite la oficina DHR del condado; llame al 1-800-410-5827 para ayuda estatal de MyDHR; traiga identificación y documentos de liberación si fue liberado recientemente.,"Typically Monday–Friday, 8:00 a.m.–4:30 p.m. CT; call ahead",crenshaw|alabama|benefits|SNAP|Medicaid|DHR|reentry,SNAP enrollment|Medicaid application help|Family Assistance (TANF)|Child care subsidies|MyDHR application help,Crenshaw,Crenshaw,single
241,Dale County DHR — Benefits & Family Support,financial-assistance,Ozark / Dale County,"The Dale County Department of Human Resources office in Ozark processes SNAP, Medicaid, Family Assistance (TANF), and child care subsidy applications for Alabama residents including returning citizens reestablishing food and health benefits after release from Dale County Jail or ADOC custody. County DHR staff help verify identity and income and accept applications submitted through the MyDHR portal.","La oficina del Departamento de Recursos Humanos del condado Dale en Ozark procesa solicitudes de SNAP, Medicaid, Asistencia Familiar (TANF) y subsidios de cuidado infantil para residentes de Alabama, incluidos ciudadanos que regresan que restablecen beneficios alimentarios y de salud después de salir de la cárcel del condado Dale o de la custodia de ADOC. El personal del condado ayuda a verificar identidad e ingresos y acepta solicitudes presentadas a través del portal MyDHR.",513 Carroll Avenue,Ozark,1-800-410-5827,,https://mydhr.alabama.gov,"Dale County residents meeting income and household-size requirements for SNAP, Medicaid, and Family Assistance; criminal record generally not a barrier.","Residentes del condado Dale que cumplan requisitos de ingresos y tamaño de hogar para SNAP, Medicaid y Asistencia Familiar; los antecedentes penales generalmente no son barrera.",Apply online at mydhr.alabama.gov or visit the county DHR office; call 1-800-410-5827 for statewide MyDHR help; bring ID and release paperwork if recently released.,Solicite en mydhr.alabama.gov o visite la oficina DHR del condado; llame al 1-800-410-5827 para ayuda estatal de MyDHR; traiga identificación y documentos de liberación si fue liberado recientemente.,"Typically Monday–Friday, 8:00 a.m.–4:30 p.m. CT; call ahead",dale|alabama|benefits|SNAP|Medicaid|DHR|reentry,SNAP enrollment|Medicaid application help|Family Assistance (TANF)|Child care subsidies|MyDHR application help,Dale,Dale,single
242,DeKalb County DHR — Benefits & Family Support,financial-assistance,Fort Payne / DeKalb County,"The DeKalb County Department of Human Resources office in Fort Payne processes SNAP, Medicaid, Family Assistance (TANF), and child care subsidy applications for Alabama residents including returning citizens reestablishing food and health benefits after release from DeKalb County Jail or ADOC custody. County DHR staff help verify identity and income and accept applications submitted through the MyDHR portal.","La oficina del Departamento de Recursos Humanos del condado DeKalb en Fort Payne procesa solicitudes de SNAP, Medicaid, Asistencia Familiar (TANF) y subsidios de cuidado infantil para residentes de Alabama, incluidos ciudadanos que regresan que restablecen beneficios alimentarios y de salud después de salir de la cárcel del condado DeKalb o de la custodia de ADOC. El personal del condado ayuda a verificar identidad e ingresos y acepta solicitudes presentadas a través del portal MyDHR.",2301 Briarwood Ave South,Fort Payne,1-800-410-5827,,https://mydhr.alabama.gov,"DeKalb County residents meeting income and household-size requirements for SNAP, Medicaid, and Family Assistance; criminal record generally not a barrier.","Residentes del condado DeKalb que cumplan requisitos de ingresos y tamaño de hogar para SNAP, Medicaid y Asistencia Familiar; los antecedentes penales generalmente no son barrera.",Apply online at mydhr.alabama.gov or visit the county DHR office; call 1-800-410-5827 for statewide MyDHR help; bring ID and release paperwork if recently released.,Solicite en mydhr.alabama.gov o visite la oficina DHR del condado; llame al 1-800-410-5827 para ayuda estatal de MyDHR; traiga identificación y documentos de liberación si fue liberado recientemente.,"Typically Monday–Friday, 8:00 a.m.–4:30 p.m. CT; call ahead",dekalb|alabama|benefits|SNAP|Medicaid|DHR|reentry,SNAP enrollment|Medicaid application help|Family Assistance (TANF)|Child care subsidies|MyDHR application help,DeKalb,DeKalb,single
243,Elmore County DHR — Benefits & Family Support,financial-assistance,Wetumpka / Elmore County,"The Elmore County Department of Human Resources office in Wetumpka processes SNAP, Medicaid, Family Assistance (TANF), and child care subsidy applications for Alabama residents including returning citizens reestablishing food and health benefits after release from Elmore County Jail or ADOC custody. County DHR staff help verify identity and income and accept applications submitted through the MyDHR portal.","La oficina del Departamento de Recursos Humanos del condado Elmore en Wetumpka procesa solicitudes de SNAP, Medicaid, Asistencia Familiar (TANF) y subsidios de cuidado infantil para residentes de Alabama, incluidos ciudadanos que regresan que restablecen beneficios alimentarios y de salud después de salir de la cárcel del condado Elmore o de la custodia de ADOC. El personal del condado ayuda a verificar identidad e ingresos y acepta solicitudes presentadas a través del portal MyDHR.",8961 U.S. Highway 231,Wetumpka,1-800-410-5827,,https://mydhr.alabama.gov,"Elmore County residents meeting income and household-size requirements for SNAP, Medicaid, and Family Assistance; criminal record generally not a barrier.","Residentes del condado Elmore que cumplan requisitos de ingresos y tamaño de hogar para SNAP, Medicaid y Asistencia Familiar; los antecedentes penales generalmente no son barrera.",Apply online at mydhr.alabama.gov or visit the county DHR office; call 1-800-410-5827 for statewide MyDHR help; bring ID and release paperwork if recently released.,Solicite en mydhr.alabama.gov o visite la oficina DHR del condado; llame al 1-800-410-5827 para ayuda estatal de MyDHR; traiga identificación y documentos de liberación si fue liberado recientemente.,"Typically Monday–Friday, 8:00 a.m.–4:30 p.m. CT; call ahead",elmore|alabama|benefits|SNAP|Medicaid|DHR|reentry,SNAP enrollment|Medicaid application help|Family Assistance (TANF)|Child care subsidies|MyDHR application help,Elmore,Elmore,single
244,Etowah County DHR — Benefits & Family Support,financial-assistance,Gadsden / Etowah County,"The Etowah County Department of Human Resources office in Gadsden processes SNAP, Medicaid, Family Assistance (TANF), and child care subsidy applications for Alabama residents including returning citizens reestablishing food and health benefits after release from Etowah County Jail or ADOC custody. County DHR staff help verify identity and income and accept applications submitted through the MyDHR portal.","La oficina del Departamento de Recursos Humanos del condado Etowah en Gadsden procesa solicitudes de SNAP, Medicaid, Asistencia Familiar (TANF) y subsidios de cuidado infantil para residentes de Alabama, incluidos ciudadanos que regresan que restablecen beneficios alimentarios y de salud después de salir de la cárcel del condado Etowah o de la custodia de ADOC. El personal del condado ayuda a verificar identidad e ingresos y acepta solicitudes presentadas a través del portal MyDHR.",210 Hoke Street,Gadsden,1-800-410-5827,,https://mydhr.alabama.gov,"Etowah County residents meeting income and household-size requirements for SNAP, Medicaid, and Family Assistance; criminal record generally not a barrier.","Residentes del condado Etowah que cumplan requisitos de ingresos y tamaño de hogar para SNAP, Medicaid y Asistencia Familiar; los antecedentes penales generalmente no son barrera.",Apply online at mydhr.alabama.gov or visit the county DHR office; call 1-800-410-5827 for statewide MyDHR help; bring ID and release paperwork if recently released.,Solicite en mydhr.alabama.gov o visite la oficina DHR del condado; llame al 1-800-410-5827 para ayuda estatal de MyDHR; traiga identificación y documentos de liberación si fue liberado recientemente.,"Typically Monday–Friday, 8:00 a.m.–4:30 p.m. CT; call ahead",etowah|alabama|benefits|SNAP|Medicaid|DHR|reentry,SNAP enrollment|Medicaid application help|Family Assistance (TANF)|Child care subsidies|MyDHR application help,Etowah,Etowah,single
245,Franklin County DHR — Benefits & Family Support,financial-assistance,Russellville / Franklin County,"The Franklin County Department of Human Resources office in Russellville processes SNAP, Medicaid, Family Assistance (TANF), and child care subsidy applications for Alabama residents including returning citizens reestablishing food and health benefits after release from Franklin County Jail or ADOC custody. County DHR staff help verify identity and income and accept applications submitted through the MyDHR portal.","La oficina del Departamento de Recursos Humanos del condado Franklin en Russellville procesa solicitudes de SNAP, Medicaid, Asistencia Familiar (TANF) y subsidios de cuidado infantil para residentes de Alabama, incluidos ciudadanos que regresan que restablecen beneficios alimentarios y de salud después de salir de la cárcel del condado Franklin o de la custodia de ADOC. El personal del condado ayuda a verificar identidad e ingresos y acepta solicitudes presentadas a través del portal MyDHR.",737 Highway 48,Russellville,1-800-410-5827,,https://mydhr.alabama.gov,"Franklin County residents meeting income and household-size requirements for SNAP, Medicaid, and Family Assistance; criminal record generally not a barrier.","Residentes del condado Franklin que cumplan requisitos de ingresos y tamaño de hogar para SNAP, Medicaid y Asistencia Familiar; los antecedentes penales generalmente no son barrera.",Apply online at mydhr.alabama.gov or visit the county DHR office; call 1-800-410-5827 for statewide MyDHR help; bring ID and release paperwork if recently released.,Solicite en mydhr.alabama.gov o visite la oficina DHR del condado; llame al 1-800-410-5827 para ayuda estatal de MyDHR; traiga identificación y documentos de liberación si fue liberado recientemente.,"Typically Monday–Friday, 8:00 a.m.–4:30 p.m. CT; call ahead",franklin|alabama|benefits|SNAP|Medicaid|DHR|reentry,SNAP enrollment|Medicaid application help|Family Assistance (TANF)|Child care subsidies|MyDHR application help,Franklin,Franklin,single
246,Geneva County DHR — Benefits & Family Support,financial-assistance,Geneva / Geneva County,"The Geneva County Department of Human Resources office in Geneva processes SNAP, Medicaid, Family Assistance (TANF), and child care subsidy applications for Alabama residents including returning citizens reestablishing food and health benefits after release from Geneva County Jail or ADOC custody. County DHR staff help verify identity and income and accept applications submitted through the MyDHR portal.","La oficina del Departamento de Recursos Humanos del condado Geneva en Geneva procesa solicitudes de SNAP, Medicaid, Asistencia Familiar (TANF) y subsidios de cuidado infantil para residentes de Alabama, incluidos ciudadanos que regresan que restablecen beneficios alimentarios y de salud después de salir de la cárcel del condado Geneva o de la custodia de ADOC. El personal del condado ayuda a verificar identidad e ingresos y acepta solicitudes presentadas a través del portal MyDHR.",1831 West Magnolia Ave.,Geneva,1-800-410-5827,,https://mydhr.alabama.gov,"Geneva County residents meeting income and household-size requirements for SNAP, Medicaid, and Family Assistance; criminal record generally not a barrier.","Residentes del condado Geneva que cumplan requisitos de ingresos y tamaño de hogar para SNAP, Medicaid y Asistencia Familiar; los antecedentes penales generalmente no son barrera.",Apply online at mydhr.alabama.gov or visit the county DHR office; call 1-800-410-5827 for statewide MyDHR help; bring ID and release paperwork if recently released.,Solicite en mydhr.alabama.gov o visite la oficina DHR del condado; llame al 1-800-410-5827 para ayuda estatal de MyDHR; traiga identificación y documentos de liberación si fue liberado recientemente.,"Typically Monday–Friday, 8:00 a.m.–4:30 p.m. CT; call ahead",geneva|alabama|benefits|SNAP|Medicaid|DHR|reentry,SNAP enrollment|Medicaid application help|Family Assistance (TANF)|Child care subsidies|MyDHR application help,Geneva,Geneva,single
247,Henry County DHR — Benefits & Family Support,financial-assistance,Abbeville / Henry County,"The Henry County Department of Human Resources office in Abbeville processes SNAP, Medicaid, Family Assistance (TANF), and child care subsidy applications for Alabama residents including returning citizens reestablishing food and health benefits after release from Henry County Jail or ADOC custody. County DHR staff help verify identity and income and accept applications submitted through the MyDHR portal.","La oficina del Departamento de Recursos Humanos del condado Henry en Abbeville procesa solicitudes de SNAP, Medicaid, Asistencia Familiar (TANF) y subsidios de cuidado infantil para residentes de Alabama, incluidos ciudadanos que regresan que restablecen beneficios alimentarios y de salud después de salir de la cárcel del condado Henry o de la custodia de ADOC. El personal del condado ayuda a verificar identidad e ingresos y acepta solicitudes presentadas a través del portal MyDHR.",507 Kirkland Street,Abbeville,1-800-410-5827,,https://mydhr.alabama.gov,"Henry County residents meeting income and household-size requirements for SNAP, Medicaid, and Family Assistance; criminal record generally not a barrier.","Residentes del condado Henry que cumplan requisitos de ingresos y tamaño de hogar para SNAP, Medicaid y Asistencia Familiar; los antecedentes penales generalmente no son barrera.",Apply online at mydhr.alabama.gov or visit the county DHR office; call 1-800-410-5827 for statewide MyDHR help; bring ID and release paperwork if recently released.,Solicite en mydhr.alabama.gov o visite la oficina DHR del condado; llame al 1-800-410-5827 para ayuda estatal de MyDHR; traiga identificación y documentos de liberación si fue liberado recientemente.,"Typically Monday–Friday, 8:00 a.m.–4:30 p.m. CT; call ahead",henry|alabama|benefits|SNAP|Medicaid|DHR|reentry,SNAP enrollment|Medicaid application help|Family Assistance (TANF)|Child care subsidies|MyDHR application help,Henry,Henry,single
248,Houston County DHR — Benefits & Family Support,financial-assistance,Dothan / Houston County,"The Houston County Department of Human Resources office in Dothan processes SNAP, Medicaid, Family Assistance (TANF), and child care subsidy applications for Alabama residents including returning citizens reestablishing food and health benefits after release from Houston County Jail or ADOC custody. County DHR staff help verify identity and income and accept applications submitted through the MyDHR portal.","La oficina del Departamento de Recursos Humanos del condado Houston en Dothan procesa solicitudes de SNAP, Medicaid, Asistencia Familiar (TANF) y subsidios de cuidado infantil para residentes de Alabama, incluidos ciudadanos que regresan que restablecen beneficios alimentarios y de salud después de salir de la cárcel del condado Houston o de la custodia de ADOC. El personal del condado ayuda a verificar identidad e ingresos y acepta solicitudes presentadas a través del portal MyDHR.",1605 Ross Clark Circle,Dothan,1-800-410-5827,,https://mydhr.alabama.gov,"Houston County residents meeting income and household-size requirements for SNAP, Medicaid, and Family Assistance; criminal record generally not a barrier.","Residentes del condado Houston que cumplan requisitos de ingresos y tamaño de hogar para SNAP, Medicaid y Asistencia Familiar; los antecedentes penales generalmente no son barrera.",Apply online at mydhr.alabama.gov or visit the county DHR office; call 1-800-410-5827 for statewide MyDHR help; bring ID and release paperwork if recently released.,Solicite en mydhr.alabama.gov o visite la oficina DHR del condado; llame al 1-800-410-5827 para ayuda estatal de MyDHR; traiga identificación y documentos de liberación si fue liberado recientemente.,"Typically Monday–Friday, 8:00 a.m.–4:30 p.m. CT; call ahead",houston|alabama|benefits|SNAP|Medicaid|DHR|reentry,SNAP enrollment|Medicaid application help|Family Assistance (TANF)|Child care subsidies|MyDHR application help,Houston,Houston,single
249,Jackson County DHR — Benefits & Family Support,financial-assistance,Scottsboro / Jackson County,"The Jackson County Department of Human Resources office in Scottsboro processes SNAP, Medicaid, Family Assistance (TANF), and child care subsidy applications for Alabama residents including returning citizens reestablishing food and health benefits after release from Jackson County Jail or ADOC custody. County DHR staff help verify identity and income and accept applications submitted through the MyDHR portal.","La oficina del Departamento de Recursos Humanos del condado Jackson en Scottsboro procesa solicitudes de SNAP, Medicaid, Asistencia Familiar (TANF) y subsidios de cuidado infantil para residentes de Alabama, incluidos ciudadanos que regresan que restablecen beneficios alimentarios y de salud después de salir de la cárcel del condado Jackson o de la custodia de ADOC. El personal del condado ayuda a verificar identidad e ingresos y acepta solicitudes presentadas a través del portal MyDHR.",305 Bingham Street,Scottsboro,1-800-410-5827,,https://mydhr.alabama.gov,"Jackson County residents meeting income and household-size requirements for SNAP, Medicaid, and Family Assistance; criminal record generally not a barrier.","Residentes del condado Jackson que cumplan requisitos de ingresos y tamaño de hogar para SNAP, Medicaid y Asistencia Familiar; los antecedentes penales generalmente no son barrera.",Apply online at mydhr.alabama.gov or visit the county DHR office; call 1-800-410-5827 for statewide MyDHR help; bring ID and release paperwork if recently released.,Solicite en mydhr.alabama.gov o visite la oficina DHR del condado; llame al 1-800-410-5827 para ayuda estatal de MyDHR; traiga identificación y documentos de liberación si fue liberado recientemente.,"Typically Monday–Friday, 8:00 a.m.–4:30 p.m. CT; call ahead",jackson|alabama|benefits|SNAP|Medicaid|DHR|reentry,SNAP enrollment|Medicaid application help|Family Assistance (TANF)|Child care subsidies|MyDHR application help,Jackson,Jackson,single
250,Jefferson County DHR — Benefits & Family Support,financial-assistance,Birmingham / Jefferson County,"The Jefferson County Department of Human Resources office in Birmingham processes SNAP, Medicaid, Family Assistance (TANF), and child care subsidy applications for Alabama residents including returning citizens reestablishing food and health benefits after release from Jefferson County Jail or ADOC custody. County DHR staff help verify identity and income and accept applications submitted through the MyDHR portal.","La oficina del Departamento de Recursos Humanos del condado Jefferson en Birmingham procesa solicitudes de SNAP, Medicaid, Asistencia Familiar (TANF) y subsidios de cuidado infantil para residentes de Alabama, incluidos ciudadanos que regresan que restablecen beneficios alimentarios y de salud después de salir de la cárcel del condado Jefferson o de la custodia de ADOC. El personal del condado ayuda a verificar identidad e ingresos y acepta solicitudes presentadas a través del portal MyDHR.",2001 12th Avenue North,Birmingham,1-800-410-5827,,https://mydhr.alabama.gov,"Jefferson County residents meeting income and household-size requirements for SNAP, Medicaid, and Family Assistance; criminal record generally not a barrier.","Residentes del condado Jefferson que cumplan requisitos de ingresos y tamaño de hogar para SNAP, Medicaid y Asistencia Familiar; los antecedentes penales generalmente no son barrera.",Apply online at mydhr.alabama.gov or visit the county DHR office; call 1-800-410-5827 for statewide MyDHR help; bring ID and release paperwork if recently released.,Solicite en mydhr.alabama.gov o visite la oficina DHR del condado; llame al 1-800-410-5827 para ayuda estatal de MyDHR; traiga identificación y documentos de liberación si fue liberado recientemente.,"Typically Monday–Friday, 8:00 a.m.–4:30 p.m. CT; call ahead",jefferson|alabama|benefits|SNAP|Medicaid|DHR|reentry,SNAP enrollment|Medicaid application help|Family Assistance (TANF)|Child care subsidies|MyDHR application help,Jefferson,Jefferson,single
251,Lauderdale County DHR — Benefits & Family Support,financial-assistance,Florence / Lauderdale County,"The Lauderdale County Department of Human Resources office in Florence processes SNAP, Medicaid, Family Assistance (TANF), and child care subsidy applications for Alabama residents including returning citizens reestablishing food and health benefits after release from Lauderdale County Jail or ADOC custody. County DHR staff help verify identity and income and accept applications submitted through the MyDHR portal.","La oficina del Departamento de Recursos Humanos del condado Lauderdale en Florence procesa solicitudes de SNAP, Medicaid, Asistencia Familiar (TANF) y subsidios de cuidado infantil para residentes de Alabama, incluidos ciudadanos que regresan que restablecen beneficios alimentarios y de salud después de salir de la cárcel del condado Lauderdale o de la custodia de ADOC. El personal del condado ayuda a verificar identidad e ingresos y acepta solicitudes presentadas a través del portal MyDHR.",424 Veterans Drive,Florence,1-800-410-5827,,https://mydhr.alabama.gov,"Lauderdale County residents meeting income and household-size requirements for SNAP, Medicaid, and Family Assistance; criminal record generally not a barrier.","Residentes del condado Lauderdale que cumplan requisitos de ingresos y tamaño de hogar para SNAP, Medicaid y Asistencia Familiar; los antecedentes penales generalmente no son barrera.",Apply online at mydhr.alabama.gov or visit the county DHR office; call 1-800-410-5827 for statewide MyDHR help; bring ID and release paperwork if recently released.,Solicite en mydhr.alabama.gov o visite la oficina DHR del condado; llame al 1-800-410-5827 para ayuda estatal de MyDHR; traiga identificación y documentos de liberación si fue liberado recientemente.,"Typically Monday–Friday, 8:00 a.m.–4:30 p.m. CT; call ahead",lauderdale|alabama|benefits|SNAP|Medicaid|DHR|reentry,SNAP enrollment|Medicaid application help|Family Assistance (TANF)|Child care subsidies|MyDHR application help,Lauderdale,Lauderdale,single
252,Lee County DHR — Benefits & Family Support,financial-assistance,Opelika / Lee County,"The Lee County Department of Human Resources office in Opelika processes SNAP, Medicaid, Family Assistance (TANF), and child care subsidy applications for Alabama residents including returning citizens reestablishing food and health benefits after release from Lee County Jail or ADOC custody. County DHR staff help verify identity and income and accept applications submitted through the MyDHR portal.","La oficina del Departamento de Recursos Humanos del condado Lee en Opelika procesa solicitudes de SNAP, Medicaid, Asistencia Familiar (TANF) y subsidios de cuidado infantil para residentes de Alabama, incluidos ciudadanos que regresan que restablecen beneficios alimentarios y de salud después de salir de la cárcel del condado Lee o de la custodia de ADOC. El personal del condado ayuda a verificar identidad e ingresos y acepta solicitudes presentadas a través del portal MyDHR.",1715 Corporate Drive,Opelika,1-800-410-5827,,https://mydhr.alabama.gov,"Lee County residents meeting income and household-size requirements for SNAP, Medicaid, and Family Assistance; criminal record generally not a barrier.","Residentes del condado Lee que cumplan requisitos de ingresos y tamaño de hogar para SNAP, Medicaid y Asistencia Familiar; los antecedentes penales generalmente no son barrera.",Apply online at mydhr.alabama.gov or visit the county DHR office; call 1-800-410-5827 for statewide MyDHR help; bring ID and release paperwork if recently released.,Solicite en mydhr.alabama.gov o visite la oficina DHR del condado; llame al 1-800-410-5827 para ayuda estatal de MyDHR; traiga identificación y documentos de liberación si fue liberado recientemente.,"Typically Monday–Friday, 8:00 a.m.–4:30 p.m. CT; call ahead",lee|alabama|benefits|SNAP|Medicaid|DHR|reentry,SNAP enrollment|Medicaid application help|Family Assistance (TANF)|Child care subsidies|MyDHR application help,Lee,Lee,single
253,Lowndes County DHR — Benefits & Family Support,financial-assistance,Hayneville / Lowndes County,"The Lowndes County Department of Human Resources office in Hayneville processes SNAP, Medicaid, Family Assistance (TANF), and child care subsidy applications for Alabama residents including returning citizens reestablishing food and health benefits after release from Lowndes County Jail or ADOC custody. County DHR staff help verify identity and income and accept applications submitted through the MyDHR portal.","La oficina del Departamento de Recursos Humanos del condado Lowndes en Hayneville procesa solicitudes de SNAP, Medicaid, Asistencia Familiar (TANF) y subsidios de cuidado infantil para residentes de Alabama, incluidos ciudadanos que regresan que restablecen beneficios alimentarios y de salud después de salir de la cárcel del condado Lowndes o de la custodia de ADOC. El personal del condado ayuda a verificar identidad e ingresos y acepta solicitudes presentadas a través del portal MyDHR.",382 State Highway 97 South,Hayneville,1-800-410-5827,,https://mydhr.alabama.gov,"Lowndes County residents meeting income and household-size requirements for SNAP, Medicaid, and Family Assistance; criminal record generally not a barrier.","Residentes del condado Lowndes que cumplan requisitos de ingresos y tamaño de hogar para SNAP, Medicaid y Asistencia Familiar; los antecedentes penales generalmente no son barrera.",Apply online at mydhr.alabama.gov or visit the county DHR office; call 1-800-410-5827 for statewide MyDHR help; bring ID and release paperwork if recently released.,Solicite en mydhr.alabama.gov o visite la oficina DHR del condado; llame al 1-800-410-5827 para ayuda estatal de MyDHR; traiga identificación y documentos de liberación si fue liberado recientemente.,"Typically Monday–Friday, 8:00 a.m.–4:30 p.m. CT; call ahead",lowndes|alabama|benefits|SNAP|Medicaid|DHR|reentry,SNAP enrollment|Medicaid application help|Family Assistance (TANF)|Child care subsidies|MyDHR application help,Lowndes,Lowndes,single
254,Macon County DHR — Benefits & Family Support,financial-assistance,Tuskegee / Macon County,"The Macon County Department of Human Resources office in Tuskegee processes SNAP, Medicaid, Family Assistance (TANF), and child care subsidy applications for Alabama residents including returning citizens reestablishing food and health benefits after release from Macon County Jail or ADOC custody. County DHR staff help verify identity and income and accept applications submitted through the MyDHR portal.","La oficina del Departamento de Recursos Humanos del condado Macon en Tuskegee procesa solicitudes de SNAP, Medicaid, Asistencia Familiar (TANF) y subsidios de cuidado infantil para residentes de Alabama, incluidos ciudadanos que regresan que restablecen beneficios alimentarios y de salud después de salir de la cárcel del condado Macon o de la custodia de ADOC. El personal del condado ayuda a verificar identidad e ingresos y acepta solicitudes presentadas a través del portal MyDHR.",404 North Main Street,Tuskegee,1-800-410-5827,,https://mydhr.alabama.gov,"Macon County residents meeting income and household-size requirements for SNAP, Medicaid, and Family Assistance; criminal record generally not a barrier.","Residentes del condado Macon que cumplan requisitos de ingresos y tamaño de hogar para SNAP, Medicaid y Asistencia Familiar; los antecedentes penales generalmente no son barrera.",Apply online at mydhr.alabama.gov or visit the county DHR office; call 1-800-410-5827 for statewide MyDHR help; bring ID and release paperwork if recently released.,Solicite en mydhr.alabama.gov o visite la oficina DHR del condado; llame al 1-800-410-5827 para ayuda estatal de MyDHR; traiga identificación y documentos de liberación si fue liberado recientemente.,"Typically Monday–Friday, 8:00 a.m.–4:30 p.m. CT; call ahead",macon|alabama|benefits|SNAP|Medicaid|DHR|reentry,SNAP enrollment|Medicaid application help|Family Assistance (TANF)|Child care subsidies|MyDHR application help,Macon,Macon,single
255,Marshall County DHR — Benefits & Family Support,financial-assistance,Guntersville / Marshall County,"The Marshall County Department of Human Resources office in Guntersville processes SNAP, Medicaid, Family Assistance (TANF), and child care subsidy applications for Alabama residents including returning citizens reestablishing food and health benefits after release from Marshall County Jail or ADOC custody. County DHR staff help verify identity and income and accept applications submitted through the MyDHR portal.","La oficina del Departamento de Recursos Humanos del condado Marshall en Guntersville procesa solicitudes de SNAP, Medicaid, Asistencia Familiar (TANF) y subsidios de cuidado infantil para residentes de Alabama, incluidos ciudadanos que regresan que restablecen beneficios alimentarios y de salud después de salir de la cárcel del condado Marshall o de la custodia de ADOC. El personal del condado ayuda a verificar identidad e ingresos y acepta solicitudes presentadas a través del portal MyDHR.",180 Bluff Road,Guntersville,1-800-410-5827,,https://mydhr.alabama.gov,"Marshall County residents meeting income and household-size requirements for SNAP, Medicaid, and Family Assistance; criminal record generally not a barrier.","Residentes del condado Marshall que cumplan requisitos de ingresos y tamaño de hogar para SNAP, Medicaid y Asistencia Familiar; los antecedentes penales generalmente no son barrera.",Apply online at mydhr.alabama.gov or visit the county DHR office; call 1-800-410-5827 for statewide MyDHR help; bring ID and release paperwork if recently released.,Solicite en mydhr.alabama.gov o visite la oficina DHR del condado; llame al 1-800-410-5827 para ayuda estatal de MyDHR; traiga identificación y documentos de liberación si fue liberado recientemente.,"Typically Monday–Friday, 8:00 a.m.–4:30 p.m. CT; call ahead",marshall|alabama|benefits|SNAP|Medicaid|DHR|reentry,SNAP enrollment|Medicaid application help|Family Assistance (TANF)|Child care subsidies|MyDHR application help,Marshall,Marshall,single
256,Pickens County DHR — Benefits & Family Support,financial-assistance,Carrollton / Pickens County,"The Pickens County Department of Human Resources office in Carrollton processes SNAP, Medicaid, Family Assistance (TANF), and child care subsidy applications for Alabama residents including returning citizens reestablishing food and health benefits after release from Pickens County Jail or ADOC custody. County DHR staff help verify identity and income and accept applications submitted through the MyDHR portal.","La oficina del Departamento de Recursos Humanos del condado Pickens en Carrollton procesa solicitudes de SNAP, Medicaid, Asistencia Familiar (TANF) y subsidios de cuidado infantil para residentes de Alabama, incluidos ciudadanos que regresan que restablecen beneficios alimentarios y de salud después de salir de la cárcel del condado Pickens o de la custodia de ADOC. El personal del condado ayuda a verificar identidad e ingresos y acepta solicitudes presentadas a través del portal MyDHR.",401 Tuscaloosa Avenue,Carrollton,1-800-410-5827,,https://mydhr.alabama.gov,"Pickens County residents meeting income and household-size requirements for SNAP, Medicaid, and Family Assistance; criminal record generally not a barrier.","Residentes del condado Pickens que cumplan requisitos de ingresos y tamaño de hogar para SNAP, Medicaid y Asistencia Familiar; los antecedentes penales generalmente no son barrera.",Apply online at mydhr.alabama.gov or visit the county DHR office; call 1-800-410-5827 for statewide MyDHR help; bring ID and release paperwork if recently released.,Solicite en mydhr.alabama.gov o visite la oficina DHR del condado; llame al 1-800-410-5827 para ayuda estatal de MyDHR; traiga identificación y documentos de liberación si fue liberado recientemente.,"Typically Monday–Friday, 8:00 a.m.–4:30 p.m. CT; call ahead",pickens|alabama|benefits|SNAP|Medicaid|DHR|reentry,SNAP enrollment|Medicaid application help|Family Assistance (TANF)|Child care subsidies|MyDHR application help,Pickens,Pickens,single
257,Pike County DHR — Benefits & Family Support,financial-assistance,Troy / Pike County,"The Pike County Department of Human Resources office in Troy processes SNAP, Medicaid, Family Assistance (TANF), and child care subsidy applications for Alabama residents including returning citizens reestablishing food and health benefits after release from Pike County Jail or ADOC custody. County DHR staff help verify identity and income and accept applications submitted through the MyDHR portal.","La oficina del Departamento de Recursos Humanos del condado Pike en Troy procesa solicitudes de SNAP, Medicaid, Asistencia Familiar (TANF) y subsidios de cuidado infantil para residentes de Alabama, incluidos ciudadanos que regresan que restablecen beneficios alimentarios y de salud después de salir de la cárcel del condado Pike o de la custodia de ADOC. El personal del condado ayuda a verificar identidad e ingresos y acepta solicitudes presentadas a través del portal MyDHR.",717 South Three Notch Street,Troy,1-800-410-5827,,https://mydhr.alabama.gov,"Pike County residents meeting income and household-size requirements for SNAP, Medicaid, and Family Assistance; criminal record generally not a barrier.","Residentes del condado Pike que cumplan requisitos de ingresos y tamaño de hogar para SNAP, Medicaid y Asistencia Familiar; los antecedentes penales generalmente no son barrera.",Apply online at mydhr.alabama.gov or visit the county DHR office; call 1-800-410-5827 for statewide MyDHR help; bring ID and release paperwork if recently released.,Solicite en mydhr.alabama.gov o visite la oficina DHR del condado; llame al 1-800-410-5827 para ayuda estatal de MyDHR; traiga identificación y documentos de liberación si fue liberado recientemente.,"Typically Monday–Friday, 8:00 a.m.–4:30 p.m. CT; call ahead",pike|alabama|benefits|SNAP|Medicaid|DHR|reentry,SNAP enrollment|Medicaid application help|Family Assistance (TANF)|Child care subsidies|MyDHR application help,Pike,Pike,single
258,Randolph County DHR — Benefits & Family Support,financial-assistance,Wedowee / Randolph County,"The Randolph County Department of Human Resources office in Wedowee processes SNAP, Medicaid, Family Assistance (TANF), and child care subsidy applications for Alabama residents including returning citizens reestablishing food and health benefits after release from Randolph County Jail or ADOC custody. County DHR staff help verify identity and income and accept applications submitted through the MyDHR portal.","La oficina del Departamento de Recursos Humanos del condado Randolph en Wedowee procesa solicitudes de SNAP, Medicaid, Asistencia Familiar (TANF) y subsidios de cuidado infantil para residentes de Alabama, incluidos ciudadanos que regresan que restablecen beneficios alimentarios y de salud después de salir de la cárcel del condado Randolph o de la custodia de ADOC. El personal del condado ayuda a verificar identidad e ingresos y acepta solicitudes presentadas a través del portal MyDHR.",865 Hillcrest Avenue,Wedowee,1-800-410-5827,,https://mydhr.alabama.gov,"Randolph County residents meeting income and household-size requirements for SNAP, Medicaid, and Family Assistance; criminal record generally not a barrier.","Residentes del condado Randolph que cumplan requisitos de ingresos y tamaño de hogar para SNAP, Medicaid y Asistencia Familiar; los antecedentes penales generalmente no son barrera.",Apply online at mydhr.alabama.gov or visit the county DHR office; call 1-800-410-5827 for statewide MyDHR help; bring ID and release paperwork if recently released.,Solicite en mydhr.alabama.gov o visite la oficina DHR del condado; llame al 1-800-410-5827 para ayuda estatal de MyDHR; traiga identificación y documentos de liberación si fue liberado recientemente.,"Typically Monday–Friday, 8:00 a.m.–4:30 p.m. CT; call ahead",randolph|alabama|benefits|SNAP|Medicaid|DHR|reentry,SNAP enrollment|Medicaid application help|Family Assistance (TANF)|Child care subsidies|MyDHR application help,Randolph,Randolph,single
259,Russell County DHR — Benefits & Family Support,financial-assistance,Phenix City / Russell County,"The Russell County Department of Human Resources office in Phenix City processes SNAP, Medicaid, Family Assistance (TANF), and child care subsidy applications for Alabama residents including returning citizens reestablishing food and health benefits after release from Russell County Jail or ADOC custody. County DHR staff help verify identity and income and accept applications submitted through the MyDHR portal.","La oficina del Departamento de Recursos Humanos del condado Russell en Phenix City procesa solicitudes de SNAP, Medicaid, Asistencia Familiar (TANF) y subsidios de cuidado infantil para residentes de Alabama, incluidos ciudadanos que regresan que restablecen beneficios alimentarios y de salud después de salir de la cárcel del condado Russell o de la custodia de ADOC. El personal del condado ayuda a verificar identidad e ingresos y acepta solicitudes presentadas a través del portal MyDHR.",1901 Opelika Road,Phenix City,1-800-410-5827,,https://mydhr.alabama.gov,"Russell County residents meeting income and household-size requirements for SNAP, Medicaid, and Family Assistance; criminal record generally not a barrier.","Residentes del condado Russell que cumplan requisitos de ingresos y tamaño de hogar para SNAP, Medicaid y Asistencia Familiar; los antecedentes penales generalmente no son barrera.",Apply online at mydhr.alabama.gov or visit the county DHR office; call 1-800-410-5827 for statewide MyDHR help; bring ID and release paperwork if recently released.,Solicite en mydhr.alabama.gov o visite la oficina DHR del condado; llame al 1-800-410-5827 para ayuda estatal de MyDHR; traiga identificación y documentos de liberación si fue liberado recientemente.,"Typically Monday–Friday, 8:00 a.m.–4:30 p.m. CT; call ahead",russell|alabama|benefits|SNAP|Medicaid|DHR|reentry,SNAP enrollment|Medicaid application help|Family Assistance (TANF)|Child care subsidies|MyDHR application help,Russell,Russell,single
260,St. Clair County DHR — Benefits & Family Support,financial-assistance,Pell City / St. Clair County,"The St. Clair County Department of Human Resources office in Pell City processes SNAP, Medicaid, Family Assistance (TANF), and child care subsidy applications for Alabama residents including returning citizens reestablishing food and health benefits after release from St. Clair County Jail or ADOC custody. County DHR staff help verify identity and income and accept applications submitted through the MyDHR portal.","La oficina del Departamento de Recursos Humanos del condado St. Clair en Pell City procesa solicitudes de SNAP, Medicaid, Asistencia Familiar (TANF) y subsidios de cuidado infantil para residentes de Alabama, incluidos ciudadanos que regresan que restablecen beneficios alimentarios y de salud después de salir de la cárcel del condado St. Clair o de la custodia de ADOC. El personal del condado ayuda a verificar identidad e ingresos y acepta solicitudes presentadas a través del portal MyDHR.",213 Fox Hollow Boulevard,Pell City,1-800-410-5827,,https://mydhr.alabama.gov,"St. Clair County residents meeting income and household-size requirements for SNAP, Medicaid, and Family Assistance; criminal record generally not a barrier.","Residentes del condado St. Clair que cumplan requisitos de ingresos y tamaño de hogar para SNAP, Medicaid y Asistencia Familiar; los antecedentes penales generalmente no son barrera.",Apply online at mydhr.alabama.gov or visit the county DHR office; call 1-800-410-5827 for statewide MyDHR help; bring ID and release paperwork if recently released.,Solicite en mydhr.alabama.gov o visite la oficina DHR del condado; llame al 1-800-410-5827 para ayuda estatal de MyDHR; traiga identificación y documentos de liberación si fue liberado recientemente.,"Typically Monday–Friday, 8:00 a.m.–4:30 p.m. CT; call ahead",st. clair|alabama|benefits|SNAP|Medicaid|DHR|reentry,SNAP enrollment|Medicaid application help|Family Assistance (TANF)|Child care subsidies|MyDHR application help,St. Clair,St. Clair,single
261,Shelby County DHR — Benefits & Family Support,financial-assistance,Columbiana / Shelby County,"The Shelby County Department of Human Resources office in Columbiana processes SNAP, Medicaid, Family Assistance (TANF), and child care subsidy applications for Alabama residents including returning citizens reestablishing food and health benefits after release from Shelby County Jail or ADOC custody. County DHR staff help verify identity and income and accept applications submitted through the MyDHR portal.","La oficina del Departamento de Recursos Humanos del condado Shelby en Columbiana procesa solicitudes de SNAP, Medicaid, Asistencia Familiar (TANF) y subsidios de cuidado infantil para residentes de Alabama, incluidos ciudadanos que regresan que restablecen beneficios alimentarios y de salud después de salir de la cárcel del condado Shelby o de la custodia de ADOC. El personal del condado ayuda a verificar identidad e ingresos y acepta solicitudes presentadas a través del portal MyDHR.",987 Highway 70,Columbiana,1-800-410-5827,,https://mydhr.alabama.gov,"Shelby County residents meeting income and household-size requirements for SNAP, Medicaid, and Family Assistance; criminal record generally not a barrier.","Residentes del condado Shelby que cumplan requisitos de ingresos y tamaño de hogar para SNAP, Medicaid y Asistencia Familiar; los antecedentes penales generalmente no son barrera.",Apply online at mydhr.alabama.gov or visit the county DHR office; call 1-800-410-5827 for statewide MyDHR help; bring ID and release paperwork if recently released.,Solicite en mydhr.alabama.gov o visite la oficina DHR del condado; llame al 1-800-410-5827 para ayuda estatal de MyDHR; traiga identificación y documentos de liberación si fue liberado recientemente.,"Typically Monday–Friday, 8:00 a.m.–4:30 p.m. CT; call ahead",shelby|alabama|benefits|SNAP|Medicaid|DHR|reentry,SNAP enrollment|Medicaid application help|Family Assistance (TANF)|Child care subsidies|MyDHR application help,Shelby,Shelby,single
262,Talladega County DHR — Benefits & Family Support,financial-assistance,Talladega / Talladega County,"The Talladega County Department of Human Resources office in Talladega processes SNAP, Medicaid, Family Assistance (TANF), and child care subsidy applications for Alabama residents including returning citizens reestablishing food and health benefits after release from Talladega County Jail or ADOC custody. County DHR staff help verify identity and income and accept applications submitted through the MyDHR portal.","La oficina del Departamento de Recursos Humanos del condado Talladega en Talladega procesa solicitudes de SNAP, Medicaid, Asistencia Familiar (TANF) y subsidios de cuidado infantil para residentes de Alabama, incluidos ciudadanos que regresan que restablecen beneficios alimentarios y de salud después de salir de la cárcel del condado Talladega o de la custodia de ADOC. El personal del condado ayuda a verificar identidad e ingresos y acepta solicitudes presentadas a través del portal MyDHR.",1010 Ashland Hwy,Talladega,1-800-410-5827,,https://mydhr.alabama.gov,"Talladega County residents meeting income and household-size requirements for SNAP, Medicaid, and Family Assistance; criminal record generally not a barrier.","Residentes del condado Talladega que cumplan requisitos de ingresos y tamaño de hogar para SNAP, Medicaid y Asistencia Familiar; los antecedentes penales generalmente no son barrera.",Apply online at mydhr.alabama.gov or visit the county DHR office; call 1-800-410-5827 for statewide MyDHR help; bring ID and release paperwork if recently released.,Solicite en mydhr.alabama.gov o visite la oficina DHR del condado; llame al 1-800-410-5827 para ayuda estatal de MyDHR; traiga identificación y documentos de liberación si fue liberado recientemente.,"Typically Monday–Friday, 8:00 a.m.–4:30 p.m. CT; call ahead",talladega|alabama|benefits|SNAP|Medicaid|DHR|reentry,SNAP enrollment|Medicaid application help|Family Assistance (TANF)|Child care subsidies|MyDHR application help,Talladega,Talladega,single
263,Tallapoosa County DHR — Benefits & Family Support,financial-assistance,Dadeville / Tallapoosa County,"The Tallapoosa County Department of Human Resources office in Dadeville processes SNAP, Medicaid, Family Assistance (TANF), and child care subsidy applications for Alabama residents including returning citizens reestablishing food and health benefits after release from Tallapoosa County Jail or ADOC custody. County DHR staff help verify identity and income and accept applications submitted through the MyDHR portal.","La oficina del Departamento de Recursos Humanos del condado Tallapoosa en Dadeville procesa solicitudes de SNAP, Medicaid, Asistencia Familiar (TANF) y subsidios de cuidado infantil para residentes de Alabama, incluidos ciudadanos que regresan que restablecen beneficios alimentarios y de salud después de salir de la cárcel del condado Tallapoosa o de la custodia de ADOC. El personal del condado ayuda a verificar identidad e ingresos y acepta solicitudes presentadas a través del portal MyDHR.",1279 South Tallassee Street,Dadeville,1-800-410-5827,,https://mydhr.alabama.gov,"Tallapoosa County residents meeting income and household-size requirements for SNAP, Medicaid, and Family Assistance; criminal record generally not a barrier.","Residentes del condado Tallapoosa que cumplan requisitos de ingresos y tamaño de hogar para SNAP, Medicaid y Asistencia Familiar; los antecedentes penales generalmente no son barrera.",Apply online at mydhr.alabama.gov or visit the county DHR office; call 1-800-410-5827 for statewide MyDHR help; bring ID and release paperwork if recently released.,Solicite en mydhr.alabama.gov o visite la oficina DHR del condado; llame al 1-800-410-5827 para ayuda estatal de MyDHR; traiga identificación y documentos de liberación si fue liberado recientemente.,"Typically Monday–Friday, 8:00 a.m.–4:30 p.m. CT; call ahead",tallapoosa|alabama|benefits|SNAP|Medicaid|DHR|reentry,SNAP enrollment|Medicaid application help|Family Assistance (TANF)|Child care subsidies|MyDHR application help,Tallapoosa,Tallapoosa,single
264,Walker County DHR — Benefits & Family Support,financial-assistance,Jasper / Walker County,"The Walker County Department of Human Resources office in Jasper processes SNAP, Medicaid, Family Assistance (TANF), and child care subsidy applications for Alabama residents including returning citizens reestablishing food and health benefits after release from Walker County Jail or ADOC custody. County DHR staff help verify identity and income and accept applications submitted through the MyDHR portal.","La oficina del Departamento de Recursos Humanos del condado Walker en Jasper procesa solicitudes de SNAP, Medicaid, Asistencia Familiar (TANF) y subsidios de cuidado infantil para residentes de Alabama, incluidos ciudadanos que regresan que restablecen beneficios alimentarios y de salud después de salir de la cárcel del condado Walker o de la custodia de ADOC. El personal del condado ayuda a verificar identidad e ingresos y acepta solicitudes presentadas a través del portal MyDHR.",1901 Highway 78 East,Jasper,1-800-410-5827,,https://mydhr.alabama.gov,"Walker County residents meeting income and household-size requirements for SNAP, Medicaid, and Family Assistance; criminal record generally not a barrier.","Residentes del condado Walker que cumplan requisitos de ingresos y tamaño de hogar para SNAP, Medicaid y Asistencia Familiar; los antecedentes penales generalmente no son barrera.",Apply online at mydhr.alabama.gov or visit the county DHR office; call 1-800-410-5827 for statewide MyDHR help; bring ID and release paperwork if recently released.,Solicite en mydhr.alabama.gov o visite la oficina DHR del condado; llame al 1-800-410-5827 para ayuda estatal de MyDHR; traiga identificación y documentos de liberación si fue liberado recientemente.,"Typically Monday–Friday, 8:00 a.m.–4:30 p.m. CT; call ahead",walker|alabama|benefits|SNAP|Medicaid|DHR|reentry,SNAP enrollment|Medicaid application help|Family Assistance (TANF)|Child care subsidies|MyDHR application help,Walker,Walker,single
