id,name,category,region,description,description_es,address,city,phone,email,website,eligibility,eligibility_es,notes,notes_es,hours,tags,services,county,served_counties,coverage
1,ADCRR — Community Reentry Programs,state-agency,Statewide,"The Arizona Department of Corrections, Rehabilitation and Reentry coordinates statewide community reentry planning, pre-release programming, and connections to housing, employment, and behavioral health partners for people leaving ADCRR custody. Reentry staff at the Phoenix headquarters work with facility case managers, community corrections officers, and local nonprofits across all 15 counties before and after release. This office provides planning and referrals—not emergency shelter, cash assistance, or legal representation.","El Departamento de Correcciones, Rehabilitación y Reinserción de Arizona coordina la planificación estatal de reinserción comunitaria, programación previa a la liberación y conexiones con aliados de vivienda, empleo y salud conductual para personas que salen de custodia de ADCRR. El personal de reinserción en la sede de Phoenix trabaja con administradores de casos de instalaciones, oficiales de correcciones comunitarias y organizaciones locales en los 15 condados. Esta oficina ofrece planificación y referencias, no refugio de emergencia ni asistencia en efectivo.",701 E Jefferson Street,Phoenix,602-771-5500,,https://corrections.az.gov/adcr/community-reentry,Individuals in ADCRR custody preparing for release or under community supervision; community partners seeking ADCRR reentry engagement.,Personas en custodia de ADCRR que se preparan para la liberación o bajo supervisión comunitaria; aliados comunitarios que buscan coordinación de reinserción.,Visit corrections.az.gov/adcr/community-reentry for program overview; coordinate through facility reentry staff and assigned community corrections officer after release.,Visite corrections.az.gov/adcr/community-reentry; coordine con el personal de reinserción de la instalación y el oficial de correcciones comunitarias asignado.,State office Monday–Friday business hours,statewide|reentry|ADCRR|DOC|pre-release|community-corrections,Pre-release planning|Community reentry coordination|Partner referrals|Reentry resource navigation|Supervision linkage,Maricopa,,statewide
2,ADCRR — Community Corrections & Parole,probation-parole,Statewide,"ADCRR Community Corrections supervises adults on parole and community supervision through field offices across Arizona, connecting supervisees to employment, treatment, and housing resources as conditions of release. Community Corrections officers coordinate with ARIZONA@WORK, DES benefits, RBHA behavioral health providers, and local reentry nonprofits in every county. Contact your assigned officer—not a walk-in benefits or emergency housing intake center.","Correcciones Comunitarias de ADCRR supervisa adultos en libertad condicional y supervisión comunitaria a través de oficinas de campo en Arizona, conectando a supervisados con empleo, tratamiento y vivienda según condiciones de liberación. Los oficiales coordinan con ARIZONA@WORK, beneficios DES y proveedores RBHA en cada condado. Contacte a su oficial asignado; no es un centro de admisión de beneficios o vivienda de emergencia.",701 E Jefferson Street,Phoenix,602-542-5535,,https://corrections.az.gov/adcr/community-corrections,Adults under ADCRR parole or community supervision in Arizona; report to assigned community corrections officer.,Adultos bajo libertad condicional o supervisión comunitaria de ADCRR en Arizona; reporte al oficial de correcciones comunitarias asignado.,Find regional field office contacts at corrections.az.gov/adcr/community-corrections; statewide information 602-542-5535.,Encuentre contactos de oficinas regionales en corrections.az.gov/adcr/community-corrections; información estatal 602-542-5535.,Field offices typically Monday–Friday business hours,statewide|probation-parole|ADCRR|parole|community-supervision|reentry,Parole supervision|Community corrections reporting|Treatment referrals|Employment coordination|Reentry partner linkage,Maricopa,,statewide
3,Health-e-Arizona Plus,financial-assistance,Statewide,"Health-e-Arizona Plus is Arizona's official online portal for applying for and managing AHCCCS Medicaid, KidsCare, SNAP nutrition assistance, and cash assistance through the Department of Economic Security. Justice-involved Arizonans can apply for health coverage and food support after release from ADCRR custody or county jails using the same account used by county DES offices statewide. Online application and account management—not a crisis hotline or emergency shelter provider.","Health-e-Arizona Plus es el portal en línea oficial de Arizona para solicitar y administrar Medicaid AHCCCS, KidsCare, asistencia nutricional SNAP y asistencia en efectivo a través del Departamento de Seguridad Económica. Los arizonenses en reinserción pueden solicitar cobertura de salud y apoyo alimentario después de la liberación usando la misma cuenta que usan las oficinas DES del condado.",,,1-855-432-7587,,https://www.healthearizonaplus.gov,"Arizona residents meeting income and household requirements for Medicaid, SNAP, or TANF; criminal record generally not a barrier to Medicaid and SNAP.","Residentes de Arizona que cumplan requisitos de ingresos para Medicaid, SNAP o TANF; los antecedentes penales generalmente no son barrera para Medicaid y SNAP.",Apply online at healthearizonaplus.gov; call 1-855-432-7587 for DES help; statewide interview line 1-855-777-8590.,Solicite en healthearizonaplus.gov; llame al 1-855-432-7587; línea de entrevista estatal 1-855-777-8590.,Online 24/7; county DES office hours vary,statewide|benefits|Medicaid|SNAP|online|AHCCCS|reentry,Medicaid application|SNAP enrollment|TANF application|Benefits account management|Document upload,,,statewide
4,AHCCCS — Arizona Medicaid,healthcare,Statewide,"The Arizona Health Care Cost Containment System administers Medicaid and KidsCare health coverage for eligible low-income Arizonans through contracted health plans and Regional Behavioral Health Authorities across all 15 counties. Returning citizens can enroll through Health-e-Arizona Plus or county DES offices to access primary care, behavioral health, and prescription coverage after release. AHCCCS is health coverage administration—not a walk-in clinic or emergency room.",El Sistema de Contención de Costos de Atención Médica de Arizona administra la cobertura Medicaid y KidsCare para arizonenses elegibles de bajos ingresos a través de planes de salud contratados y Autoridades Regionales de Salud Conductual en los 15 condados. Los ciudadanos que regresan pueden inscribirse a través de Health-e-Arizona Plus para acceder a atención primaria y salud conductual.,801 E Jefferson Street,Phoenix,602-417-4000,,https://www.azahcccs.gov,Arizona residents meeting AHCCCS income and categorical eligibility; enrollment through Health-e-Arizona Plus or DES.,Residentes de Arizona que cumplan elegibilidad de ingresos AHCCCS; inscripción a través de Health-e-Arizona Plus o DES.,Apply at healthearizonaplus.gov; member services 602-417-4000; find your health plan at azahcccs.gov.,Solicite en healthearizonaplus.gov; servicios al miembro 602-417-4000; encuentre su plan en azahcccs.gov.,State office Monday–Friday business hours,statewide|healthcare|Medicaid|AHCCCS|insurance|reentry,Medicaid enrollment|Health plan selection|Member services|Behavioral health plan navigation|Coverage verification,Maricopa,,statewide
5,211 Arizona,state-agency,Statewide,"211 Arizona is a free statewide information and referral service connecting residents to health and human services including housing, food, utilities, employment, and crisis support in all 15 Arizona counties. United Way-supported navigators help callers find local programs by need and ZIP code through 211arizona.org and by dialing 211 from any Arizona phone. 211 Arizona is a referral service—not a direct-service provider.","211 Arizona es un servicio gratuito de información y referencia estatal que conecta a residentes con servicios de salud y humanos incluyendo vivienda, alimentos, servicios públicos, empleo y apoyo en crisis en los 15 condados de Arizona. Navegadores apoyados por United Way ayudan a encontrar programas locales por necesidad y código postal.",,,211,,https://211arizona.org,Open to all Arizona residents; no criminal-record restrictions stated.,Abierto a todos los residentes de Arizona; sin restricciones de antecedentes indicadas.,Dial 211 from any Arizona phone; search resources online at 211arizona.org; text your ZIP code to 898-211.,Marque 211 desde cualquier teléfono de Arizona; busque recursos en 211arizona.org; envíe su código postal al 898-211.,Available during published service hours; check 211arizona.org,statewide|hotline|211|referral-only|basic-needs,Information and referral|Housing resource navigation|Benefits referrals|Crisis resource connections|Local program search,,,statewide
6,Community Legal Services — Statewide Intake,legal-aid,Statewide,"Community Legal Services is Arizona's largest nonprofit civil legal aid provider serving low-income residents with housing, public benefits, family law, and criminal record relief including set-aside petitions under Arizona law. Centralized intake at 602-258-3434 or 1-800-852-9075 routes callers to CLS offices in Phoenix, Mesa, and statewide partner sites—not criminal defense representation.","Community Legal Services es el mayor proveedor sin fines de lucro de asistencia legal civil de Arizona que sirve a residentes de bajos ingresos con vivienda, beneficios públicos, derecho familiar y alivio de antecedentes penales incluidas peticiones de anulación bajo la ley de Arizona. La admisión centralizada enruta a oficinas CLS, no defensa penal.",305 S 2nd Avenue,Phoenix,602-258-3434,,https://www.clsaz.org,Low-income Arizona residents with civil legal problems; LSC income limits apply; offense-type restrictions may apply for record relief.,Residentes de Arizona de bajos ingresos con problemas legales civiles; aplican límites de ingresos LSC; pueden aplicar restricciones por tipo de delito.,Apply online at clsaz.org or call 602-258-3434 / 1-800-852-9075; toll-free statewide intake routes to nearest office.,Solicite en clsaz.org o llame al 602-258-3434 / 1-800-852-9075; admisión gratuita estatal enruta a la oficina más cercana.,Intake Monday–Friday business hours; online application 24/7,statewide|legal-aid|low-income|set-aside|hotline,Civil legal representation|Set-aside assistance|Housing legal aid|Benefits advocacy|Regional office referrals,Maricopa,,statewide
7,DNA People's Legal Services,legal-aid,Northern Arizona,"DNA People's Legal Services provides free civil legal aid to low-income residents across northern Arizona tribal and rural communities including Coconino, Navajo, Apache, and Mohave counties. Attorneys assist with housing, benefits, family law, and limited criminal record relief for justice-involved clients on the Colorado Plateau and tribal lands—not criminal defense.","DNA People's Legal Services brinda asistencia legal civil gratuita a residentes de bajos ingresos en comunidades tribales y rurales del norte de Arizona incluyendo los condados Coconino, Navajo, Apache y Mohave. Los abogados ayudan con vivienda, beneficios y alivio limitado de antecedentes penales, no defensa penal.",2225 N Gemini Drive,Flagstaff,928-779-9981,,https://www.dnaazlaw.org,Low-income residents of DNA service area counties and tribal communities with civil legal problems; income limits apply.,Residentes de bajos ingresos del área de servicio DNA y comunidades tribales con problemas legales civiles; aplican límites de ingresos.,"Call 928-779-9981 for northern Arizona intake; offices also in Tuba City, Page, and Kayenta; apply at dnaazlaw.org.","Llame al 928-779-9981 para admisión del norte de Arizona; oficinas también en Tuba City, Page y Kayenta.",Intake Monday–Friday business hours,northern-arizona|legal-aid|tribal|rural|flagstaff|reentry,Civil legal representation|Housing legal aid|Benefits advocacy|Tribal community services|Record relief guidance,Coconino,Apache|Coconino|Navajo|Mohave,multi
8,ARIZONA@WORK — Statewide Network,employment,Statewide,"ARIZONA@WORK is the statewide workforce development network operated through the Arizona Department of Economic Security, connecting job seekers in all 15 counties to career coaching, resume assistance, WIOA training referrals, and fair-chance employment navigation. Justice-involved adults leaving ADCRR custody or county jails can register at arizonaatwork.com for free core services at local one-stop centers. Workforce services—not emergency cash or housing placement.","ARIZONA@WORK es la red estatal de desarrollo de la fuerza laboral operada por el Departamento de Seguridad Económica de Arizona, conectando buscadores de empleo en los 15 condados con coaching de carrera, asistencia con currículum y referencias de capacitación WIOA. Los adultos con antecedentes penales pueden registrarse en arizonaatwork.com para servicios básicos gratuitos.",1789 W Jefferson Street,Phoenix,602-771-6500,,https://arizonaatwork.com,Open to Arizona job seekers including justice-involved individuals; core ARIZONA@WORK services are free.,Abierto a buscadores de empleo de Arizona incluidas personas con antecedentes penales; servicios básicos gratuitos.,Register at arizonaatwork.com; find your local one-stop by ZIP code; pairs with DES benefits and RSA vocational rehabilitation.,Regístrese en arizonaatwork.com; encuentre su centro local por código postal; se vincula con beneficios DES y rehabilitación vocacional RSA.,One-stop centers typically Monday–Friday business hours,statewide|employment|arizona-at-work|WIOA|fair-chance|reentry,Career coaching|Resume assistance|WIOA training referrals|Job search tools|Fair-chance employment navigation,Maricopa,,statewide
9,RSA — Vocational Rehabilitation Services,employment,Statewide,"The Rehabilitation Services Administration within Arizona DES helps Arizonans with disabilities—including justice-involved individuals with documented disabilities—prepare for, obtain, and maintain employment through counseling, training, assistive technology, and job placement across all 15 counties. VR counselors coordinate with ARIZONA@WORK, AHCCCS behavioral health providers, and ADCRR reentry staff on individualized employment plans. VR eligibility requires a documented disability affecting employment—not general reentry case management.","La Administración de Servicios de Rehabilitación dentro de DES de Arizona ayuda a arizonenses con discapacidades—incluidas personas con antecedentes penales con discapacidades documentadas—a prepararse, obtener y mantener empleo a través de consejería, capacitación y colocación laboral en los 15 condados. La elegibilidad VR requiere una discapacidad documentada que afecte el empleo.",1789 W Jefferson Street,Phoenix,602-542-3332,,https://des.az.gov/services/employment/rehabilitation-services,Arizona residents with a physical or mental disability that is a substantial barrier to employment; justice-involved applicants welcome if VR eligible.,Residentes de Arizona con una discapacidad física o mental que sea una barrera sustancial al empleo; solicitantes con antecedentes penales bienvenidos si son elegibles para VR.,Apply at des.az.gov RSA or through local VR office; call 602-542-3332; coordinate with ARIZONA@WORK for job placement after plan approval.,Solicite en des.az.gov RSA o en la oficina VR local; llame al 602-542-3332; coordine con ARIZONA@WORK después de aprobar el plan.,State and field offices Monday–Friday business hours,statewide|employment|vocational-rehabilitation|disability|RSA|reentry,Vocational counseling|Disability employment planning|Training referrals|Assistive technology|Job placement,Maricopa,,statewide
10,AHCCCS — RBHA Behavioral Health Directory,substance-use-treatment,Statewide,"Arizona's Regional Behavioral Health Authorities contract with AHCCCS to deliver mental health and substance use disorder services for Medicaid members and uninsured crisis populations in six regions covering all 15 counties. Justice-involved Arizonans can locate their RBHA—Mercy Care, Banner, Health Choice, Cenpatico, Arizona Complete Health, or Steward—at azahcccs.gov to access outpatient treatment, crisis services, and peer support. Directory and enrollment navigation—not a single treatment facility.","Las Autoridades Regionales de Salud Conductual de Arizona contratan con AHCCCS para ofrecer servicios de salud mental y trastornos por uso de sustancias para miembros Medicaid en seis regiones que cubren los 15 condados. Los arizonenses en reinserción pueden localizar su RBHA en azahcccs.gov para acceder a tratamiento ambulatorio, servicios de crisis y apoyo entre pares.",801 E Jefferson Street,Phoenix,602-417-4000,,https://www.azahcccs.gov/Members/GetCovered/Crisis.html,AHCCCS members and crisis-eligible uninsured individuals; SUD and mental health services vary by RBHA region and plan.,Miembros AHCCCS e individuos sin seguro elegibles para crisis; los servicios varían por región RBHA y plan.,Find your RBHA at azahcccs.gov; crisis line 1-844-534-4673; enroll in AHCCCS through healthearizonaplus.gov first when eligible.,Encuentre su RBHA en azahcccs.gov; línea de crisis 1-844-534-4673; inscríbase en AHCCCS a través de healthearizonaplus.gov cuando sea elegible.,Crisis lines 24/7; RBHA offices business hours,statewide|behavioral-health|RBHA|substance-use-treatment|crisis|reentry,RBHA plan navigation|Crisis behavioral health|SUD treatment referrals|Mental health services|Peer support connections,Maricopa,,statewide
11,Arizona Department of Veterans' Services,veterans,Statewide,"The Arizona Department of Veterans' Services helps veterans and their families access federal VA benefits, state tuition waivers, employment preferences, and burial honors through benefits counselors at the Phoenix headquarters and county veterans service offices in every county. Justice-involved veterans can request benefits assistance and referrals to VA medical centers, SSVF housing providers, and ARIZONA@WORK veteran staff after release. Benefits counseling and referrals—not emergency housing or cash assistance.","El Departamento de Veteranos de Arizona ayuda a veteranos y sus familias a acceder a beneficios federales VA, exenciones de matrícula estatal y preferencias de empleo a través de consejeros en la sede de Phoenix y oficinas de servicios para veteranos del condado. Los veteranos en reinserción pueden solicitar asistencia de beneficios y referencias a centros médicos VA.",700 W Washington Street,Phoenix,602-542-8811,,https://dvs.az.gov,"Arizona veterans, service members, and eligible family members; discharge status and benefit type determine services.","Veteranos de Arizona, miembros del servicio y familiares elegibles; el estado de baja y tipo de beneficio determinan los servicios.",Visit dvs.az.gov; call 602-542-8811; find your county veterans service officer through the DVS locator.,Visite dvs.az.gov; llame al 602-542-8811; encuentre su oficial de servicios para veteranos del condado en el localizador DVS.,State office Monday–Friday business hours; CVSO hours vary by county,statewide|veterans|VA-benefits|CVSO|reentry,VA benefits counseling|Disability claims assistance|Employment preference guidance|Tuition waiver information|County CVSO referrals,Maricopa,,statewide
12,Arizona MVD — azmvdnow.gov,id-documentation,Statewide,"The Arizona Motor Vehicle Division issues state ID cards and driver's licenses through azmvdnow.gov and MVD offices statewide, a critical step for justice-involved Arizonans reestablishing identification after release. Many MVD services including ID card renewal and address changes can be completed online; first-time IDs and reinstatements may require an office visit with proof of identity and residency. MVD issues credentials—not legal name change or birth certificate services.","La División de Vehículos Motorizados de Arizona emite tarjetas de identificación estatal y licencias de conducir a través de azmvdnow.gov y oficinas MVD en todo el estado, un paso crítico para arizonenses en reinserción que restablecen identificación después de la liberación. Muchos servicios MVD pueden completarse en línea; las identificaciones por primera vez pueden requerir visita a oficina.",100 N 15th Avenue,Phoenix,602-255-0072,,https://azmvdnow.gov,Arizona residents seeking state ID or driver's license; specific documents required for first issuance after incarceration.,Residentes de Arizona que buscan identificación estatal o licencia de conducir; se requieren documentos específicos para primera emisión después de encarcelación.,Start at azmvdnow.gov; call 602-255-0072; bring certified birth certificate or passport plus two proofs of Arizona residency.,Comience en azmvdnow.gov; llame al 602-255-0072; traiga acta de nacimiento certificada o pasaporte más dos comprobantes de residencia en Arizona.,Online 24/7; office hours vary by location,statewide|id-documentation|MVD|drivers-license|state-id|reentry,State ID issuance|Driver license services|Online credential renewal|Reinstatement guidance|Third-party office locator,Maricopa,,statewide
13,ADHS — Office of Vital Records,id-documentation,Statewide,"The Arizona Department of Health Services Office of Vital Records issues certified birth and death certificates needed for state ID, employment, and benefits applications across Arizona. Returning citizens who lack identity documents can order certified copies online, by mail, or in person at the Phoenix office with acceptable identification or qualified applicant rules. Vital records issuance—not a legal aid or MVD licensing office.","La Oficina de Registros Vitales del Departamento de Servicios de Salud de Arizona emite actas de nacimiento y defunción certificadas necesarias para identificación estatal, empleo y solicitudes de beneficios. Los ciudadanos que regresan sin documentos de identidad pueden solicitar copias certificadas en línea, por correo o en persona en la oficina de Phoenix.",1818 W Adams Street,Phoenix,602-364-1300,,https://www.azdhs.gov/licensing/vital-records,Individuals with legal right to request vital records per Arizona law; qualified applicants may order for others with documentation.,Personas con derecho legal a solicitar registros vitales según la ley de Arizona; solicitantes calificados pueden pedir para otros con documentación.,Order online at azdhs.gov vital records; call 602-364-1300; first-time requests may take 2–3 weeks by mail.,Solicite en línea en azdhs.gov registros vitales; llame al 602-364-1300; las primeras solicitudes pueden tardar 2–3 semanas por correo.,Office Monday–Friday business hours; online ordering 24/7,statewide|id-documentation|birth-certificate|vital-records|reentry,Certified birth certificates|Death certificate issuance|Online vital records orders|Identity document support|Records verification,Maricopa,,statewide
14,988 Suicide & Crisis Lifeline,basic-needs,Statewide,"The 988 Suicide & Crisis Lifeline provides free, confidential 24/7 support for people in mental health, substance use, or suicidal crisis across Arizona, routing to local crisis centers and mobile teams when needed. Justice-involved individuals and families can call or text 988 for immediate emotional support and connections to RBHA crisis services—not ongoing case management or housing placement.","La Línea de Crisis y Prevención del Suicidio 988 ofrece apoyo gratuito y confidencial 24/7 para personas en crisis de salud mental, uso de sustancias o suicidio en Arizona, enrutando a centros de crisis locales cuando sea necesario. Las personas con antecedentes penales y familias pueden llamar o enviar mensaje al 988 para apoyo emocional inmediato.",,,988,,https://988lifeline.org,Anyone in mental health or suicidal crisis in the United States; Spanish-language support available.,Cualquier persona en crisis de salud mental o suicida en los Estados Unidos; apoyo en español disponible.,Call or text 988; chat at 988lifeline.org; veterans press 1; pairs with Arizona RBHA crisis line 1-844-534-4673.,Llame o envíe mensaje al 988; chat en 988lifeline.org; veteranos presionen 1; se vincula con línea de crisis RBHA 1-844-534-4673.,24/7,statewide|crisis|988|mental-health|hotline|reentry,Crisis counseling|Suicide prevention|Substance use crisis support|Local crisis center referral|Spanish-language support,,,statewide
15,SAMHSA National Helpline,substance-use-treatment,Statewide,"The SAMHSA National Helpline at 1-800-662-4357 is a free, confidential, 24/7 treatment referral service connecting callers to local substance use and mental health providers across Arizona and nationwide. Returning citizens and families can receive referrals to RBHA-contracted treatment, MAT providers, and peer support programs by ZIP code. Referral and information only—not a treatment facility or emergency housing provider.","La Línea Nacional de Ayuda de SAMHSA al 1-800-662-4357 es un servicio gratuito, confidencial y 24/7 de referencia a tratamiento que conecta a personas con proveedores locales de uso de sustancias y salud mental en Arizona y a nivel nacional. Solo referencia e información, no un centro de tratamiento.",,,1-800-662-4357,,https://www.samhsa.gov/find-help/national-helpline,Open to anyone seeking substance use or mental health treatment information and referrals; no insurance required to call.,Abierto a cualquier persona que busque información y referencias de tratamiento de uso de sustancias o salud mental; no se requiere seguro para llamar.,Call 1-800-662-4357; TTY 1-800-487-4889; also search findtreatment.gov by Arizona ZIP code.,Llame al 1-800-662-4357; TTY 1-800-487-4889; también busque en findtreatment.gov por código postal de Arizona.,24/7,statewide|substance-use-treatment|SAMHSA|hotline|referral|reentry,Treatment referrals|Provider locator|Mental health resource navigation|Spanish-language helpline|MAT provider information,,,statewide
16,FindTreatment.gov — Arizona Locator,substance-use-treatment,Statewide,"FindTreatment.gov is SAMHSA's searchable directory of licensed substance use and mental health treatment facilities, including outpatient, residential, and medication-assisted treatment providers across all Arizona counties. Justice-involved adults, probation officers, and reentry navigators can filter by payment options including Medicaid and justice-involved programs. Online locator only—not a crisis line or direct admission service.","FindTreatment.gov es el directorio buscable de SAMHSA de centros de tratamiento licenciados de uso de sustancias y salud mental, incluidos proveedores ambulatorios, residenciales y de tratamiento asistido con medicamentos en todos los condados de Arizona. Solo localizador en línea, no línea de crisis.",,,1-800-662-4357,,https://findtreatment.gov,"Open to anyone seeking treatment facility information; filter by Arizona location, services, and payment type.","Abierto a cualquier persona que busque información de centros de tratamiento; filtre por ubicación en Arizona, servicios y tipo de pago.",Search findtreatment.gov by Arizona city or ZIP; call SAMHSA helpline 1-800-662-4357 for navigator help.,Busque en findtreatment.gov por ciudad o código postal de Arizona; llame a la línea SAMHSA 1-800-662-4357.,Online 24/7,statewide|substance-use-treatment|locator|MAT|reentry,Treatment facility search|MAT provider locator|Payment filter tools|Outpatient and residential listings|Justice-involved program filter,,,statewide
17,Arizona Justice Project,legal-aid,Statewide,"The Arizona Justice Project is a nonprofit law clinic that investigates claims of wrongful conviction and assists with post-conviction relief, DNA testing motions, and limited reentry legal support for incarcerated and formerly incarcerated Arizonans. Staff and law school volunteers review cases meeting project criteria—not a general legal aid office for eviction, benefits, or routine expungement.","El Arizona Justice Project es una clínica legal sin fines de lucro que investiga reclamos de condena injusta y ayuda con alivio post-condena, mociones de pruebas de ADN y apoyo legal limitado de reinserción para arizonenses encarcelados y anteriormente encarcelados. No es una oficina general de ayuda legal para desalojo o beneficios.",1102 E McKinley Street,Phoenix,602-262-7144,,https://www.azjusticeproject.org,Cases meeting Arizona Justice Project intake criteria for wrongful conviction or post-conviction claims; limited capacity.,Casos que cumplan criterios de admisión del Arizona Justice Project para condena injusta o reclamos post-condena; capacidad limitada.,Apply through azjusticeproject.org case inquiry form; call 602-262-7144; does not replace CLS for general civil legal aid.,Solicite a través del formulario de consulta en azjusticeproject.org; llame al 602-262-7144; no reemplaza a CLS para ayuda legal civil general.,Office Monday–Friday business hours,statewide|legal-aid|post-conviction|wrongful-conviction|reentry,Post-conviction investigation|DNA testing motions|Wrongful conviction review|Limited reentry legal support|Law student clinic,Maricopa,,statewide
18,DES — SNAP Employment & Training (CAN),employment,Statewide,"Arizona's Connecting Arizona to Next Employment (CAN) program through DES provides SNAP Employment & Training services including job search coaching, skills training referrals, and support services for SNAP recipients statewide including justice-involved adults meeting program rules. Participants work with DES contractors and ARIZONA@WORK partners to satisfy SNAP work requirements and build employment history. E&T program—not standalone cash assistance.",El programa Connecting Arizona to Next Employment (CAN) a través de DES ofrece servicios de Empleo y Capacitación SNAP incluyendo coaching de búsqueda de empleo y referencias de capacitación para beneficiarios SNAP en todo el estado incluidos adultos con antecedentes penales que cumplan las reglas del programa.,1789 W Jefferson Street,Phoenix,1-855-432-7587,,https://des.az.gov/services/employment/snap-employment-training,Arizona SNAP recipients referred to or enrolled in DES Employment & Training; work requirement rules apply.,Beneficiarios SNAP de Arizona referidos o inscritos en Empleo y Capacitación DES; aplican reglas de requisitos de trabajo.,Enroll through county DES office or ARIZONA@WORK referral; call 1-855-432-7587; pairs with healthearizonaplus.gov SNAP account.,Inscríbase a través de la oficina DES del condado o referencia ARIZONA@WORK; llame al 1-855-432-7587.,Program hours vary by contractor and county,statewide|employment|SNAP|E&T|CAN|reentry,SNAP Employment & Training|Job search coaching|Skills training referrals|Work requirement support|ARIZONA@WORK linkage,Maricopa,,statewide
19,ADCRR — Community Reentry Center Overview,reentry-organizations,Statewide,"ADCRR Community Reentry Centers provide structured transitional programming at select facilities and community sites, combining employment readiness, cognitive programming, substance use education, and community partner linkages before release to parole or community supervision. The statewide reentry center model coordinates with ARIZONA@WORK, DES, and local housing providers—not a standalone halfway house open to walk-in public intake.","Los Centros de Reinserción Comunitaria de ADCRR ofrecen programación transicional estructurada en instalaciones seleccionadas y sitios comunitarios, combinando preparación laboral, programación cognitiva, educación sobre uso de sustancias y vínculos con aliados comunitarios antes de la liberación a libertad condicional. No es una casa de transición abierta al público.",701 E Jefferson Street,Phoenix,602-771-5500,,https://corrections.az.gov/adcr/community-reentry,ADCRR inmates assigned to community reentry center programming per classification and release plan; community walk-in not available.,Personas en custodia de ADCRR asignadas a programación del centro de reinserción comunitaria según clasificación y plan de liberación; no hay admisión comunitaria sin cita.,Programming accessed through ADCRR classification and facility reentry staff; public overview at corrections.az.gov/adcr/community-reentry.,La programación se accede a través de clasificación ADCRR y personal de reinserción de la instalación; descripción pública en corrections.az.gov.,Facility programming schedules vary,statewide|reentry|ADCRR|transitional-programming|pre-release,Transitional programming|Employment readiness|Cognitive programming|Community partner linkage|Pre-release coordination,Maricopa,,statewide
20,DES — Benefits Information Line,financial-assistance,Statewide,"The Arizona Department of Economic Security Benefits Information Line connects residents to SNAP, AHCCCS Medicaid, TANF cash assistance, and child care subsidy programs administered through county DES offices in all 15 counties. Returning citizens can call for application status, interview scheduling, and document guidance before visiting their county office in person. Phone and referral support—not a walk-in office.","La Línea de Información de Beneficios del Departamento de Seguridad Económica de Arizona conecta a residentes con programas SNAP, Medicaid AHCCCS, asistencia en efectivo TANF y subsidios de cuidado infantil administrados a través de oficinas DES del condado en los 15 condados. Apoyo telefónico y de referencia, no una oficina presencial.",1789 W Jefferson Street,Phoenix,1-855-432-7587,,https://des.az.gov,Arizona residents applying for or receiving DES benefits; criminal record generally not a barrier to SNAP and Medicaid.,Residentes de Arizona que solicitan o reciben beneficios DES; los antecedentes penales generalmente no son barrera para SNAP y Medicaid.,Call 1-855-432-7587; apply online at healthearizonaplus.gov; find county office at des.az.gov/find-your-local-office.,Llame al 1-855-432-7587; solicite en healthearizonaplus.gov; encuentre oficina del condado en des.az.gov.,Phone line business hours; online 24/7,statewide|benefits|DES|SNAP|Medicaid|reentry,Benefits information|Application status|Interview scheduling|County office referrals|Document guidance,Maricopa,,statewide
21,UMOM New Day Centers,housing,Phoenix / Maricopa County,"UMOM New Day Centers is one of Arizona's largest providers of family and single-adult homeless services in Maricopa County, operating emergency shelter, rapid rehousing, and transitional housing with case management for parents and individuals returning from incarceration. Housing navigators connect residents to DES benefits, ARIZONA@WORK, and Valleywise Health while stabilizing leases across the Phoenix metro. Family and adult shelter intake—not a general cash assistance office.","UMOM New Day Centers es uno de los mayores proveedores de servicios para personas sin hogar familiares y adultos solteros en el condado Maricopa, operando refugio de emergencia, realojamiento rápido y vivienda transicional con manejo de casos para padres e individuos que regresan de la encarcelación.",3333 E Van Buren Street,Phoenix,602-275-7852,,https://www.umom.org,Homeless families and single adults in Maricopa County; justice-involved adults per program policy.,Familias sin hogar y adultos solteros en el condado Maricopa; adultos con antecedentes penales según política del programa.,Call 602-275-7852 for housing intake; visit umom.org for program list; pairs with St. Mary's Food Bank and ARIZONA@WORK.,Llame al 602-275-7852 para admisión de vivienda; visite umom.org; se vincula con St. Mary's Food Bank y ARIZONA@WORK.,Intake Monday–Friday business hours,phoenix|maricopa|housing|shelter|families|reentry,Emergency shelter|Rapid rehousing|Transitional housing|Case management|Benefits navigation,Maricopa,Maricopa,single
22,A New Leaf — Family & Support Services,family-children,Mesa / Maricopa County,"A New Leaf provides domestic violence shelter, family support, homeless services, and financial literacy programs from its Mesa headquarters serving Maricopa County families including justice-involved parents reunifying with children. Distinct from rapid rehousing sites, the University Drive campus coordinates shelter, counseling, and DES benefits navigation for vulnerable households. Direct family services—not state probation reporting.","A New Leaf ofrece refugio contra violencia doméstica, apoyo familiar, servicios para personas sin hogar y programas de alfabetización financiera desde su sede en Mesa sirviendo a familias del condado Maricopa incluidos padres con antecedentes penales que se reunifican con sus hijos.",868 E University Drive,Mesa,480-833-9200,,https://turnanewleaf.org,"Families in crisis, domestic violence survivors, and homeless households in Maricopa County; justice-involved parents per program policy.","Familias en crisis, sobrevivientes de violencia doméstica y hogares sin hogar en el condado Maricopa; padres con antecedentes penales según política.",Crisis line 480-890-3039; main office 480-833-9200; rapid rehousing at separate Cotton Lane site.,Línea de crisis 480-890-3039; oficina principal 480-833-9200; realojamiento rápido en sitio separado Cotton Lane.,24/7 crisis line; office Monday–Friday,mesa|maricopa|family|domestic-violence|shelter|reentry,Domestic violence shelter|Family support|Homeless services|Financial literacy|Benefits navigation,Maricopa,Maricopa,single
23,St. Joseph the Worker,employment,Phoenix / Maricopa County,"St. Joseph the Worker helps justice-involved and homeless job seekers in Maricopa County obtain dignified employment through job development, employer partnerships, clothing and tool assistance, and the MentorWORKS peer mentoring program. Employment specialists place clients with fair-chance employers across the Phoenix metro and coordinate with ARIZONA@WORK and community corrections. Employment-focused—not a housing or benefits office.","St. Joseph the Worker ayuda a buscadores de empleo con antecedentes penales y sin hogar en el condado Maricopa a obtener empleo digno a través de desarrollo laboral, alianzas con empleadores y el programa de mentoría entre pares MentorWORKS.",420 E Oak Street,Phoenix,602-264-8951,,https://sjwjobs.org,Job-ready adults in Maricopa County including justice-involved and homeless individuals; free employment services.,Adultos listos para trabajar en el condado Maricopa incluidas personas con antecedentes penales y sin hogar; servicios de empleo gratuitos.,Call 602-264-8951; walk-in employment services; pairs with Phoenix Rescue Mission and UMOM.,Llame al 602-264-8951; servicios de empleo sin cita; se vincula con Phoenix Rescue Mission y UMOM.,Monday–Friday business hours,phoenix|maricopa|employment|fair-chance|MentorWORKS|reentry,Job placement|Employer partnerships|Work clothing assistance|Tool assistance|MentorWORKS peer mentoring,Maricopa,Maricopa,single
24,Phoenix Rescue Mission,reentry-organizations,Phoenix / Maricopa County,"Phoenix Rescue Mission provides emergency shelter, addiction recovery, workforce development, and reentry support for men and women experiencing homelessness and justice involvement in Maricopa County through its Changing Lives Center and Hope for Hunger Food Bank. Chaplaincy-based recovery and life transformation programs connect graduates to St. Joseph the Worker and ARIZONA@WORK. Faith-based recovery and shelter—not a government benefits office.","Phoenix Rescue Mission ofrece refugio de emergencia, recuperación de adicciones, desarrollo de la fuerza laboral y apoyo de reinserción para hombres y mujeres sin hogar y con antecedentes penales en el condado Maricopa a través de su Changing Lives Center.",1801 S 35th Avenue,Phoenix,602-233-3000,,https://phoenixrescuemission.org,Adults experiencing homelessness or addiction in Maricopa County; justice-involved participants in recovery programs.,Adultos sin hogar o con adicción en el condado Maricopa; participantes con antecedentes penales en programas de recuperación.,Call 602-233-3000 for intake; Hope for Hunger Food Bank on campus; pairs with St. Joseph the Worker employment.,Llame al 602-233-3000 para admisión; banco de alimentos Hope for Hunger en el campus.,Intake and shelter 24/7; offices Monday–Friday,phoenix|maricopa|reentry|recovery|shelter|faith-based,Emergency shelter|Addiction recovery|Workforce development|Reentry support|Food bank access,Maricopa,Maricopa,single
25,Native American Connections,housing,Phoenix / Maricopa County,"Native American Connections operates behavioral health, housing, and supportive services for individuals and families including justice-involved Native and non-Native adults in Maricopa County through scattered-site housing, SAGE recovery housing, and outpatient behavioral health at the Patina Wellness Center. Staff coordinate with AHCCCS RBHA plans, ARIZONA@WORK, and tribal reentry partners. Housing and behavioral health—not a tribal enrollment office.","Native American Connections opera salud conductual, vivienda y servicios de apoyo para individuos y familias incluidos adultos con antecedentes penales en el condado Maricopa a través de vivienda dispersa, vivienda de recuperación SAGE y salud conductual ambulatoria.",4520 N Central Avenue,Phoenix,602-424-2060,,https://www.nativeconnections.org,Adults and families in Maricopa County behavioral health and housing programs; justice-involved clients per RBHA and program policy.,Adultos y familias en programas de salud conductual y vivienda del condado Maricopa; clientes con antecedentes penales según política RBHA.,Call 602-424-2060; Patina Mountain Village housing; behavioral health intake at Central Avenue campus.,Llame al 602-424-2060; vivienda Patina Mountain Village; admisión de salud conductual en campus Central Avenue.,Office Monday–Friday business hours,phoenix|maricopa|housing|behavioral-health|native|reentry,Supportive housing|Recovery housing|Outpatient behavioral health|Case management|RBHA coordination,Maricopa,Maricopa,single
26,Hope's Crossing,reentry-organizations,Scottsdale / Maricopa County,"Hope's Crossing provides reentry coaching, workforce readiness, and supportive services for women returning from incarceration in Maricopa County through trauma-informed programming and employer partnerships. Coaches connect participants to housing resources, DES benefits, and ARIZONA@WORK while addressing barriers unique to women in reentry. Women-focused reentry—not a men's shelter or probation office.","Hope's Crossing ofrece coaching de reinserción, preparación laboral y servicios de apoyo para mujeres que regresan de la encarcelación en el condado Maricopa a través de programación informada por trauma y alianzas con empleadores.",3377 N Hayden Road,Scottsdale,480-967-7082,,https://www.hopescrossing.org,"Women returning from incarceration in Maricopa County; referrals from corrections, probation, and community partners.","Mujeres que regresan de la encarcelación en el condado Maricopa; referencias de correcciones, probatoria y aliados comunitarios.",Call 480-967-7082 for program intake; pairs with UMOM and A New Leaf family services.,Llame al 480-967-7082 para admisión al programa; se vincula con UMOM y A New Leaf.,Program Monday–Friday business hours,scottsdale|maricopa|reentry|women|workforce|reentry,Reentry coaching|Workforce readiness|Trauma-informed support|Housing resource navigation|Employer partnerships,Maricopa,Maricopa,single
27,Valleywise Health,healthcare,Phoenix / Maricopa County,"Valleywise Health is Maricopa County's public health system operating the public hospital, community health centers, and behavioral health services with sliding-fee and AHCCCS acceptance for uninsured and justice-involved patients establishing care after release. Primary care, specialty, and psychiatric services coordinate with DES Medicaid enrollment and reentry navigators across Phoenix. Full medical system—not a legal aid or housing office.","Valleywise Health es el sistema de salud pública del condado Maricopa que opera el hospital público, centros de salud comunitarios y servicios de salud conductual con tarifa móvil y aceptación AHCCCS para pacientes sin seguro y con antecedentes penales.",2601 E Roosevelt Street,Phoenix,602-344-5011,,https://www.valleywisehealth.org,Maricopa County residents; AHCCCS and uninsured patients including returning citizens; sliding fee available.,Residentes del condado Maricopa; pacientes AHCCCS y sin seguro incluidos ciudadanos que regresan; tarifa móvil disponible.,Call 602-344-5011; enroll in AHCCCS through healthearizonaplus.gov; community clinics across metro Phoenix.,Llame al 602-344-5011; inscríbase en AHCCCS en healthearizonaplus.gov; clínicas comunitarias en el metro Phoenix.,Hospital 24/7; clinics Monday–Friday,phoenix|maricopa|healthcare|FQHC|public-hospital|reentry,Primary care|Behavioral health|Specialty referrals|Sliding-fee care|AHCCCS enrollment support,Maricopa,Maricopa,single
28,Mountain Park Health Center,healthcare,Tempe / Maricopa County,"Mountain Park Health Center operates Federally Qualified Health Center clinics across Maricopa County providing primary care, dental, behavioral health, and pharmacy services with sliding fees for uninsured patients including returning citizens. The Tempe-Baseline clinic serves central metro neighborhoods with AHCCCS and Medicare acceptance and same-day sick visits. FQHC medical home—not an emergency room or benefits office.","Mountain Park Health Center opera clínicas FQHC en el condado Maricopa ofreciendo atención primaria, dental, salud conductual y farmacia con tarifas móviles para pacientes sin seguro incluidos ciudadanos que regresan.",635 E Broadway Road,Tempe,602-243-7277,,https://mountainparkhealth.org,Uninsured and Medicaid patients in Maricopa County; sliding fee scale; justice-involved patients welcome.,Pacientes sin seguro y Medicaid en el condado Maricopa; escala de tarifa móvil; pacientes con antecedentes penales bienvenidos.,Call 602-243-7277; multiple Maricopa County locations; enroll in AHCCCS at healthearizonaplus.gov.,Llame al 602-243-7277; múltiples ubicaciones en el condado Maricopa.,Clinic Monday–Saturday hours vary by site,tempe|maricopa|healthcare|FQHC|dental|reentry,Primary care|Dental services|Behavioral health|Pharmacy|Sliding-fee care,Maricopa,Maricopa,single
29,St. Mary's Food Bank,food-nutrition,Phoenix / Maricopa County,"St. Mary's Food Bank Alliance distributes emergency food boxes, mobile pantry services, and SNAP application assistance across Maricopa County and northern Arizona for hungry families including justice-involved households rebuilding stability after release. The Phoenix warehouse and neighborhood partners provide groceries and connections to UMOM, ARIZONA@WORK, and DES benefits. Food distribution—not a housing or employment office.","St. Mary's Food Bank Alliance distribuye cajas de alimentos de emergencia, despensas móviles y asistencia con solicitudes SNAP en el condado Maricopa y el norte de Arizona para familias hambrientas incluidos hogares con antecedentes penales.",2831 N 31st Avenue,Phoenix,602-242-3663,,https://www.stmarysfoodbank.org,Anyone facing food insecurity in service area; no criminal-record restrictions; ID may be requested for some programs.,Cualquier persona con inseguridad alimentaria en el área de servicio; sin restricciones de antecedentes penales.,Call 602-242-3663; find pantry locator at stmarysfoodbank.org; SNAP help at select sites.,Llame al 602-242-3663; encuentre despensa en stmarysfoodbank.org.,Warehouse and pantries Monday–Friday; hours vary,phoenix|maricopa|food-nutrition|SNAP|pantry|reentry,Emergency food boxes|Mobile pantry|SNAP application help|Community food partners|Nutrition programs,Maricopa,Maricopa|Coconino|Yavapai,multi
30,Community Bridges,substance-use-treatment,Phoenix / Maricopa County,"Community Bridges provides outpatient and residential substance use disorder treatment, crisis stabilization, and peer recovery support for justice-involved adults in Maricopa County through AHCCCS RBHA contracts and state grants. Programs include medication-assisted treatment, intensive outpatient, and reentry-focused peer services at multiple Phoenix metro sites. Treatment provider—not probation or housing intake.","Community Bridges ofrece tratamiento ambulatorio y residencial de trastornos por uso de sustancias, estabilización de crisis y apoyo de recuperación entre pares para adultos con antecedentes penales en el condado Maricopa a través de contratos RBHA AHCCCS.",3250 N 20th Street,Phoenix,602-253-3800,,https://communitybridgesaz.org,Adults with substance use disorders in Maricopa County; AHCCCS and justice-involved referrals accepted per RBHA rules.,Adultos con trastornos por uso de sustancias en el condado Maricopa; referencias AHCCCS y con antecedentes penales aceptadas según reglas RBHA.,Call 602-253-3800 for intake; crisis services available; pairs with ADCRR community corrections.,Llame al 602-253-3800 para admisión; servicios de crisis disponibles.,Crisis 24/7; clinics Monday–Friday,phoenix|maricopa|substance-use-treatment|MAT|peer-support|reentry,Outpatient SUD treatment|Residential treatment|Medication-assisted treatment|Crisis stabilization|Peer recovery support,Maricopa,Maricopa,single
31,Chicanos Por La Causa — Workforce & Housing,employment,Phoenix / Maricopa County,"Chicanos Por La Causa operates workforce development, affordable housing, and financial empowerment programs for low-income Maricopa County residents including justice-involved Latinos and families through CPLC Workforce Development and housing counseling at the Buckeye Road campus. Staff connect clients to ARIZONA@WORK, DES benefits, and Valleywise Health. Workforce and housing counseling—not criminal defense or probation services.","Chicanos Por La Causa opera desarrollo de la fuerza laboral, vivienda asequible y programas de empoderamiento financiero para residentes de bajos ingresos del condado Maricopa incluidas familias con antecedentes penales.",1112 E Buckeye Road,Phoenix,602-257-0700,,https://www.cplc.org,Low-income Maricopa County residents in CPLC programs; justice-involved clients per program policy.,Residentes de bajos ingresos del condado Maricopa en programas CPLC; clientes con antecedentes penales según política.,Call 602-257-0700; workforce center on Buckeye Road; housing counseling by appointment.,Llame al 602-257-0700; centro de empleo en Buckeye Road; consejería de vivienda con cita.,Monday–Friday business hours,phoenix|maricopa|employment|housing|latino|reentry,Workforce development|Affordable housing counseling|Financial empowerment|ARIZONA@WORK referrals|Benefits navigation,Maricopa,Maricopa,single
32,TERROS Health,healthcare,Phoenix / Maricopa County,"TERROS Health provides integrated primary care, behavioral health, and substance use treatment at multiple Maricopa County clinics with AHCCCS acceptance and sliding fees for uninsured patients including justice-involved adults. Whole-person care model coordinates medical, psychiatric, and SUD services with peer support and reentry navigators. Integrated clinic—not a hospital emergency department.","TERROS Health ofrece atención primaria integrada, salud conductual y tratamiento de uso de sustancias en múltiples clínicas del condado Maricopa con aceptación AHCCCS y tarifas móviles para pacientes sin seguro incluidos adultos con antecedentes penales.",3003 N Central Avenue,Phoenix,602-685-6000,,https://www.terroshealth.org,"Maricopa County patients; AHCCCS, Medicare, and sliding fee; justice-involved patients welcome.","Pacientes del condado Maricopa; AHCCCS, Medicare y tarifa móvil; pacientes con antecedentes penales bienvenidos.",Call 602-685-6000; multiple metro locations; enroll in AHCCCS at healthearizonaplus.gov.,Llame al 602-685-6000; múltiples ubicaciones metro.,Clinic Monday–Friday; some extended hours,phoenix|maricopa|healthcare|behavioral-health|SUD|reentry,Primary care|Behavioral health|Substance use treatment|Peer support|Sliding-fee care,Maricopa,Maricopa,single
33,Goodwill of Central Arizona,employment,Phoenix / Maricopa County,"Goodwill of Central Arizona operates career centers, thrift social enterprise, and vocational training connecting Maricopa County job seekers including fair-chance hires to employment, digital skills, and ARIZONA@WORK WIOA referrals. Justice-involved participants access career coaching and employer networks through the Metro Career Center. Employment and training—not emergency financial assistance.","Goodwill de Arizona Central opera centros de carrera, empresa social de segunda mano y capacitación vocacional conectando buscadores de empleo del condado Maricopa incluidas contrataciones de segunda oportunidad con empleo y referencias WIOA.",2626 W Beryl Avenue,Phoenix,602-513-8400,,https://www.goodwillaz.org,Maricopa County job seekers including justice-involved individuals; free career center services.,Buscadores de empleo del condado Maricopa incluidas personas con antecedentes penales; servicios gratuitos del centro de carrera.,Call 602-513-8400; career centers across metro; register at arizonaatwork.com.,Llame al 602-513-8400; centros de carrera en el metro.,Career centers Monday–Friday,phoenix|maricopa|employment|goodwill|fair-chance|reentry,Career coaching|Vocational training|Digital skills|Employer networking|WIOA referrals,Maricopa,Maricopa,single
34,Catholic Charities Community Services — Phoenix,basic-needs,Phoenix / Maricopa County,"Catholic Charities Community Services in Phoenix provides emergency assistance, immigration legal services, veterans support, and refugee services for vulnerable Maricopa County residents including returning citizens needing utility, rent, or food help. Case managers connect clients to DES benefits, ARIZONA@WORK, and CLS legal aid. Emergency assistance by appointment—not a walk-in probation office.","Catholic Charities Community Services en Phoenix ofrece asistencia de emergencia, servicios legales de inmigración, apoyo a veteranos y servicios para refugiados para residentes vulnerables del condado Maricopa incluidos ciudadanos que regresan que necesitan ayuda con servicios públicos, renta o alimentos.",4747 N 7th Avenue,Phoenix,602-285-1999,,https://www.catholiccharitiesaz.org,Vulnerable Maricopa County residents meeting emergency assistance criteria; justice-involved clients per program policy.,Residentes vulnerables del condado Maricopa que cumplan criterios de asistencia de emergencia; clientes con antecedentes penales según política.,Call 602-285-1999; emergency assistance by appointment; veterans services on-site.,Llame al 602-285-1999; asistencia de emergencia con cita.,Monday–Friday business hours,phoenix|maricopa|basic-needs|emergency-assistance|veterans|reentry,Emergency rent and utility help|Food assistance|Veterans support|Immigration legal services|Benefits referrals,Maricopa,Maricopa,single
35,AWEE — Arizona Women's Education & Employment,employment,Phoenix / Maricopa County,"AWEE helps women and men across Maricopa County prepare for employment through career training, job placement, and supportive services with specialized tracks for justice-involved participants and DES referrals. Career centers provide resume coaching, employer connections, and clothing for interviews. Employment training—not a domestic violence shelter.","AWEE ayuda a mujeres y hombres en el condado Maricopa a prepararse para el empleo a través de capacitación profesional, colocación laboral y servicios de apoyo con rutas especializadas para participantes con antecedentes penales.",640 N 1st Avenue,Phoenix,602-223-4333,,https://www.awee.org,Maricopa County adults seeking employment training; justice-involved tracks available.,Adultos del condado Maricopa que buscan capacitación laboral; rutas para personas con antecedentes penales disponibles.,Call 602-223-4333; multiple valley locations; pairs with ARIZONA@WORK and DES.,Llame al 602-223-4333; múltiples ubicaciones en el valle.,Monday–Friday business hours,phoenix|maricopa|employment|women|fair-chance|reentry,Career training|Job placement|Interview clothing|Justice-involved employment track|Employer connections,Maricopa,Maricopa,single
36,Primavera Foundation,housing,Tucson / Pima County,"Primavera Foundation provides shelter, workforce development, and housing programs for homeless and low-income adults in Pima County including men returning from incarceration through the Men's Shelter and Homeless Intervention Program. Case managers connect residents to Pima County One-Stop, DES benefits, and El Rio Health. Direct homeless services—not a county probation office.","Primavera Foundation ofrece refugio, desarrollo de la fuerza laboral y programas de vivienda para adultos sin hogar y de bajos ingresos en el condado Pima incluidos hombres que regresan de la encarcelación.",702 S Country Club Road,Tucson,520-623-5111,,https://www.primavera.org,Homeless and low-income adults in Pima County; justice-involved men per shelter policy.,Adultos sin hogar y de bajos ingresos en el condado Pima; hombres con antecedentes penales según política del refugio.,Call 520-623-5111 for shelter intake; workforce programs on Country Club campus.,Llame al 520-623-5111 para admisión al refugio.,Shelter intake daily; offices Monday–Friday,tucson|pima|housing|shelter|workforce|reentry,Emergency shelter|Workforce development|Housing programs|Case management|Benefits navigation,Pima,Pima,single
37,Our Family Services,family-children,Tucson / Pima County,"Our Family Services provides counseling, homeless services, refugee support, and immigration services for vulnerable Pima County families including justice-involved parents working toward reunification and housing stability. Clinicians and housing navigators coordinate with Primavera, El Rio Health, and Pima County One-Stop. Family services—not adult probation reporting.","Our Family Services ofrece consejería, servicios para personas sin hogar, apoyo a refugiados y servicios de inmigración para familias vulnerables del condado Pima incluidos padres con antecedentes penales que trabajan hacia reunificación y estabilidad de vivienda.",3830 E Bellevue Street,Tucson,520-323-1708,,https://www.ourfamilyservices.org,Vulnerable families and individuals in Pima County; justice-involved parents per program policy.,Familias e individuos vulnerables en el condado Pima; padres con antecedentes penales según política del programa.,Call 520-323-1708; counseling by appointment; homeless services intake on Bellevue.,Llame al 520-323-1708; consejería con cita.,Monday–Friday business hours,tucson|pima|family|counseling|homeless|reentry,Family counseling|Homeless services|Refugee support|Immigration services|Housing navigation,Pima,Pima,single
38,El Rio Health,healthcare,Tucson / Pima County,"El Rio Health is a Federally Qualified Health Center serving Pima County with primary care, behavioral health, dental, and pharmacy services including sliding-fee care for uninsured and justice-involved patients at multiple Tucson clinics. AHCCCS enrollment assistance and reentry-friendly scheduling help returning citizens establish a medical home. FQHC—not a hospital emergency room.","El Rio Health es un Centro de Salud Federally Qualified que sirve al condado Pima con atención primaria, salud conductual, dental y farmacia incluyendo atención con tarifa móvil para pacientes sin seguro y con antecedentes penales.",839 W Congress Street,Tucson,520-670-3709,,https://www.elrio.org,Pima County patients; AHCCCS and sliding fee; justice-involved patients welcome.,Pacientes del condado Pima; AHCCCS y tarifa móvil; pacientes con antecedentes penales bienvenidos.,Call 520-670-3709; Congress Street main clinic; enroll in AHCCCS at healthearizonaplus.gov.,Llame al 520-670-3709; clínica principal Congress Street.,Clinics Monday–Saturday hours vary,tucson|pima|healthcare|FQHC|dental|reentry,Primary care|Behavioral health|Dental services|Pharmacy|AHCCCS enrollment assistance,Pima,Pima,single
39,Pima County One-Stop Career Center,employment,Tucson / Pima County,"The Pima County One-Stop Career Center connects job seekers including justice-involved adults to ARIZONA@WORK services, WIOA training, veteran employment staff, and fair-chance employer partnerships in Tucson. Career advisors coordinate with Primavera, DES, and El Rio Health for returning citizens rebuilding employment after Pima County Jail or ADCRR release. Workforce center—not emergency housing.","El Centro de Carrera One-Stop del condado Pima conecta buscadores de empleo incluidos adultos con antecedentes penales con servicios ARIZONA@WORK, capacitación WIOA y alianzas de empleo de segunda oportunidad en Tucson.",340 N Commerce Park Loop,Tucson,520-724-5735,,https://arizonaatwork.com,Open to Pima County job seekers including justice-involved individuals; core services free.,Abierto a buscadores de empleo del condado Pima incluidas personas con antecedentes penales; servicios básicos gratuitos.,Register at arizonaatwork.com; call 520-724-5735; Commerce Park Loop main Tucson one-stop.,Regístrese en arizonaatwork.com; llame al 520-724-5735.,Monday–Friday business hours,tucson|pima|employment|arizona-at-work|WIOA|reentry,Career coaching|WIOA training referrals|Veteran employment services|Fair-chance employers|Job search labs,Pima,Pima,single
40,CODAC Behavioral Health — Tucson,substance-use-treatment,Tucson / Pima County,"CODAC Behavioral Health is Pima County's largest nonprofit SUD and mental health provider offering outpatient treatment, opioid treatment programs, and peer recovery support for justice-involved adults through AHCCCS and grant funding. Medication-assisted treatment and intensive outpatient programs accept referrals from drug courts, probation, and Primavera reentry staff. Treatment provider—not a housing intake center.","CODAC Behavioral Health es el mayor proveedor sin fines de lucro de TUS y salud mental del condado Pima que ofrece tratamiento ambulatorio, programas de tratamiento de opioides y apoyo de recuperación entre pares para adultos con antecedentes penales.",380 E Fort Lowell Road,Tucson,520-327-4505,,https://www.codacinc.org,Adults with SUD or mental health needs in Pima County; AHCCCS and justice-involved referrals accepted.,Adultos con necesidades de TUS o salud mental en el condado Pima; referencias AHCCCS y con antecedentes penales aceptadas.,Call 520-327-4505 for intake; OTP/MAT available; pairs with Pima County drug courts.,Llame al 520-327-4505 para admisión; OTP/MAT disponible.,Clinic Monday–Friday; crisis line available,tucson|pima|substance-use-treatment|MAT|OTP|reentry,Outpatient SUD treatment|Opioid treatment program|Medication-assisted treatment|Peer recovery support|Mental health services,Pima,Pima,single
41,Catholic Community Services of Southern Arizona,basic-needs,Tucson / Pima County,"Catholic Community Services of Southern Arizona provides emergency food, rent and utility assistance, and case management for vulnerable Pima County residents including returning citizens at the Tucson Broadway office. Staff connect clients to DES, Primavera housing, and Southern Arizona Legal Aid. Emergency assistance—not probation supervision.","Catholic Community Services del Sur de Arizona ofrece alimentos de emergencia, asistencia de renta y servicios públicos y manejo de casos para residentes vulnerables del condado Pima incluidos ciudadanos que regresan.",140 W Speedway Boulevard,Tucson,520-623-0344,,https://www.ccs-soaz.org,Low-income Pima County residents meeting emergency assistance criteria; justice-involved clients per program policy.,Residentes de bajos ingresos del condado Pima que cumplan criterios de asistencia de emergencia.,Call 520-623-0344; appointment required for some assistance programs.,Llame al 520-623-0344; cita requerida para algunos programas.,Monday–Friday business hours,tucson|pima|basic-needs|emergency-assistance|reentry,Emergency food|Rent assistance|Utility assistance|Case management|Benefits referrals,Pima,Pima,single
42,North Country HealthCare — Flagstaff,healthcare,Flagstaff / Coconino County,"North Country HealthCare operates Federally Qualified Health Center clinics across northern Arizona including Flagstaff, providing primary care, behavioral health, dental, and sliding-fee services for uninsured and Medicaid patients including justice-involved residents of Coconino, Navajo, and Apache counties. The Fourth Street Flagstaff clinic coordinates with DNA Legal Services and ARIZONA@WORK White Mountains. FQHC—not an emergency hospital.","North Country HealthCare opera clínicas FQHC en el norte de Arizona incluyendo Flagstaff, ofreciendo atención primaria, salud conductual, dental y servicios con tarifa móvil para pacientes sin seguro y Medicaid incluidos residentes con antecedentes penales.",2920 N Fourth Street,Flagstaff,928-522-9400,,https://www.northcountryhealthcare.org,Northern Arizona patients; AHCCCS and sliding fee; justice-involved patients welcome.,Pacientes del norte de Arizona; AHCCCS y tarifa móvil; pacientes con antecedentes penales bienvenidos.,Call 928-522-9400; multiple northern Arizona sites; enroll in AHCCCS at healthearizonaplus.gov.,Llame al 928-522-9400; múltiples sitios del norte de Arizona.,Clinic Monday–Friday,flagstaff|coconino|healthcare|FQHC|rural|reentry,Primary care|Behavioral health|Dental services|Sliding-fee care|AHCCCS support,Coconino,Coconino|Navajo|Apache,multi
43,Crossroads Mission,housing,Yuma / Yuma County,"Crossroads Mission provides emergency shelter, meals, recovery programs, and reentry support for homeless and justice-involved men and women in Yuma County through its Arizona Avenue campus. Chaplaincy-based programs connect residents to ARIZONA@WORK Yuma, DES benefits, and regional medical providers. Faith-based shelter—not a county probation office.","Crossroads Mission ofrece refugio de emergencia, comidas, programas de recuperación y apoyo de reinserción para hombres y mujeres sin hogar y con antecedentes penales en el condado Yuma.",944 S Arizona Avenue,Yuma,928-782-2893,,https://www.crossroadsmission.com,Homeless and low-income adults in Yuma County; justice-involved participants in shelter and recovery programs.,Adultos sin hogar y de bajos ingresos en el condado Yuma; participantes con antecedentes penales en programas de refugio.,Call 928-782-2893 for intake; meals and shelter on Arizona Avenue campus.,Llame al 928-782-2893 para admisión.,Shelter 24/7; office Monday–Friday,yuma|housing|shelter|recovery|faith-based|reentry,Emergency shelter|Meals|Recovery programs|Reentry support|Workforce referrals,Yuma,Yuma,single
44,West Yavapai Guidance Clinic,substance-use-treatment,Prescott Valley / Yavapai County,"West Yavapai Guidance Clinic provides outpatient mental health and substance use disorder treatment, crisis services, and peer support for justice-involved adults in Yavapai County through AHCCCS RBHA contracts and state grants. Programs include intensive outpatient, medication-assisted treatment, and court and probation referrals from Prescott area courts. Treatment provider—not a housing agency.","West Yavapai Guidance Clinic ofrece tratamiento ambulatorio de salud mental y trastornos por uso de sustancias, servicios de crisis y apoyo entre pares para adultos con antecedentes penales en el condado Yavapai.",3345 N Windsong Drive,Prescott Valley,928-445-5211,,https://www.wygc.org,Adults with mental health or SUD needs in Yavapai County; AHCCCS and justice referrals accepted.,Adultos con necesidades de salud mental o TUS en el condado Yavapai; referencias AHCCCS y judiciales aceptadas.,Call 928-445-5211 for intake; crisis services available; pairs with ARIZONA@WORK Yavapai.,Llame al 928-445-5211 para admisión; servicios de crisis disponibles.,Crisis 24/7; clinics Monday–Friday,prescott|yavapai|substance-use-treatment|mental-health|reentry,Outpatient SUD treatment|Mental health services|Crisis services|Medication-assisted treatment|Peer support,Yavapai,Yavapai,single
45,ARIZONA@WORK — Kingman,employment,Kingman / Mohave County,"The ARIZONA@WORK Kingman office connects Mohave County job seekers including justice-involved adults from Kingman Regional Medical Center release and county jail to career coaching, WIOA referrals, and fair-chance employer navigation. Staff coordinate with Mohave County DES, Kingman Regional Medical Center, and rural reentry partners. Free workforce services—not emergency housing.","La oficina ARIZONA@WORK de Kingman conecta buscadores de empleo del condado Mohave incluidos adultos con antecedentes penales con coaching de carrera, referencias WIOA y navegación de empleo de segunda oportunidad.",700 W Beale Street,Kingman,928-753-0723,,https://arizonaatwork.com,Open to Mohave County job seekers including justice-involved individuals; core services free.,Abierto a buscadores de empleo del condado Mohave incluidas personas con antecedentes penales.,Register at arizonaatwork.com; call 928-753-0723; pairs with Mohave County DES office.,Regístrese en arizonaatwork.com; llame al 928-753-0723.,Monday–Friday business hours,kingman|mohave|employment|arizona-at-work|WIOA|reentry,Career coaching|WIOA training referrals|Resume assistance|Fair-chance employment|Job search tools,Mohave,Mohave,single
46,Kingman Regional Medical Center,healthcare,Kingman / Mohave County,"Kingman Regional Medical Center is Mohave County's regional hospital providing emergency, inpatient, and outpatient care with financial assistance and Medicaid coordination for uninsured and justice-involved patients including those leaving local custody. Social workers connect discharged patients to AHCCCS enrollment, ARIZONA@WORK, and Crossroads regional partners. Hospital system—not a probation or legal aid office.","Kingman Regional Medical Center es el hospital regional del condado Mohave que ofrece atención de emergencia, hospitalaria y ambulatoria con asistencia financiera y coordinación Medicaid para pacientes sin seguro y con antecedentes penales.",3269 N Stockton Hill Road,Kingman,928-263-4000,,https://www.azkrmc.com,Mohave County patients; financial assistance available; AHCCCS accepted.,Pacientes del condado Mohave; asistencia financiera disponible; AHCCCS aceptado.,Call 928-263-4000; emergency 24/7; financial counseling for uninsured patients.,Llame al 928-263-4000; emergencias 24/7.,Emergency 24/7; offices Monday–Friday,kingman|mohave|healthcare|hospital|reentry,Emergency care|Inpatient services|Outpatient clinics|Financial assistance|Discharge planning,Mohave,Mohave,single
47,Jewish Family & Children's Service — Phoenix,peer-support,Phoenix / Maricopa County,"Jewish Family and Children's Service of Phoenix provides counseling, career services, disability support, and refugee services for vulnerable Maricopa County residents including justice-involved individuals through trauma-informed care and care coordination. Behavioral health and workforce programs connect clients to AHCCCS providers and ARIZONA@WORK. Social services—not a synagogue or religious enrollment office.","Jewish Family and Children's Service de Phoenix ofrece consejería, servicios de carrera, apoyo para discapacidades y servicios para refugiados para residentes vulnerables del condado Maricopa incluidas personas con antecedentes penales.",4747 N 7th Street,Phoenix,602-452-1000,,https://www.jfcsaz.org,Maricopa County residents in JFCS programs; justice-involved clients per program policy; services open to all backgrounds.,Residentes del condado Maricopa en programas JFCS; clientes con antecedentes penales según política; servicios abiertos a todos.,Call 602-452-1000; career services and counseling by appointment.,Llame al 602-452-1000; servicios de carrera y consejería con cita.,Monday–Friday business hours,phoenix|maricopa|peer-support|counseling|career|reentry,Counseling|Career services|Disability support|Care coordination|Refugee services,Maricopa,Maricopa,single
48,La Frontera EMPACT — Suicide & Crisis Center,basic-needs,Tempe / Maricopa County,"La Frontera EMPACT Suicide Prevention Center provides 24/7 crisis intervention, mobile crisis teams, and peer support for Maricopa County residents in behavioral health crisis including justice-involved individuals and families. Crisis services coordinate with AHCCCS RBHA providers, 988, and Community Bridges for follow-up treatment. Crisis response—not ongoing housing or employment placement.","El Centro de Prevención del Suicidio La Frontera EMPACT ofrece intervención en crisis 24/7, equipos de crisis móviles y apoyo entre pares para residentes del condado Maricopa en crisis de salud conductual incluidas personas con antecedentes penales.",618 S Madison Drive,Tempe,480-784-1500,,https://www.lafronteraaz.com,Anyone in behavioral health crisis in Maricopa County; no criminal-record restrictions for crisis services.,Cualquier persona en crisis de salud conductual en el condado Maricopa; sin restricciones de antecedentes para servicios de crisis.,Crisis line 480-784-1500; mobile crisis dispatch; pairs with 988 and RBHA follow-up.,Línea de crisis 480-784-1500; despacho de crisis móvil.,Crisis 24/7,tempe|maricopa|crisis|peer-support|mental-health|reentry,Crisis intervention|Mobile crisis teams|Suicide prevention|Peer support|RBHA treatment referrals,Maricopa,Maricopa,single
49,Apache County DES — Benefits & Family Support,financial-assistance,Show Low / Apache County,"The Apache County DES Family Assistance Administration office in Show Low processes Nutrition Assistance (SNAP), Cash Assistance (TANF), and AHCCCS Medicaid eligibility applications for Arizona residents including returning citizens reestablishing food and health benefits after release from Apache County Jail or ADCRR custody. County DES staff help verify identity and income and accept applications submitted through Health-e-Arizona Plus.","La oficina de Administración de Asistencia Familiar de DES del condado Apache en Show Low procesa solicitudes de Asistencia Nutricional (SNAP), Asistencia en Efectivo (TANF) y elegibilidad de Medicaid AHCCCS para residentes de Arizona, incluidos ciudadanos que regresan que restablecen beneficios alimentarios y de salud después de salir de la cárcel del condado Apache o de la custodia de ADCRR. El personal del condado ayuda a verificar identidad e ingresos y acepta solicitudes presentadas a través de Health-e-Arizona Plus.",1500 S. White Mountain Road,Show Low,(928) 537-7100,,https://des.az.gov/find-your-local-office,"Apache County residents meeting income and household-size requirements for SNAP, TANF, and AHCCCS Medicaid; criminal record generally not a barrier.","Residentes del condado Apache que cumplan requisitos de ingresos y tamaño de hogar para SNAP, TANF y Medicaid AHCCCS; los antecedentes penales generalmente no son barrera.",Apply online at healthearizonaplus.gov; call 1-855-432-7587 for DES help; statewide interview line 1-855-777-8590; visit the county office for in-person verification.,Solicite en healthearizonaplus.gov; llame al 1-855-432-7587; línea de entrevista estatal 1-855-777-8590; visite la oficina del condado para verificación presencial.,Typically Monday–Friday business hours; call ahead,apache|arizona|benefits|SNAP|Medicaid|DES|reentry,SNAP enrollment|AHCCCS Medicaid application|TANF cash assistance|Document verification|Health-e-Arizona Plus help,Apache,Apache,single
50,Cochise County DES — Benefits & Family Support,financial-assistance,Sierra Vista / Cochise County,"The Cochise County DES Family Assistance Administration office in Sierra Vista processes Nutrition Assistance (SNAP), Cash Assistance (TANF), and AHCCCS Medicaid eligibility applications for Arizona residents including returning citizens reestablishing food and health benefits after release from Cochise County Jail or ADCRR custody. County DES staff help verify identity and income and accept applications submitted through Health-e-Arizona Plus.","La oficina de Administración de Asistencia Familiar de DES del condado Cochise en Sierra Vista procesa solicitudes de Asistencia Nutricional (SNAP), Asistencia en Efectivo (TANF) y elegibilidad de Medicaid AHCCCS para residentes de Arizona, incluidos ciudadanos que regresan que restablecen beneficios alimentarios y de salud después de salir de la cárcel del condado Cochise o de la custodia de ADCRR. El personal del condado ayuda a verificar identidad e ingresos y acepta solicitudes presentadas a través de Health-e-Arizona Plus.",3401 E. Nebraska Street,Sierra Vista,(520) 458-4200,,https://des.az.gov/find-your-local-office,"Cochise County residents meeting income and household-size requirements for SNAP, TANF, and AHCCCS Medicaid; criminal record generally not a barrier.","Residentes del condado Cochise que cumplan requisitos de ingresos y tamaño de hogar para SNAP, TANF y Medicaid AHCCCS; los antecedentes penales generalmente no son barrera.",Apply online at healthearizonaplus.gov; call 1-855-432-7587 for DES help; statewide interview line 1-855-777-8590; visit the county office for in-person verification.,Solicite en healthearizonaplus.gov; llame al 1-855-432-7587; línea de entrevista estatal 1-855-777-8590; visite la oficina del condado para verificación presencial.,Typically Monday–Friday business hours; call ahead,cochise|arizona|benefits|SNAP|Medicaid|DES|reentry,SNAP enrollment|AHCCCS Medicaid application|TANF cash assistance|Document verification|Health-e-Arizona Plus help,Cochise,Cochise,single
51,Coconino County DES — Benefits & Family Support,financial-assistance,Flagstaff / Coconino County,"The Coconino County DES Family Assistance Administration office in Flagstaff processes Nutrition Assistance (SNAP), Cash Assistance (TANF), and AHCCCS Medicaid eligibility applications for Arizona residents including returning citizens reestablishing food and health benefits after release from Coconino County Jail or ADCRR custody. County DES staff help verify identity and income and accept applications submitted through Health-e-Arizona Plus.","La oficina de Administración de Asistencia Familiar de DES del condado Coconino en Flagstaff procesa solicitudes de Asistencia Nutricional (SNAP), Asistencia en Efectivo (TANF) y elegibilidad de Medicaid AHCCCS para residentes de Arizona, incluidos ciudadanos que regresan que restablecen beneficios alimentarios y de salud después de salir de la cárcel del condado Coconino o de la custodia de ADCRR. El personal del condado ayuda a verificar identidad e ingresos y acepta solicitudes presentadas a través de Health-e-Arizona Plus.",3803 N. Sentinel Drive,Flagstaff,(928) 779-6900,,https://des.az.gov/find-your-local-office,"Coconino County residents meeting income and household-size requirements for SNAP, TANF, and AHCCCS Medicaid; criminal record generally not a barrier.","Residentes del condado Coconino que cumplan requisitos de ingresos y tamaño de hogar para SNAP, TANF y Medicaid AHCCCS; los antecedentes penales generalmente no son barrera.",Apply online at healthearizonaplus.gov; call 1-855-432-7587 for DES help; statewide interview line 1-855-777-8590; visit the county office for in-person verification.,Solicite en healthearizonaplus.gov; llame al 1-855-432-7587; línea de entrevista estatal 1-855-777-8590; visite la oficina del condado para verificación presencial.,Typically Monday–Friday business hours; call ahead,coconino|arizona|benefits|SNAP|Medicaid|DES|reentry,SNAP enrollment|AHCCCS Medicaid application|TANF cash assistance|Document verification|Health-e-Arizona Plus help,Coconino,Coconino,single
52,Gila County DES — Benefits & Family Support,financial-assistance,Globe / Gila County,"The Gila County DES Family Assistance Administration office in Globe processes Nutrition Assistance (SNAP), Cash Assistance (TANF), and AHCCCS Medicaid eligibility applications for Arizona residents including returning citizens reestablishing food and health benefits after release from Gila County Jail or ADCRR custody. County DES staff help verify identity and income and accept applications submitted through Health-e-Arizona Plus.","La oficina de Administración de Asistencia Familiar de DES del condado Gila en Globe procesa solicitudes de Asistencia Nutricional (SNAP), Asistencia en Efectivo (TANF) y elegibilidad de Medicaid AHCCCS para residentes de Arizona, incluidos ciudadanos que regresan que restablecen beneficios alimentarios y de salud después de salir de la cárcel del condado Gila o de la custodia de ADCRR. El personal del condado ayuda a verificar identidad e ingresos y acepta solicitudes presentadas a través de Health-e-Arizona Plus.",605 S. Central Avenue,Globe,(928) 425-7631,,https://des.az.gov/find-your-local-office,"Gila County residents meeting income and household-size requirements for SNAP, TANF, and AHCCCS Medicaid; criminal record generally not a barrier.","Residentes del condado Gila que cumplan requisitos de ingresos y tamaño de hogar para SNAP, TANF y Medicaid AHCCCS; los antecedentes penales generalmente no son barrera.",Apply online at healthearizonaplus.gov; call 1-855-432-7587 for DES help; statewide interview line 1-855-777-8590; visit the county office for in-person verification.,Solicite en healthearizonaplus.gov; llame al 1-855-432-7587; línea de entrevista estatal 1-855-777-8590; visite la oficina del condado para verificación presencial.,Typically Monday–Friday business hours; call ahead,gila|arizona|benefits|SNAP|Medicaid|DES|reentry,SNAP enrollment|AHCCCS Medicaid application|TANF cash assistance|Document verification|Health-e-Arizona Plus help,Gila,Gila,single
53,Graham County DES — Benefits & Family Support,financial-assistance,Safford / Graham County,"The Graham County DES Family Assistance Administration office in Safford processes Nutrition Assistance (SNAP), Cash Assistance (TANF), and AHCCCS Medicaid eligibility applications for Arizona residents including returning citizens reestablishing food and health benefits after release from Graham County Jail or ADCRR custody. County DES staff help verify identity and income and accept applications submitted through Health-e-Arizona Plus.","La oficina de Administración de Asistencia Familiar de DES del condado Graham en Safford procesa solicitudes de Asistencia Nutricional (SNAP), Asistencia en Efectivo (TANF) y elegibilidad de Medicaid AHCCCS para residentes de Arizona, incluidos ciudadanos que regresan que restablecen beneficios alimentarios y de salud después de salir de la cárcel del condado Graham o de la custodia de ADCRR. El personal del condado ayuda a verificar identidad e ingresos y acepta solicitudes presentadas a través de Health-e-Arizona Plus.",817 W. 8th Street,Safford,(928) 428-4690,,https://des.az.gov/find-your-local-office,"Graham County residents meeting income and household-size requirements for SNAP, TANF, and AHCCCS Medicaid; criminal record generally not a barrier.","Residentes del condado Graham que cumplan requisitos de ingresos y tamaño de hogar para SNAP, TANF y Medicaid AHCCCS; los antecedentes penales generalmente no son barrera.",Apply online at healthearizonaplus.gov; call 1-855-432-7587 for DES help; statewide interview line 1-855-777-8590; visit the county office for in-person verification.,Solicite en healthearizonaplus.gov; llame al 1-855-432-7587; línea de entrevista estatal 1-855-777-8590; visite la oficina del condado para verificación presencial.,Typically Monday–Friday business hours; call ahead,graham|arizona|benefits|SNAP|Medicaid|DES|reentry,SNAP enrollment|AHCCCS Medicaid application|TANF cash assistance|Document verification|Health-e-Arizona Plus help,Graham,Graham,single
54,Greenlee County DES — Benefits & Family Support,financial-assistance,Clifton / Greenlee County,"The Greenlee County DES Family Assistance Administration office in Clifton processes Nutrition Assistance (SNAP), Cash Assistance (TANF), and AHCCCS Medicaid eligibility applications for Arizona residents including returning citizens reestablishing food and health benefits after release from Greenlee County Jail or ADCRR custody. County DES staff help verify identity and income and accept applications submitted through Health-e-Arizona Plus.","La oficina de Administración de Asistencia Familiar de DES del condado Greenlee en Clifton procesa solicitudes de Asistencia Nutricional (SNAP), Asistencia en Efectivo (TANF) y elegibilidad de Medicaid AHCCCS para residentes de Arizona, incluidos ciudadanos que regresan que restablecen beneficios alimentarios y de salud después de salir de la cárcel del condado Greenlee o de la custodia de ADCRR. El personal del condado ayuda a verificar identidad e ingresos y acepta solicitudes presentadas a través de Health-e-Arizona Plus.",615 N. Coronado Boulevard,Clifton,(928) 865-4145,,https://des.az.gov/find-your-local-office,"Greenlee County residents meeting income and household-size requirements for SNAP, TANF, and AHCCCS Medicaid; criminal record generally not a barrier.","Residentes del condado Greenlee que cumplan requisitos de ingresos y tamaño de hogar para SNAP, TANF y Medicaid AHCCCS; los antecedentes penales generalmente no son barrera.",Apply online at healthearizonaplus.gov; call 1-855-432-7587 for DES help; statewide interview line 1-855-777-8590; visit the county office for in-person verification.,Solicite en healthearizonaplus.gov; llame al 1-855-432-7587; línea de entrevista estatal 1-855-777-8590; visite la oficina del condado para verificación presencial.,Typically Monday–Friday business hours; call ahead,greenlee|arizona|benefits|SNAP|Medicaid|DES|reentry,SNAP enrollment|AHCCCS Medicaid application|TANF cash assistance|Document verification|Health-e-Arizona Plus help,Greenlee,Greenlee,single
55,La Paz County DES — Benefits & Family Support,financial-assistance,Parker / La Paz County,"The La Paz County DES Family Assistance Administration office in Parker processes Nutrition Assistance (SNAP), Cash Assistance (TANF), and AHCCCS Medicaid eligibility applications for Arizona residents including returning citizens reestablishing food and health benefits after release from La Paz County Jail or ADCRR custody. County DES staff help verify identity and income and accept applications submitted through Health-e-Arizona Plus.","La oficina de Administración de Asistencia Familiar de DES del condado La Paz en Parker procesa solicitudes de Asistencia Nutricional (SNAP), Asistencia en Efectivo (TANF) y elegibilidad de Medicaid AHCCCS para residentes de Arizona, incluidos ciudadanos que regresan que restablecen beneficios alimentarios y de salud después de salir de la cárcel del condado La Paz o de la custodia de ADCRR. El personal del condado ayuda a verificar identidad e ingresos y acepta solicitudes presentadas a través de Health-e-Arizona Plus.",1200 S. California Avenue,Parker,(928) 669-6133,,https://des.az.gov/find-your-local-office,"La Paz County residents meeting income and household-size requirements for SNAP, TANF, and AHCCCS Medicaid; criminal record generally not a barrier.","Residentes del condado La Paz que cumplan requisitos de ingresos y tamaño de hogar para SNAP, TANF y Medicaid AHCCCS; los antecedentes penales generalmente no son barrera.",Apply online at healthearizonaplus.gov; call 1-855-432-7587 for DES help; statewide interview line 1-855-777-8590; visit the county office for in-person verification.,Solicite en healthearizonaplus.gov; llame al 1-855-432-7587; línea de entrevista estatal 1-855-777-8590; visite la oficina del condado para verificación presencial.,Typically Monday–Friday business hours; call ahead,la paz|arizona|benefits|SNAP|Medicaid|DES|reentry,SNAP enrollment|AHCCCS Medicaid application|TANF cash assistance|Document verification|Health-e-Arizona Plus help,La Paz,La Paz,single
56,Mohave County DES — Benefits & Family Support,financial-assistance,Kingman / Mohave County,"The Mohave County DES Family Assistance Administration office in Kingman processes Nutrition Assistance (SNAP), Cash Assistance (TANF), and AHCCCS Medicaid eligibility applications for Arizona residents including returning citizens reestablishing food and health benefits after release from Mohave County Jail or ADCRR custody. County DES staff help verify identity and income and accept applications submitted through Health-e-Arizona Plus.","La oficina de Administración de Asistencia Familiar de DES del condado Mohave en Kingman procesa solicitudes de Asistencia Nutricional (SNAP), Asistencia en Efectivo (TANF) y elegibilidad de Medicaid AHCCCS para residentes de Arizona, incluidos ciudadanos que regresan que restablecen beneficios alimentarios y de salud después de salir de la cárcel del condado Mohave o de la custodia de ADCRR. El personal del condado ayuda a verificar identidad e ingresos y acepta solicitudes presentadas a través de Health-e-Arizona Plus.",1040 Kino Avenue,Kingman,(928) 753-0714,,https://des.az.gov/find-your-local-office,"Mohave County residents meeting income and household-size requirements for SNAP, TANF, and AHCCCS Medicaid; criminal record generally not a barrier.","Residentes del condado Mohave que cumplan requisitos de ingresos y tamaño de hogar para SNAP, TANF y Medicaid AHCCCS; los antecedentes penales generalmente no son barrera.",Apply online at healthearizonaplus.gov; call 1-855-432-7587 for DES help; statewide interview line 1-855-777-8590; visit the county office for in-person verification.,Solicite en healthearizonaplus.gov; llame al 1-855-432-7587; línea de entrevista estatal 1-855-777-8590; visite la oficina del condado para verificación presencial.,Typically Monday–Friday business hours; call ahead,mohave|arizona|benefits|SNAP|Medicaid|DES|reentry,SNAP enrollment|AHCCCS Medicaid application|TANF cash assistance|Document verification|Health-e-Arizona Plus help,Mohave,Mohave,single
57,Navajo County DES — Benefits & Family Support,financial-assistance,Holbrook / Navajo County,"The Navajo County DES Family Assistance Administration office in Holbrook processes Nutrition Assistance (SNAP), Cash Assistance (TANF), and AHCCCS Medicaid eligibility applications for Arizona residents including returning citizens reestablishing food and health benefits after release from Navajo County Jail or ADCRR custody. County DES staff help verify identity and income and accept applications submitted through Health-e-Arizona Plus.","La oficina de Administración de Asistencia Familiar de DES del condado Navajo en Holbrook procesa solicitudes de Asistencia Nutricional (SNAP), Asistencia en Efectivo (TANF) y elegibilidad de Medicaid AHCCCS para residentes de Arizona, incluidos ciudadanos que regresan que restablecen beneficios alimentarios y de salud después de salir de la cárcel del condado Navajo o de la custodia de ADCRR. El personal del condado ayuda a verificar identidad e ingresos y acepta solicitudes presentadas a través de Health-e-Arizona Plus.",103 W. Hopi Drive,Holbrook,(928) 524-4100,,https://des.az.gov/find-your-local-office,"Navajo County residents meeting income and household-size requirements for SNAP, TANF, and AHCCCS Medicaid; criminal record generally not a barrier.","Residentes del condado Navajo que cumplan requisitos de ingresos y tamaño de hogar para SNAP, TANF y Medicaid AHCCCS; los antecedentes penales generalmente no son barrera.",Apply online at healthearizonaplus.gov; call 1-855-432-7587 for DES help; statewide interview line 1-855-777-8590; visit the county office for in-person verification.,Solicite en healthearizonaplus.gov; llame al 1-855-432-7587; línea de entrevista estatal 1-855-777-8590; visite la oficina del condado para verificación presencial.,Typically Monday–Friday business hours; call ahead,navajo|arizona|benefits|SNAP|Medicaid|DES|reentry,SNAP enrollment|AHCCCS Medicaid application|TANF cash assistance|Document verification|Health-e-Arizona Plus help,Navajo,Navajo,single
58,Pima County DES — Benefits & Family Support,financial-assistance,Tucson / Pima County,"The Pima County DES Family Assistance Administration office in Tucson processes Nutrition Assistance (SNAP), Cash Assistance (TANF), and AHCCCS Medicaid eligibility applications for Arizona residents including returning citizens reestablishing food and health benefits after release from Pima County Jail or ADCRR custody. County DES staff help verify identity and income and accept applications submitted through Health-e-Arizona Plus.","La oficina de Administración de Asistencia Familiar de DES del condado Pima en Tucson procesa solicitudes de Asistencia Nutricional (SNAP), Asistencia en Efectivo (TANF) y elegibilidad de Medicaid AHCCCS para residentes de Arizona, incluidos ciudadanos que regresan que restablecen beneficios alimentarios y de salud después de salir de la cárcel del condado Pima o de la custodia de ADCRR. El personal del condado ayuda a verificar identidad e ingresos y acepta solicitudes presentadas a través de Health-e-Arizona Plus.",195 N. Stone Avenue,Tucson,(520) 884-5500,,https://des.az.gov/find-your-local-office,"Pima County residents meeting income and household-size requirements for SNAP, TANF, and AHCCCS Medicaid; criminal record generally not a barrier.","Residentes del condado Pima que cumplan requisitos de ingresos y tamaño de hogar para SNAP, TANF y Medicaid AHCCCS; los antecedentes penales generalmente no son barrera.",Apply online at healthearizonaplus.gov; call 1-855-432-7587 for DES help; statewide interview line 1-855-777-8590; visit the county office for in-person verification.,Solicite en healthearizonaplus.gov; llame al 1-855-432-7587; línea de entrevista estatal 1-855-777-8590; visite la oficina del condado para verificación presencial.,Typically Monday–Friday business hours; call ahead,pima|arizona|benefits|SNAP|Medicaid|DES|reentry,SNAP enrollment|AHCCCS Medicaid application|TANF cash assistance|Document verification|Health-e-Arizona Plus help,Pima,Pima,single
59,Pinal County DES — Benefits & Family Support,financial-assistance,Casa Grande / Pinal County,"The Pinal County DES Family Assistance Administration office in Casa Grande processes Nutrition Assistance (SNAP), Cash Assistance (TANF), and AHCCCS Medicaid eligibility applications for Arizona residents including returning citizens reestablishing food and health benefits after release from Pinal County Jail or ADCRR custody. County DES staff help verify identity and income and accept applications submitted through Health-e-Arizona Plus.","La oficina de Administración de Asistencia Familiar de DES del condado Pinal en Casa Grande procesa solicitudes de Asistencia Nutricional (SNAP), Asistencia en Efectivo (TANF) y elegibilidad de Medicaid AHCCCS para residentes de Arizona, incluidos ciudadanos que regresan que restablecen beneficios alimentarios y de salud después de salir de la cárcel del condado Pinal o de la custodia de ADCRR. El personal del condado ayuda a verificar identidad e ingresos y acepta solicitudes presentadas a través de Health-e-Arizona Plus.",820 E. Cottonwood Lane,Casa Grande,(520) 836-0900,,https://des.az.gov/find-your-local-office,"Pinal County residents meeting income and household-size requirements for SNAP, TANF, and AHCCCS Medicaid; criminal record generally not a barrier.","Residentes del condado Pinal que cumplan requisitos de ingresos y tamaño de hogar para SNAP, TANF y Medicaid AHCCCS; los antecedentes penales generalmente no son barrera.",Apply online at healthearizonaplus.gov; call 1-855-432-7587 for DES help; statewide interview line 1-855-777-8590; visit the county office for in-person verification.,Solicite en healthearizonaplus.gov; llame al 1-855-432-7587; línea de entrevista estatal 1-855-777-8590; visite la oficina del condado para verificación presencial.,Typically Monday–Friday business hours; call ahead,pinal|arizona|benefits|SNAP|Medicaid|DES|reentry,SNAP enrollment|AHCCCS Medicaid application|TANF cash assistance|Document verification|Health-e-Arizona Plus help,Pinal,Pinal,single
60,Santa Cruz County DES — Benefits & Family Support,financial-assistance,Nogales / Santa Cruz County,"The Santa Cruz County DES Family Assistance Administration office in Nogales processes Nutrition Assistance (SNAP), Cash Assistance (TANF), and AHCCCS Medicaid eligibility applications for Arizona residents including returning citizens reestablishing food and health benefits after release from Santa Cruz County Jail or ADCRR custody. County DES staff help verify identity and income and accept applications submitted through Health-e-Arizona Plus.","La oficina de Administración de Asistencia Familiar de DES del condado Santa Cruz en Nogales procesa solicitudes de Asistencia Nutricional (SNAP), Asistencia en Efectivo (TANF) y elegibilidad de Medicaid AHCCCS para residentes de Arizona, incluidos ciudadanos que regresan que restablecen beneficios alimentarios y de salud después de salir de la cárcel del condado Santa Cruz o de la custodia de ADCRR. El personal del condado ayuda a verificar identidad e ingresos y acepta solicitudes presentadas a través de Health-e-Arizona Plus.",856 N. Morley Avenue,Nogales,(520) 287-2800,,https://des.az.gov/find-your-local-office,"Santa Cruz County residents meeting income and household-size requirements for SNAP, TANF, and AHCCCS Medicaid; criminal record generally not a barrier.","Residentes del condado Santa Cruz que cumplan requisitos de ingresos y tamaño de hogar para SNAP, TANF y Medicaid AHCCCS; los antecedentes penales generalmente no son barrera.",Apply online at healthearizonaplus.gov; call 1-855-432-7587 for DES help; statewide interview line 1-855-777-8590; visit the county office for in-person verification.,Solicite en healthearizonaplus.gov; llame al 1-855-432-7587; línea de entrevista estatal 1-855-777-8590; visite la oficina del condado para verificación presencial.,Typically Monday–Friday business hours; call ahead,santa cruz|arizona|benefits|SNAP|Medicaid|DES|reentry,SNAP enrollment|AHCCCS Medicaid application|TANF cash assistance|Document verification|Health-e-Arizona Plus help,Santa Cruz,Santa Cruz,single
61,Yavapai County DES — Benefits & Family Support,financial-assistance,Prescott Valley / Yavapai County,"The Yavapai County DES Family Assistance Administration office in Prescott Valley processes Nutrition Assistance (SNAP), Cash Assistance (TANF), and AHCCCS Medicaid eligibility applications for Arizona residents including returning citizens reestablishing food and health benefits after release from Yavapai County Jail or ADCRR custody. County DES staff help verify identity and income and accept applications submitted through Health-e-Arizona Plus.","La oficina de Administración de Asistencia Familiar de DES del condado Yavapai en Prescott Valley procesa solicitudes de Asistencia Nutricional (SNAP), Asistencia en Efectivo (TANF) y elegibilidad de Medicaid AHCCCS para residentes de Arizona, incluidos ciudadanos que regresan que restablecen beneficios alimentarios y de salud después de salir de la cárcel del condado Yavapai o de la custodia de ADCRR. El personal del condado ayuda a verificar identidad e ingresos y acepta solicitudes presentadas a través de Health-e-Arizona Plus.",1500 S. Montezuma Street,Prescott Valley,(928) 771-4200,,https://des.az.gov/find-your-local-office,"Yavapai County residents meeting income and household-size requirements for SNAP, TANF, and AHCCCS Medicaid; criminal record generally not a barrier.","Residentes del condado Yavapai que cumplan requisitos de ingresos y tamaño de hogar para SNAP, TANF y Medicaid AHCCCS; los antecedentes penales generalmente no son barrera.",Apply online at healthearizonaplus.gov; call 1-855-432-7587 for DES help; statewide interview line 1-855-777-8590; visit the county office for in-person verification.,Solicite en healthearizonaplus.gov; llame al 1-855-432-7587; línea de entrevista estatal 1-855-777-8590; visite la oficina del condado para verificación presencial.,Typically Monday–Friday business hours; call ahead,yavapai|arizona|benefits|SNAP|Medicaid|DES|reentry,SNAP enrollment|AHCCCS Medicaid application|TANF cash assistance|Document verification|Health-e-Arizona Plus help,Yavapai,Yavapai,single
62,Yuma County DES — Benefits & Family Support,financial-assistance,Yuma / Yuma County,"The Yuma County DES Family Assistance Administration office in Yuma processes Nutrition Assistance (SNAP), Cash Assistance (TANF), and AHCCCS Medicaid eligibility applications for Arizona residents including returning citizens reestablishing food and health benefits after release from Yuma County Jail or ADCRR custody. County DES staff help verify identity and income and accept applications submitted through Health-e-Arizona Plus.","La oficina de Administración de Asistencia Familiar de DES del condado Yuma en Yuma procesa solicitudes de Asistencia Nutricional (SNAP), Asistencia en Efectivo (TANF) y elegibilidad de Medicaid AHCCCS para residentes de Arizona, incluidos ciudadanos que regresan que restablecen beneficios alimentarios y de salud después de salir de la cárcel del condado Yuma o de la custodia de ADCRR. El personal del condado ayuda a verificar identidad e ingresos y acepta solicitudes presentadas a través de Health-e-Arizona Plus.",1500 S. Redondo Center Drive,Yuma,(928) 539-1900,,https://des.az.gov/find-your-local-office,"Yuma County residents meeting income and household-size requirements for SNAP, TANF, and AHCCCS Medicaid; criminal record generally not a barrier.","Residentes del condado Yuma que cumplan requisitos de ingresos y tamaño de hogar para SNAP, TANF y Medicaid AHCCCS; los antecedentes penales generalmente no son barrera.",Apply online at healthearizonaplus.gov; call 1-855-432-7587 for DES help; statewide interview line 1-855-777-8590; visit the county office for in-person verification.,Solicite en healthearizonaplus.gov; llame al 1-855-432-7587; línea de entrevista estatal 1-855-777-8590; visite la oficina del condado para verificación presencial.,Typically Monday–Friday business hours; call ahead,yuma|arizona|benefits|SNAP|Medicaid|DES|reentry,SNAP enrollment|AHCCCS Medicaid application|TANF cash assistance|Document verification|Health-e-Arizona Plus help,Yuma,Yuma,single
63,A New Leaf — Rapid Rehousing,housing,Mesa / Maricopa County,"A New Leaf Rapid Rehousing helps families and individuals experiencing homelessness in Maricopa County—including parents returning from incarceration—move quickly into permanent housing with short-term rental assistance and case management. Housing specialists connect participants to DES benefits, ARIZONA@WORK, and Valleywise Health while stabilizing leases across the East Valley.",A New Leaf Rapid Rehousing ayuda a familias y personas sin hogar en el condado Maricopa—incluidos padres que regresan de la encarcelación—a trasladarse rápidamente a vivienda permanente con asistencia de alquiler a corto plazo y manejo de casos.,4340 E Cotton Lane,Mesa,480-833-9200,,https://turnanewleaf.org,Homeless Maricopa County households meeting HUD rapid rehousing criteria; justice-involved families welcome per program policy.,Hogares sin hogar del condado Maricopa que cumplan criterios HUD de realojamiento rápido; familias con antecedentes penales bienvenidas según política.,Call 480-833-9200 for housing intake; pairs with UMOM and St. Mary's Food Bank.,Llame al 480-833-9200 para admisión de vivienda.,Monday–Friday business hours,mesa|maricopa|housing|rapid-rehousing|reentry|families,Rapid rehousing|Rental assistance|Case management|Benefits navigation|Employment referrals,Maricopa,Maricopa,single
64,House of Refuge — Transitional Housing,housing,Mesa / Maricopa County,"House of Refuge provides structured transitional housing, life skills training, and employment support for single mothers and families experiencing homelessness in Maricopa County including justice-involved women reunifying with children after release from Perryville or county jail. Case managers connect residents to ARIZONA@WORK, DES benefits, and Valleywise primary care. Family-focused transitional housing—not emergency walk-in shelter.","House of Refuge ofrece vivienda transicional estructurada, capacitación en habilidades para la vida y apoyo laboral para madres solteras y familias sin hogar en el condado Maricopa incluidas mujeres con antecedentes penales que se reunifican con sus hijos después de la liberación.",7550 East Main Street,Mesa,480-833-7872,,https://houseofrefuge.org,Homeless single mothers and families in Maricopa County; justice-involved women per program policy; referral or application required.,Madres solteras y familias sin hogar en el condado Maricopa; mujeres con antecedentes penales según política del programa; se requiere referencia o solicitud.,Call 480-833-7872 for intake; pairs with A New Leaf and UMOM.,Llame al 480-833-7872 para admisión; se vincula con A New Leaf y UMOM.,Contact for intake hours,mesa|maricopa|housing|transitional|families|reentry,Transitional housing|Life skills training|Employment support|Case management|Benefits navigation,Maricopa,Maricopa,single
65,CASS — Central Arizona Shelter Services,housing,Phoenix / Maricopa County,"Central Arizona Shelter Services operates the largest emergency shelter and rehousing system in Maricopa County, providing single-adult shelter, coordinated entry, and rapid rehousing for justice-involved adults experiencing homelessness in Phoenix. CASS navigators connect clients to ARIZONA@WORK, Community Bridges, and DES benefits through the Maricopa regional continuum of care.","Central Arizona Shelter Services opera el mayor sistema de refugio de emergencia y realojamiento en el condado Maricopa, proporcionando refugio para adultos solteros y realojamiento rápido para adultos con antecedentes penales sin hogar en Phoenix.",230 S 12th Avenue,Phoenix,602-256-6945,,https://www.cassaz.org,Homeless single adults in Maricopa County; coordinated entry required for most placements; justice-involved adults welcome.,Adultos solteros sin hogar en el condado Maricopa; entrada coordinada requerida; adultos con antecedentes penales bienvenidos.,Call 602-256-6945; coordinated entry through Maricopa regional system; not walk-in housing assignment.,Llame al 602-256-6945; entrada coordinada a través del sistema regional de Maricopa.,Shelter 24/7; offices Monday–Friday,phoenix|maricopa|housing|shelter|coordinated-entry|reentry,Emergency shelter|Coordinated entry|Rapid rehousing|Case management|Benefits navigation,Maricopa,Maricopa,single
66,Gospel Rescue Mission — Tucson,housing,Tucson / Pima County,"Gospel Rescue Mission Tucson provides emergency shelter, addiction recovery, and workforce programs for homeless men and women in Pima County including justice-involved adults through faith-based life transformation programming. Graduates connect to Pima County One-Stop, CODAC, and Primavera housing partners. Faith-based shelter—not county probation.","Gospel Rescue Mission Tucson ofrece refugio de emergencia, recuperación de adicciones y programas laborales para hombres y mujeres sin hogar en el condado Pima incluidos adultos con antecedentes penales.",4550 S Palo Verde Road,Tucson,520-740-1501,,https://grmtucson.com,Homeless adults in Pima County; justice-involved participants in recovery and shelter programs.,Adultos sin hogar en el condado Pima; participantes con antecedentes penales en programas de refugio.,Call 520-740-1501 for intake; recovery and shelter campus on Palo Verde Road.,Llame al 520-740-1501 para admisión.,Shelter 24/7,tucson|pima|housing|shelter|recovery|reentry,Emergency shelter|Addiction recovery|Workforce programs|Life skills|Faith-based support,Pima,Pima,single
67,MANA House — Veterans Transitional Housing,veterans,Phoenix / Maricopa County,"MANA House provides transitional housing and peer support for homeless and justice-involved veterans in Maricopa County through U.S. VETS and community partners, connecting residents to VA benefits, ARIZONA@WORK veteran staff, and permanent housing. Veteran-focused housing—not a general population emergency shelter.","MANA House ofrece vivienda transicional y apoyo entre pares para veteranos sin hogar y con antecedentes penales en el condado Maricopa, conectando residentes con beneficios VA y vivienda permanente.",755 E Willetta Street,Phoenix,602-263-5531,,https://www.usvetsinc.org,Homeless veterans in Maricopa County; justice-involved veterans per program policy; DD-214 or veteran status required.,Veteranos sin hogar en el condado Maricopa; veteranos con antecedentes penales según política; se requiere DD-214 o estatus de veterano.,Call 602-263-5531; coordinated with Arizona DVS county veterans service officers.,Llame al 602-263-5531; coordinado con oficiales de servicios para veteranos del condado DVS.,Residential 24/7; office Monday–Friday,phoenix|maricopa|veterans|housing|transitional|reentry,Veteran transitional housing|Peer support|VA benefits navigation|Employment referrals|Permanent housing planning,Maricopa,Maricopa,single
68,Adelante Healthcare — Mesa,healthcare,Mesa / Maricopa County,"Adelante Healthcare operates community health centers in Maricopa and Pinal counties with primary care, behavioral health, and dental services including sliding-fee care for uninsured justice-involved patients. The Mesa clinic coordinates AHCCCS enrollment with DES and referrals from Community Bridges and ADCRR reentry staff.","Adelante Healthcare opera centros de salud comunitarios en los condados Maricopa y Pinal con atención primaria, salud conductual y dental incluyendo atención con tarifa móvil para pacientes con antecedentes penales sin seguro.",1661 E Camelback Road,Mesa,480-964-3922,,https://www.adelantehealthcare.com,Uninsured and Medicaid patients in Maricopa County; sliding fee scale available.,Pacientes sin seguro y Medicaid en el condado Maricopa; escala de tarifa móvil disponible.,Call 480-964-3922; multiple east valley locations; enroll at healthearizonaplus.gov.,Llame al 480-964-3922; múltiples ubicaciones del este del valle.,Clinic Monday–Friday,mesa|maricopa|healthcare|FQHC|dental|reentry,Primary care|Behavioral health|Dental services|Sliding-fee care|AHCCCS enrollment support,Maricopa,Maricopa|Pinal,multi
69,Chiricahua Community Health Centers — Sierra Vista,healthcare,Sierra Vista / Cochise County,"Chiricahua Community Health Centers provide Federally Qualified Health Center primary care, behavioral health, and pharmacy services for Cochise County residents including justice-involved adults returning from ADCRR and county jail with sliding-fee and AHCCCS acceptance.","Chiricahua Community Health Centers ofrecen atención primaria FQHC, salud conductual y farmacia para residentes del condado Cochise incluidos adultos con antecedentes penales con tarifa móvil y aceptación AHCCCS.",10566 N Highway 90,Sierra Vista,520-459-7790,,https://www.cchci.org,Cochise County patients; AHCCCS and sliding fee; justice-involved patients welcome.,Pacientes del condado Cochise; AHCCCS y tarifa móvil; pacientes con antecedentes penales bienvenidos.,Call 520-459-7790; multiple Cochise County clinics; pairs with ARIZONA@WORK Cochise.,Llame al 520-459-7790; múltiples clínicas del condado Cochise.,Clinic Monday–Friday,sierra-vista|cochise|healthcare|FQHC|rural|reentry,Primary care|Behavioral health|Pharmacy|Sliding-fee care|Rural health services,Cochise,Cochise,single
70,Community Medical Services — Phoenix MAT,substance-use-treatment,Phoenix / Maricopa County,"Community Medical Services operates opioid treatment programs with medication-assisted treatment at multiple Maricopa County clinics for justice-involved adults referred from drug courts, ADCRR, and Community Bridges. AHCCCS and cash-pay options support daily dosing and counseling.",Community Medical Services opera programas de tratamiento de opioides con tratamiento asistido con medicamentos en múltiples clínicas del condado Maricopa para adultos con antecedentes penales referidos por tribunales de drogas y ADCRR.,2301 W Northern Avenue,Phoenix,602-866-1475,,https://communitymedicalservices.org,Adults with opioid use disorder in Maricopa County; AHCCCS accepted; justice-involved referrals welcome.,Adultos con trastorno por uso de opioides en el condado Maricopa; AHCCCS aceptado; referencias con antecedentes penales bienvenidas.,Call 602-866-1475 for intake; daily dosing hours early morning; pairs with Maricopa drug courts.,Llame al 602-866-1475 para admisión; horas de dosificación diaria temprano en la mañana.,Dosing early morning daily; counseling by appointment,phoenix|maricopa|substance-use-treatment|MAT|OTP|reentry,Medication-assisted treatment|Opioid treatment program|Counseling|Drug court referrals|AHCCCS billing,Maricopa,Maricopa,single
71,Banner Behavioral Health — Phoenix,substance-use-treatment,Phoenix / Maricopa County,Banner Behavioral Health provides inpatient and outpatient psychiatric and substance use treatment for Maricopa County adults including justice-involved patients through AHCCCS and commercial insurance at the Banner University Medical Center behavioral health campus.,Banner Behavioral Health ofrece tratamiento psiquiátrico y de uso de sustancias hospitalario y ambulatorio para adultos del condado Maricopa incluidos pacientes con antecedentes penales a través de AHCCCS.,925 E McDowell Road,Phoenix,602-839-2000,,https://www.bannerhealth.com,Adults with behavioral health or SUD needs; AHCCCS and insurance; crisis and scheduled admissions.,Adultos con necesidades de salud conductual o TUS; AHCCCS y seguro; admisiones de crisis y programadas.,Call 602-839-2000; crisis assessment available; coordinate with Mercy Care RBHA.,Llame al 602-839-2000; evaluación de crisis disponible.,Crisis 24/7; outpatient Monday–Friday,phoenix|maricopa|substance-use-treatment|mental-health|inpatient|reentry,Inpatient psychiatric care|Outpatient SUD treatment|Crisis assessment|Dual diagnosis treatment|Discharge planning,Maricopa,Maricopa,single
72,Spectrum Healthcare — Prescott,substance-use-treatment,Prescott / Yavapai County,"Spectrum Healthcare provides integrated mental health and substance use disorder treatment for Yavapai County residents including justice-involved adults through outpatient, crisis, and peer support programs contracted with AHCCCS RBHA.",Spectrum Healthcare ofrece tratamiento integrado de salud mental y trastornos por uso de sustancias para residentes del condado Yavapai incluidos adultos con antecedentes penales.,8 E Cottonwood Street,Prescott,928-445-5211,,https://www.spectrumhealthcare-group.com,Yavapai County adults with mental health or SUD needs; AHCCCS accepted.,Adultos del condado Yavapai con necesidades de salud mental o TUS; AHCCCS aceptado.,Call 928-445-5211; crisis line available; pairs with West Yavapai Guidance Clinic referrals.,Llame al 928-445-5211; línea de crisis disponible.,Crisis 24/7; clinics Monday–Friday,prescott|yavapai|substance-use-treatment|mental-health|reentry,Outpatient treatment|Crisis services|Peer support|Integrated care|Court referrals,Yavapai,Yavapai,single
73,Southern Arizona Legal Aid — Tucson,legal-aid,Tucson / Pima County,"Southern Arizona Legal Aid provides free civil legal assistance to low-income residents of Pima, Santa Cruz, Cochise, and surrounding counties including housing, benefits, and limited record relief for justice-involved clients—not criminal defense.","Southern Arizona Legal Aid brinda asistencia legal civil gratuita a residentes de bajos ingresos de Pima, Santa Cruz, Cochise y condados circundantes incluyendo vivienda, beneficios y alivio limitado de antecedentes.",64 E Broadway Boulevard,Tucson,520-623-9465,,https://www.sazlegalaid.org,Low-income residents of SALA service counties with civil legal problems; LSC income limits apply.,Residentes de bajos ingresos de condados de servicio SALA con problemas legales civiles; aplican límites LSC.,Apply at sazlegalaid.org or call 520-623-9465; intake Monday–Friday.,Solicite en sazlegalaid.org o llame al 520-623-9465.,Intake Monday–Friday,tucson|pima|legal-aid|low-income|reentry,Civil legal representation|Housing legal aid|Benefits advocacy|Limited record relief|Eviction defense,Pima,Pima|Santa Cruz|Cochise|Greenlee|Graham,multi
74,Volunteer Lawyers Program — Maricopa County,legal-aid,Phoenix / Maricopa County,"The Maricopa County Volunteer Lawyers Program connects low-income residents to pro bono attorneys for civil matters including family law, housing, and consumer issues through the Maricopa County Bar Foundation—not criminal defense or full-scope CLS replacement.","El Programa de Abogados Voluntarios del condado Maricopa conecta a residentes de bajos ingresos con abogados pro bono para asuntos civiles incluyendo derecho familiar, vivienda y asuntos de consumo.",303 E Palm Lane,Phoenix,602-506-4444,,https://www.maricopavlp.org,Low-income Maricopa County residents with civil legal needs meeting VLP criteria.,Residentes de bajos ingresos del condado Maricopa con necesidades legales civiles que cumplan criterios VLP.,Apply at maricopavlp.org or call 602-506-4444; pairs with CLS for overlapping services.,Solicite en maricopavlp.org o llame al 602-506-4444.,Intake Monday–Friday,phoenix|maricopa|legal-aid|pro-bono|reentry,Pro bono civil referrals|Family law assistance|Housing legal help|Consumer law|Clinic events,Maricopa,Maricopa,single
75,Arizona Recovery Coalition,peer-support,Phoenix / Maricopa County,The Arizona Recovery Coalition advocates for recovery-oriented systems and provides peer support training and warm-line connections for justice-involved individuals in recovery across Maricopa County and statewide behavioral health networks.,La Coalición de Recuperación de Arizona aboga por sistemas orientados a la recuperación y ofrece capacitación de apoyo entre pares y conexiones de línea de apoyo para personas con antecedentes penales en recuperación.,5025 N Central Avenue,Phoenix,602-279-0404,,https://www.arizonarecoverycoalition.org,Individuals in recovery and peer support professionals; justice-involved peers welcome.,Individuos en recuperación y profesionales de apoyo entre pares; pares con antecedentes penales bienvenidos.,Call 602-279-0404; peer training schedules on website; pairs with Community Bridges.,Llame al 602-279-0404; calendarios de capacitación en el sitio web.,Monday–Friday business hours,phoenix|maricopa|peer-support|recovery|advocacy|reentry,Peer support training|Recovery advocacy|Warm-line connections|Systems navigation|Justice-involved peer networks,Maricopa,,statewide
76,Recovery Empowerment Network — Phoenix,peer-support,Phoenix / Maricopa County,"Recovery Empowerment Network provides peer-operated wellness centers, recovery coaching, and drop-in support for adults with mental health and substance use challenges in Maricopa County including justice-involved members building community after release.","Recovery Empowerment Network ofrece centros de bienestar operados por pares, coaching de recuperación y apoyo sin cita para adultos con desafíos de salud mental y uso de sustancias en el condado Maricopa incluidos miembros con antecedentes penales.",5025 N Central Avenue,Phoenix,602-650-1212,,https://www.recoveryempowerment.org,Adults with mental health or SUD recovery goals in Maricopa County; justice-involved peers welcome.,Adultos con metas de recuperación de salud mental o TUS en el condado Maricopa; pares con antecedentes penales bienvenidos.,Call 602-650-1212; drop-in wellness center hours on website.,Llame al 602-650-1212; horas del centro de bienestar en el sitio web.,Drop-in center Monday–Saturday,phoenix|maricopa|peer-support|recovery|wellness|reentry,Peer-operated wellness center|Recovery coaching|Drop-in support|Community building|RBHA coordination,Maricopa,Maricopa,single
77,ARIZONA@WORK — Phoenix Metro,employment,Phoenix / Maricopa County,"The ARIZONA@WORK Phoenix Metro center on Van Buren Street connects central Phoenix job seekers including justice-involved adults to WIOA training, career fairs, and fair-chance employer partnerships through the Maricopa County workforce board.",El centro ARIZONA@WORK Phoenix Metro en Van Buren Street conecta buscadores de empleo del centro de Phoenix incluidos adultos con antecedentes penales con capacitación WIOA y alianzas de empleo de segunda oportunidad.,3406 N 51st Avenue,Phoenix,602-372-4200,,https://arizonaatwork.com,Maricopa County job seekers; justice-involved individuals; core services free.,Buscadores de empleo del condado Maricopa; personas con antecedentes penales; servicios básicos gratuitos.,Register at arizonaatwork.com; call 602-372-4200.,Regístrese en arizonaatwork.com; llame al 602-372-4200.,Monday–Friday business hours,phoenix|maricopa|employment|arizona-at-work|WIOA|reentry,Career coaching|WIOA referrals|Job fairs|Fair-chance employers|Resume workshops,Maricopa,Maricopa,single
78,ARIZONA@WORK — Flagstaff,employment,Flagstaff / Coconino County,"ARIZONA@WORK Flagstaff connects Coconino County job seekers including justice-involved adults from northern Arizona correctional releases to career coaching, WIOA referrals, and rural fair-chance employment navigation.",ARIZONA@WORK Flagstaff conecta buscadores de empleo del condado Coconino incluidos adultos con antecedentes penales con coaching de carrera y referencias WIOA.,201 E Birch Avenue,Flagstaff,928-213-4750,,https://arizonaatwork.com,Coconino County job seekers including justice-involved individuals; core services free.,Buscadores de empleo del condado Coconino incluidas personas con antecedentes penales.,Register at arizonaatwork.com; call 928-213-4750; pairs with North Country HealthCare.,Regístrese en arizonaatwork.com; llame al 928-213-4750.,Monday–Friday business hours,flagstaff|coconino|employment|arizona-at-work|WIOA|reentry,Career coaching|WIOA referrals|Rural job search|Fair-chance employment|Resume assistance,Coconino,Coconino,single
79,ARIZONA@WORK — Yuma,employment,Yuma / Yuma County,"ARIZONA@WORK Yuma connects Yuma County job seekers including justice-involved adults to career coaching, agricultural and logistics employer networks, and WIOA training through the regional workforce board.",ARIZONA@WORK Yuma conecta buscadores de empleo del condado Yuma incluidos adultos con antecedentes penales con coaching de carrera y capacitación WIOA.,1350 W 8th Street,Yuma,928-783-2222,,https://arizonaatwork.com,Yuma County job seekers; justice-involved individuals welcome; core services free.,Buscadores de empleo del condado Yuma; personas con antecedentes penales bienvenidas.,Register at arizonaatwork.com; call 928-783-2222; pairs with Crossroads Mission.,Regístrese en arizonaatwork.com; llame al 928-783-2222.,Monday–Friday business hours,yuma|employment|arizona-at-work|WIOA|reentry,Career coaching|WIOA referrals|Employer networking|Fair-chance employment|Bilingual services,Yuma,Yuma,single
80,ID Theft Resource — Arizona Attorney General,id-documentation,Phoenix / Maricopa County,"The Arizona Attorney General Identity Theft Resource Unit helps victims—including justice-involved individuals whose identity was compromised—restore credit, dispute fraudulent records, and obtain guidance on replacing identification documents needed for MVD and DES applications.",La Unidad de Recursos contra Robo de Identidad del Fiscal General de Arizona ayuda a víctimas—incluidas personas con antecedentes penales cuya identidad fue comprometida—a restaurar crédito y obtener orientación para reemplazar documentos de identificación.,2005 N Central Avenue,Phoenix,602-542-5763,,https://www.azag.gov/identity-theft,Arizona identity theft victims; free consumer assistance regardless of criminal record.,Víctimas de robo de identidad en Arizona; asistencia gratuita al consumidor sin importar antecedentes penales.,File complaint at azag.gov; call 602-542-5763; pairs with MVD and ADHS vital records.,Presente queja en azag.gov; llame al 602-542-5763.,Monday–Friday business hours,phoenix|maricopa|id-documentation|identity-theft|consumer|reentry,Identity theft recovery|Credit dispute guidance|Document replacement navigation|Fraud reporting|Consumer protection,Maricopa,,statewide
81,Arizona Transformation Project,reentry-organizations,Phoenix / Maricopa County,"The Arizona Transformation Project provides reentry mentoring, family reunification support, and community navigation for justice-involved men and women returning to Maricopa County through volunteer mentors and partnerships with St. Joseph the Worker and Community Bridges.","El Arizona Transformation Project ofrece mentoría de reinserción, apoyo de reunificación familiar y navegación comunitaria para hombres y mujeres con antecedentes penales que regresan al condado Maricopa.",424 S 2nd Avenue,Phoenix,602-254-2220,,https://www.aztransformationproject.org,Justice-involved adults returning to Maricopa County; mentor matching by application.,Adultos con antecedentes penales que regresan al condado Maricopa; emparejamiento de mentores por solicitud.,Apply at aztransformationproject.org; call 602-254-2220; volunteer mentor program.,Solicite en aztransformationproject.org; llame al 602-254-2220.,Monday–Friday business hours,phoenix|maricopa|reentry|mentoring|family|reentry-organizations,Reentry mentoring|Family reunification|Community navigation|Volunteer support|Partner referrals,Maricopa,Maricopa,single
82,Middle Ground Prison Reform,reentry-organizations,Phoenix / Maricopa County,"Middle Ground Prison Reform advocates for fair correctional policies and connects Arizona families and returning citizens to reentry resources, visitation support, and policy education across Maricopa County and statewide—not direct cash or housing placement.",Middle Ground Prison Reform aboga por políticas correccionales justas y conecta a familias de Arizona y ciudadanos que regresan con recursos de reinserción y educación de políticas en todo el estado.,P.O. Box 12086,Phoenix,602-258-0080,,https://www.middlegroundprisonreform.org,Arizona families and returning citizens seeking policy information and reentry resource navigation.,Familias de Arizona y ciudadanos que regresan que buscan información de políticas y navegación de recursos de reinserción.,Call 602-258-0080; resource referrals by phone; advocacy organization not direct service provider.,Llame al 602-258-0080; referencias de recursos por teléfono.,Monday–Friday business hours,phoenix|maricopa|reentry|advocacy|policy|statewide,Policy advocacy|Family support information|Reentry resource referrals|Visitation guidance|Correctional policy education,Maricopa,,statewide
83,Salvation Army — Phoenix Family Services,basic-needs,Phoenix / Maricopa County,"The Salvation Army Phoenix Family Services campus provides emergency food, clothing, utility assistance, and seasonal shelter beds for low-income Maricopa County families including justice-involved households seeking stabilization after release.","El campus Salvation Army Phoenix Family Services ofrece alimentos de emergencia, ropa, asistencia con servicios públicos y camas de refugio estacionales para familias de bajos ingresos del condado Maricopa.",2707 East Van Buren Street,Phoenix,602-267-4122,,https://phoenix.salvationarmy.org,Low-income Maricopa County families and individuals; justice-involved clients eligible for emergency assistance per program.,Familias e individuos de bajos ingresos del condado Maricopa; clientes con antecedentes penales elegibles para asistencia de emergencia.,Call 602-267-4122; not a DES benefits office.,Llame al 602-267-4122; no es oficina de beneficios DES.,Monday–Friday business hours; seasonal shelter hours vary,phoenix|maricopa|basic-needs|food|utility|reentry,Emergency food|Clothing|Utility assistance|Seasonal shelter|Case management referrals,Maricopa,Maricopa,single
84,Nogales Community Development — Food Bank,food-nutrition,Nogales / Santa Cruz County,Nogales Community Development food bank and emergency services support low-income Santa Cruz County families including justice-involved households on the Arizona-Mexico border with food distribution and DES benefits referrals.,El banco de alimentos de Nogales Community Development apoya a familias de bajos ingresos del condado Santa Cruz incluidos hogares con antecedentes penales con distribución de alimentos y referencias de beneficios DES.,190 N Apache Boulevard,Nogales,520-287-2046,,https://www.ncdaz.org,Low-income Santa Cruz County residents; bilingual services; justice-involved families welcome.,Residentes de bajos ingresos del condado Santa Cruz; servicios bilingües; familias con antecedentes penales bienvenidas.,Call 520-287-2046; food distribution schedules on website; pairs with ARIZONA@WORK Nogales.,Llame al 520-287-2046; horarios de distribución en el sitio web.,Food distribution hours vary,nogales|santa-cruz|food-nutrition|bilingual|border|reentry,Emergency food|Basic needs assistance|Benefits referrals|Bilingual services|Border community support,Santa Cruz,Santa Cruz,single
85,Gila County Health & Emergency Management — Public Health,healthcare,Globe / Gila County,"Gila County Health Department connects rural Gila County residents including justice-involved adults to public health services, immunizations, and referrals to Copper Basin Medical Center and ARIZONA@WORK Globe for care and employment after release.","El Departamento de Salud del condado Gila conecta a residentes rurales incluidos adultos con antecedentes penales con servicios de salud pública, inmunizaciones y referencias a Copper Basin Medical Center y ARIZONA@WORK Globe.",5515 S Apache Avenue,Globe,928-402-8811,,https://www.gilacountyaz.gov,Gila County residents; public health services; referrals to regional providers.,Residentes del condado Gila; servicios de salud pública; referencias a proveedores regionales.,Call 928-402-8811; rural health navigation; pairs with Gila County DES.,Llame al 928-402-8811; navegación de salud rural.,Monday–Friday business hours,globe|gila|healthcare|rural|public-health|reentry,Public health services|Immunizations|Health referrals|Rural navigation|Emergency preparedness info,Gila,Gila,single
86,SEABHS — Safford Behavioral Health,substance-use-treatment,Safford / Graham County,Southeastern Arizona Behavioral Health Services provides outpatient mental health and substance use treatment for Graham and Greenlee county residents including justice-involved adults through AHCCCS and sliding-fee programs.,Southeastern Arizona Behavioral Health Services ofrece tratamiento ambulatorio de salud mental y uso de sustancias para residentes de los condados Graham y Greenlee incluidos adultos con antecedentes penales.,1615 S 1st Avenue,Safford,928-428-0560,,https://www.seabhs.org,Graham and Greenlee County adults with behavioral health needs; AHCCCS accepted.,Adultos de los condados Graham y Greenlee con necesidades de salud conductual; AHCCCS aceptado.,Call 928-428-0560 for intake; rural eastern Arizona coverage.,Llame al 928-428-0560 para admisión.,Clinic Monday–Friday,safford|graham|substance-use-treatment|mental-health|rural|reentry,Outpatient SUD treatment|Mental health services|Sliding-fee care|Rural behavioral health|Court referrals,Graham,Graham|Greenlee,multi
87,Native Health — Phoenix,healthcare,Phoenix / Maricopa County,"Native Health provides culturally competent primary care, behavioral health, and wellness programs for Native and non-Native families in Maricopa County including justice-involved adults through sliding-fee and AHCCCS services at the Phoenix clinic.","Native Health ofrece atención primaria culturalmente competente, salud conductual y programas de bienestar para familias nativas y no nativas en el condado Maricopa incluidos adultos con antecedentes penales.",4041 N Central Avenue,Phoenix,602-279-5262,,https://www.nativehealth.org,Maricopa County patients; AHCCCS and sliding fee; open to all community members.,Pacientes del condado Maricopa; AHCCCS y tarifa móvil; abierto a todos los miembros de la comunidad.,Call 602-279-5262; multiple Phoenix locations.,Llame al 602-279-5262; múltiples ubicaciones en Phoenix.,Clinic Monday–Friday,phoenix|maricopa|healthcare|native|behavioral-health|reentry,Primary care|Behavioral health|Wellness programs|Sliding-fee care|Culturally competent care,Maricopa,Maricopa,single
88,La Paz Regional Hospital — Parker,healthcare,Parker / La Paz County,"La Paz Regional Hospital serves La Paz County with emergency, inpatient, and outpatient care and financial assistance for uninsured patients including justice-involved adults returning to the Colorado River communities.","La Paz Regional Hospital sirve al condado La Paz con atención de emergencia, hospitalaria y ambulatoria y asistencia financiera para pacientes sin seguro incluidos adultos con antecedentes penales.",1200 W Mohave Road,Parker,928-669-2211,,https://www.lapazhospital.org,La Paz County patients; financial assistance available; AHCCCS accepted.,Pacientes del condado La Paz; asistencia financiera disponible; AHCCCS aceptado.,Call 928-669-2211; emergency 24/7.,Llame al 928-669-2211; emergencias 24/7.,Emergency 24/7,parker|la-paz|healthcare|hospital|rural|reentry,Emergency care|Inpatient services|Outpatient clinics|Financial assistance|Discharge planning,La Paz,La Paz,single
89,Hope Lives — Peer Recovery Center,peer-support,Prescott / Yavapai County,"Hope Lives operates a peer recovery community center in Prescott offering drop-in support, recovery meetings, and navigation to Spectrum Healthcare and West Yavapai Guidance Clinic for justice-involved members in Yavapai County.",Hope Lives opera un centro comunitario de recuperación entre pares en Prescott ofreciendo apoyo sin cita y navegación a Spectrum Healthcare para miembros con antecedentes penales en el condado Yavapai.,800 W Gurley Street,Prescott,928-515-1038,,https://www.hopelivesaz.org,Adults in recovery in Yavapai County; justice-involved peers welcome.,Adultos en recuperación en el condado Yavapai; pares con antecedentes penales bienvenidos.,Call 928-515-1038; drop-in hours on website.,Llame al 928-515-1038; horas sin cita en el sitio web.,Drop-in center hours vary,prescott|yavapai|peer-support|recovery|reentry,Peer recovery center|Drop-in support|Recovery meetings|Treatment navigation|Community building,Yavapai,Yavapai,single
90,Navajo County Public Health Services District,healthcare,Holbrook / Navajo County,"Navajo County Public Health Services District connects rural Navajo, Apache, and northern Gila county residents including justice-involved adults to public health programs, immunizations, and referrals to North Country HealthCare and regional providers.",El Distrito de Servicios de Salud Pública del condado Navajo conecta a residentes rurales incluidos adultos con antecedentes penales con programas de salud pública e inmunizaciones y referencias a North Country HealthCare.,117 E Buffalo Street,Holbrook,928-524-4750,,https://www.navajocountyaz.gov,Navajo County residents; public health programs; rural health navigation.,Residentes del condado Navajo; programas de salud pública; navegación de salud rural.,Call 928-524-4750; pairs with ARIZONA@WORK Holbrook and Navajo County DES.,Llame al 928-524-4750; se vincula con ARIZONA@WORK Holbrook.,Monday–Friday business hours,holbrook|navajo|healthcare|public-health|rural|reentry,Public health programs|Immunizations|Health education|Rural referrals|Emergency preparedness,Navajo,Navajo,single
91,Pinal County Public Health — Casa Grande,healthcare,Casa Grande / Pinal County,"Pinal County Public Health connects residents including justice-involved adults to immunizations, WIC, and referrals to regional FQHC clinics and ARIZONA@WORK Pinal for health and employment services in central Arizona.","Salud Pública del condado Pinal conecta a residentes incluidos adultos con antecedentes penales con inmunizaciones, WIC y referencias a clínicas FQHC regionales y ARIZONA@WORK Pinal.",1000 N Arizola Road,Casa Grande,520-836-3566,,https://www.pinalcountyaz.gov,Pinal County residents; public health and WIC services.,Residentes del condado Pinal; servicios de salud pública y WIC.,Call 520-836-3566; pairs with Adelante Healthcare Pinal and DES Casa Grande.,Llame al 520-836-3566.,Monday–Friday business hours,casa-grande|pinal|healthcare|public-health|WIC|reentry,Immunizations|WIC|Public health referrals|Health education|Regional provider navigation,Pinal,Pinal,single
92,U.S. VETS — Prescott,veterans,Prescott / Yavapai County,"U.S. VETS Prescott provides transitional housing, case management, and employment support for homeless veterans in Yavapai County including justice-involved veterans through VA benefits coordination and ARIZONA@WORK referrals.","U.S. VETS Prescott ofrece vivienda transicional, manejo de casos y apoyo de empleo para veteranos sin hogar en el condado Yavapai incluidos veteranos con antecedentes penales.",1040 Whipple Street,Prescott,928-583-1304,,https://www.usvetsinc.org,Homeless veterans in Yavapai County; DD-214 or veteran status required.,Veteranos sin hogar en el condado Yavapai; se requiere DD-214 o estatus de veterano.,Call 928-583-1304; coordinate with Yavapai County CVSO.,Llame al 928-583-1304; coordine con CVSO del condado Yavapai.,Residential 24/7; office Monday–Friday,prescott|yavapai|veterans|housing|transitional|reentry,Veteran transitional housing|Case management|VA benefits navigation|Employment support|Permanent housing planning,Yavapai,Yavapai,single
93,Goodwill of Southern Arizona — Tucson,employment,Tucson / Pima County,"Goodwill of Southern Arizona connects Pima County job seekers including fair-chance hires to career centers, thrift social enterprise jobs, and digital skills training through the Tucson career hub.",Goodwill del Sur de Arizona conecta buscadores de empleo del condado Pima incluidas contrataciones de segunda oportunidad con centros de carrera y capacitación en habilidades digitales.,1940 E Broadway Boulevard,Tucson,520-623-5174,,https://www.goodwillsouthernaz.org,Pima County job seekers including justice-involved individuals.,Buscadores de empleo del condado Pima incluidas personas con antecedentes penales.,Call 520-623-5174; career center on Broadway; register at arizonaatwork.com.,Llame al 520-623-5174; centro de carrera en Broadway.,Career center Monday–Friday,tucson|pima|employment|goodwill|fair-chance|reentry,Career coaching|Social enterprise jobs|Digital skills|Employer connections|WIOA referrals,Pima,Pima,single
94,AWEE — Tucson Career Center,employment,Tucson / Pima County,AWEE's Tucson career center provides employment training and job placement for Pima County adults including justice-involved participants through specialized reentry employment tracks and DES referrals.,El centro de carrera AWEE de Tucson ofrece capacitación laboral y colocación de empleo para adultos del condado Pima incluidos participantes con antecedentes penales a través de rutas especializadas de empleo de reinserción.,320 N Commerce Park Loop,Tucson,520-622-4900,,https://www.awee.org,Pima County adults seeking employment; justice-involved tracks available.,Adultos del condado Pima que buscan empleo; rutas para personas con antecedentes penales disponibles.,Call 520-622-4900; near Pima County One-Stop.,Llame al 520-622-4900; cerca del One-Stop del condado Pima.,Monday–Friday business hours,tucson|pima|employment|women|fair-chance|reentry,Career training|Job placement|Justice-involved employment track|Interview preparation|DES coordination,Pima,Pima,single
95,St. Vincent de Paul — Phoenix,basic-needs,Phoenix / Maricopa County,"Society of St. Vincent de Paul Phoenix provides food boxes, rent and utility assistance, and furniture for low-income Maricopa County families including returning citizens through parish-based caseworker visits and the main dining room.","La Sociedad de San Vicente de Paul Phoenix ofrece cajas de alimentos, asistencia de renta y servicios públicos y muebles para familias de bajos ingresos del condado Maricopa incluidos ciudadanos que regresan.",420 W Watkins Road,Phoenix,602-261-6886,,https://www.stvincentdepaul.net,Low-income Maricopa County households; home visits by caseworkers; justice-involved families per policy.,Hogares de bajos ingresos del condado Maricopa; visitas domiciliarias; familias con antecedentes penales según política.,Call 602-261-6886; dining room meals daily; financial assistance by caseworker referral.,Llame al 602-261-6886; comidas diarias en comedor.,Dining room daily; office Monday–Friday,phoenix|maricopa|basic-needs|food|rent-assistance|reentry,Food boxes|Rent assistance|Utility assistance|Furniture|Dining room meals,Maricopa,Maricopa,single
96,Copper Basin Medical Center — Globe,healthcare,Globe / Gila County,"Copper Basin Medical Center is Gila County's community hospital providing emergency, inpatient, and outpatient care with financial assistance for uninsured patients including justice-involved adults returning to rural central Arizona.","Copper Basin Medical Center es el hospital comunitario del condado Gila que ofrece atención de emergencia, hospitalaria y ambulatoria con asistencia financiera para pacientes sin seguro incluidos adultos con antecedentes penales.",5880 S Hospital Drive,Globe,928-425-3261,,https://www.copperbasinmedical.com,Gila County patients; financial assistance available; AHCCCS accepted.,Pacientes del condado Gila; asistencia financiera disponible; AHCCCS aceptado.,Call 928-425-3261; emergency 24/7; pairs with Gila County DES and ARIZONA@WORK Globe.,Llame al 928-425-3261; emergencias 24/7.,Emergency 24/7,globe|gila|healthcare|hospital|rural|reentry,Emergency care|Inpatient services|Outpatient clinics|Financial assistance|Discharge planning,Gila,Gila,single
97,Little Colorado Medical Center — Winslow,healthcare,Winslow / Navajo County,Little Colorado Medical Center serves Navajo County with emergency and outpatient care and financial counseling for uninsured and justice-involved patients in the Winslow and Holbrook region of northeastern Arizona.,Little Colorado Medical Center sirve al condado Navajo con atención de emergencia y ambulatoria y consejería financiera para pacientes sin seguro y con antecedentes penales en la región de Winslow y Holbrook.,1501 N Williamson Avenue,Winslow,928-289-4691,,https://www.lcmcaz.org,Navajo County patients; financial assistance available.,Pacientes del condado Navajo; asistencia financiera disponible.,Call 928-289-4691; emergency 24/7; pairs with North Country HealthCare and ARIZONA@WORK Holbrook.,Llame al 928-289-4691; emergencias 24/7.,Emergency 24/7,winslow|navajo|healthcare|hospital|rural|reentry,Emergency care|Outpatient services|Financial counseling|Rural health services|Discharge planning,Navajo,Navajo,single
98,ADCRR — Phoenix Community Corrections Field Office,probation-parole,Phoenix / Maricopa County,"The ADCRR Phoenix Community Corrections field office supervises parolees and probationers in central Maricopa County, coordinating compliance reporting and referrals to St. Joseph the Worker, Community Bridges, and ARIZONA@WORK for justice-involved adults under state supervision.","La oficina de campo de Correcciones Comunitarias de ADCRR en Phoenix supervisa personas en libertad condicional y probatoria en el centro del condado Maricopa, coordinando informes de cumplimiento y referencias a aliados de reinserción.",1601 W Jefferson Street,Phoenix,602-542-5535,,https://corrections.az.gov/adcr/community-corrections,Adults under ADCRR parole or community supervision in Maricopa County; report to assigned officer.,Adultos bajo libertad condicional o supervisión comunitaria de ADCRR en el condado Maricopa; reporte al oficial asignado.,Call 602-542-5535; not a walk-in benefits or housing office; ask officer about local reentry referrals.,Llame al 602-542-5535; no es oficina de beneficios o vivienda; pregunte al oficial sobre referencias locales.,Monday–Friday business hours,phoenix|maricopa|probation-parole|ADCRR|reentry,Parole supervision|Community corrections reporting|Treatment referrals|Employment coordination|Reentry partner linkage,Maricopa,Maricopa,single
99,ADCRR — Tucson Community Corrections Field Office,probation-parole,Tucson / Pima County,"The ADCRR Tucson Community Corrections field office supervises parolees and probationers in Pima County, connecting supervisees to CODAC, Primavera, Pima County One-Stop, and El Rio Health as conditions of release.","La oficina de campo de Correcciones Comunitarias de ADCRR en Tucson supervisa personas en libertad condicional y probatoria en el condado Pima, conectando supervisados con CODAC, Primavera y Pima County One-Stop.",3434 E 22nd Street,Tucson,520-514-3400,,https://corrections.az.gov/adcr/community-corrections,Adults under ADCRR parole or community supervision in Pima County; report to assigned officer.,Adultos bajo libertad condicional o supervisión comunitaria de ADCRR en el condado Pima; reporte al oficial asignado.,Call 520-514-3400; coordinate through assigned officer for reentry referrals.,Llame al 520-514-3400; coordine a través del oficial asignado.,Monday–Friday business hours,tucson|pima|probation-parole|ADCRR|reentry,Parole supervision|Community corrections reporting|Treatment referrals|Employment coordination|Reentry partner linkage,Pima,Pima,single
100,Maricopa County Adult Probation,probation-parole,Phoenix / Maricopa County,"Maricopa County Adult Probation supervises county probationers through field offices across the Phoenix metro, connecting clients to local treatment, employment, and housing partners as court-ordered conditions—not a benefits or emergency shelter intake center.","La Probatoria de Adultos del condado Maricopa supervisa a personas en probatoria del condado a través de oficinas de campo en el metro Phoenix, conectando clientes con tratamiento, empleo y vivienda según órdenes judiciales.",702 W Madison Street,Phoenix,602-372-0300,,https://www.maricopa.gov/Adult-Probation,Adults under Maricopa County adult probation; report to assigned probation officer.,Adultos bajo probatoria de adultos del condado Maricopa; reporte al oficial de probatoria asignado.,Call 602-372-0300; find field office at maricopa.gov; distinct from ADCRR state parole.,Llame al 602-372-0300; encuentre oficina de campo en maricopa.gov; distinto de libertad condicional estatal ADCRR.,Field offices Monday–Friday,phoenix|maricopa|probation-parole|county|reentry,County probation supervision|Court-ordered treatment referrals|Employment compliance|Community reporting|Local reentry coordination,Maricopa,Maricopa,single
101,Pima County Adult Probation,probation-parole,Tucson / Pima County,"Pima County Adult Probation supervises county probationers from the Tucson headquarters and regional field offices, coordinating referrals to CODAC, Primavera, and Southern Arizona Legal Aid for justice-involved adults under county court supervision.","La Probatoria de Adultos del condado Pima supervisa a personas en probatoria del condado desde la sede de Tucson, coordinando referencias a CODAC, Primavera y Southern Arizona Legal Aid.",240 N Stone Avenue,Tucson,520-724-5500,,https://www.pima.gov/Adult-Probation,Adults under Pima County adult probation; report to assigned probation officer.,Adultos bajo probatoria de adultos del condado Pima; reporte al oficial de probatoria asignado.,Call 520-724-5500; main office on Stone Avenue; distinct from ADCRR state parole.,Llame al 520-724-5500; oficina principal en Stone Avenue.,Monday–Friday business hours,tucson|pima|probation-parole|county|reentry,County probation supervision|Court-ordered referrals|Treatment compliance|Employment reporting|Reentry partner coordination,Pima,Pima,single
102,Maricopa Community Colleges — Adult Education,education,Phoenix / Maricopa County,"Maricopa Community Colleges Adult Education provides free GED and High School Equivalency preparation, English language classes, and citizenship instruction at campuses across Maricopa County for returning citizens rebuilding credentials for ARIZONA@WORK and employer requirements.","Maricopa Community Colleges Educación para Adultos ofrece preparación GED y equivalencia de secundaria gratuita, clases de inglés e instrucción de ciudadanía en campus del condado Maricopa para ciudadanos que regresan que reconstruyen credenciales.",2411 W 14th Street,Tempe,480-517-8540,,https://www.maricopa.edu/adult-education,Maricopa County adults age 16+; free HSE classes; orientation required.,Adultos del condado Maricopa de 16+ años; clases HSE gratuitas; se requiere orientación.,Call 480-517-8540; classes at multiple MCCCD campuses; HSE test fees separate.,Llame al 480-517-8540; clases en múltiples campus MCCCD.,Class schedules vary by campus,tempe|maricopa|education|GED|ESL|reentry,GED preparation|High School Equivalency|English language classes|Citizenship instruction|Career pathway referrals,Maricopa,Maricopa,single
103,Rio Salado College — Adult Basic Education,education,Phoenix / Maricopa County,"Rio Salado College Adult Basic Education offers free GED preparation, English language learning, and college bridge courses at locations across Maricopa County for justice-involved adults including students referred from Maricopa County jails and ADCRR reentry programs.","Rio Salado College Educación Básica para Adultos ofrece preparación GED gratuita, aprendizaje del idioma inglés y cursos puente universitarios en ubicaciones del condado Maricopa para adultos con antecedentes penales.",2323 West 14th Street,Tempe,480-517-8110,,https://www.riosalado.edu,Maricopa County adults age 16+; free ABE and GED classes for eligible students.,Adultos del condado Maricopa de 16+ años; clases ABE y GED gratuitas para estudiantes elegibles.,Call 480-517-8110; multiple valley locations; pairs with ARIZONA@WORK Phoenix.,Llame al 480-517-8110; múltiples ubicaciones en el valle.,Class schedules vary by site,tempe|maricopa|education|GED|ABE|reentry,GED preparation|Adult Basic Education|English language learning|College bridge courses|Workforce referrals,Maricopa,Maricopa,single
104,Pima Community College — Adult Basic Education,education,Tucson / Pima County,"Pima Community College Adult Basic Education offers free GED preparation and English language classes for Pima County adults including justice-involved students at Desert Vista and other Tucson campuses, with referrals from Pima County Jail education programs.",Pima Community College Educación Básica para Adultos ofrece preparación GED gratuita y clases de inglés para adultos del condado Pima incluidos estudiantes con antecedentes penales en campus de Tucson.,4905 East Broadway Boulevard,Tucson,520-206-7330,,https://www.pima.edu,Pima County adults age 16+; free ABE and GED for qualifying students.,Adultos del condado Pima de 16+ años; ABE y GED gratuitos para estudiantes que califiquen.,Call 520-206-7330; Desert Vista campus main ABE site; pairs with Pima County One-Stop.,Llame al 520-206-7330; campus Desert Vista sitio principal de ABE.,Class schedules vary,tucson|pima|education|GED|ABE|reentry,GED preparation|Adult Basic Education|English language learning|College transition|Workforce referrals,Pima,Pima,single
105,Yavapai College — Adult Basic Education,education,Prescott / Yavapai County,"Yavapai College Adult Basic Education provides free GED and High School Equivalency preparation for adults in Yavapai County including justice-involved residents at Prescott and Verde Valley campuses, with connections to ARIZONA@WORK and West Yavapai Guidance Clinic.",Yavapai College Educación Básica para Adultos ofrece preparación GED y equivalencia de secundaria gratuita para adultos en el condado Yavapai incluidos residentes con antecedentes penales.,1100 East Sheldon Street,Prescott,928-717-7747,,https://www.yc.edu,Yavapai County adults age 16+; free HSE preparation.,Adultos del condado Yavapai de 16+ años; preparación HSE gratuita.,Call 928-717-7747; Prescott and Clarkdale campuses; pairs with ARIZONA@WORK Prescott.,Llame al 928-717-7747; campus Prescott y Clarkdale.,Class schedules vary,prescott|yavapai|education|GED|reentry,GED preparation|High School Equivalency|Adult education|Workforce referrals,Yavapai,Yavapai,single
106,Maricopa County Veterans Service Office,veterans,Phoenix / Maricopa County,"The Maricopa County Veterans Service Office helps veterans and families file VA disability claims, education benefits, and emergency assistance referrals through accredited benefits counselors at the downtown Phoenix office.","La Oficina de Servicios para Veteranos del condado Maricopa ayuda a veteranos y familias a presentar reclamos de discapacidad VA, beneficios educativos y referencias de asistencia de emergencia.",222 N Central Avenue,Phoenix,602-506-7373,,https://www.maricopa.gov/veterans,Maricopa County veterans and eligible family members; DD-214 or service records helpful.,Veteranos del condado Maricopa y familiares elegibles; DD-214 o registros de servicio útiles.,Call 602-506-7373; appointment recommended; pairs with MANA House and Arizona DVS.,Llame al 602-506-7373; cita recomendada.,Monday–Friday business hours,phoenix|maricopa|veterans|CVSO|VA-benefits|reentry,VA disability claims|Education benefits counseling|Emergency assistance referrals|Benefits appeals help|DD-214 guidance,Maricopa,Maricopa,single
107,Pima County Veterans Service Office,veterans,Tucson / Pima County,"The Pima County Veterans Service Office provides accredited VA benefits counseling, disability claims assistance, and referrals to veteran housing and employment partners for justice-involved veterans in Tucson.","La Oficina de Servicios para Veteranos del condado Pima ofrece consejería acreditada de beneficios VA, asistencia con reclamos de discapacidad y referencias a aliados de vivienda y empleo para veteranos.",3550 N Oracle Road,Tucson,520-724-8226,,https://www.pima.gov/veterans,Pima County veterans and eligible family members.,Veteranos del condado Pima y familiares elegibles.,Call 520-724-8226; Oracle Road office; pairs with Pima County One-Stop veteran staff.,Llame al 520-724-8226; oficina Oracle Road.,Monday–Friday business hours,tucson|pima|veterans|CVSO|VA-benefits|reentry,VA benefits counseling|Disability claims|Education benefits|Housing referrals|Employment referrals,Pima,Pima,single
108,Valley Metro — Reduced Fare & ADA Paratransit,transportation,Phoenix / Maricopa County,"Valley Metro provides public transit, reduced fares for seniors and people with disabilities, and ADA paratransit (Dial-a-Ride) across Maricopa County helping justice-involved adults reach probation appointments, ARIZONA@WORK, and medical visits.","Valley Metro ofrece transporte público, tarifas reducidas para adultos mayores y personas con discapacidades y paratransporte ADA en el condado Maricopa ayudando a adultos con antecedentes penales a llegar a citas de probatoria y ARIZONA@WORK.",302 N 1st Avenue,Phoenix,602-253-5000,,https://www.valleymetro.org,Maricopa County transit riders; reduced fare and ADA paratransit require eligibility application.,Pasajeros de tránsito del condado Maricopa; tarifa reducida y paratransporte ADA requieren solicitud de elegibilidad.,Call 602-253-5000; apply for ADA paratransit at valleymetro.org; reduced fare ID at office.,Llame al 602-253-5000; solicite paratransporte ADA en valleymetro.org.,Customer service Monday–Friday,phoenix|maricopa|transportation|transit|ADA|reentry,Public bus and light rail|Reduced fare programs|ADA paratransit|Trip planning|Regional transit passes,Maricopa,Maricopa,single
109,Community Legal Services — Mesa Office,legal-aid,Mesa / Maricopa County,"Community Legal Services Mesa office provides free civil legal aid to low-income east valley residents including housing, public benefits, and record relief matters for justice-involved clients in Maricopa County—not criminal defense.","La oficina Mesa de Community Legal Services brinda asistencia legal civil gratuita a residentes de bajos ingresos del valle este incluyendo vivienda, beneficios públicos y alivio de antecedentes.",714 West Southern Avenue,Mesa,1-800-852-9075,,https://www.clsaz.org,Low-income Maricopa County residents; LSC income limits; civil matters only.,Residentes de bajos ingresos del condado Maricopa; límites de ingresos LSC; solo asuntos civiles.,Apply at clsaz.org or call 1-800-852-9075; east valley satellite office.,Solicite en clsaz.org o llame al 1-800-852-9075.,Monday–Friday business hours,mesa|maricopa|legal-aid|low-income|reentry,Housing legal aid|Benefits advocacy|Record relief guidance|Eviction defense|Regional intake,Maricopa,Maricopa,single
110,Community Legal Services — West Valley Office,legal-aid,Glendale / Maricopa County,"The Community Legal Services West Valley office serves low-income residents of west Maricopa County with civil legal aid including eviction defense, public benefits appeals, and record relief guidance for returning citizens.",La oficina CLS del Valle del Oeste sirve a residentes de bajos ingresos del oeste del condado Maricopa con asistencia legal civil incluyendo defensa contra desalojo y apelaciones de beneficios públicos.,9201 W Thomas Road,Glendale,623-516-0213,,https://www.clsaz.org,Low-income west Maricopa County residents with civil legal problems; LSC income limits apply.,Residentes de bajos ingresos del oeste del condado Maricopa con problemas legales civiles.,Call 623-516-0213 or statewide 1-800-852-9075; apply at clsaz.org.,Llame al 623-516-0213 o estatal 1-800-852-9075.,Intake Monday–Friday,glendale|maricopa|legal-aid|low-income|reentry,Civil legal representation|Eviction defense|Benefits appeals|Set-aside guidance|Family law assistance,Maricopa,Maricopa,single
111,Community Legal Services — Yuma Office,legal-aid,Yuma / Yuma County,"The Community Legal Services Yuma office provides free civil legal aid to low-income Yuma County residents including agricultural workers and justice-involved clients with housing, benefits, and family law needs.",La oficina CLS de Yuma brinda asistencia legal civil gratuita a residentes de bajos ingresos del condado Yuma incluidos trabajadores agrícolas y clientes con antecedentes penales.,2650 W 8th Street,Yuma,928-782-0676,,https://www.clsaz.org,Low-income Yuma County residents with civil legal problems; LSC income limits apply.,Residentes de bajos ingresos del condado Yuma con problemas legales civiles.,Call 928-782-0676 or statewide 1-800-852-9075; bilingual intake available.,Llame al 928-782-0676 o estatal 1-800-852-9075; admisión bilingüe disponible.,Intake Monday–Friday,yuma|legal-aid|low-income|bilingual|reentry,Civil legal representation|Housing legal aid|Benefits advocacy|Family law|Bilingual services,Yuma,Yuma,single
112,Arizona Recovered Citizens United,peer-support,Phoenix / Maricopa County,"Arizona Recovered Citizens United organizes peer support, civic engagement, and reentry navigation for formerly incarcerated Arizonans in Maricopa County through mutual aid networks and partnerships with Arizona Transformation Project.","Arizona Recovered Citizens United organiza apoyo entre pares, participación cívica y navegación de reinserción para arizonenses anteriormente encarcelados en el condado Maricopa.",424 S 2nd Avenue,Phoenix,602-254-2220,,https://www.arizonarecoveredcitizens.org,Formerly incarcerated Arizonans and allies; peer-led organization.,Arizonenses anteriormente encarcelados y aliados; organización dirigida por pares.,Contact through arizonarecoveredcitizens.org; pairs with peer recovery centers.,Contacte a través de arizonarecoveredcitizens.org.,Meeting schedules vary,phoenix|maricopa|peer-support|advocacy|reentry|reentry-organizations,Peer support networks|Civic engagement|Reentry navigation|Mutual aid|Policy advocacy,Maricopa,Maricopa,single
113,Mohave County Peer Support Center,peer-support,Kingman / Mohave County,"Mohave County behavioral health peer support services connect justice-involved adults in rural Mohave County to certified peer specialists, recovery groups, and referrals to West Yavapai Guidance Clinic satellite and Kingman Regional Medical Center.",Los servicios de apoyo entre pares de salud conductual del condado Mohave conectan a adultos con antecedentes penales en el condado rural Mohave con especialistas certificados entre pares y grupos de recuperación.,1040 Kino Avenue,Kingman,928-753-0714,,https://www.mohavecounty.us,Mohave County adults in behavioral health recovery; AHCCCS peer services through RBHA.,Adultos del condado Mohave en recuperación de salud conductual; servicios entre pares AHCCCS a través de RBHA.,Coordinate through Mohave County DES behavioral health referral; call 928-753-0714.,Coordine a través de referencia de salud conductual DES del condado Mohave.,Monday–Friday business hours,kingman|mohave|peer-support|rural|recovery|reentry,Certified peer specialists|Recovery groups|Behavioral health navigation|Rural peer support|Treatment referrals,Mohave,Mohave,single
114,Coconino County Peer Support Services,peer-support,Flagstaff / Coconino County,Coconino County Health and Human Services peer support programs connect justice-involved adults in Flagstaff and rural northern Arizona to recovery coaching and North Country HealthCare behavioral health follow-up.,Los programas de apoyo entre pares de Salud y Servicios Humanos del condado Coconino conectan a adultos con antecedentes penales en Flagstaff y el norte rural de Arizona con coaching de recuperación.,2625 N King Street,Flagstaff,928-679-7272,,https://www.coconino.az.gov,Coconino County adults in behavioral health recovery; peer services through AHCCCS RBHA.,Adultos del condado Coconino en recuperación de salud conductual; servicios entre pares a través de RBHA AHCCCS.,Call 928-679-7272; pairs with North Country HealthCare and ARIZONA@WORK Flagstaff.,Llame al 928-679-7272; se vincula con North Country HealthCare.,Monday–Friday business hours,flagstaff|coconino|peer-support|rural|recovery|reentry,Peer recovery coaching|Behavioral health navigation|Rural support groups|Treatment referrals|Community wellness,Coconino,Coconino,single
115,Reentry Coalition of Pima County,reentry-organizations,Tucson / Pima County,"The Reentry Coalition of Pima County coordinates cross-agency reentry planning among corrections, behavioral health, workforce, and legal partners serving justice-involved adults returning to Tucson and eastern Pima County.","La Coalición de Reinserción del condado Pima coordina la planificación de reinserción entre agencias de correcciones, salud conductual, fuerza laboral y aliados legales que sirven a adultos con antecedentes penales que regresan a Tucson.",3830 E Bellevue Street,Tucson,520-323-1708,,https://www.ourfamilyservices.org,Justice-involved adults and reentry service providers in Pima County; coalition referrals through partner agencies.,Adultos con antecedentes penales y proveedores de servicios de reinserción en el condado Pima; referencias a través de agencias aliadas.,Contact through Our Family Services reentry navigation; coalition partner network.,Contacte a través de navegación de reinserción de Our Family Services.,Coalition meetings monthly,tucson|pima|reentry|coalition|coordination|reentry-organizations,Cross-agency coordination|Reentry navigation|Partner referrals|Systems planning|Community reentry network,Pima,Pima,single
116,Sunrise Community — Reentry Employment,employment,Tucson / Pima County,Sunrise Community provides employment services and day programs for adults with disabilities in Pima County including justice-involved individuals who qualify for vocational supports through DES and RSA referrals.,Sunrise Community ofrece servicios de empleo y programas diurnos para adultos con discapacidades en el condado Pima incluidas personas con antecedentes penales que califican para apoyos vocacionales.,300 N Commerce Park Loop,Tucson,520-795-0727,,https://www.sunrisecommunity.org,Adults with developmental or intellectual disabilities in Pima County; VR and DES referrals.,Adultos con discapacidades del desarrollo o intelectuales en el condado Pima; referencias VR y DES.,Call 520-795-0727; near Pima County One-Stop; coordinate with RSA counselor.,Llame al 520-795-0727; cerca del One-Stop del condado Pima.,Monday–Friday business hours,tucson|pima|employment|disability|vocational|reentry,Vocational day programs|Supported employment|Job coaching|DES coordination|RSA referrals,Pima,Pima,single
117,Yavapai County Veterans Service Office,veterans,Prescott / Yavapai County,"The Yavapai County Veterans Service Office provides VA benefits counseling and emergency assistance referrals for veterans in Prescott, Prescott Valley, and Verde Valley including justice-involved veterans.",La Oficina de Servicios para Veteranos del condado Yavapai ofrece consejería de beneficios VA y referencias de asistencia de emergencia para veteranos en Prescott y el Valle de Verde.,1015 Fair Street,Prescott,928-771-3280,,https://www.yavapaiaz.gov,Yavapai County veterans and eligible family members.,Veteranos del condado Yavapai y familiares elegibles.,Call 928-771-3280; Fair Street office; pairs with U.S. VETS Prescott.,Llame al 928-771-3280; oficina Fair Street.,Monday–Friday business hours,prescott|yavapai|veterans|CVSO|VA-benefits|reentry,VA benefits counseling|Disability claims|Emergency assistance referrals|Education benefits|Employment preference guidance,Yavapai,Yavapai,single
118,Mohave County Veterans Service Office,veterans,Kingman / Mohave County,"The Mohave County Veterans Service Office helps veterans in Kingman, Lake Havasu City, and Colorado City access VA disability claims, pension assistance, and referrals to rural veteran housing partners.","La Oficina de Servicios para Veteranos del condado Mohave ayuda a veteranos en Kingman, Lake Havasu City y Colorado City a acceder a reclamos de discapacidad VA y asistencia de pensión.",1040 Kino Avenue,Kingman,928-753-0723,,https://www.mohavecounty.us,Mohave County veterans and eligible family members.,Veteranos del condado Mohave y familiares elegibles.,Call 928-753-0723; co-located with DES; rural veteran outreach available.,Llame al 928-753-0723; ubicado junto a DES.,Monday–Friday business hours,kingman|mohave|veterans|CVSO|VA-benefits|rural|reentry,VA disability claims|Pension assistance|Rural veteran outreach|Benefits appeals|Housing referrals,Mohave,Mohave,single
119,Sun Tran — Tucson Paratransit,transportation,Tucson / Pima County,"Sun Tran and Sun Van paratransit provide public bus service and ADA complementary paratransit for eligible Pima County riders including justice-involved adults traveling to probation, CODAC, and Pima County One-Stop appointments.",Sun Tran y paratransporte Sun Van ofrecen servicio de autobús público y paratransporte ADA complementario para pasajeros elegibles del condado Pima incluidos adultos con antecedentes penales que viajan a citas de probatoria y CODAC.,3920 N Sun Tran Boulevard,Tucson,520-792-9222,,https://www.suntran.com,Pima County transit riders; Sun Van requires ADA eligibility certification.,Pasajeros de tránsito del condado Pima; Sun Van requiere certificación de elegibilidad ADA.,Call 520-792-9222; apply for Sun Van at suntran.com; reduced fares available.,Llame al 520-792-9222; solicite Sun Van en suntran.com.,Customer service Monday–Friday,tucson|pima|transportation|transit|ADA|reentry,Public bus service|ADA paratransit|Reduced fares|Trip planning|Regional transit,Pima,Pima,single
120,Arizona Center for Disability Law,legal-aid,Phoenix / Maricopa County,"The Arizona Center for Disability Law provides free advocacy for Arizonans with disabilities including justice-involved individuals facing discrimination in employment, housing, and benefits access under the ADA and Arizona law.","El Centro de Ley de Discapacidad de Arizona ofrece defensa gratuita para arizonenses con discapacidades incluidas personas con antecedentes penales que enfrentan discriminación en empleo, vivienda y acceso a beneficios.",5025 E Washington Street,Phoenix,602-274-6287,,https://www.acdl.com,Arizonans with disabilities facing civil rights or benefits access issues; includes reentry-related ADA claims.,Arizonenses con discapacidades que enfrentan problemas de derechos civiles o acceso a beneficios.,Call 602-274-6287; intake for disability rights issues; not general criminal defense.,Llame al 602-274-6287; admisión para asuntos de derechos de discapacidad.,Intake Monday–Friday,phoenix|maricopa|legal-aid|disability|ADA|reentry,Disability rights advocacy|ADA employment claims|Housing discrimination|Benefits access appeals|Systems advocacy,Maricopa,,statewide
121,Florence Project — Immigrant Legal Services,legal-aid,Florence / Pinal County,"The Florence Project provides free legal services to detained and formerly detained immigrants in Arizona including justice-involved non-citizens facing deportation proceedings, with offices in Florence and Phoenix.",El Florence Project brinda servicios legales gratuitos a inmigrantes detenidos y anteriormente detenidos en Arizona incluidos no ciudadanos con antecedentes penales que enfrentan procedimientos de deportación.,325 W 2nd Street,Florence,520-868-0191,,https://www.florenceproject.org,Detained and formerly detained immigrants in Arizona; immigration legal services only.,Inmigrantes detenidos y anteriormente detenidos en Arizona; solo servicios legales de inmigración.,Call 520-868-0191; detention visitation and legal orientation; Phoenix office for released clients.,Llame al 520-868-0191; orientación legal y visitas a detención.,Office Monday–Friday,florence|pinal|legal-aid|immigration|detention|reentry,Immigration legal representation|Detention visitation|Know Your Rights orientation|Bond hearings|Post-release immigration support,Pinal,Pinal|Maricopa|Pima|Cochise|Santa Cruz,multi
122,Central Arizona College — Adult Education,education,Coolidge / Pinal County,Central Arizona College Adult Education offers free GED and High School Equivalency preparation for Pinal County adults including justice-involved residents at Coolidge and Aravaipa campuses.,Central Arizona College Educación para Adultos ofrece preparación GED y equivalencia de secundaria gratuita para adultos del condado Pinal incluidos residentes con antecedentes penales.,8470 N Overfield Road,Coolidge,520-494-5444,,https://www.centralaz.edu,Pinal County adults age 16+; free HSE classes.,Adultos del condado Pinal de 16+ años; clases HSE gratuitas.,Call 520-494-5444; Coolidge main campus; pairs with ARIZONA@WORK Pinal.,Llame al 520-494-5444; campus principal Coolidge.,Class schedules vary,coolidge|pinal|education|GED|reentry,GED preparation|High School Equivalency|Adult education|College transition|Workforce referrals,Pinal,Pinal,single
123,Arizona at Work — White Mountains,employment,Show Low / Apache County,"Arizona at Work White Mountains connects job seekers in Apache and Navajo counties—including justice-involved adults from ADCRR release and county jail—to resume coaching, WIOA training referrals, and fair-chance employer navigation through the statewide ARIZONA@WORK network. Staff link returning citizens to North Country HealthCare, DES benefits, and local reentry partners in the White Mountains region. Free core career services—not emergency cash or housing placement.","Arizona at Work White Mountains conecta buscadores de empleo en los condados Apache y Navajo—incluidos adultos con antecedentes penales liberados de ADCRR y cárceles del condado—con coaching de currículum, referencias de capacitación WIOA y navegación de empleo de segunda oportunidad. Servicios básicos de carrera gratuitos.",1500 S. White Mountain Road,Show Low,928-537-4333,,https://arizonaatwork.com,Open to Apache County job seekers including justice-involved individuals; core ARIZONA@WORK services are free.,Abierto a buscadores de empleo del condado Apache incluidas personas con antecedentes penales; servicios básicos gratuitos.,Register at arizonaatwork.com; call 928-537-4333; pairs with Apache County DES and North Country HealthCare Show Low.,Regístrese en arizonaatwork.com; llame al 928-537-4333; se vincula con DES del condado Apache y North Country HealthCare Show Low.,Monday–Friday business hours; call ahead in rural counties,apache|show-low|employment|arizona-at-work|WIOA|reentry|fair-chance,Job search assistance|Resume preparation|WIOA training referrals|Fair-chance employment|Career coaching,Apache,Apache,single
124,North Country HealthCare — Show Low,healthcare,Show Low / Apache County,"North Country HealthCare's Show Low clinic provides Federally Qualified Health Center primary care, behavioral health, dental services, and sliding-fee care for uninsured and Medicaid patients in Apache County including returning citizens establishing a medical home after release from ADCRR custody or county jail. FQHC services coordinate with DES Medicaid enrollment and Arizona at Work employment partners.","La clínica Show Low de North Country HealthCare ofrece atención primaria FQHC, salud conductual, servicios dentales y atención con tarifa móvil para pacientes sin seguro y Medicaid en el condado Apache incluidos ciudadanos que regresan que establecen un hogar médico después de la liberación.",5171 Cub Lake Road,Show Low,928-532-6069,,https://northcountryhealthcare.org,Apache County residents of all ages; sliding scale with proof of income; AHCCCS Medicaid and Medicare accepted.,Residentes del condado Apache de todas las edades; escala móvil con prueba de ingresos; se aceptan Medicaid AHCCCS y Medicare.,Call 928-532-6069 for appointments; multiple northern Arizona locations; same-day sick visits at select sites.,Llame al 928-532-6069 para citas; múltiples ubicaciones del norte de Arizona.,Monday–Friday clinic hours; varies by location,apache|show-low|healthcare|FQHC|primary-care|reentry,Primary care|Behavioral health|Dental care|Sliding-fee services|Pharmacy assistance,Apache,Apache|Navajo,multi
125,Arizona at Work — Cochise County,employment,Sierra Vista / Cochise County,"Arizona at Work Cochise County connects job seekers including justice-involved adults from ADCRR release and Cochise County Detention Center to resume coaching, WIOA training referrals, and fair-chance employment navigation in Sierra Vista and Bisbee. Staff coordinate with Chiricahua Community Health Centers, DES benefits, and southeastern Arizona reentry partners. Free core career services—not emergency housing.","Arizona at Work del condado Cochise conecta buscadores de empleo incluidos adultos con antecedentes penales con coaching de currículum, referencias WIOA y navegación de empleo de segunda oportunidad en Sierra Vista y Bisbee.",3401 E. Nebraska Street,Sierra Vista,520-458-9308,,https://arizonaatwork.com,Open to Cochise County job seekers including justice-involved individuals; core services free.,Abierto a buscadores de empleo del condado Cochise incluidas personas con antecedentes penales; servicios básicos gratuitos.,Register at arizonaatwork.com; call 520-458-9308; pairs with Cochise County DES and Chiricahua Community Health Centers.,Regístrese en arizonaatwork.com; llame al 520-458-9308; se vincula con DES del condado Cochise.,Monday–Friday business hours,cochise|sierra-vista|employment|arizona-at-work|WIOA|reentry,Job search assistance|Resume coaching|WIOA referrals|Fair-chance employment|Career workshops,Cochise,Cochise,single
126,Chiricahua Community Health Centers,healthcare,Douglas / Cochise County,"Chiricahua Community Health Centers operate Federally Qualified Health Center clinics across Cochise County providing primary care, behavioral health, dental services, and sliding-fee care for uninsured and AHCCCS Medicaid patients including justice-involved adults reestablishing healthcare after release from Cochise County Detention Center or ADCRR custody.","Chiricahua Community Health Centers opera clínicas FQHC en el condado Cochise que ofrecen atención primaria, salud conductual, servicios dentales y atención con tarifa móvil para pacientes sin seguro y Medicaid AHCCCS incluidos adultos con antecedentes penales.",10566 N. Highway 191,Douglas,520-364-3287,,https://chiricahuacommunityhealth.org,Cochise County residents of all ages; sliding scale with proof of income; AHCCCS Medicaid accepted.,Residentes del condado Cochise de todas las edades; escala móvil con prueba de ingresos; se acepta Medicaid AHCCCS.,"Call 520-364-3287 for nearest clinic; locations in Douglas, Bisbee, Sierra Vista, and Willcox.","Llame al 520-364-3287 para la clínica más cercana; ubicaciones en Douglas, Bisbee, Sierra Vista y Willcox.",Monday–Friday clinic hours; varies by location,cochise|douglas|healthcare|FQHC|primary-care|reentry,Primary care|Behavioral health|Dental care|Sliding-fee services|Pharmacy assistance,Cochise,Cochise,single
127,Cochise County Adult Probation,probation-parole,Bisbee / Cochise County,"Cochise County Adult Probation supervises probationers in southeastern Arizona, connecting justice-involved adults to local Arizona at Work centers, Chiricahua Community Health Centers, and DES benefits partners as conditions of community supervision. Assigned probation officers handle compliance reporting and referrals—not emergency housing or SNAP intake.","Probatoria para Adultos del condado Cochise supervisa a personas en probatoria en el sureste de Arizona, conectando adultos con antecedentes penales con centros Arizona at Work locales y aliados de salud. Los oficiales de probatoria asignados manejan reportes de cumplimiento y referencias.",100 Quality Hill Road,Bisbee,520-432-8600,,https://www.cochise.az.gov/probation,Adults under Cochise County probation supervision; report to assigned officer.,Adultos bajo supervisión probatoria del condado Cochise; reporte al oficial asignado.,Call 520-432-8600 for office location; ask your officer about Arizona at Work and healthcare referrals.,Llame al 520-432-8600; pregunte a su oficial sobre referencias de empleo y salud.,Monday–Friday business hours,cochise|bisbee|probation-parole|community-supervision|reentry,Probation supervision|Community reporting|Treatment referrals|Employment partner coordination|Reentry navigation,Cochise,Cochise,single
128,Arizona at Work — Graham County,employment,Safford / Graham County,"Arizona at Work Graham County connects job seekers including justice-involved adults from ADCRR release and Graham County Jail to resume coaching, WIOA training referrals, and fair-chance employment navigation in Safford and the Gila Valley. Staff link returning citizens to Southeast Arizona Behavioral Health Services, DES benefits, and rural reentry partners.",Arizona at Work del condado Graham conecta buscadores de empleo incluidos adultos con antecedentes penales con coaching de currículum y referencias WIOA en Safford y el valle de Gila.,817 W. 8th Street,Safford,928-428-6333,,https://arizonaatwork.com,Open to Graham County job seekers including justice-involved individuals; core services free.,Abierto a buscadores de empleo del condado Graham incluidas personas con antecedentes penales.,Register at arizonaatwork.com; call 928-428-6333; pairs with Graham County DES.,Regístrese en arizonaatwork.com; llame al 928-428-6333.,Monday–Friday business hours,graham|safford|employment|arizona-at-work|WIOA|reentry,Job search assistance|Resume coaching|WIOA referrals|Fair-chance employment|Career workshops,Graham,Graham,single
129,Southeast Arizona Behavioral Health Services (SEABHS),substance-use-treatment,Safford / Graham County,"Southeast Arizona Behavioral Health Services provides outpatient mental health and substance use treatment, crisis intervention, and case management for Graham and Greenlee county residents including justice-involved adults referred by probation and drug courts. SEABHS accepts AHCCCS Medicaid and offers sliding-fee care for uninsured clients reestablishing treatment after release.","Southeast Arizona Behavioral Health Services ofrece tratamiento ambulatorio de salud mental y uso de sustancias, intervención en crisis y manejo de casos para residentes de los condados Graham y Greenlee incluidos adultos con antecedentes penales referidos por probatoria y tribunales de drogas.",611 S. 11th Avenue,Safford,928-348-4400,,https://www.seabhs.org,Graham and Greenlee county residents seeking mental health or substance use services; AHCCCS Medicaid and sliding-fee accepted.,Residentes de los condados Graham y Greenlee que buscan servicios de salud mental o uso de sustancias; se aceptan Medicaid AHCCCS y tarifa móvil.,Call 928-348-4400 for intake; crisis line available; pairs with Graham County probation.,Llame al 928-348-4400 para admisión; línea de crisis disponible.,Monday–Friday clinic hours; crisis services vary,graham|safford|substance-use-treatment|mental-health|SEABHS|reentry,Outpatient mental health|Substance use treatment|Crisis intervention|Case management|Probation referrals,Graham,Graham|Greenlee,multi
130,Arizona at Work — Greenlee County,employment,Clifton / Greenlee County,"Arizona at Work Greenlee County connects job seekers in Arizona's smallest county—including justice-involved adults from ADCRR release—to resume coaching, WIOA training referrals, and fair-chance employment navigation in Clifton and Morenci. Staff coordinate with SEABHS, DES benefits, and southeastern Arizona workforce partners.",Arizona at Work del condado Greenlee conecta buscadores de empleo en el condado más pequeño de Arizona—incluidos adultos con antecedentes penales—con coaching de currículum y referencias WIOA en Clifton y Morenci.,615 N. Coronado Boulevard,Clifton,928-865-4700,,https://arizonaatwork.com,Open to Greenlee County job seekers including justice-involved individuals; core services free.,Abierto a buscadores de empleo del condado Greenlee incluidas personas con antecedentes penales.,Register at arizonaatwork.com; call 928-865-4700; pairs with Greenlee County DES and SEABHS Safford.,Regístrese en arizonaatwork.com; llame al 928-865-4700.,Monday–Friday business hours; call ahead,greenlee|clifton|employment|arizona-at-work|WIOA|reentry,Job search assistance|Resume coaching|WIOA referrals|Fair-chance employment|Career coaching,Greenlee,Greenlee,single
131,Greenlee County Community Food Bank,food-nutrition,Clifton / Greenlee County,"Greenlee County Community Food Bank distributes emergency food boxes and partners with St. Mary's Food Bank Alliance to serve food-insecure residents in Clifton, Duncan, and Morenci including returning citizens reestablishing food security after release from ADCRR custody or county jail. Pantry services require referral or income screening—not a walk-in benefits office.","Greenlee County Community Food Bank distribuye cajas de alimentos de emergencia y se asocia con St. Mary's Food Bank Alliance para servir a residentes con inseguridad alimentaria en Clifton, Duncan y Morenci incluidos ciudadanos que regresan.",506 Coronado Boulevard,Clifton,928-865-4505,,https://www.greenlee.az.gov,Food-insecure Greenlee County residents; income screening may apply; justice-involved clients welcome.,Residentes del condado Greenlee con inseguridad alimentaria; puede aplicar evaluación de ingresos; clientes con antecedentes penales bienvenidos.,Call 928-865-4505 for distribution schedule; pairs with DES Greenlee and Arizona at Work Clifton.,Llame al 928-865-4505 para horario de distribución.,Distribution hours vary; call ahead,greenlee|clifton|food-nutrition|food-bank|basic-needs|reentry,Emergency food boxes|Food pantry distribution|St. Mary's Food Bank partnership|Referral navigation,Greenlee,Greenlee,single
132,Arizona at Work — La Paz County,employment,Parker / La Paz County,"Arizona at Work La Paz County connects job seekers including justice-involved adults from ADCRR release and La Paz County Jail to resume coaching, WIOA training referrals, and fair-chance employment navigation in Parker and Quartzsite along the Colorado River. Staff coordinate with La Paz Regional Hospital, DES benefits, and western Arizona reentry partners.",Arizona at Work del condado La Paz conecta buscadores de empleo incluidos adultos con antecedentes penales con coaching de currículum y referencias WIOA en Parker y Quartzsite a lo largo del río Colorado.,1200 S. California Avenue,Parker,928-669-9810,,https://arizonaatwork.com,Open to La Paz County job seekers including justice-involved individuals; core services free.,Abierto a buscadores de empleo del condado La Paz incluidas personas con antecedentes penales.,Register at arizonaatwork.com; call 928-669-9810; pairs with La Paz County DES.,Regístrese en arizonaatwork.com; llame al 928-669-9810.,Monday–Friday business hours,la-paz|parker|employment|arizona-at-work|WIOA|reentry,Job search assistance|Resume coaching|WIOA referrals|Fair-chance employment|Career workshops,La Paz,La Paz,single
133,La Paz Regional Hospital,healthcare,Parker / La Paz County,"La Paz Regional Hospital provides primary care, emergency services, and community health outreach for La Paz County residents including uninsured and AHCCCS Medicaid patients such as returning citizens establishing local medical care after release from ADCRR custody or county jail. Direct clinical services—not a walk-in benefits or probation office.","La Paz Regional Hospital brinda atención primaria, servicios de emergencia y alcance de salud comunitaria para residentes del condado La Paz incluidos pacientes sin seguro y Medicaid AHCCCS como ciudadanos que regresan.",1200 W. Mohave Road,Parker,928-669-9201,,https://www.lapazhospital.org,Open to La Paz County residents; AHCCCS Medicaid and sliding-fee patients welcome including justice-involved adults.,Abierto a residentes del condado La Paz; pacientes Medicaid AHCCCS y tarifa móvil bienvenidos.,Call 928-669-9201 for appointments; emergency department 24/7; pairs with Arizona at Work Parker.,Llame al 928-669-9201 para citas; departamento de emergencias 24/7.,Emergency 24/7; clinic hours vary,la-paz|parker|healthcare|rural|reentry,Primary care|Emergency services|Community health outreach|Sliding-fee care|Specialist referrals,La Paz,La Paz,single
134,Arizona at Work — Navajo County,employment,Holbrook / Navajo County,"Arizona at Work Navajo County connects job seekers including justice-involved adults from ADCRR release and Navajo County Jail to resume coaching, WIOA training referrals, and fair-chance employment navigation in Holbrook, Show Low, and Winslow. Staff link returning citizens to North Country HealthCare, DES benefits, and northeastern Arizona reentry partners.","Arizona at Work del condado Navajo conecta buscadores de empleo incluidos adultos con antecedentes penales con coaching de currículum y referencias WIOA en Holbrook, Show Low y Winslow.",103 W. Hopi Drive,Holbrook,928-524-4770,,https://arizonaatwork.com,Open to Navajo County job seekers including justice-involved individuals; core services free.,Abierto a buscadores de empleo del condado Navajo incluidas personas con antecedentes penales.,Register at arizonaatwork.com; call 928-524-4770; pairs with Navajo County DES.,Regístrese en arizonaatwork.com; llame al 928-524-4770.,Monday–Friday business hours,navajo|holbrook|employment|arizona-at-work|WIOA|reentry,Job search assistance|Resume coaching|WIOA referrals|Fair-chance employment|Career workshops,Navajo,Navajo,single
135,Navajo County Adult Probation,probation-parole,Holbrook / Navajo County,"Navajo County Adult Probation supervises probationers across northeastern Arizona, connecting justice-involved adults to Arizona at Work centers, North Country HealthCare, and DES benefits partners as conditions of community supervision. Assigned officers handle compliance reporting and referrals—not emergency housing or SNAP intake.","Probatoria para Adultos del condado Navajo supervisa a personas en probatoria en el noreste de Arizona, conectando adultos con antecedentes penales con centros Arizona at Work y aliados de salud.",100 E. Code Talkers Drive,Holbrook,928-524-4000,,https://www.navajocountyaz.gov/Probation,Adults under Navajo County probation supervision; report to assigned officer.,Adultos bajo supervisión probatoria del condado Navajo; reporte al oficial asignado.,Call 928-524-4000 for office information; ask your officer about workforce and healthcare referrals.,Llame al 928-524-4000; pregunte a su oficial sobre referencias laborales y de salud.,Monday–Friday business hours,navajo|holbrook|probation-parole|community-supervision|reentry,Probation supervision|Community reporting|Treatment referrals|Employment partner coordination|Reentry navigation,Navajo,Navajo,single
136,Arizona at Work — Santa Cruz County,employment,Nogales / Santa Cruz County,"Arizona at Work Santa Cruz County connects job seekers including justice-involved adults from ADCRR release and Santa Cruz County Jail to resume coaching, WIOA training referrals, and fair-chance employment navigation in Nogales and Rio Rico along the U.S.–Mexico border. Bilingual staff coordinate with Mariposa Community Health Center, DES benefits, and border-region reentry partners.",Arizona at Work del condado Santa Cruz conecta buscadores de empleo incluidos adultos con antecedentes penales con coaching de currículum y referencias WIOA en Nogales y Rio Rico en la frontera. Personal bilingüe coordina con Mariposa Community Health Center y beneficios DES.,856 N. Morley Avenue,Nogales,520-287-4646,,https://arizonaatwork.com,Open to Santa Cruz County job seekers including justice-involved individuals; core services free.,Abierto a buscadores de empleo del condado Santa Cruz incluidas personas con antecedentes penales.,Register at arizonaatwork.com; call 520-287-4646; bilingual services available.,Regístrese en arizonaatwork.com; llame al 520-287-4646; servicios bilingües disponibles.,Monday–Friday business hours,santa-cruz|nogales|employment|arizona-at-work|WIOA|reentry|bilingual,Job search assistance|Resume coaching|WIOA referrals|Fair-chance employment|Bilingual career services,Santa Cruz,Santa Cruz,single
137,Mariposa Community Health Center — Nogales,healthcare,Nogales / Santa Cruz County,"Mariposa Community Health Center operates Federally Qualified Health Center clinics in Nogales and Rio Rico providing primary care, behavioral health, dental services, and sliding-fee care for uninsured and AHCCCS Medicaid patients including justice-involved adults reestablishing healthcare after release from Santa Cruz County Jail or ADCRR custody. Bilingual staff serve border-region families.","Mariposa Community Health Center opera clínicas FQHC en Nogales y Rio Rico que ofrecen atención primaria, salud conductual, servicios dentales y atención con tarifa móvil para pacientes sin seguro y Medicaid AHCCCS incluidos adultos con antecedentes penales. Personal bilingüe sirve a familias de la región fronteriza.",1852 N. Mastick Way,Nogales,520-281-1555,,https://www.mariposachc.net,Santa Cruz County residents of all ages; sliding scale with proof of income; AHCCCS Medicaid accepted.,Residentes del condado Santa Cruz de todas las edades; escala móvil con prueba de ingresos; se acepta Medicaid AHCCCS.,Call 520-281-1555 for appointments; multiple Nogales-area locations; bilingual services.,Llame al 520-281-1555 para citas; múltiples ubicaciones en el área de Nogales; servicios bilingües.,Monday–Friday clinic hours; varies by location,santa-cruz|nogales|healthcare|FQHC|primary-care|reentry|bilingual,Primary care|Behavioral health|Dental care|Sliding-fee services|Bilingual patient navigation,Santa Cruz,Santa Cruz,single
138,Arizona at Work — Gila County,employment,Globe / Gila County,"Arizona at Work Gila County connects job seekers including justice-involved adults from ADCRR release and Gila County Jail to resume coaching, WIOA training referrals, and fair-chance employment navigation in Globe, Payson, and the Tonto Basin region. Staff coordinate with Cobre Valley Regional Medical Center, DES benefits, and central Arizona reentry partners.","Arizona at Work del condado Gila conecta buscadores de empleo incluidos adultos con antecedentes penales con coaching de currículum y referencias WIOA en Globe, Payson y la región de Tonto Basin.",605 S. Central Avenue,Globe,928-425-7632,,https://arizonaatwork.com,Open to Gila County job seekers including justice-involved individuals; core services free.,Abierto a buscadores de empleo del condado Gila incluidas personas con antecedentes penales.,Register at arizonaatwork.com; call 928-425-7632; pairs with Gila County DES.,Regístrese en arizonaatwork.com; llame al 928-425-7632.,Monday–Friday business hours,gila|globe|employment|arizona-at-work|WIOA|reentry,Job search assistance|Resume coaching|WIOA referrals|Fair-chance employment|Career workshops,Gila,Gila,single
139,Cobre Valley Regional Medical Center,healthcare,Globe / Gila County,"Cobre Valley Regional Medical Center provides primary care, emergency services, and community health outreach for Gila County residents including uninsured and AHCCCS Medicaid patients such as returning citizens establishing local medical care after release from Gila County Jail or ADCRR custody. Direct clinical services—not a walk-in benefits office.","Cobre Valley Regional Medical Center brinda atención primaria, servicios de emergencia y alcance de salud comunitaria para residentes del condado Gila incluidos pacientes sin seguro y Medicaid AHCCCS como ciudadanos que regresan.",5880 S. Hospital Drive,Globe,928-402-1122,,https://www.cobrevvalley.org,Open to Gila County residents; AHCCCS Medicaid and sliding-fee patients welcome including justice-involved adults.,Abierto a residentes del condado Gila; pacientes Medicaid AHCCCS y tarifa móvil bienvenidos.,Call 928-402-1122 for appointments; emergency department 24/7; pairs with Arizona at Work Globe.,Llame al 928-402-1122 para citas; departamento de emergencias 24/7.,Emergency 24/7; clinic hours vary,gila|globe|healthcare|rural|reentry,Primary care|Emergency services|Community health outreach|Sliding-fee care|Specialist referrals,Gila,Gila,single
140,Arizona at Work — Pinal County,employment,Casa Grande / Pinal County,"Arizona at Work Pinal County connects job seekers including justice-involved adults from ADCRR release and Pinal County Jail to resume coaching, WIOA training referrals, and fair-chance employment navigation in Casa Grande, Florence, and Apache Junction. Staff coordinate with Desert Senita Community Health Center, DES benefits, and central Arizona reentry partners.","Arizona at Work del condado Pinal conecta buscadores de empleo incluidos adultos con antecedentes penales con coaching de currículum y referencias WIOA en Casa Grande, Florence y Apache Junction.",820 E. Cottonwood Lane,Casa Grande,520-836-4627,,https://arizonaatwork.com,Open to Pinal County job seekers including justice-involved individuals; core services free.,Abierto a buscadores de empleo del condado Pinal incluidas personas con antecedentes penales.,Register at arizonaatwork.com; call 520-836-4627; pairs with Pinal County DES.,Regístrese en arizonaatwork.com; llame al 520-836-4627.,Monday–Friday business hours,pinal|casa-grande|employment|arizona-at-work|WIOA|reentry,Job search assistance|Resume coaching|WIOA referrals|Fair-chance employment|Career workshops,Pinal,Pinal,single
141,Desert Senita Community Health Center,healthcare,Ajo / Pinal County,"Desert Senita Community Health Center operates Federally Qualified Health Center clinics across western Pinal County providing primary care, behavioral health, dental services, and sliding-fee care for uninsured and AHCCCS Medicaid patients including justice-involved adults in Ajo, Casa Grande, and Maricopa. FQHC services support returning citizens establishing healthcare after release.","Desert Senita Community Health Center opera clínicas FQHC en el oeste del condado Pinal que ofrecen atención primaria, salud conductual, servicios dentales y atención con tarifa móvil para pacientes sin seguro y Medicaid AHCCCS incluidos adultos con antecedentes penales en Ajo, Casa Grande y Maricopa.",1051 W. Ajo Way,Ajo,520-387-5651,,https://www.dschc.org,Pinal County residents of all ages; sliding scale with proof of income; AHCCCS Medicaid accepted.,Residentes del condado Pinal de todas las edades; escala móvil con prueba de ingresos; se acepta Medicaid AHCCCS.,"Call 520-387-5651 for nearest clinic; locations in Ajo, Casa Grande, and Maricopa.","Llame al 520-387-5651 para la clínica más cercana; ubicaciones en Ajo, Casa Grande y Maricopa.",Monday–Friday clinic hours; varies by location,pinal|ajo|healthcare|FQHC|primary-care|reentry,Primary care|Behavioral health|Dental care|Sliding-fee services|Pharmacy assistance,Pinal,Pinal,single
142,Pinal County Adult Probation,probation-parole,Florence / Pinal County,"Pinal County Adult Probation supervises probationers across central Arizona including communities near ADCRR facilities in Florence and Eyman, connecting justice-involved adults to Arizona at Work centers, Desert Senita Community Health Center, and DES benefits partners. Assigned officers handle compliance reporting—not emergency housing or SNAP intake.","Probatoria para Adultos del condado Pinal supervisa a personas en probatoria en el centro de Arizona incluidas comunidades cerca de instalaciones de ADCRR en Florence y Eyman, conectando adultos con antecedentes penales con centros Arizona at Work y aliados de salud.",971 N. Jason Lopez Circle,Florence,520-866-5300,,https://www.pinalcountyaz.gov/AdultProbation,Adults under Pinal County probation supervision; report to assigned officer.,Adultos bajo supervisión probatoria del condado Pinal; reporte al oficial asignado.,Call 520-866-5300 for office information; ask your officer about workforce and healthcare referrals.,Llame al 520-866-5300; pregunte a su oficial sobre referencias laborales y de salud.,Monday–Friday business hours,pinal|florence|probation-parole|community-supervision|reentry,Probation supervision|Community reporting|Treatment referrals|Employment partner coordination|Reentry navigation,Pinal,Pinal,single
143,Rehoboth — Transitional & Affordable Housing,housing,Phoenix / Maricopa County,Rehoboth Community Development Corporation operates transitional and affordable rental housing programs for low-income Maricopa County households including returning citizens rebuilding stable tenancy after incarceration. Property management and supportive services connect residents to St. Joseph the Worker and Community Legal Services for employment and tenant-rights support.,Rehoboth Community Development Corporation opera programas de vivienda de alquiler transicional y asequible para hogares de bajos ingresos del condado Maricopa incluidos ciudadanos que regresan que reconstruyen arrendamiento estable después de la encarcelación.,3102 North 35th Avenue,Phoenix,602-258-7366,,https://www.rehobothcdc.org,Low-income Maricopa County households; justice-involved applicants may qualify for transitional units per screening.,Hogares de bajos ingresos del condado Maricopa; solicitantes con antecedentes penales pueden calificar para unidades transicionales según evaluación.,Call 602-258-7366 for availability; not an emergency shelter.,Llame al 602-258-7366 para disponibilidad; no es refugio de emergencia.,Monday–Friday business hours,phoenix|maricopa|housing|affordable|transitional|reentry,Affordable rental housing|Transitional housing|Tenant support|Employment referrals|Housing stabilization,Maricopa,Maricopa,single
144,Family Promise of Greater Phoenix,housing,Phoenix / Maricopa County,"Family Promise of Greater Phoenix provides emergency shelter, case management, and rehousing for homeless families in Maricopa County including parents returning from incarceration seeking reunification with children. Congregation-based shelter network connects families to DES benefits, ARIZONA@WORK, and permanent housing partners.","Family Promise of Greater Phoenix ofrece refugio de emergencia, manejo de casos y realojamiento para familias sin hogar en el condado Maricopa incluidos padres que regresan de la encarcelación que buscan reunificación con sus hijos.",7227 North 16th Street,Phoenix,602-263-8856,,https://familypromisegp.org,Homeless families with children in Maricopa County; justice-involved parents welcome per intake.,Familias sin hogar con niños en el condado Maricopa; padres con antecedentes penales bienvenidos según admisión.,Call 602-263-8856 for intake; host congregation network across metro Phoenix.,Llame al 602-263-8856 para admisión; red de congregaciones anfitrionas en el área metropolitana de Phoenix.,Contact for intake hours,phoenix|maricopa|housing|families|shelter|reentry,Emergency family shelter|Case management|Rehousing assistance|Benefits navigation|Employment referrals,Maricopa,Maricopa,single
145,Sojourner Center — Emergency Family Shelter,housing,Phoenix / Maricopa County,"Sojourner Center operates one of Arizona's largest domestic violence emergency shelters and transitional housing programs for women and children fleeing abuse in Maricopa County, including justice-involved survivors returning from custody. Advocates connect residents to legal aid, DES benefits, and behavioral health treatment. DV-focused shelter—not a general men's homeless program.","Sojourner Center opera uno de los mayores refugios de emergencia por violencia doméstica y programas de vivienda transicional para mujeres y niños que huyen del abuso en el condado Maricopa, incluidas sobrevivientes con antecedentes penales que regresan de la custodia.",4101 East Cotton Lane,Phoenix,602-244-0089,,https://sojournercenter.org,Women and children fleeing domestic violence in Maricopa County; justice-involved survivors eligible per safety assessment.,Mujeres y niños que huyen de violencia doméstica en el condado Maricopa; sobrevivientes con antecedentes penales elegibles según evaluación de seguridad.,24/7 crisis line 602-244-0089; confidential intake; pairs with Community Legal Services.,Línea de crisis 24/7 602-244-0089; admisión confidencial; se vincula con Community Legal Services.,Crisis line 24/7; shelter intake around the clock,phoenix|maricopa|housing|domestic-violence|shelter|reentry,Emergency DV shelter|Transitional housing|Safety planning|Legal advocacy referrals|Benefits navigation,Maricopa,Maricopa,single
146,Halle Women's Center — Transitional Housing,housing,Tucson / Pima County,"Halle Women's Center provides transitional housing and supportive services for homeless women in Pima County including justice-involved women released from Arizona State Prison Complex Tucson or Pima County Jail. Case managers coordinate CODAC treatment, Primavera employment programs, and DES benefits enrollment.",Halle Women's Center ofrece vivienda transicional y servicios de apoyo para mujeres sin hogar en el condado Pima incluidas mujeres con antecedentes penales liberadas de la prisión estatal de Tucson o la cárcel del condado Pima.,2800 East 18th Street,Tucson,520-622-6696,,https://www.hallewomen.org,Homeless women in Pima County; justice-involved women welcome per program screening.,Mujeres sin hogar en el condado Pima; mujeres con antecedentes penales bienvenidas según evaluación del programa.,Call 520-622-6696 for intake; pairs with Primavera and Our Family Services.,Llame al 520-622-6696 para admisión; se vincula con Primavera y Our Family Services.,Contact for intake hours,tucson|pima|housing|women|transitional|reentry,Transitional housing|Case management|Employment support|Treatment referrals|Benefits navigation,Pima,Pima,single
147,Yavapai Casa for Kids — Housing & Family Support,housing,Prescott / Yavapai County,"Yavapai Casa for Kids provides housing navigation, kinship caregiver support, and family stabilization services for vulnerable households in Yavapai County including justice-involved parents working toward reunification after CPS or criminal justice involvement. Advocates connect families to West Yavapai Guidance Clinic and ARIZONA@WORK Prescott.","Yavapai Casa for Kids ofrece navegación de vivienda, apoyo a cuidadores de parentesco y servicios de estabilización familiar para hogares vulnerables en el condado Yavapai incluidos padres con antecedentes penales que trabajan hacia la reunificación.",851 South McCormick Street,Prescott,928-445-0800,,https://www.yavapaicasaforkids.org,Yavapai County families with child-welfare or housing instability; justice-involved parents may qualify for kinship and stabilization support.,Familias del condado Yavapai con inestabilidad de bienestar infantil o vivienda; padres con antecedentes penales pueden calificar para apoyo de parentesco y estabilización.,Call 928-445-0800; not an emergency men's shelter.,Llame al 928-445-0800; no es refugio de emergencia para hombres.,Monday–Friday business hours,prescott|yavapai|housing|families|kinship|reentry,Housing navigation|Kinship caregiver support|Family stabilization|Benefits referrals|Employment connections,Yavapai,Yavapai,single
148,Catholic Community Services — Southern Arizona Housing,housing,Tucson / Pima County,"Catholic Community Services of Southern Arizona operates scattered-site housing, rapid rehousing, and homeless prevention for low-income households in Pima, Santa Cruz, and Cochise counties including returning citizens establishing tenancy after incarceration. Housing specialists coordinate with El Rio Health and Southern Arizona Legal Aid.","Catholic Community Services del Sur de Arizona opera vivienda dispersa, realojamiento rápido y prevención de falta de vivienda para hogares de bajos ingresos en los condados Pima, Santa Cruz y Cochise incluidos ciudadanos que regresan que establecen arrendamiento después de la encarcelación.",140 West Speedway Boulevard,Tucson,520-623-0344,,https://www.ccs-soaz.org,Low-income households in southern Arizona service area facing homelessness; justice-involved adults may qualify for rapid rehousing.,Hogares de bajos ingresos en el área de servicio del sur de Arizona que enfrentan falta de vivienda; adultos con antecedentes penales pueden calificar para realojamiento rápido.,Call 520-623-0344 for housing intake; multiple southern Arizona counties served.,Llame al 520-623-0344 para admisión de vivienda; sirve múltiples condados del sur de Arizona.,Monday–Friday business hours,tucson|pima|housing|rapid-rehousing|southern-arizona|reentry,Rapid rehousing|Homeless prevention|Scattered-site housing|Case management|Benefits navigation,Pima,Pima|Santa Cruz|Cochise,multi
149,Northland Pioneer College — Housing & Basic Needs Support,housing,Show Low / Navajo County,"Northland Pioneer College student services connect justice-involved adults in Navajo and Apache counties to emergency housing referrals, basic needs assistance, and GED pathways through White Mountain and Show Low campuses. Staff coordinate with DES Lakeside office and North Country HealthCare for rural reentry stabilization—not a standalone shelter operator.","Los servicios estudiantiles de Northland Pioneer College conectan a adultos con antecedentes penales en los condados Navajo y Apache con referencias de vivienda de emergencia, asistencia de necesidades básicas y vías GED a través de campus rurales.",1001 West Deuce of Clubs,Show Low,928-532-6111,,https://www.npc.edu,NPC students and community referrals in Navajo and Apache counties; justice-involved adults eligible for adult education and basic needs navigation.,Estudiantes de NPC y referencias comunitarias en los condados Navajo y Apache; adultos con antecedentes penales elegibles para educación de adultos y navegación de necesidades básicas.,Call 928-532-6111; pairs with DES Lakeside and ARIZONA@WORK rural offices.,Llame al 928-532-6111; se vincula con DES Lakeside y oficinas rurales de ARIZONA@WORK.,Campus hours vary by location,show-low|navajo|apache|housing|referrals|reentry,Housing referrals|Basic needs navigation|GED pathways|Student support|Rural reentry coordination,Navajo,Navajo|Apache,multi
150,Greenlee County Housing Department,housing,Clifton / Greenlee County,"Greenlee County Community Development coordinates affordable housing lists, emergency rental assistance referrals, and homeless prevention navigation for low-income residents in Greenlee and eastern Graham counties including returning citizens from Safford area correctional releases. County housing navigation—not a 24-hour walk-in shelter.","El Desarrollo Comunitario del condado Greenlee coordina listas de vivienda asequible, referencias de asistencia de alquiler de emergencia y navegación de prevención de falta de vivienda para residentes de bajos ingresos en Greenlee y el este del condado Graham.",2535 South Coronado Boulevard,Morenci,928-865-2072,,https://www.greenlee.az.gov,Low-income Greenlee County residents facing housing instability; justice-involved adults may qualify for emergency rental referrals.,Residentes de bajos ingresos del condado Greenlee que enfrentan inestabilidad de vivienda; adultos con antecedentes penales pueden calificar para referencias de alquiler de emergencia.,Call 928-865-2072; coordinate with Graham County DES Safford office.,Llame al 928-865-2072; coordine con la oficina DES de Safford en el condado Graham.,Monday–Friday business hours,greenlee|graham|housing|rental-assistance|rural|reentry,Affordable housing lists|Emergency rental referrals|Homeless prevention navigation|County housing counseling,Greenlee,Greenlee|Graham,multi
151,La Paz County — Housing & Community Development,housing,Parker / La Paz County,"La Paz County Community Development connects low-income residents in Parker and the Colorado River communities to emergency rental assistance, weatherization referrals, and homeless prevention resources for justice-involved adults returning to rural western Arizona. County office—not an emergency shelter.","El Desarrollo Comunitario del condado La Paz conecta a residentes de bajos ingresos en Parker y las comunidades del río Colorado con asistencia de alquiler de emergencia, referencias de climatización y recursos de prevención de falta de vivienda.",1108 Joshua Avenue,Parker,928-669-6131,,https://www.co.la-paz.az.us,La Paz County residents meeting income guidelines for housing assistance programs; justice-involved adults may apply for rental assistance.,Residentes del condado La Paz que cumplan las pautas de ingresos para programas de asistencia de vivienda; adultos con antecedentes penales pueden solicitar asistencia de alquiler.,Call 928-669-6131; pairs with DES Parker office and Crossroads Mission Yuma for overflow referrals.,Llame al 928-669-6131; se vincula con la oficina DES de Parker y Crossroads Mission en Yuma.,Monday–Friday business hours,parker|la-paz|housing|rental-assistance|rural|reentry,Emergency rental assistance|Homeless prevention|Weatherization referrals|Housing counseling|County resource navigation,La Paz,La Paz,single
152,Mohave County Community Housing,housing,Kingman / Mohave County,"Mohave County Community Development Block Grant housing programs connect low-income residents in Kingman, Lake Havasu City, and Bullhead City to emergency shelter referrals, rental assistance, and homeless prevention for justice-involved adults returning from Mohave County Detention Center. County navigation office—not a direct shelter operator.","Los programas de vivienda CDBG del condado Mohave conectan a residentes de bajos ingresos en Kingman, Lake Havasu City y Bullhead City con referencias de refugio de emergencia, asistencia de alquiler y prevención de falta de vivienda.",700 West Beale Street,Kingman,928-753-0723,,https://www.mohave.gov,Low-income Mohave County residents; justice-involved adults may qualify for rental and shelter referrals.,Residentes de bajos ingresos del condado Mohave; adultos con antecedentes penales pueden calificar para referencias de alquiler y refugio.,Call 928-753-0723; pairs with Kingman ARIZONA@WORK and DES Kingman office.,Llame al 928-753-0723; se vincula con ARIZONA@WORK Kingman y oficina DES.,Monday–Friday business hours,kingman|mohave|housing|rental-assistance|reentry,Emergency shelter referrals|Rental assistance|Homeless prevention|CDBG housing navigation,Mohave,Mohave,single
153,Gila County Housing & Community Action,housing,Globe / Gila County,"Gila County Community Action Program coordinates emergency rental assistance, utility help, and homeless prevention for low-income households in Gila and eastern Maricopa foothill communities including returning citizens released to Globe and Payson. Community action navigation—not a walk-in emergency shelter.","El Programa de Acción Comunitaria del condado Gila coordina asistencia de alquiler de emergencia, ayuda con servicios públicos y prevención de falta de vivienda para hogares de bajos ingresos en Gila y comunidades del este de Maricopa.",5515 South Apache Avenue,Globe,928-425-7631,,https://www.gilacountyaz.gov,Low-income Gila County residents; justice-involved adults may qualify for emergency rental and utility assistance.,Residentes de bajos ingresos del condado Gila; adultos con antecedentes penales pueden calificar para asistencia de alquiler y servicios públicos de emergencia.,Call 928-425-7631; pairs with DES Globe office and Cobre Valley Regional Medical Center.,Llame al 928-425-7631; se vincula con oficina DES Globe.,Monday–Friday business hours,globe|gila|housing|rental-assistance|community-action|reentry,Emergency rental assistance|Utility assistance|Homeless prevention|Housing counseling,Gila,Gila,single
154,Maricopa County Adult Education,education,Phoenix / Maricopa County,Maricopa County School Superintendent Adult Education programs provide free High School Equivalency and English language instruction at community sites across Maricopa County for justice-involved adults rebuilding education credentials after release from county jail or state prison.,Los programas de Educación para Adultos del Superintendente Escolar del condado Maricopa ofrecen equivalencia de secundaria e instrucción de inglés gratuitas en sitios comunitarios para adultos con antecedentes penales.,4041 North 21st Avenue,Phoenix,602-506-3884,,https://www.maricopa.gov/560/Adult-Education,Maricopa County residents age 16+ without high school diploma; free HSE classes.,Residentes del condado Maricopa de 16+ años sin diploma de secundaria; clases HSE gratuitas.,Call 602-506-3884 for nearest class site; pairs with Rio Salado and ARIZONA@WORK.,Llame al 602-506-3884 para el sitio de clases más cercano.,Class schedules vary,phoenix|maricopa|education|HSE|GED|reentry,High School Equivalency|English language instruction|Adult education|Workforce pathway referrals,Maricopa,Maricopa,single
155,Arizona Western College — Adult Education,education,Yuma / Yuma County,Arizona Western College Adult Education offers free GED preparation and English language classes for Yuma and La Paz county adults including justice-involved students returning from Arizona State Prison Complex Yuma and county jail releases.,Arizona Western College Educación para Adultos ofrece preparación GED gratuita y clases de inglés para adultos de los condados Yuma y La Paz incluidos estudiantes con antecedentes penales.,2020 South Avenue 8 East,Yuma,928-344-7567,,https://www.azwestern.edu,Yuma and La Paz County adults age 16+; free HSE classes.,Adultos de los condados Yuma y La Paz de 16+ años; clases HSE gratuitas.,Call 928-344-7567; main Yuma campus; pairs with ARIZONA@WORK Yuma.,Llame al 928-344-7567; campus principal Yuma.,Class schedules vary,yuma|la-paz|education|GED|reentry,GED preparation|English language learning|Adult education|Workforce referrals,Yuma,Yuma|La Paz,multi
156,Cochise College — Adult Education,education,Sierra Vista / Cochise County,"Cochise College Adult Education provides free GED and High School Equivalency classes for Cochise County adults including justice-involved residents at Sierra Vista and Douglas campuses, coordinating with Fort Huachuca-area workforce partners.",Cochise College Educación para Adultos ofrece clases GED y equivalencia de secundaria gratuitas para adultos del condado Cochise incluidos residentes con antecedentes penales.,901 North Colombo Avenue,Sierra Vista,520-515-5456,,https://www.cochise.edu,Cochise County adults age 16+; free HSE preparation.,Adultos del condado Cochise de 16+ años; preparación HSE gratuita.,Call 520-515-5456; Sierra Vista and Douglas sites; pairs with DES Sierra Vista.,Llame al 520-515-5456; sitios Sierra Vista y Douglas.,Class schedules vary,sierra-vista|cochise|education|GED|reentry,GED preparation|High School Equivalency|Adult education|Workforce referrals,Cochise,Cochise,single
157,Coconino Community College — Adult Education,education,Flagstaff / Coconino County,"Coconino Community College Adult Education offers free GED preparation and English language instruction for northern Arizona adults including justice-involved Flagstaff residents, with referrals from Coconino County Jail programs and North Country HealthCare.",Coconino Community College Educación para Adultos ofrece preparación GED gratuita e instrucción de inglés para adultos del norte de Arizona incluidos residentes de Flagstaff con antecedentes penales.,2800 South Lone Tree Road,Flagstaff,928-527-1222,,https://www.coconino.edu,Coconino County adults age 16+; free HSE and ESL classes.,Adultos del condado Coconino de 16+ años; clases HSE y ESL gratuitas.,Call 928-527-1222; Lone Tree campus; pairs with ARIZONA@WORK Flagstaff.,Llame al 928-527-1222; campus Lone Tree.,Class schedules vary,flagstaff|coconino|education|GED|reentry,GED preparation|English language instruction|Adult education|Workforce referrals,Coconino,Coconino,single
158,Society of St. Vincent de Paul — Phoenix,basic-needs,Phoenix / Maricopa County,"Society of St. Vincent de Paul Phoenix provides emergency food boxes, clothing, utility assistance, and furniture for low-income Maricopa County households including returning citizens reestablishing basic needs after incarceration. Vincentian volunteers operate neighborhood conferences and a central dining room—not a benefits application office.","La Sociedad de San Vicente de Paul Phoenix ofrece cajas de alimentos de emergencia, ropa, asistencia con servicios públicos y muebles para hogares de bajos ingresos del condado Maricopa incluidos ciudadanos que regresan.",420 West Watkins Street,Phoenix,602-261-6888,,https://www.stvincentdepaul.net,Low-income Maricopa County residents in need; justice-involved households welcome for food and clothing assistance.,Residentes de bajos ingresos del condado Maricopa en necesidad; hogares con antecedentes penales bienvenidos para asistencia de alimentos y ropa.,Call 602-261-6888; dining room meals available; pairs with St. Mary's Food Bank.,Llame al 602-261-6888; comidas en comedor disponibles.,Dining room and assistance hours vary; call ahead,phoenix|maricopa|basic-needs|food|clothing|reentry,Emergency food boxes|Clothing|Utility assistance|Furniture|Dining room meals,Maricopa,Maricopa,single
159,Interfaith Community Services — Tucson,basic-needs,Tucson / Pima County,"Interfaith Community Services provides emergency food, financial assistance, and basic needs navigation for low-income Pima County households including returning citizens, operating a food bank and utility assistance program in northwest Tucson.","Interfaith Community Services ofrece alimentos de emergencia, asistencia financiera y navegación de necesidades básicas para hogares de bajos ingresos del condado Pima incluidos ciudadanos que regresan.",2820 West Ina Road,Tucson,520-297-6049,,https://www.icstucson.org,Low-income Pima County residents; justice-involved households may qualify for emergency assistance.,Residentes de bajos ingresos del condado Pima; hogares con antecedentes penales pueden calificar para asistencia de emergencia.,Call 520-297-6049; food bank and financial assistance by appointment.,Llame al 520-297-6049; banco de alimentos y asistencia financiera con cita.,Monday–Friday business hours,tucson|pima|basic-needs|food|utility|reentry,Emergency food bank|Financial assistance|Utility help|Basic needs navigation|Referrals,Pima,Pima,single
160,Yuma Community Food Bank,basic-needs,Yuma / Yuma County,Yuma Community Food Bank distributes emergency groceries and partners with Crossroads Mission and DES Yuma to support low-income households in Yuma and La Paz counties including returning citizens rebuilding food security after incarceration.,Yuma Community Food Bank distribuye comestibles de emergencia y se asocia con Crossroads Mission y DES Yuma para apoyar hogares de bajos ingresos en los condados Yuma y La Paz.,2404 East 24th Street,Yuma,928-343-1243,,https://www.yumafoodbank.org,Low-income Yuma and La Paz County residents; no criminal-record barrier stated.,Residentes de bajos ingresos de los condados Yuma y La Paz; sin barrera de antecedentes indicada.,Call 928-343-1243 for distribution schedule; pairs with Community Food Bank of Southern Arizona network.,Llame al 928-343-1243 para horario de distribución.,Distribution hours vary; call ahead,yuma|la-paz|basic-needs|food-bank|reentry,Emergency food distribution|Grocery boxes|Partner agency referrals|Nutrition support,Yuma,Yuma|La Paz,multi
161,Arizona's Children Association — Family Support,family-children,Phoenix / Maricopa County,"Arizona's Children Association provides foster care, kinship support, and family preservation services for vulnerable Maricopa County families including justice-involved parents working toward reunification after CPS or criminal justice involvement. Case managers coordinate DES child care subsidies and housing partners.","Arizona's Children Association ofrece cuidado de crianza, apoyo de parentesco y servicios de preservación familiar para familias vulnerables del condado Maricopa incluidos padres con antecedentes penales que trabajan hacia la reunificación.",3716 East Columbia Street,Phoenix,602-234-1935,,https://www.arizonaschildren.org,Maricopa County families involved with child welfare or needing kinship support; justice-involved parents may qualify for reunification services.,Familias del condado Maricopa involucradas con bienestar infantil o que necesitan apoyo de parentesco; padres con antecedentes penales pueden calificar.,Call 602-234-1935; not an emergency CPS hotline.,Llame al 602-234-1935; no es línea directa de emergencia de CPS.,Monday–Friday business hours,phoenix|maricopa|family-children|kinship|reunification|reentry,Kinship caregiver support|Family preservation|Foster care navigation|Parent education|Benefits referrals,Maricopa,Maricopa,single
162,Community Food Bank of Southern Arizona,food-nutrition,Tucson / Pima County,"Community Food Bank of Southern Arizona distributes groceries through partner agencies and direct programs across Pima, Santa Cruz, Cochise, and Graham counties for low-income households including returning citizens reestablishing food security after incarceration.","Community Food Bank del Sur de Arizona distribuye comestibles a través de agencias aliadas y programas directos en los condados Pima, Santa Cruz, Cochise y Graham para hogares de bajos ingresos.",3003 South Country Club Road,Tucson,520-622-0525,,https://www.communityfoodbank.org,Low-income residents in southern Arizona service area; partner agency referral or direct distribution sites.,Residentes de bajos ingresos en el área de servicio del sur de Arizona; referencia de agencia aliada o sitios de distribución directa.,Call 520-622-0525 or use food bank locator online; not a SNAP application office.,Llame al 520-622-0525 o use el localizador en línea; no es oficina de solicitud SNAP.,Distribution hours vary by site,tucson|pima|food-nutrition|food-bank|southern-arizona|reentry,Emergency food distribution|Partner agency network|Nutrition programs|Mobile food pantry,Pima,Pima|Santa Cruz|Cochise|Graham,multi
163,Maricopa County Recorder — Voter Registration & ID,id-documentation,Phoenix / Maricopa County,"The Maricopa County Recorder's Office assists residents with voter registration, replacement voter ID cards, and guidance on restoring voting rights after felony convictions under Arizona law. Staff provide forms and referrals to Arizona MVD and Community Legal Services—not DMV licensing services.","La Oficina del Registrador del condado Maricopa ayuda a residentes con registro de votantes, tarjetas de identificación de votante de reemplazo y orientación sobre restauración de derechos de voto después de condenas por delitos graves según la ley de Arizona.",111 South 3rd Avenue,Phoenix,602-506-1511,,https://recorder.maricopa.gov,Maricopa County residents; individuals with felony convictions should verify rights restoration requirements.,Residentes del condado Maricopa; personas con condenas por delitos graves deben verificar requisitos de restauración de derechos.,Call 602-506-1511; online voter registration at ServiceArizona.com; pairs with Arizona MVD.,Llame al 602-506-1511; registro de votantes en ServiceArizona.com; se vincula con MVD de Arizona.,Monday–Friday business hours,phoenix|maricopa|id-documentation|voting-rights|reentry,Voter registration|Voter ID guidance|Rights restoration information|Document counseling,Maricopa,Maricopa,single
164,DNA People's Legal Services — Flagstaff Office,legal-aid,Flagstaff / Coconino County,"DNA People's Legal Services Flagstaff office provides free civil legal assistance to low-income residents of Coconino, Navajo, and Apache counties including public benefits, housing, and family law for justice-involved clients on tribal and non-tribal lands—not criminal defense.","La oficina Flagstaff de DNA People's Legal Services brinda asistencia legal civil gratuita a residentes de bajos ingresos de los condados Coconino, Navajo y Apache incluyendo beneficios públicos y vivienda.",2225 North Steves Boulevard,Flagstaff,928-774-9000,,https://www.dnaazlaw.org,Low-income residents of northern Arizona service area; tribal and non-tribal clients.,Residentes de bajos ingresos del área de servicio del norte de Arizona; clientes tribales y no tribales.,"Call 928-774-9000; serves Coconino, Navajo, Apache, and portions of Mohave.","Llame al 928-774-9000; sirve Coconino, Navajo, Apache y partes de Mohave.",Monday–Friday business hours,flagstaff|coconino|legal-aid|northern-arizona|reentry,Civil legal representation|Benefits advocacy|Housing legal aid|Family law assistance|Tribal coordination,Coconino,Coconino|Navajo|Apache,multi
165,ADCRR — Kingman Community Corrections,probation-parole,Kingman / Mohave County,"The ADCRR Kingman Community Corrections office supervises parolees and probationers in Mohave County, coordinating referrals to Mohave County ARIZONA@WORK, Kingman DES office, and regional behavioral health providers for justice-involved adults under state supervision.","La oficina de Correcciones Comunitarias ADCRR en Kingman supervisa personas en libertad condicional y probatoria en el condado Mohave, coordinando referencias con ARIZONA@WORK y proveedores de salud conductual.",303 West Beale Street,Kingman,928-718-3956,,https://corrections.az.gov/adcr/community-corrections,Adults under ADCRR supervision in Mohave County; report to assigned officer.,Adultos bajo supervisión de ADCRR en el condado Mohave; reporte al oficial asignado.,Call 928-718-3956; not a walk-in benefits office.,Llame al 928-718-3956; no es oficina de beneficios.,Monday–Friday business hours,kingman|mohave|probation-parole|ADCRR|reentry,Parole supervision|Community corrections reporting|Treatment referrals|Employment coordination,Mohave,Mohave,single
166,ADCRR — Florence Complex Reentry Coordination,probation-parole,Florence / Pinal County,"ADCRR staff at Arizona State Prison Complex Florence coordinate pre-release reentry planning and community corrections handoffs for individuals returning to Pinal, Maricopa, and Pima counties, connecting supervisees to ARIZONA@WORK, DES benefits, and local housing partners.","El personal de ADCRR en el Complejo Penitenciario Estatal de Florence coordina la planificación de reinserción previa a la liberación y traspasos de correcciones comunitarias para personas que regresan a los condados Pinal, Maricopa y Pima.",1305 East Butte Avenue,Florence,520-868-4011,,https://corrections.az.gov/adcr/reentry,Individuals in ADCRR custody at Florence complex preparing for release; community partners use published reentry resources.,Personas en custodia de ADCRR en el complejo Florence que se preparan para la liberación; aliados comunitarios usan recursos publicados.,Coordinate through facility reentry staff; not a public walk-in office for emergency needs.,Coordine con el personal de reinserción de la instalación; no es oficina pública sin cita para necesidades de emergencia.,Facility business hours,florence|pinal|probation-parole|ADCRR|reentry|pre-release,Pre-release planning|Community corrections handoff|Reentry referrals|Supervision coordination,Pinal,Pinal|Maricopa|Pima,multi
167,Arizona Department of Housing — Homelessness & Rental Assistance,state-agency,Statewide,"The Arizona Department of Housing administers statewide homelessness prevention, emergency rental assistance, and affordable housing programs that justice-involved Arizonans may access through regional housing navigators and coordinated entry systems in Maricopa, Pima, and rural counties.","El Departamento de Vivienda de Arizona administra programas estatales de prevención de falta de vivienda, asistencia de alquiler de emergencia y vivienda asequible que los arizonenses en reinserción pueden acceder a través de navegadores regionales.",1110 West Washington Street,Phoenix,602-771-1000,,https://housing.az.gov,Arizona residents meeting program income requirements for rental assistance and homelessness prevention; eligibility varies by program.,Residentes de Arizona que cumplan requisitos de ingresos del programa para asistencia de alquiler y prevención de falta de vivienda; la elegibilidad varía.,Browse programs at housing.az.gov; apply through local coordinated entry in your county.,Explore programas en housing.az.gov; solicite a través de entrada coordinada local en su condado.,State office Monday–Friday business hours,statewide|housing|rental-assistance|ADOH|reentry,Emergency rental assistance|Homelessness prevention|Affordable housing programs|Housing navigator referrals,Maricopa,,statewide
168,Arizona Attorney General — Victim Services,state-agency,Statewide,"The Arizona Attorney General Victim Services Division provides crime victim compensation, restitution assistance, and referral navigation for eligible Arizonans including justice-involved crime victims and witnesses—not criminal defense representation.","La División de Servicios a Víctimas del Fiscal General de Arizona ofrece compensación a víctimas de delitos, asistencia de restitución y navegación de referencias para arizonenses elegibles incluidas víctimas con antecedentes penales.",2005 North Central Avenue,Phoenix,602-542-5025,,https://www.azag.gov/criminal/victim-services,Crime victims meeting Arizona victim compensation eligibility; application required.,Víctimas de delitos que cumplan elegibilidad de compensación de Arizona; se requiere solicitud.,Call 602-542-5025 or visit azag.gov victim services; not a general reentry cash program.,Llame al 602-542-5025 o visite servicios a víctimas en azag.gov.,Monday–Friday business hours,statewide|victim-services|compensation|reentry,Crime victim compensation|Restitution assistance|Victim advocacy referrals|Application support,Maricopa,,statewide
169,Valley Metro — Reduced Fare & Reentry Transit,transportation,Phoenix / Maricopa County,"Valley Metro provides public bus and light rail service across Maricopa County with reduced-fare passes for low-income riders including justice-involved adults returning from incarceration who need affordable transportation to ARIZONA@WORK, DES offices, and treatment appointments.",Valley Metro ofrece servicio de autobús y tren ligero en el condado Maricopa con pases de tarifa reducida para pasajeros de bajos ingresos incluidos adultos con antecedentes penales que necesitan transporte asequible.,4600 East Washington Street,Phoenix,602-253-5000,,https://www.valleymetro.org,"Maricopa County riders; reduced-fare programs for seniors, disabled, and low-income riders per Valley Metro policy.","Pasajeros del condado Maricopa; programas de tarifa reducida para mayores, discapacitados y de bajos ingresos según política de Valley Metro.",Call 602-253-5000; buy passes online or at light rail stations; not a paratransit medical broker.,Llame al 602-253-5000; compre pases en línea o en estaciones de tren ligero.,Service hours vary by route,phoenix|maricopa|transportation|transit|reduced-fare|reentry,Bus and light rail service|Reduced-fare passes|Route planning|ADA paratransit referrals,Maricopa,Maricopa,single
170,Arizona Department of Veterans Services — Yuma County Office,veterans,Yuma / Yuma County,"The Arizona Department of Veterans Services Yuma County office provides free VA benefits claims assistance, discharge upgrade guidance, and referral navigation for justice-involved veterans in Yuma and La Paz counties through the state county veterans service officer network.",La oficina del condado Yuma del Departamento de Servicios para Veteranos de Arizona ofrece asistencia gratuita con reclamaciones de beneficios VA y navegación de referencias para veteranos con antecedentes penales en los condados Yuma y La Paz.,1800 East Palo Verde Street,Yuma,928-783-0132,,https://dvs.az.gov,Veterans and eligible dependents in Yuma and La Paz counties; service documentation required for VA claims.,Veteranos y dependientes elegibles en los condados Yuma y La Paz; se requiere documentación de servicio.,Call 928-783-0132 for appointment; free claims help; pairs with Crossroads Mission and AWC adult ed.,Llame al 928-783-0132 para cita; ayuda gratuita con reclamaciones.,Monday–Friday business hours,yuma|la-paz|veterans|VA-benefits|reentry,VA benefits claims assistance|Discharge upgrade guidance|Healthcare enrollment help|Veteran employment referrals,Yuma,Yuma|La Paz,multi
171,Arizona Department of Veterans Services — Coconino County Office,veterans,Flagstaff / Coconino County,"The Arizona Department of Veterans Services Coconino County office assists northern Arizona veterans including justice-involved veterans in Flagstaff, Navajo, and Apache counties with VA disability claims, healthcare enrollment, and referrals to North Country HealthCare and ARIZONA@WORK Flagstaff.",La oficina del condado Coconino del Departamento de Servicios para Veteranos de Arizona ayuda a veteranos del norte de Arizona incluidos veteranos con antecedentes penales con reclamaciones de discapacidad VA e inscripción en atención médica.,1515 East Cedar Avenue,Flagstaff,928-226-0488,,https://dvs.az.gov,Veterans and eligible dependents in Coconino County and northern Arizona; service documentation required.,Veteranos y dependientes elegibles en el condado Coconino y el norte de Arizona; se requiere documentación de servicio.,Call 928-226-0488; free county veterans service officer assistance.,Llame al 928-226-0488; asistencia gratuita del oficial de servicios para veteranos del condado.,Monday–Friday business hours,flagstaff|coconino|veterans|VA-benefits|northern-arizona|reentry,VA benefits claims assistance|Healthcare enrollment|Disability compensation navigation|Employment referrals,Coconino,Coconino|Navajo|Apache,multi
172,Arizona Department of Veterans Services — Mohave County Office,veterans,Kingman / Mohave County,"The Arizona Department of Veterans Services Mohave County office provides free VA claims assistance and benefits navigation for veterans in Kingman, Lake Havasu City, and Bullhead City including justice-involved veterans coordinating with Mohave County ARIZONA@WORK and regional behavioral health providers.","La oficina del condado Mohave del Departamento de Servicios para Veteranos de Arizona ofrece asistencia gratuita con reclamaciones VA y navegación de beneficios para veteranos en Kingman, Lake Havasu City y Bullhead City.",700 West Beale Street,Kingman,928-753-0713,,https://dvs.az.gov,Veterans and eligible dependents in Mohave County; service documentation required for VA claims.,Veteranos y dependientes elegibles en el condado Mohave; se requiere documentación de servicio.,Call 928-753-0713 for appointment; pairs with Kingman ADCRR community corrections.,Llame al 928-753-0713 para cita; se vincula con correcciones comunitarias ADCRR Kingman.,Monday–Friday business hours,kingman|mohave|veterans|VA-benefits|reentry,VA benefits claims assistance|Healthcare enrollment help|Disability navigation|Employment referrals,Mohave,Mohave,single
173,United Food Bank — Emergency Food Distribution,basic-needs,Mesa / Maricopa County,"United Food Bank distributes emergency groceries through partner pantries and direct programs across eastern Maricopa, Pinal, and Gila counties for low-income households including returning citizens reestablishing food security after incarceration.","United Food Bank distribuye comestibles de emergencia a través de despensas aliadas y programas directos en el este del condado Maricopa, Pinal y Gila para hogares de bajos ingresos.",245 South Nina Drive,Mesa,480-926-4897,,https://www.unitedfoodbank.org,Low-income residents in United Food Bank service area; partner pantry locator online.,Residentes de bajos ingresos en el área de servicio de United Food Bank; localizador de despensas aliadas en línea.,Call 480-926-4897 or use pantry locator; not a SNAP application office.,Llame al 480-926-4897 o use el localizador de despensas.,Warehouse hours vary; call partner pantries,mesa|maricopa|basic-needs|food-bank|reentry,Emergency food distribution|Partner pantry network|Mobile pantry|Nutrition programs,Maricopa,Maricopa|Pinal|Gila,multi
174,Chicanos Por La Causa — Workforce & Education,education,Phoenix / Maricopa County,"Chicanos Por La Causa workforce and education programs offer GED preparation, digital literacy, and job training for Maricopa County adults including justice-involved participants referred from ARIZONA@WORK and community corrections partners.","Los programas de fuerza laboral y educación de Chicanos Por La Causa ofrecen preparación GED, alfabetización digital y capacitación laboral para adultos del condado Maricopa incluidos participantes con antecedentes penales.",1112 East Buckeye Road,Phoenix,602-257-0700,,https://www.cplc.org,Maricopa County adults in CPLC service programs; justice-involved participants welcome per program.,Adultos del condado Maricopa en programas de servicio CPLC; participantes con antecedentes penales bienvenidos según programa.,Call 602-257-0700; multiple Phoenix sites; pairs with ARIZONA@WORK.,Llame al 602-257-0700; múltiples sitios en Phoenix.,Program hours vary by site,phoenix|maricopa|education|GED|workforce|reentry,GED preparation|Digital literacy|Job training|Workforce navigation|Referrals,Maricopa,Maricopa,single
175,Literacy Volunteers of Maricopa County,education,Phoenix / Maricopa County,"Literacy Volunteers of Maricopa County provides free adult literacy, ESL, and GED tutoring for low-literacy adults in Maricopa County including justice-involved learners rebuilding education skills after release from county jail or state prison.","Literacy Volunteers of Maricopa County ofrece alfabetización para adultos, ESL y tutoría GED gratuitas para adultos con baja alfabetización en el condado Maricopa incluidos aprendices con antecedentes penales.",1500 East Thomas Road,Phoenix,602-274-3430,,https://www.lvmaricopa.org,Maricopa County adults needing literacy or ESL support; free volunteer tutoring.,Adultos del condado Maricopa que necesiten apoyo de alfabetización o ESL; tutoría voluntaria gratuita.,Call 602-274-3430 to enroll; pairs with Rio Salado Adult Ed.,Llame al 602-274-3430 para inscribirse.,Tutoring schedules arranged with volunteers,phoenix|maricopa|education|literacy|ESL|reentry,Adult literacy tutoring|ESL instruction|GED support|One-on-one tutoring,Maricopa,Maricopa,single
176,Literacy Connects — Tucson Adult Education,education,Tucson / Pima County,"Literacy Connects offers free adult literacy, GED support, and English language instruction for Pima County adults including justice-involved learners at Tucson community learning sites.","Literacy Connects ofrece alfabetización para adultos, apoyo GED e instrucción de inglés gratuitas para adultos del condado Pima incluidos aprendices con antecedentes penales.",200 East Yavapai Road,Tucson,520-882-8006,,https://literacyconnects.org,Pima County adults needing literacy or GED support; free programs.,Adultos del condado Pima que necesiten apoyo de alfabetización o GED; programas gratuitos.,Call 520-882-8006; pairs with Pima Community College ABE.,Llame al 520-882-8006; se vincula con ABE de Pima Community College.,Class and tutoring schedules vary,tucson|pima|education|literacy|GED|reentry,Adult literacy|GED support|English language instruction|Workforce referrals,Pima,Pima,single
177,Homeward Bound — Transitional Housing,housing,Phoenix / Maricopa County,"Homeward Bound provides transitional housing and supportive services for homeless families and single adults in Maricopa County including justice-involved parents reunifying with children, with case management connecting residents to ARIZONA@WORK and DES benefits.",Homeward Bound ofrece vivienda transicional y servicios de apoyo para familias sin hogar y adultos solteros en el condado Maricopa incluidos padres con antecedentes penales que se reunifican con sus hijos.,2302 West Colter Street,Phoenix,602-263-5531,,https://www.homewardboundaz.org,Homeless families and adults in Maricopa County; justice-involved applicants per intake screening.,Familias y adultos sin hogar en el condado Maricopa; solicitantes con antecedentes penales según evaluación de admisión.,Call 602-263-5531 for intake; not an emergency walk-in shelter for single men only.,Llame al 602-263-5531 para admisión.,Contact for intake hours,phoenix|maricopa|housing|transitional|families|reentry,Transitional housing|Case management|Parent education|Employment referrals|Benefits navigation,Maricopa,Maricopa,single
178,Volunteer Lawyers Program — State Bar of Arizona,legal-aid,Phoenix / Maricopa County,"The State Bar of Arizona Volunteer Lawyers Program connects low-income Maricopa County residents including justice-involved clients to pro bono civil attorneys for housing, benefits, family law, and limited record relief matters—not criminal defense.",El Programa de Abogados Voluntarios del Colegio de Abogados de Arizona conecta a residentes de bajos ingresos del condado Maricopa incluidos clientes con antecedentes penales con abogados civiles pro bono.,4201 North 24th Street,Phoenix,602-340-7323,,https://www.azvolunteerlawyers.org,Low-income Maricopa County residents with civil legal needs; income screening required.,Residentes de bajos ingresos del condado Maricopa con necesidades legales civiles; se requiere evaluación de ingresos.,Apply at azvolunteerlawyers.org or call 602-340-7323; complements Community Legal Services.,Solicite en azvolunteerlawyers.org o llame al 602-340-7323.,Monday–Friday business hours,phoenix|maricopa|legal-aid|pro-bono|reentry,Pro bono civil referrals|Housing legal help|Benefits advocacy|Family law referrals|Clinics,Maricopa,Maricopa,single
