id,name,category,region,description,description_es,address,city,phone,email,website,eligibility,eligibility_es,notes,notes_es,hours,tags,services,county,served_counties,coverage,intake_signals
1,FDC — Reentry & Transition Services,state-agency,Statewide,"The Florida Department of Corrections coordinates statewide reentry planning, pre-release programming, and community transition services for people leaving FDC custody across all 67 counties. Reentry staff at the Tallahassee headquarters work with facility classification counselors, probation officers, and local nonprofits to connect returning citizens to housing, employment, MyACCESS benefits, and treatment before and after release. This office provides planning and referrals—not emergency shelter, cash assistance, or legal representation.","El Departamento de Correcciones de Florida coordina la planificación estatal de reinserción, programación previa a la liberación y servicios de transición comunitaria para personas que salen de custodia FDC en los 67 condados. El personal de reinserción en Tallahassee trabaja con consejeros de clasificación, oficiales de probatoria y organizaciones locales para conectar a ciudadanos que regresan con vivienda, empleo, beneficios MyACCESS y tratamiento.",501 South Calhoun Street,Tallahassee,850-488-5021,,https://www.fdc.myflorida.com/reentry,Individuals in FDC custody preparing for release or under community supervision; community partners seeking FDC reentry engagement.,Personas en custodia FDC que se preparan para la liberación o bajo supervisión comunitaria; aliados comunitarios que buscan coordinación de reinserción.,Visit fdc.myflorida.com/reentry for program overview; coordinate through facility reentry staff and assigned probation officer after release.,Visite fdc.myflorida.com/reentry; coordine con el personal de reinserción de la instalación y el oficial de probatoria asignado.,State office Monday–Friday business hours,statewide|reentry|FDC|DOC|pre-release|community-supervision,Pre-release planning|Community reentry coordination|Partner referrals|Reentry resource navigation|Supervision linkage,Leon,,statewide,accepts_criminal_record
2,FDC — Probation & Parole Services,probation-parole,Statewide,"FDC Probation and Parole Services supervises adults on felony probation, parole, and community control through circuit offices across Florida, connecting supervisees to employment, treatment, and housing resources as conditions of release. Probation officers coordinate with CareerSource Florida, DCF MyACCESS, local behavioral health providers, and reentry nonprofits in every county. Contact your assigned officer—not a walk-in benefits or emergency housing intake center.","Servicios de Probatoria y Libertad Condicional de FDC supervisa adultos en probatoria por delito grave, libertad condicional y control comunitario a través de oficinas de circuito en Florida, conectando a supervisados con empleo, tratamiento y vivienda según condiciones de liberación. Los oficiales coordinan con CareerSource Florida, MyACCESS DCF y proveedores locales.",501 South Calhoun Street,Tallahassee,850-488-5021,,https://www.fdc.myflorida.com/probation,"Adults under FDC probation, parole, or community control in Florida; report to assigned probation officer.","Adultos bajo probatoria, libertad condicional o control comunitario de FDC en Florida; reporte al oficial de probatoria asignado.",Find circuit office contacts at fdc.myflorida.com/probation; statewide information 850-488-5021.,Encuentre contactos de oficinas de circuito en fdc.myflorida.com/probation; información estatal 850-488-5021.,Circuit offices typically Monday–Friday business hours,statewide|probation-parole|FDC|parole|community-control|reentry,Probation supervision|Parole reporting|Treatment referrals|Employment coordination|Reentry partner linkage,Leon,,statewide,accepts_criminal_record
3,MyACCESS Florida,financial-assistance,Statewide,"MyACCESS Florida is the state's official online portal for applying for and managing SNAP food assistance, Temporary Cash Assistance (TCA), and Florida Medicaid through the Department of Children and Families. Justice-involved Floridians can apply for health coverage and food support after release from FDC custody or county jails using the same account used by county DCF Family Resource Centers statewide. Online application and account management—not a crisis hotline or emergency shelter provider.","MyACCESS Florida es el portal en línea oficial del estado para solicitar y administrar asistencia alimentaria SNAP, Asistencia Temporal en Efectivo (TCA) y Medicaid de Florida a través del Departamento de Niños y Familias. Los floridanos en reinserción pueden solicitar cobertura de salud y apoyo alimentario después de la liberación usando la misma cuenta que las oficinas DCF del condado.",,,850-300-4323,,https://myaccess.myflfamilies.com,"Florida residents meeting income and household requirements for Medicaid, SNAP, or TCA; criminal record generally not a barrier to Medicaid and SNAP.","Residentes de Florida que cumplan requisitos de ingresos para Medicaid, SNAP o TCA; los antecedentes penales generalmente no son barrera para Medicaid y SNAP.",Apply online at myaccess.myflfamilies.com; call 850-300-4323 for DCF Customer Call Center; visit county Family Resource Center for in-person help.,Solicite en myaccess.myflfamilies.com; llame al 850-300-4323; visite el Centro de Recursos Familiares del condado.,Online 24/7; county DCF office hours vary,statewide|benefits|Medicaid|SNAP|online|DCF|ACCESS|reentry,Medicaid application|SNAP enrollment|TCA application|Benefits account management|Document upload,,,statewide,
4,AHCA — Florida Medicaid,healthcare,Statewide,"The Agency for Health Care Administration administers Florida Medicaid managed care for eligible low-income Floridians through contracted health plans and managed medical assistance across all 67 counties. Returning citizens can enroll through MyACCESS Florida or county DCF offices to access primary care, behavioral health, and prescription coverage after release from FDC custody. AHCA is health coverage administration—not a walk-in clinic or emergency room.","La Agencia para la Administración de Atención Médica administra la atención administrada de Medicaid de Florida para floridanos elegibles de bajos ingresos a través de planes de salud contratados en los 67 condados. Los ciudadanos que regresan pueden inscribirse a través de MyACCESS Florida para acceder a atención primaria y salud conductual. Contact the program directly to confirm current hours, eligibility, and intake requirements before visiting in person.",2727 Mahan Drive,Tallahassee,877-254-1055,,https://www.ahca.myflorida.com,Florida residents meeting Medicaid income and categorical eligibility; enrollment through MyACCESS or DCF.,Residentes de Florida que cumplan elegibilidad de ingresos de Medicaid; inscripción a través de MyACCESS o DCF.,Apply at myaccess.myflfamilies.com; member services 877-254-1055; find your plan at ahca.myflorida.com.,Solicite en myaccess.myflfamilies.com; servicios al miembro 877-254-1055; encuentre su plan en ahca.myflorida.com.,State office Monday–Friday business hours,statewide|healthcare|Medicaid|AHCA|insurance|reentry,Medicaid enrollment|Health plan selection|Member services|Behavioral health plan navigation|Coverage verification,Leon,,statewide,accepts_criminal_record
5,211 Florida,state-agency,Statewide,"211 Florida is a free statewide information and referral service connecting residents to health and human services including housing, food, utilities, employment, and crisis support in all 67 Florida counties. United Way-supported navigators help callers find local programs by need and ZIP code through 211.org and by dialing 211 from any Florida phone. 211 Florida is a referral service—not a direct-service provider.","211 Florida es un servicio gratuito de información y referencia estatal que conecta a residentes con servicios de salud y humanos incluyendo vivienda, alimentos, servicios públicos, empleo y apoyo en crisis en los 67 condados de Florida. Navegadores apoyados por United Way ayudan a encontrar programas locales por necesidad y código postal. Contact the program directly to confirm current hours, eligibility, and intake requirements before visiting in person.",,,211,,https://www.211.org,Open to all Florida residents; no criminal-record restrictions stated.,Abierto a todos los residentes de Florida; sin restricciones de antecedentes indicadas.,Dial 211 from any Florida phone; search resources online at 211.org; text your ZIP code to 898-211.,Marque 211 desde cualquier teléfono de Florida; busque recursos en 211.org; envíe su código postal al 898-211.,Available during published service hours; check 211.org,statewide|hotline|211|referral-only|basic-needs,Information and referral|Crisis navigation|Housing referrals|Benefits navigation|Utility assistance referrals,,,statewide,
6,Florida Legal Services — Statewide Intake,legal-aid,Statewide,"Florida Legal Services operates a statewide intake line connecting low-income Floridians—including returning citizens with civil legal needs after release from FDC custody—to regional legal aid offices for housing, benefits, family law, and expungement assistance. Intake specialists route callers to local programs such as Bay Area Legal Services, Community Legal Services of Mid-Florida, and Legal Services of Greater Miami. Civil legal aid—not criminal defense representation.","Florida Legal Services opera una línea de admisión estatal que conecta a floridanos de bajos ingresos—incluidos ciudadanos que regresan con necesidades legales civiles después de la liberación de custodia FDC—a oficinas regionales de ayuda legal para vivienda, beneficios, derecho familiar y asistencia de eliminación de antecedentes. Contact the program directly to confirm current hours, eligibility, and intake requirements before visiting in person.",2425 Torrey Pines Drive,Tallahassee,850-385-7900,,https://www.floridalegal.org,Low-income Florida residents with civil legal needs; income and case-type eligibility vary by regional program.,Residentes de Florida de bajos ingresos con necesidades legales civiles; la elegibilidad varía según el programa regional.,Call 850-385-7900 for statewide intake; visit floridalegal.org to find your regional legal aid office.,Llame al 850-385-7900 para admisión estatal; visite floridalegal.org para encontrar su oficina regional.,Monday–Friday business hours,statewide|legal-aid|intake|civil|reentry|expungement,Legal aid intake|Housing legal help|Benefits appeals|Family law referrals|Expungement guidance,Leon,,statewide,accepts_criminal_record
7,CareerSource Florida,employment,Statewide,"CareerSource Florida is the statewide workforce development network connecting job seekers—including justice-involved adults after FDC release—to WIOA-funded training, resume assistance, career coaching, and fair-chance employer navigation through 24 local CareerSource boards across all 67 counties. Returning citizens can register online and visit local career centers for employment services linked to DCF benefits and reentry nonprofits. Free core career services—not emergency cash or housing placement.","CareerSource Florida es la red estatal de desarrollo laboral que conecta buscadores de empleo—incluidos adultos con antecedentes penales después de la liberación FDC—a capacitación WIOA, ayuda con currículum y navegación de empleo de segunda oportunidad a través de 24 juntas locales CareerSource en los 67 condados. Contact the program directly to confirm current hours, eligibility, and intake requirements before visiting in person.",2002 Old St. Augustine Road,Tallahassee,850-245-4500,,https://careersourceflorida.com,Open to Florida job seekers including justice-involved individuals; core CareerSource services are free.,Abierto a buscadores de empleo de Florida incluidas personas con antecedentes penales; servicios básicos gratuitos.,Register at careersourceflorida.com; call 850-245-4500; find your local board by county.,Regístrese en careersourceflorida.com; llame al 850-245-4500; encuentre su junta local por condado.,Local career center hours vary; online registration 24/7,statewide|employment|CareerSource|WIOA|fair-chance|reentry,Job search assistance|WIOA training referrals|Resume coaching|Fair-chance employment|Career planning,,,statewide,accepts_criminal_record
8,Florida Division of Vocational Rehabilitation,employment,Statewide,"The Florida Division of Vocational Rehabilitation helps Floridians with disabilities—including justice-involved individuals with documented disabilities—prepare for, obtain, and retain employment through counseling, training, assistive technology, and job placement across 15 area offices statewide. VR counselors coordinate with CareerSource Florida, FDC reentry staff, and local employers for fair-chance hiring. Vocational rehabilitation—not emergency benefits or housing.","La División de Rehabilitación Vocacional de Florida ayuda a floridanos con discapacidades—incluidas personas con antecedentes penales con discapacidades documentadas—a prepararse, obtener y mantener empleo a través de consejería, capacitación y colocación laboral en 15 oficinas de área en todo el estado. Contact the program directly to confirm current hours, eligibility, and intake requirements before visiting in person.",2002 Old St. Augustine Road,Tallahassee,850-245-4200,,https://www.rehabworks.org,Florida residents with physical or mental disabilities that create barriers to employment; justice-involved applicants with qualifying disabilities.,Residentes de Florida con discapacidades físicas o mentales que crean barreras al empleo; solicitantes con antecedentes penales con discapacidades calificadas.,Apply at rehabworks.org or call 850-245-4200; area offices serve all 67 counties.,Solicite en rehabworks.org o llame al 850-245-4200; las oficinas de área sirven a los 67 condados.,Area offices Monday–Friday business hours,statewide|employment|vocational-rehab|disability|reentry,Vocational counseling|Job placement|Training referrals|Assistive technology|Employer coordination,,,statewide,accepts_criminal_record
9,Florida Department of Veterans' Affairs,veterans,Statewide,"The Florida Department of Veterans' Affairs helps veterans and their families access federal VA benefits, state veterans preference in hiring, and county veterans service offices across all 67 counties. Justice-involved veterans leaving FDC custody can connect to VA healthcare, disability compensation, and housing programs through FDVA benefits counselors. Veterans benefits navigation—not emergency shelter or general population cash assistance.","El Departamento de Asuntos de Veteranos de Florida ayuda a veteranos y sus familias a acceder a beneficios federales VA, preferencia de veteranos estatales en contratación y oficinas de servicios para veteranos del condado en los 67 condados. Los veteranos con antecedentes penales pueden conectarse con atención médica VA y programas de vivienda. Contact the program directly to confirm current hours, eligibility, and intake requirements before visiting in person.",9500 Bay Pines Boulevard,Bay Pines,727-319-7440,,https://www.floridavets.org,"Florida veterans, service members, and eligible family members; DD-214 or military service documentation required.","Veteranos de Florida, miembros del servicio y familiares elegibles; se requiere DD-214 o documentación de servicio militar.",Find your county veterans service officer at floridavets.org; call 727-319-7440 for state headquarters.,Encuentre su oficial de servicios para veteranos del condado en floridavets.org; llame al 727-319-7440.,County VSO offices Monday–Friday; state office business hours,statewide|veterans|VA|benefits|reentry,VA benefits counseling|Disability claims help|Healthcare enrollment|State hiring preference|Housing referrals,Pinellas,,statewide,accepts_criminal_record
10,FLHSMV — Driver Licenses & ID,id-documentation,Statewide,"The Florida Department of Highway Safety and Motor Vehicles issues driver licenses, state identification cards, and driving records through tax collector and driver license service centers in all 67 counties. Returning citizens reestablishing identity after FDC release can obtain REAL ID-compliant credentials with required documents listed at flhsmv.gov. FLHSMV issues credentials—not probation reporting or benefits enrollment.","El Departamento de Seguridad de Carreteras y Vehículos Motorizados de Florida emite licencias de conducir, tarjetas de identificación estatal y registros de conducción a través de centros de servicio en los 67 condados. Los ciudadanos que regresan pueden obtener credenciales compatibles con REAL ID con los documentos requeridos en flhsmv.gov. Contact the program directly to confirm current hours, eligibility, and intake requirements before visiting in person.",2900 Apalachee Parkway,Tallahassee,850-617-2000,,https://www.flhsmv.gov,Florida residents meeting identity and lawful presence documentation requirements for driver license or ID card.,Residentes de Florida que cumplan requisitos de documentación de identidad y presencia legal para licencia o tarjeta de identificación.,Schedule appointments at flhsmv.gov/locations; bring required documents; tax collector offices vary by county.,Programe citas en flhsmv.gov/locations; traiga documentos requeridos; las oficinas del recaudador varían por condado.,Service center hours vary by county,statewide|id-documentation|DMV|driver-license|REAL-ID|reentry,Driver license issuance|State ID cards|Driving records|REAL ID credentials|Appointment scheduling,Leon,,statewide,accepts_criminal_record
11,Florida Department of Health — Vital Records,id-documentation,Statewide,"The Florida Department of Health Bureau of Vital Statistics issues certified birth certificates, death certificates, and marriage records needed for MyACCESS Medicaid enrollment, FLHSMV identification, and employment background checks after release from FDC custody. Orders can be placed online, by mail, or in person at county health departments statewide. Vital records issuance—not clinical healthcare or benefits intake.","La Oficina de Estadísticas Vitales del Departamento de Salud de Florida emite certificados de nacimiento, defunción y matrimonio certificados necesarios para inscripción en Medicaid MyACCESS, identificación FLHSMV y verificaciones de antecedentes laborales después de la liberación de custodia FDC. Contact the program directly to confirm current hours, eligibility, and intake requirements before visiting in person.",1217 North Pearl Street,Jacksonville,904-359-6900,,https://www.floridahealth.gov/certificates,Individuals with legal right to request vital records per Florida statute; identity verification required.,Personas con derecho legal a solicitar registros vitales según la ley de Florida; se requiere verificación de identidad.,Order online at floridahealth.gov/certificates; processing times vary; county health departments accept walk-in requests.,Ordene en línea en floridahealth.gov/certificates; los tiempos de procesamiento varían; los departamentos de salud del condado aceptan solicitudes presenciales.,Online 24/7; county health department business hours,statewide|id-documentation|vital-records|birth-certificate|reentry,Birth certificate orders|Death certificate orders|Marriage records|Online ordering|Identity verification guidance,Duval,,statewide,accepts_criminal_record
12,988 Suicide & Crisis Lifeline — Florida,basic-needs,Statewide,"The 988 Suicide and Crisis Lifeline provides free, confidential 24/7 support for people in mental health crisis, emotional distress, or suicidal thoughts across Florida including justice-involved individuals and families during reentry. Florida's 988 network connects callers to local crisis centers with mobile crisis teams and referrals to community behavioral health providers. Crisis support and referral—not housing placement or legal representation.","La Línea de Crisis y Prevención del Suicidio 988 proporciona apoyo gratuito y confidencial 24/7 para personas en crisis de salud mental, angustia emocional o pensamientos suicidas en Florida incluidas personas con antecedentes penales y familias durante la reinserción. Contact the program directly to confirm current hours, eligibility, and intake requirements before visiting in person.",,,988,,https://988lifeline.org,Open to anyone in crisis; no insurance or criminal-record restrictions.,Abierto a cualquier persona en crisis; sin restricciones de seguro ni antecedentes penales.,Dial or text 988; chat at 988lifeline.org; veterans press 1; Spanish services available.,Marque o envíe mensaje al 988; chat en 988lifeline.org; veteranos presione 1; servicios en español disponibles.,24/7,statewide|crisis|988|mental-health|hotline|reentry,Crisis counseling|Suicide prevention|Mobile crisis referrals|Emotional support|Warm handoffs,,,statewide,
13,SAMHSA National Helpline,substance-use-treatment,Statewide,"The SAMHSA National Helpline is a free, confidential 24/7 treatment referral service connecting Floridians—including returning citizens with substance use disorders—to local detox, outpatient, medication-assisted treatment, and recovery support providers across all 67 counties. Specialists help callers find Florida-licensed programs accepting Medicaid and sliding-fee care. Referral service—not direct treatment or emergency housing.","La Línea Nacional de SAMHSA es un servicio gratuito y confidencial de referencia a tratamiento 24/7 que conecta a floridanos—incluidos ciudadanos que regresan con trastornos por uso de sustancias—a proveedores locales de desintoxicación, tratamiento ambulatorio y apoyo en recuperación en los 67 condados. Contact the program directly to confirm current hours, eligibility, and intake requirements before visiting in person.",,,1-800-662-4357,,https://www.samhsa.gov/find-help/national-helpline,Open to anyone seeking substance use treatment information; no insurance required to call.,Abierto a cualquier persona que busque información sobre tratamiento de uso de sustancias; no se requiere seguro para llamar.,Call 1-800-662-HELP (4357); TTY 1-800-487-4889; Spanish-language support available.,Llame al 1-800-662-HELP (4357); TTY 1-800-487-4889; soporte en español disponible.,24/7,statewide|substance-use|SAMHSA|referral|treatment|reentry,Treatment referrals|Provider locator|Medicaid program navigation|Crisis resource connection|Recovery support info,,,statewide,accepts_criminal_record
14,FindTreatment.gov,substance-use-treatment,Statewide,"FindTreatment.gov is SAMHSA's searchable directory of licensed substance use treatment facilities across Florida, allowing returning citizens and families to filter by location, treatment type, payment options including Medicaid, and services such as outpatient, residential, and medication-assisted treatment. The tool supplements local referrals from FDC probation officers, courts, and Florida community behavioral health providers. Online directory—not a crisis hotline.","FindTreatment.gov es el directorio buscable de SAMHSA de instalaciones de tratamiento de uso de sustancias con licencia en Florida, permitiendo a ciudadanos que regresan y familias filtrar por ubicación, tipo de tratamiento, opciones de pago incluido Medicaid y servicios ambulatorios o residenciales. Contact the program directly to confirm current hours, eligibility, and intake requirements before visiting in person.",,,1-800-662-4357,,https://findtreatment.gov,Open to anyone seeking treatment facility information; facility admission criteria vary.,Abierto a cualquier persona que busque información de instalaciones de tratamiento; los criterios de admisión varían.,Search by ZIP code at findtreatment.gov; call SAMHSA helpline 1-800-662-4357 for navigator help.,Busque por código postal en findtreatment.gov; llame a la línea SAMHSA 1-800-662-4357 para ayuda de navegación.,Online 24/7,statewide|substance-use|findtreatment|directory|Medicaid|reentry,Treatment facility search|Payment option filters|Outpatient listings|Residential listings|MAT provider locator,,,statewide,
15,DCF — ACCESS Customer Call Center,financial-assistance,Statewide,"The Florida Department of Children and Families ACCESS Customer Call Center helps residents statewide—including returning citizens—apply for SNAP, TCA, and Medicaid by phone, resolve MyACCESS account issues, and schedule interviews when county Family Resource Centers are unavailable. Counselors guide callers through document requirements and connect them to local DCF offices for verification. Phone benefits support—not emergency shelter or legal aid.","El Centro de Llamadas de Atención al Cliente ACCESS del DCF ayuda a residentes en todo el estado—incluidos ciudadanos que regresan—a solicitar SNAP, TCA y Medicaid por teléfono, resolver problemas de cuenta MyACCESS y programar entrevistas cuando las oficinas del condado no están disponibles. Contact the program directly to confirm current hours, eligibility, and intake requirements before visiting in person.",,,850-300-4323,,https://www.myflfamilies.com/service-programs/access,"Florida residents applying for or managing SNAP, TCA, or Medicaid benefits.","Residentes de Florida que solicitan o administran beneficios SNAP, TCA o Medicaid.",Call 850-300-4323; also apply online at myaccess.myflfamilies.com; multilingual support available.,Llame al 850-300-4323; también solicite en myaccess.myflfamilies.com; soporte multilingüe disponible.,Monday–Friday extended hours; check myflfamilies.com,statewide|benefits|DCF|ACCESS|SNAP|Medicaid|reentry,Phone application help|Account troubleshooting|Interview scheduling|Document guidance|Benefits status checks,,,statewide,accepts_criminal_record
16,Florida Housing Finance Corporation,housing,Statewide,"The Florida Housing Finance Corporation administers statewide affordable housing programs including rental assistance, homeless continuum-of-care coordination, and developer-funded affordable units for low-income Floridians including returning citizens rebuilding stable housing after FDC release. Florida Housing connects renters and service providers to local housing finance authorities and SHIP county programs. Housing finance and referrals—not emergency walk-in shelter.","La Corporación de Finanzas de Vivienda de Florida administra programas estatales de vivienda asequible incluyendo asistencia de alquiler, coordinación de continuo de atención para personas sin hogar y unidades asequibles para floridanos de bajos ingresos incluidos ciudadanos que regresan que reconstruyen vivienda estable después de la liberación FDC.",227 North Bronough Street,Tallahassee,850-488-4197,,https://www.floridahousing.org,Low-income Florida households; program-specific eligibility for rental assistance and affordable units.,Hogares de bajos ingresos de Florida; elegibilidad específica del programa para asistencia de alquiler y unidades asequibles.,Search rental resources at floridahousing.org; contact local SHIP office for county rental assistance.,Busque recursos de alquiler en floridahousing.org; contacte la oficina SHIP local para asistencia de alquiler del condado.,State office Monday–Friday business hours,statewide|housing|affordable|rental-assistance|reentry,Affordable housing listings|Rental assistance programs|SHIP county referrals|Homeless housing coordination|Developer program info,Leon,,statewide,accepts_criminal_record
17,Florida Rights Restoration Coalition,reentry-organizations,Orlando / Orange County,"Florida Rights Restoration Coalition advocates for returning citizens and helps eligible Floridians restore voting rights and navigate civic reintegration after felony convictions. Staff connect justice-involved adults from FDC custody and Orange County jails to MyACCESS benefits, CareerSource employment, and local reentry partners across Orlando / Orange County. Direct program services—not emergency cash assistance or a general probation reporting office unless noted.","Florida Rights Restoration Coalition aboga por ciudadanos que regresan y ayuda a floridanos elegibles a restaurar derechos de voto y navegar la reintegración cívica después de condenas por delito grave. El personal conecta a adultos con antecedentes penales de custodia FDC y cárceles del condado Orange con beneficios MyACCESS, empleo CareerSource y aliados locales de reinserción en Orlando / Orange County.",1800 Mercy Drive,Orlando,407-960-1849,,https://www.floridarrc.com,Returning citizens seeking rights restoration and civic reintegration support.,Ciudadanos que regresan que buscan restauración de derechos y apoyo de reintegración cívica.,Visit floridarrc.com for workshops and clinics.,Visite floridarrc.com.,Monday–Friday,orlando|orange|reentry-organizations|advocacy|rights-restoration,Rights restoration help|Voting rights|Advocacy|Community workshops|Legal clinic referrals,Orange,Orange,single,accepts_criminal_record
18,Florida Department of Education — Adult Education,education,Statewide,"The Florida Department of Education coordinates adult education and GED preparation programs through school districts and community colleges in all 67 counties, helping returning citizens earn high school equivalency credentials for CareerSource employment and vocational training. Justice-involved adults can enroll in free or low-cost adult education classes at local career centers and community colleges listed at fldoe.org. Education programs—not probation reporting or benefits intake.","El Departamento de Educación de Florida coordina programas de educación para adultos y preparación GED a través de distritos escolares y colegios comunitarios en los 67 condados, ayudando a ciudadanos que regresan a obtener credenciales de equivalencia de secundaria para empleo CareerSource y capacitación vocacional. Contact the program directly to confirm current hours, eligibility, and intake requirements before visiting in person.",325 West Gaines Street,Tallahassee,850-245-0509,,https://www.fldoe.org/academics/career-adult-edu/adult-edu,Florida adults age 16+ seeking GED or adult basic education; justice-involved learners welcome at most sites.,Adultos de Florida de 16+ años que buscan GED o educación básica para adultos; estudiantes con antecedentes penales bienvenidos en la mayoría de sitios.,Find local adult education programs at fldoe.org; contact your county school district adult education office.,Encuentre programas locales de educación para adultos en fldoe.org; contacte la oficina de educación para adultos de su distrito escolar.,Class schedules vary by provider,statewide|education|GED|adult-education|reentry,GED preparation|Adult basic education|ESL classes|Career pathway planning|Testing center referrals,Leon,,statewide,accepts_criminal_record
19,Feeding Florida — Statewide Food Bank Network,food-nutrition,Statewide,"Feeding Florida is the statewide network of food banks—including Feeding South Florida, Feeding Tampa Bay, and Second Harvest of Central Florida—distributing groceries and meals to partner pantries in all 67 counties for families including returning citizens rebuilding food security after release from FDC custody. The network connects callers to local pantries by ZIP code when SNAP benefits are pending through MyACCESS. Food distribution network—not a walk-in benefits office.","Feeding Florida es la red estatal de bancos de alimentos que distribuye comestibles y comidas a despensas asociadas en los 67 condados para familias incluidos ciudadanos que regresan que reconstruyen seguridad alimentaria después de la liberación de custodia FDC. Contact the program directly to confirm current hours, eligibility, and intake requirements before visiting in person.",,,407-514-1050,,https://www.feedingflorida.org,Food-insecure Florida residents; pantry eligibility varies; no criminal-record restrictions at network level.,Residentes de Florida con inseguridad alimentaria; la elegibilidad de despensa varía; sin restricciones de antecedentes a nivel de red.,Find your regional food bank at feedingflorida.org; call 2-1-1 for nearest pantry; apply for SNAP at myaccess.myflfamilies.com.,Encuentre su banco de alimentos regional en feedingflorida.org; llame al 2-1-1; solicite SNAP en myaccess.myflfamilies.com.,Pantry hours vary by location,statewide|food-nutrition|food-bank|SNAP|reentry,Food pantry referrals|Mobile pantry schedules|SNAP application guidance|Emergency food boxes|Partner agency network,,,statewide,accepts_criminal_record
20,Florida Office of the Public Defender — Civil Legal Referrals,legal-aid,Statewide,"While Florida public defenders handle criminal defense, the statewide public defender system publishes civil legal referral guides connecting indigent clients after case closure—including returning citizens—to regional legal aid for eviction defense, benefits appeals, and record-sealing resources. Contact your regional legal aid office through Florida Legal Services intake for civil matters after criminal representation ends. Criminal defense during active cases; civil referrals after closure.","Aunque los defensores públicos de Florida manejan defensa penal, el sistema estatal publica guías de referencia legal civil que conectan a clientes indigentes después del cierre del caso—incluidos ciudadanos que regresan—a ayuda legal regional para defensa de desalojo, apelaciones de beneficios y recursos de sellado de antecedentes. Contact the program directly to confirm current hours, eligibility, and intake requirements before visiting in person.",4155 Esplanade Way,Tallahassee,850-414-7800,,https://www.fpdcc.state.fl.us,Former public defender clients and low-income Floridians with civil legal needs; active criminal cases handled separately.,Ex clientes de defensor público y floridanos de bajos ingresos con necesidades legales civiles; casos penales activos manejados por separado.,For civil legal help after case closure call Florida Legal Services 850-385-7900; public defender offices do not handle civil cases.,Para ayuda legal civil después del cierre del caso llame a Florida Legal Services 850-385-7900.,Office Monday–Friday business hours,statewide|legal-aid|civil|referral|reentry|expungement,Civil legal referrals|Record-sealing resources|Benefits appeal guidance|Eviction defense referrals|Legal aid routing,Leon,,statewide,accepts_criminal_record
21,Camillus House — Permanent Supportive Housing,housing,Miami / Miami-Dade County,"Camillus House operates permanent supportive housing, emergency shelter, and comprehensive reentry services for homeless adults in Miami-Dade County including justice-involved individuals returning from FDC custody and Miami-Dade County jails. Case managers connect residents to CareerSource South Florida, MyACCESS benefits, and Jackson Health System primary care while stabilizing long-term leases across Miami.","Camillus House opera vivienda de apoyo permanente, refugio de emergencia y servicios integrales de reinserción para adultos sin hogar en el condado Miami-Dade incluidas personas con antecedentes penales que regresan de custodia FDC y cárceles del condado Miami-Dade. Contact the program directly to confirm current hours, eligibility, and intake requirements before visiting in person.",1603 NW 7th Avenue,Miami,305-374-1065,,https://www.camillushouse.org,Homeless adults in Miami-Dade County; justice-involved participants per program policy.,Adultos sin hogar en el condado Miami-Dade; participantes con antecedentes penales según política.,Call 305-374-1065 for intake; coordinated entry for shelter; pairs with Legal Services of Greater Miami.,Llame al 305-374-1065 para admisión.,Shelter 24/7; offices Monday–Friday,miami|miami-dade|housing|supportive|reentry,Permanent supportive housing|Emergency shelter|Case management|Benefits navigation|Employment referrals,Miami-Dade,Miami-Dade,single,accepts_criminal_record
22,Legal Services of Greater Miami,legal-aid,Miami / Miami-Dade County,"Legal Services of Greater Miami provides free civil legal aid to low-income Miami-Dade residents including returning citizens with eviction defense, benefits appeals, family law, and record-sealing assistance after release from FDC custody. Attorneys coordinate with Camillus House, Carrfour, and FDC probation on housing and employment stability cases.","Legal Services of Greater Miami brinda ayuda legal civil gratuita a residentes de bajos ingresos del condado Miami-Dade incluidos ciudadanos que regresan con defensa de desalojo, apelaciones de beneficios y asistencia de sellado de antecedentes. Contact the program directly to confirm current hours, eligibility, and intake requirements before visiting in person.",3000 Biscayne Boulevard,Miami,305-576-0080,,https://www.lsgmiami.org,Low-income Miami-Dade residents with civil legal needs; income limits apply.,Residentes de bajos ingresos del condado Miami-Dade con necesidades legales civiles.,Call 305-576-0080 for intake; online application at lsgmiami.org.,Llame al 305-576-0080 para admisión.,Monday–Friday business hours,miami|miami-dade|legal-aid|civil|reentry|expungement,Eviction defense|Benefits appeals|Family law|Record sealing|Housing legal help,Miami-Dade,Miami-Dade,single,accepts_criminal_record
23,Carrfour Supportive Housing,housing,Miami / Miami-Dade County,Carrfour Supportive Housing develops and manages affordable and supportive rental housing for homeless and low-income families in Miami-Dade County including justice-involved parents reunifying with children after incarceration. Property management and social services connect residents to CareerSource South Florida and MyACCESS Medicaid enrollment.,"Carrfour Supportive Housing desarrolla y administra vivienda de alquiler asequible y de apoyo para familias sin hogar y de bajos ingresos en el condado Miami-Dade incluidos padres con antecedentes penales que se reunifican con sus hijos. Contact the program directly to confirm current hours, eligibility, and intake requirements before visiting in person.",10925 SW 84th Street,Miami,305-671-3300,,https://www.carrfour.org,Low-income and homeless Miami-Dade households; justice-involved families per screening.,Hogares de bajos ingresos y sin hogar del condado Miami-Dade; familias con antecedentes penales según evaluación.,Call 305-671-3300; not emergency walk-in shelter.,Llame al 305-671-3300; no es refugio de emergencia.,Office Monday–Friday,miami|miami-dade|housing|affordable|families|reentry,Supportive housing|Affordable rentals|Case management|Family reunification|Benefits navigation,Miami-Dade,Miami-Dade,single,accepts_criminal_record
24,CareerSource South Florida,employment,Miami / Miami-Dade County,"CareerSource South Florida connects Miami-Dade job seekers including justice-involved adults from FDC release and county jails to WIOA training, resume coaching, and fair-chance employer partnerships across South Florida. Career centers in Miami, Homestead, and North Miami link returning citizens to Camillus House and Legal Services of Greater Miami.","CareerSource South Florida conecta buscadores de empleo del condado Miami-Dade incluidos adultos con antecedentes penales a capacitación WIOA, coaching de currículum y empleadores de segunda oportunidad en el sur de Florida. Contact the program directly to confirm current hours, eligibility, and intake requirements before visiting in person. Contact the program directly to confirm current hours, eligibility, and intake requirements before visiting in person.",7525 NW 4th Boulevard,Miami,305-594-7615,,https://www.careersourcesfl.com,Open to Miami-Dade job seekers including justice-involved individuals.,Abierto a buscadores de empleo del condado Miami-Dade incluidas personas con antecedentes penales.,Register at careersourcesfl.com; call 305-594-7615.,Regístrese en careersourcesfl.com.,Monday–Friday business hours,miami|miami-dade|employment|careersource|WIOA|reentry,Job search|WIOA training|Resume coaching|Fair-chance employers|Career counseling,Miami-Dade,Miami-Dade,single,accepts_criminal_record
25,Broward Partnership for the Homeless,housing,Fort Lauderdale / Broward County,"Broward Partnership for the Homeless operates the Broward County Homeless Assistance Center providing emergency shelter, rapid rehousing, and case management for homeless adults in Broward County including justice-involved individuals from FDC and Broward Sheriff's Office custody. Contact the program directly to confirm current hours, eligibility, and intake requirements before visiting in person.","Broward Partnership for the Homeless opera el Centro de Asistencia para Personas sin Hogar del condado Broward que ofrece refugio de emergencia, realojamiento rápido y manejo de casos para adultos sin hogar incluidas personas con antecedentes penales. Contact the program directly to confirm current hours, eligibility, and intake requirements before visiting in person.",920 NW 7th Avenue,Fort Lauderdale,954-779-3990,,https://www.bphi.org,Homeless Broward County adults; coordinated entry required.,Adultos sin hogar del condado Broward; se requiere entrada coordinada.,Call 954-779-3990; coordinated entry through Broward continuum.,Llame al 954-779-3990.,Shelter 24/7,fort-lauderdale|broward|housing|shelter|reentry,Emergency shelter|Rapid rehousing|Case management|Coordinated entry|Benefits navigation,Broward,Broward,single,accepts_criminal_record
26,HOPE South Florida,basic-needs,Fort Lauderdale / Broward County,"HOPE South Florida provides food, shelter referrals, and reentry support services for homeless and food-insecure Broward County residents including returning citizens connecting to CareerSource Broward and MyACCESS benefits after release. Contact the program directly to confirm current hours, eligibility, and intake requirements before visiting in person.","HOPE South Florida proporciona alimentos, referencias de refugio y servicios de apoyo de reinserción para residentes del condado Broward sin hogar y con inseguridad alimentaria incluidos ciudadanos que regresan. Contact the program directly to confirm current hours, eligibility, and intake requirements before visiting in person. Contact the program directly to confirm current hours, eligibility, and intake requirements before visiting in person.",1100 S Andrews Avenue,Fort Lauderdale,954-566-9266,,https://www.hopesouthflorida.org,Food-insecure and homeless Broward residents; justice-involved welcome.,Residentes del condado Broward con inseguridad alimentaria y sin hogar; personas con antecedentes penales bienvenidas.,Call 954-566-9266; food pantry and resource navigation.,Llame al 954-566-9266.,Monday–Saturday,fort-lauderdale|broward|basic-needs|food|reentry,Food pantry|Shelter referrals|Resource navigation|Benefits help|Employment referrals,Broward,Broward,single,accepts_criminal_record
27,CareerSource Broward,employment,Fort Lauderdale / Broward County,"CareerSource Broward connects job seekers including justice-involved adults to WIOA-funded training, career coaching, and fair-chance hiring events across Broward County. Staff coordinate with Broward Partnership, HOPE South Florida, and FDC probation offices. Contact the program directly to confirm current hours, eligibility, and intake requirements before visiting in person.","CareerSource Broward conecta buscadores de empleo incluidos adultos con antecedentes penales a capacitación WIOA, coaching de carrera y eventos de contratación de segunda oportunidad en el condado Broward. Contact the program directly to confirm current hours, eligibility, and intake requirements before visiting in person. Contact the program directly to confirm current hours, eligibility, and intake requirements before visiting in person.",2610 NW 26th Street,Fort Lauderdale,954-202-3830,,https://www.careersourcebroward.com,Open to Broward County job seekers including justice-involved individuals.,Abierto a buscadores de empleo del condado Broward.,Register at careersourcebroward.com.,Regístrese en careersourcebroward.com.,Monday–Friday,fort-lauderdale|broward|employment|careersource|reentry,Job search|WIOA training|Career coaching|Fair-chance hiring|Resume help,Broward,Broward,single,accepts_criminal_record
28,Metropolitan Ministries — Tampa,housing,Tampa / Hillsborough County,"Metropolitan Ministries provides emergency shelter, rapid rehousing, and family support for homeless households in Hillsborough County including justice-involved parents returning from FDC custody and Hillsborough County jails, connecting families to CareerSource Tampa Bay and BayCare health services. Contact the program directly to confirm current hours, eligibility, and intake requirements before visiting in person.","Metropolitan Ministries ofrece refugio de emergencia, realojamiento rápido y apoyo familiar para hogares sin hogar en el condado Hillsborough incluidos padres con antecedentes penales que regresan de custodia FDC. Contact the program directly to confirm current hours, eligibility, and intake requirements before visiting in person. Contact the program directly to confirm current hours, eligibility, and intake requirements before visiting in person.",2002 N Florida Avenue,Tampa,813-209-1000,,https://www.metromin.org,Homeless Hillsborough County families and individuals; justice-involved welcome per intake.,Familias e individuos sin hogar del condado Hillsborough; personas con antecedentes penales bienvenidas.,Call 813-209-1000 for intake.,Llame al 813-209-1000.,Shelter 24/7,tampa|hillsborough|housing|shelter|families|reentry,Emergency shelter|Rapid rehousing|Family support|Case management|Benefits navigation,Hillsborough,Hillsborough,single,accepts_criminal_record
29,DACCO — Substance Abuse Treatment,substance-use-treatment,Tampa / Hillsborough County,"DACCO provides outpatient and residential substance use treatment, DUI programs, and recovery support for Hillsborough County residents including justice-involved adults referred by FDC probation and drug courts, accepting Medicaid and sliding-fee payment. Contact the program directly to confirm current hours, eligibility, and intake requirements before visiting in person.","DACCO ofrece tratamiento ambulatorio y residencial de uso de sustancias, programas DUI y apoyo en recuperación para residentes del condado Hillsborough incluidos adultos con antecedentes penales referidos por probatoria FDC y tribunales de drogas. Contact the program directly to confirm current hours, eligibility, and intake requirements before visiting in person.",4423 W Spruce Street,Tampa,813-384-4000,,https://www.dacco.org,Hillsborough County residents with substance use disorders; justice-involved referrals accepted.,Residentes del condado Hillsborough con trastornos por uso de sustancias; referencias de personas con antecedentes penales aceptadas.,Call 813-384-4000 for assessment.,Llame al 813-384-4000 para evaluación.,Monday–Friday; residential 24/7,tampa|hillsborough|substance-use|treatment|reentry,Outpatient treatment|Residential treatment|DUI programs|Recovery support|Medicaid billing,Hillsborough,Hillsborough,single,accepts_criminal_record
30,CareerSource Tampa Bay,employment,Tampa / Hillsborough County,"CareerSource Tampa Bay serves Hillsborough and Pinellas job seekers including justice-involved adults with WIOA training, career centers in Tampa and Plant City, and fair-chance employer partnerships linked to Metropolitan Ministries and DACCO. Contact the program directly to confirm current hours, eligibility, and intake requirements before visiting in person.","CareerSource Tampa Bay sirve a buscadores de empleo de Hillsborough y Pinellas incluidos adultos con antecedentes penales con capacitación WIOA y empleadores de segunda oportunidad. Contact the program directly to confirm current hours, eligibility, and intake requirements before visiting in person. Contact the program directly to confirm current hours, eligibility, and intake requirements before visiting in person.",9215 N Florida Avenue,Tampa,813-930-7400,,https://www.careersourcetampabay.com,Open to Hillsborough County job seekers including justice-involved individuals.,Abierto a buscadores de empleo del condado Hillsborough.,Register at careersourcetampabay.com.,Regístrese en careersourcetampabay.com.,Monday–Friday,tampa|hillsborough|employment|careersource|reentry,Job search|WIOA training|Career centers|Fair-chance employers|Resume coaching,Hillsborough,Hillsborough,single,accepts_criminal_record
31,Coalition for the Homeless of Central Florida,housing,Orlando / Orange County,"The Coalition for the Homeless of Central Florida operates the Center for Women and Families and men's pavilion providing emergency shelter and rehousing for homeless households in Orange, Osceola, and Seminole counties including justice-involved adults from FDC release. Contact the program directly to confirm current hours, eligibility, and intake requirements before visiting in person.","La Coalición para Personas sin Hogar del Centro de Florida opera refugio de emergencia y realojamiento para hogares sin hogar en los condados Orange, Osceola y Seminole incluidos adultos con antecedentes penales. Contact the program directly to confirm current hours, eligibility, and intake requirements before visiting in person. Contact the program directly to confirm current hours, eligibility, and intake requirements before visiting in person.",639 W Central Boulevard,Orlando,407-426-1250,,https://www.centralfloridahomeless.org,Homeless Central Florida households; coordinated entry required.,Hogares sin hogar del centro de Florida; entrada coordinada requerida.,Call 407-426-1250; coordinated entry system.,Llame al 407-426-1250.,Shelter 24/7,orlando|orange|housing|shelter|reentry,Emergency shelter|Rehousing|Case management|Coordinated entry|Family services,Orange,Orange,single,accepts_criminal_record
32,Aspire Health Partners,healthcare,Orlando / Orange County,"Aspire Health Partners provides behavioral health, substance use treatment, and primary care services for uninsured and Medicaid patients in Orange County including justice-involved adults reestablishing healthcare after release from FDC custody and Orange County Jail. Contact the program directly to confirm current hours, eligibility, and intake requirements before visiting in person.","Aspire Health Partners brinda salud conductual, tratamiento de uso de sustancias y atención primaria para pacientes sin seguro y Medicaid en el condado Orange incluidos adultos con antecedentes penales. Contact the program directly to confirm current hours, eligibility, and intake requirements before visiting in person. Contact the program directly to confirm current hours, eligibility, and intake requirements before visiting in person.",5151 Adanson Street,Orlando,407-875-3700,,https://www.aspirehealthpartners.com,Orange County residents; Medicaid and sliding-fee accepted; justice-involved welcome.,Residentes del condado Orange; se aceptan Medicaid y tarifa móvil.,Call 407-875-3700 for intake.,Llame al 407-875-3700.,Monday–Friday,orlando|orange|healthcare|behavioral-health|reentry,Behavioral health|Substance use treatment|Primary care|Medicaid services|Crisis services,Orange,Orange,single,accepts_criminal_record
33,Community Legal Services of Mid-Florida,legal-aid,Orlando / Orange County,"Community Legal Services of Mid-Florida provides free civil legal aid in Orange, Osceola, Lake, and Seminole counties for low-income residents including returning citizens with eviction, benefits, and expungement cases after FDC release. Contact the program directly to confirm current hours, eligibility, and intake requirements before visiting in person.","Community Legal Services of Mid-Florida brinda ayuda legal civil gratuita en los condados Orange, Osceola, Lake y Seminole para residentes de bajos ingresos incluidos ciudadanos que regresan con casos de desalojo y eliminación de antecedentes. Contact the program directly to confirm current hours, eligibility, and intake requirements before visiting in person.",1940 Traylor Boulevard,Orlando,407-841-8310,,https://www.clsmf.org,"Low-income residents of Orange, Osceola, Lake, Seminole counties with civil legal needs.","Residentes de bajos ingresos de los condados Orange, Osceola, Lake y Seminole.",Call 407-841-8310 for intake.,Llame al 407-841-8310.,Monday–Friday,orlando|orange|legal-aid|civil|reentry,Eviction defense|Benefits appeals|Expungement help|Family law|Housing legal aid,Orange,Orange,single,accepts_criminal_record
34,Operation New Hope,reentry-organizations,Jacksonville / Duval County,"Operation New Hope provides reentry employment training, case management, and Ready4Work programming for justice-involved adults returning to Jacksonville and Duval County from FDC custody, placing graduates with fair-chance employers across Northeast Florida. Contact the program directly to confirm current hours, eligibility, and intake requirements before visiting in person.","Operation New Hope ofrece capacitación laboral de reinserción, manejo de casos y programación Ready4Work para adultos con antecedentes penales que regresan a Jacksonville y el condado Duval de custodia FDC. Contact the program directly to confirm current hours, eligibility, and intake requirements before visiting in person. Contact the program directly to confirm current hours, eligibility, and intake requirements before visiting in person.",1830 Mallory Street,Jacksonville,904-354-4673,,https://www.operationnewhope.org,Justice-involved adults in Duval County preparing for employment after incarceration.,Adultos con antecedentes penales en el condado Duval que se preparan para el empleo después de la encarcelación.,Apply at operationnewhope.org; call 904-354-4673.,Solicite en operationnewhope.org.,Monday–Friday,jacksonville|duval|reentry|employment|ready4work,Reentry employment training|Ready4Work|Case management|Fair-chance job placement|Life skills,Duval,Duval,single,accepts_criminal_record
35,Jacksonville Area Legal Aid,legal-aid,Jacksonville / Duval County,"Jacksonville Area Legal Aid provides free civil legal services to low-income Duval, Clay, and Nassau county residents including returning citizens with housing, benefits, and record relief after release from FDC and county jails. Contact the program directly to confirm current hours, eligibility, and intake requirements before visiting in person. Contact the program directly to confirm current hours, eligibility, and intake requirements before visiting in person.","Jacksonville Area Legal Aid brinda servicios legales civiles gratuitos a residentes de bajos ingresos de los condados Duval, Clay y Nassau incluidos ciudadanos que regresan con vivienda, beneficios y alivio de antecedentes. Contact the program directly to confirm current hours, eligibility, and intake requirements before visiting in person. Contact the program directly to confirm current hours, eligibility, and intake requirements before visiting in person.",126 W Adams Street,Jacksonville,904-356-8371,,https://www.jaxlegalaid.org,"Low-income residents of Duval, Clay, Nassau with civil legal needs.","Residentes de bajos ingresos de Duval, Clay y Nassau con necesidades legales civiles.",Call 904-356-8371 for intake.,Llame al 904-356-8371.,Monday–Friday,jacksonville|duval|legal-aid|civil|reentry,Housing legal aid|Benefits appeals|Record relief|Family law|Consumer protection,Duval,Duval,single,accepts_criminal_record
36,Clara White Mission,housing,Jacksonville / Duval County,"Clara White Mission provides transitional housing, meals, and workforce development for homeless adults in Duval County including justice-involved veterans and returning citizens, connecting residents to CareerSource Northeast Florida and VA benefits. Contact the program directly to confirm current hours, eligibility, and intake requirements before visiting in person.","Clara White Mission ofrece vivienda transicional, comidas y desarrollo laboral para adultos sin hogar en el condado Duval incluidos veteranos y ciudadanos que regresan con antecedentes penales. Contact the program directly to confirm current hours, eligibility, and intake requirements before visiting in person. Contact the program directly to confirm current hours, eligibility, and intake requirements before visiting in person.",613 W Ashley Street,Jacksonville,904-354-4162,,https://www.clarawhitemission.org,Homeless adults in Duval County; veterans and justice-involved welcome.,Adultos sin hogar en el condado Duval; veteranos y personas con antecedentes penales bienvenidos.,Call 904-354-4162 for intake.,Llame al 904-354-4162.,Monday–Friday,jacksonville|duval|housing|transitional|veterans|reentry,Transitional housing|Meals|Workforce development|Veteran services|Case management,Duval,Duval,single,accepts_criminal_record
37,Opening Doors Northwest Florida,housing,Pensacola / Escambia County,"Opening Doors Northwest Florida operates rapid rehousing and homeless prevention for families in Escambia and Santa Rosa counties including justice-involved parents returning from FDC custody, coordinating with Lakeview Center and CareerSource Escarosa. Contact the program directly to confirm current hours, eligibility, and intake requirements before visiting in person.","Opening Doors Northwest Florida opera realojamiento rápido y prevención de personas sin hogar para familias en los condados Escambia y Santa Rosa incluidos padres con antecedentes penales que regresan de custodia FDC. Contact the program directly to confirm current hours, eligibility, and intake requirements before visiting in person. Contact the program directly to confirm current hours, eligibility, and intake requirements before visiting in person.",220 W Garden Street,Pensacola,850-434-1177,,https://www.openingdoorsnwfl.org,Homeless and at-risk families in Escambia and Santa Rosa counties.,Familias sin hogar y en riesgo en los condados Escambia y Santa Rosa.,Call 850-434-1177 for housing intake.,Llame al 850-434-1177.,Monday–Friday,pensacola|escambia|housing|rapid-rehousing|reentry,Rapid rehousing|Homeless prevention|Case management|Rental assistance|Family support,Escambia,Escambia,single,accepts_criminal_record
38,Lakeview Center,healthcare,Pensacola / Escambia County,"Lakeview Center provides behavioral health, substance use treatment, and developmental disability services for Escambia and Santa Rosa county residents including justice-involved adults referred by FDC probation and courts, accepting Florida Medicaid. Contact the program directly to confirm current hours, eligibility, and intake requirements before visiting in person.","Lakeview Center brinda salud conductual, tratamiento de uso de sustancias y servicios de discapacidad del desarrollo para residentes de los condados Escambia y Santa Rosa incluidos adultos con antecedentes penales referidos por probatoria FDC. Contact the program directly to confirm current hours, eligibility, and intake requirements before visiting in person.",1221 W Lakeview Avenue,Pensacola,850-469-3500,,https://www.lakeviewcenter.org,Escambia and Santa Rosa residents; Medicaid accepted; justice-involved referrals welcome.,Residentes de Escambia y Santa Rosa; se acepta Medicaid.,Call 850-469-3500 for intake.,Llame al 850-469-3500.,Monday–Friday,pensacola|escambia|healthcare|behavioral-health|reentry,Behavioral health|Substance use treatment|Crisis services|Medicaid services|Probation referrals,Escambia,Escambia,single,accepts_criminal_record
39,CareerSource Escarosa,employment,Pensacola / Escambia County,"CareerSource Escarosa connects job seekers in Escambia and Santa Rosa counties including justice-involved adults to WIOA training, career coaching, and fair-chance employers across Northwest Florida. Contact the program directly to confirm current hours, eligibility, and intake requirements before visiting in person. Contact the program directly to confirm current hours, eligibility, and intake requirements before visiting in person.","CareerSource Escarosa conecta buscadores de empleo en los condados Escambia y Santa Rosa incluidos adultos con antecedentes penales a capacitación WIOA y empleadores de segunda oportunidad. Contact the program directly to confirm current hours, eligibility, and intake requirements before visiting in person. Contact the program directly to confirm current hours, eligibility, and intake requirements before visiting in person.",50 N Alcaniz Street,Pensacola,850-473-3671,,https://www.careersourceescarosa.com,Open to Escambia and Santa Rosa job seekers including justice-involved individuals.,Abierto a buscadores de empleo de Escambia y Santa Rosa.,Register at careersourceescarosa.com.,Regístrese en careersourceescarosa.com.,Monday–Friday,pensacola|escambia|employment|careersource|reentry,Job search|WIOA training|Career coaching|Fair-chance employers|Resume help,Escambia,Escambia,single,accepts_criminal_record
40,Lee Health — Community Health,healthcare,Fort Myers / Lee County,"Lee Health operates community health centers and behavioral health services for Lee County residents including uninsured and Medicaid patients such as returning citizens establishing primary care after release from FDC custody and Lee County jails. Contact the program directly to confirm current hours, eligibility, and intake requirements before visiting in person.","Lee Health opera centros de salud comunitaria y servicios de salud conductual para residentes del condado Lee incluidos pacientes sin seguro y Medicaid como ciudadanos que regresan que establecen atención primaria. Contact the program directly to confirm current hours, eligibility, and intake requirements before visiting in person. Contact the program directly to confirm current hours, eligibility, and intake requirements before visiting in person.",2776 Cleveland Avenue,Fort Myers,239-343-9500,,https://www.leehealth.org,Lee County residents; Medicaid and sliding-fee accepted.,Residentes del condado Lee; se aceptan Medicaid y tarifa móvil.,Call 239-343-9500 for appointments.,Llame al 239-343-9500.,Monday–Friday,fort-myers|lee|healthcare|primary-care|reentry,Primary care|Behavioral health|Emergency services|Medicaid care|Community clinics,Lee,Lee,single,accepts_criminal_record
41,Valerie's House — Grief & Family Support,family-children,Fort Myers / Lee County,"Valerie's House provides grief support and family stabilization services for children and caregivers in Lee County including families affected by parental incarceration and FDC release reunification. Contact the program directly to confirm current hours, eligibility, and intake requirements before visiting in person. Contact the program directly to confirm current hours, eligibility, and intake requirements before visiting in person.","Valerie's House ofrece apoyo por duelo y servicios de estabilización familiar para niños y cuidadores en el condado Lee incluidas familias afectadas por la encarcelación parental y reunificación después de la liberación FDC. Contact the program directly to confirm current hours, eligibility, and intake requirements before visiting in person. Contact the program directly to confirm current hours, eligibility, and intake requirements before visiting in person.",1762 Fowler Street,Fort Myers,239-841-9181,,https://www.valerieshouseswfl.org,Lee County children and families experiencing grief or incarceration-related separation.,Niños y familias del condado Lee que experimentan duelo o separación por encarcelación.,Call 239-841-9181 for programs.,Llame al 239-841-9181.,Program hours vary,fort-myers|lee|family-children|grief|reentry,Grief counseling|Family support|Incarceration reunification|Peer groups|Caregiver resources,Lee,Lee,single,accepts_criminal_record
42,Harvest House — Transitional Housing,housing,Sarasota / Sarasota County,"Harvest House provides transitional housing, addiction recovery, and workforce programs for homeless adults and families in Sarasota and Manatee counties including justice-involved participants rebuilding stability after FDC release. Contact the program directly to confirm current hours, eligibility, and intake requirements before visiting in person.","Harvest House ofrece vivienda transicional, recuperación de adicciones y programas laborales para adultos y familias sin hogar en los condados Sarasota y Manatee incluidos participantes con antecedentes penales. Contact the program directly to confirm current hours, eligibility, and intake requirements before visiting in person. Contact the program directly to confirm current hours, eligibility, and intake requirements before visiting in person.",3650 17th Street,Sarasota,941-953-0000,,https://www.harvesthouse.org,Homeless Sarasota and Manatee residents; justice-involved welcome per program.,Residentes sin hogar de Sarasota y Manatee; personas con antecedentes penales bienvenidas.,Call 941-953-0000 for intake.,Llame al 941-953-0000.,Monday–Friday,sarasota|sarasota|housing|transitional|recovery|reentry,Transitional housing|Addiction recovery|Workforce programs|Case management|Family shelter,Sarasota,Sarasota,single,accepts_criminal_record
43,CareerSource Suncoast,employment,Sarasota / Sarasota County,"CareerSource Suncoast serves Sarasota and Manatee job seekers including justice-involved adults with WIOA training, career centers, and fair-chance employer events linked to Harvest House and local reentry partners. Contact the program directly to confirm current hours, eligibility, and intake requirements before visiting in person. Contact the program directly to confirm current hours, eligibility, and intake requirements before visiting in person.","CareerSource Suncoast sirve a buscadores de empleo de Sarasota y Manatee incluidos adultos con antecedentes penales con capacitación WIOA y eventos de empleadores de segunda oportunidad. Contact the program directly to confirm current hours, eligibility, and intake requirements before visiting in person. Contact the program directly to confirm current hours, eligibility, and intake requirements before visiting in person.",3660 N Washington Boulevard,Sarasota,941-358-4200,,https://www.careersourcesuncoast.com,Open to Sarasota and Manatee job seekers including justice-involved individuals.,Abierto a buscadores de empleo de Sarasota y Manatee.,Register at careersourcesuncoast.com.,Regístrese en careersourcesuncoast.com.,Monday–Friday,sarasota|sarasota|employment|careersource|reentry,Job search|WIOA training|Career coaching|Fair-chance employers|Resume help,Sarasota,Sarasota,single,accepts_criminal_record
44,Gainesville Community Ministry,basic-needs,Gainesville / Alachua County,"Gainesville Community Ministry provides emergency food, utility assistance, and resource navigation for low-income Alachua County residents including returning citizens connecting to CareerSource North Central Florida and UF Health after FDC release. Contact the program directly to confirm current hours, eligibility, and intake requirements before visiting in person.","Gainesville Community Ministry proporciona alimentos de emergencia, asistencia de servicios públicos y navegación de recursos para residentes de bajos ingresos del condado Alachua incluidos ciudadanos que regresan. Contact the program directly to confirm current hours, eligibility, and intake requirements before visiting in person. Contact the program directly to confirm current hours, eligibility, and intake requirements before visiting in person.",238 SW 4th Avenue,Gainesville,352-372-2534,,https://www.gainesvillecommunityministry.org,Low-income Alachua County residents; justice-involved welcome.,Residentes de bajos ingresos del condado Alachua; personas con antecedentes penales bienvenidas.,Call 352-372-2534; walk-in food pantry hours posted online.,Llame al 352-372-2534.,Monday–Friday,gainesville|alachua|basic-needs|food|reentry,Emergency food|Utility assistance|Resource navigation|Referrals|Crisis support,Alachua,Alachua,single,accepts_criminal_record
45,UF Health — Primary Care,healthcare,Gainesville / Alachua County,"UF Health provides primary care, behavioral health, and specialty services for Alachua County residents including Medicaid and uninsured patients such as returning citizens establishing a medical home after release from FDC custody and Alachua County Jail. Contact the program directly to confirm current hours, eligibility, and intake requirements before visiting in person.","UF Health brinda atención primaria, salud conductual y servicios especializados para residentes del condado Alachua incluidos pacientes Medicaid y sin seguro como ciudadanos que regresan. Contact the program directly to confirm current hours, eligibility, and intake requirements before visiting in person. Contact the program directly to confirm current hours, eligibility, and intake requirements before visiting in person.",1600 SW Archer Road,Gainesville,352-265-0111,,https://ufhealth.org,Alachua County residents; Medicaid and charity care accepted.,Residentes del condado Alachua; se aceptan Medicaid y atención benéfica.,Call 352-265-0111 for appointments.,Llame al 352-265-0111.,Monday–Friday,gainesville|alachua|healthcare|primary-care|reentry,Primary care|Behavioral health|Specialty referrals|Medicaid services|Emergency care,Alachua,Alachua,single,accepts_criminal_record
46,FDC — Tallahassee Probation Office,probation-parole,Tallahassee / Leon County,"The FDC Tallahassee Circuit Probation Office supervises felony probationers and parolees in Leon, Gadsden, Wakulla, and Franklin counties, coordinating referrals to CareerSource Capital Region, DCF MyACCESS, and Big Bend reentry partners for justice-involved adults under community supervision. Contact the program directly to confirm current hours, eligibility, and intake requirements before visiting in person.","La Oficina de Probatoria del Circuito de Tallahassee de FDC supervisa personas en probatoria por delito grave y libertad condicional en los condados Leon, Gadsden, Wakulla y Franklin, coordinando referencias a CareerSource Capital Region y MyACCESS DCF. Contact the program directly to confirm current hours, eligibility, and intake requirements before visiting in person.",501 South Calhoun Street,Tallahassee,850-488-5021,,https://www.fdc.myflorida.com/probation,Adults under FDC supervision in the Tallahassee circuit; report to assigned officer.,Adultos bajo supervisión FDC en el circuito de Tallahassee; reporte al oficial asignado.,Contact assigned probation officer; not a walk-in benefits office.,Contacte al oficial de probatoria asignado.,Monday–Friday,tallahassee|leon|probation-parole|FDC|reentry,Probation supervision|Parole reporting|Treatment referrals|Employment coordination|Reentry linkage,Leon,Leon,single,accepts_criminal_record
47,Big Bend Habitat for Humanity,housing,Tallahassee / Leon County,"Big Bend Habitat for Humanity builds affordable homeownership and critical repair programs for low-income Leon and Gadsden county families including returning citizens meeting sweat-equity and income requirements after FDC release. Contact the program directly to confirm current hours, eligibility, and intake requirements before visiting in person.","Big Bend Habitat for Humanity construye programas de propiedad de vivienda asequible y reparación crítica para familias de bajos ingresos de los condados Leon y Gadsden incluidos ciudadanos que regresan que cumplen requisitos de equidad e ingresos. Contact the program directly to confirm current hours, eligibility, and intake requirements before visiting in person.",2211 Lake Bradford Road,Tallahassee,850-574-2280,,https://www.habitatbigbend.org,Low-income Leon and Gadsden households meeting Habitat income guidelines; justice-involved applicants per screening.,Hogares de bajos ingresos de Leon y Gadsden que cumplan directrices de ingresos de Habitat.,Call 850-574-2280 for application info.,Llame al 850-574-2280.,Monday–Friday,tallahassee|leon|housing|habitat|affordable|reentry,Affordable homeownership|Critical repair|Sweat equity program|Homebuyer education|Volunteer builds,Leon,Leon,single,accepts_criminal_record
48,CareerSource Pinellas,employment,St. Petersburg / Pinellas County,"CareerSource Pinellas connects Pinellas County job seekers including justice-involved adults to WIOA training, Tampa Bay career centers, and fair-chance hiring linked to Pinellas Ex-offender Re-entry Coalition and local housing partners. Contact the program directly to confirm current hours, eligibility, and intake requirements before visiting in person.","CareerSource Pinellas conecta buscadores de empleo del condado Pinellas incluidos adultos con antecedentes penales a capacitación WIOA y contratación de segunda oportunidad. Contact the program directly to confirm current hours, eligibility, and intake requirements before visiting in person. Contact the program directly to confirm current hours, eligibility, and intake requirements before visiting in person.",13805 58th Street North,Clearwater,727-524-4344,,https://www.careersourcepinellas.com,Open to Pinellas County job seekers including justice-involved individuals.,Abierto a buscadores de empleo del condado Pinellas.,Register at careersourcepinellas.com.,Regístrese en careersourcepinellas.com.,Monday–Friday,st-petersburg|pinellas|employment|careersource|reentry,Job search|WIOA training|Career coaching|Fair-chance employers|Resume help,Pinellas,Pinellas,single,accepts_criminal_record
49,Pinellas Ex-offender Re-entry Coalition,reentry-organizations,St. Petersburg / Pinellas County,"The Pinellas Ex-offender Re-entry Coalition provides case management, employment readiness, and housing referrals for justice-involved adults returning to Pinellas County from FDC custody, partnering with CareerSource Pinellas and BayCare behavioral health. Contact the program directly to confirm current hours, eligibility, and intake requirements before visiting in person.","La Coalición de Reinserción de Ex-reclusos de Pinellas ofrece manejo de casos, preparación laboral y referencias de vivienda para adultos con antecedentes penales que regresan al condado Pinellas de custodia FDC. Contact the program directly to confirm current hours, eligibility, and intake requirements before visiting in person. Contact the program directly to confirm current hours, eligibility, and intake requirements before visiting in person.",2951 75th Avenue North,St. Petersburg,727-520-5207,,https://www.perc-fl.org,Justice-involved adults returning to Pinellas County from incarceration.,Adultos con antecedentes penales que regresan al condado Pinellas de la encarcelación.,Call 727-520-5207 for intake.,Llame al 727-520-5207.,Monday–Friday,st-petersburg|pinellas|reentry|employment|housing,Case management|Employment readiness|Housing referrals|Life skills|Peer support,Pinellas,Pinellas,single,accepts_criminal_record
50,Adopt-a-Family of the Palm Beaches,housing,Lake Worth / Palm Beach County,"Adopt-a-Family of the Palm Beaches provides emergency shelter, rapid rehousing, and supportive services for homeless families in Palm Beach County including justice-involved parents reunifying with children after FDC release. Contact the program directly to confirm current hours, eligibility, and intake requirements before visiting in person. Contact the program directly to confirm current hours, eligibility, and intake requirements before visiting in person.","Adopt-a-Family of the Palm Beaches ofrece refugio de emergencia, realojamiento rápido y servicios de apoyo para familias sin hogar en el condado Palm Beach incluidos padres con antecedentes penales que se reunifican con sus hijos. Contact the program directly to confirm current hours, eligibility, and intake requirements before visiting in person. Contact the program directly to confirm current hours, eligibility, and intake requirements before visiting in person.",1712 2nd Avenue North,Lake Worth Beach,561-253-1361,,https://www.adoptafamilypbc.org,Homeless Palm Beach County families; justice-involved parents per intake.,Familias sin hogar del condado Palm Beach; padres con antecedentes penales según admisión.,Call 561-253-1361 for housing intake.,Llame al 561-253-1361.,Monday–Friday,lake-worth|palm-beach|housing|families|reentry,Emergency shelter|Rapid rehousing|Family support|Case management|Benefits navigation,Palm Beach,Palm Beach,single,accepts_criminal_record
51,Polk County FDC Probation Office,probation-parole,Lakeland / Polk County,"The FDC Polk County Probation Office supervises felony probationers and parolees in Polk, Hardee, and Highlands counties, linking supervisees to CareerSource Polk, Central Florida behavioral health, and local reentry programs as conditions of release. Contact the program directly to confirm current hours, eligibility, and intake requirements before visiting in person.","La Oficina de Probatoria del condado Polk de FDC supervisa personas en probatoria por delito grave y libertad condicional en los condados Polk, Hardee y Highlands, vinculando supervisados con CareerSource Polk y programas locales de reinserción. Contact the program directly to confirm current hours, eligibility, and intake requirements before visiting in person.",1100 Dunlap Drive,Lakeland,863-534-3144,,https://www.fdc.myflorida.com/probation,Adults under FDC supervision in Polk circuit; report to assigned officer.,Adultos bajo supervisión FDC en el circuito Polk.,Contact assigned probation officer.,Contacte al oficial de probatoria asignado.,Monday–Friday,lakeland|polk|probation-parole|FDC|reentry,Probation supervision|Treatment referrals|Employment coordination|Reentry linkage|Compliance reporting,Polk,Polk,single,accepts_criminal_record
52,Alachua County DCF — ACCESS Benefits & Family Support,financial-assistance,Gainesville / Alachua County,"The Alachua County DCF Family Resource Center / ACCESS intake office in Gainesville processes SNAP food assistance, Temporary Cash Assistance (TCA), and Florida Medicaid eligibility applications for residents including returning citizens reestablishing food and health benefits after release from Alachua County Jail or FDC custody. County DCF staff help verify identity and income and accept applications submitted through the MyACCESS Florida portal.","La oficina de admisión DCF / ACCESS del condado Alachua en Gainesville procesa solicitudes de asistencia alimentaria SNAP, Asistencia Temporal en Efectivo (TCA) y elegibilidad de Medicaid de Florida para residentes, incluidos ciudadanos que regresan que restablecen beneficios alimentarios y de salud después de salir de la cárcel del condado Alachua o de custodia FDC. El personal del condado ayuda a verificar identidad e ingresos y acepta solicitudes presentadas a través del portal MyACCESS Florida.","1000 NE 16th Avenue, Building J",Gainesville,866-762-2237,,https://www.myflfamilies.com/service-programs/access/apply-now,"Alachua County residents meeting income and household-size requirements for SNAP, TCA, and Florida Medicaid; criminal record generally not a barrier.","Residentes del condado Alachua que cumplan requisitos de ingresos y tamaño de hogar para SNAP, TCA y Medicaid de Florida; los antecedentes penales generalmente no son barrera.",Apply online at myaccess.myflfamilies.com; call 850-300-4323 for DCF Customer Call Center; visit the county Family Resource Center for in-person verification and document drop-off.,Solicite en myaccess.myflfamilies.com; llame al 850-300-4323; visite el Centro de Recursos Familiares del condado para verificación presencial y entrega de documentos.,Typically Monday–Friday business hours; call ahead,alachua|florida|benefits|SNAP|Medicaid|DCF|ACCESS|reentry,SNAP enrollment|Florida Medicaid application|TCA cash assistance|Document verification|MyACCESS portal help,Alachua,Alachua,single,accepts_criminal_record
53,Baker County DCF — ACCESS Benefits & Family Support,financial-assistance,Macclenny / Baker County,"The Baker County DCF Family Resource Center / ACCESS intake office in Macclenny processes SNAP food assistance, Temporary Cash Assistance (TCA), and Florida Medicaid eligibility applications for residents including returning citizens reestablishing food and health benefits after release from Baker County Jail or FDC custody. County DCF staff help verify identity and income and accept applications submitted through the MyACCESS Florida portal.","La oficina de admisión DCF / ACCESS del condado Baker en Macclenny procesa solicitudes de asistencia alimentaria SNAP, Asistencia Temporal en Efectivo (TCA) y elegibilidad de Medicaid de Florida para residentes, incluidos ciudadanos que regresan que restablecen beneficios alimentarios y de salud después de salir de la cárcel del condado Baker o de custodia FDC. El personal del condado ayuda a verificar identidad e ingresos y acepta solicitudes presentadas a través del portal MyACCESS Florida.",5000-1 Norwood Avenue,Macclenny,904-723-2000,,https://www.myflfamilies.com/service-programs/access/apply-now,"Baker County residents meeting income and household-size requirements for SNAP, TCA, and Florida Medicaid; criminal record generally not a barrier.","Residentes del condado Baker que cumplan requisitos de ingresos y tamaño de hogar para SNAP, TCA y Medicaid de Florida; los antecedentes penales generalmente no son barrera.",Apply online at myaccess.myflfamilies.com; call 850-300-4323 for DCF Customer Call Center; visit the county Family Resource Center for in-person verification and document drop-off.,Solicite en myaccess.myflfamilies.com; llame al 850-300-4323; visite el Centro de Recursos Familiares del condado para verificación presencial y entrega de documentos.,Typically Monday–Friday business hours; call ahead,baker|florida|benefits|SNAP|Medicaid|DCF|ACCESS|reentry,SNAP enrollment|Florida Medicaid application|TCA cash assistance|Document verification|MyACCESS portal help,Baker,Baker,single,accepts_criminal_record
54,Bay County DCF — ACCESS Benefits & Family Support,financial-assistance,Panama City / Bay County,"The Bay County DCF Family Resource Center / ACCESS intake office in Panama City processes SNAP food assistance, Temporary Cash Assistance (TCA), and Florida Medicaid eligibility applications for residents including returning citizens reestablishing food and health benefits after release from Bay County Jail or FDC custody. County DCF staff help verify identity and income and accept applications submitted through the MyACCESS Florida portal.","La oficina de admisión DCF / ACCESS del condado Bay en Panama City procesa solicitudes de asistencia alimentaria SNAP, Asistencia Temporal en Efectivo (TCA) y elegibilidad de Medicaid de Florida para residentes, incluidos ciudadanos que regresan que restablecen beneficios alimentarios y de salud después de salir de la cárcel del condado Bay o de custodia FDC. El personal del condado ayuda a verificar identidad e ingresos y acepta solicitudes presentadas a través del portal MyACCESS Florida.",2505 West 15th Street,Panama City,850-747-5400,,https://www.myflfamilies.com/service-programs/access/apply-now,"Bay County residents meeting income and household-size requirements for SNAP, TCA, and Florida Medicaid; criminal record generally not a barrier.","Residentes del condado Bay que cumplan requisitos de ingresos y tamaño de hogar para SNAP, TCA y Medicaid de Florida; los antecedentes penales generalmente no son barrera.",Apply online at myaccess.myflfamilies.com; call 850-300-4323 for DCF Customer Call Center; visit the county Family Resource Center for in-person verification and document drop-off.,Solicite en myaccess.myflfamilies.com; llame al 850-300-4323; visite el Centro de Recursos Familiares del condado para verificación presencial y entrega de documentos.,Typically Monday–Friday business hours; call ahead,bay|florida|benefits|SNAP|Medicaid|DCF|ACCESS|reentry,SNAP enrollment|Florida Medicaid application|TCA cash assistance|Document verification|MyACCESS portal help,Bay,Bay,single,accepts_criminal_record
55,Bradford County DCF — ACCESS Benefits & Family Support,financial-assistance,Starke / Bradford County,"The Bradford County DCF Family Resource Center / ACCESS intake office in Starke processes SNAP food assistance, Temporary Cash Assistance (TCA), and Florida Medicaid eligibility applications for residents including returning citizens reestablishing food and health benefits after release from Bradford County Jail or FDC custody. County DCF staff help verify identity and income and accept applications submitted through the MyACCESS Florida portal.","La oficina de admisión DCF / ACCESS del condado Bradford en Starke procesa solicitudes de asistencia alimentaria SNAP, Asistencia Temporal en Efectivo (TCA) y elegibilidad de Medicaid de Florida para residentes, incluidos ciudadanos que regresan que restablecen beneficios alimentarios y de salud después de salir de la cárcel del condado Bradford o de custodia FDC. El personal del condado ayuda a verificar identidad e ingresos y acepta solicitudes presentadas a través del portal MyACCESS Florida.","1000 NE 16th Avenue, Building J",Starke,352-264-6400,,https://www.myflfamilies.com/service-programs/access/apply-now,"Bradford County residents meeting income and household-size requirements for SNAP, TCA, and Florida Medicaid; criminal record generally not a barrier.","Residentes del condado Bradford que cumplan requisitos de ingresos y tamaño de hogar para SNAP, TCA y Medicaid de Florida; los antecedentes penales generalmente no son barrera.",Apply online at myaccess.myflfamilies.com; call 850-300-4323 for DCF Customer Call Center; visit the county Family Resource Center for in-person verification and document drop-off.,Solicite en myaccess.myflfamilies.com; llame al 850-300-4323; visite el Centro de Recursos Familiares del condado para verificación presencial y entrega de documentos.,Typically Monday–Friday business hours; call ahead,bradford|florida|benefits|SNAP|Medicaid|DCF|ACCESS|reentry,SNAP enrollment|Florida Medicaid application|TCA cash assistance|Document verification|MyACCESS portal help,Bradford,Bradford,single,accepts_criminal_record
56,Brevard County DCF — ACCESS Benefits & Family Support,financial-assistance,Cocoa / Brevard County,"The Brevard County DCF Family Resource Center / ACCESS intake office in Cocoa processes SNAP food assistance, Temporary Cash Assistance (TCA), and Florida Medicaid eligibility applications for residents including returning citizens reestablishing food and health benefits after release from Brevard County Jail or FDC custody. County DCF staff help verify identity and income and accept applications submitted through the MyACCESS Florida portal.","La oficina de admisión DCF / ACCESS del condado Brevard en Cocoa procesa solicitudes de asistencia alimentaria SNAP, Asistencia Temporal en Efectivo (TCA) y elegibilidad de Medicaid de Florida para residentes, incluidos ciudadanos que regresan que restablecen beneficios alimentarios y de salud después de salir de la cárcel del condado Brevard o de custodia FDC. El personal del condado ayuda a verificar identidad e ingresos y acepta solicitudes presentadas a través del portal MyACCESS Florida.","801 Dixon Boulevard, Suite 1103",Cocoa,321-633-2000,,https://www.myflfamilies.com/service-programs/access/apply-now,"Brevard County residents meeting income and household-size requirements for SNAP, TCA, and Florida Medicaid; criminal record generally not a barrier.","Residentes del condado Brevard que cumplan requisitos de ingresos y tamaño de hogar para SNAP, TCA y Medicaid de Florida; los antecedentes penales generalmente no son barrera.",Apply online at myaccess.myflfamilies.com; call 850-300-4323 for DCF Customer Call Center; visit the county Family Resource Center for in-person verification and document drop-off.,Solicite en myaccess.myflfamilies.com; llame al 850-300-4323; visite el Centro de Recursos Familiares del condado para verificación presencial y entrega de documentos.,Typically Monday–Friday business hours; call ahead,brevard|florida|benefits|SNAP|Medicaid|DCF|ACCESS|reentry,SNAP enrollment|Florida Medicaid application|TCA cash assistance|Document verification|MyACCESS portal help,Brevard,Brevard,single,accepts_criminal_record
57,Broward County DCF — ACCESS Benefits & Family Support,financial-assistance,Sunrise / Broward County,"The Broward County DCF Family Resource Center / ACCESS intake office in Sunrise processes SNAP food assistance, Temporary Cash Assistance (TCA), and Florida Medicaid eligibility applications for residents including returning citizens reestablishing food and health benefits after release from Broward County Jail or FDC custody. County DCF staff help verify identity and income and accept applications submitted through the MyACCESS Florida portal.","La oficina de admisión DCF / ACCESS del condado Broward en Sunrise procesa solicitudes de asistencia alimentaria SNAP, Asistencia Temporal en Efectivo (TCA) y elegibilidad de Medicaid de Florida para residentes, incluidos ciudadanos que regresan que restablecen beneficios alimentarios y de salud después de salir de la cárcel del condado Broward o de custodia FDC. El personal del condado ayuda a verificar identidad e ingresos y acepta solicitudes presentadas a través del portal MyACCESS Florida.",3511 N Pine Island Road,Sunrise,954-467-4700,,https://www.myflfamilies.com/service-programs/access/apply-now,"Broward County residents meeting income and household-size requirements for SNAP, TCA, and Florida Medicaid; criminal record generally not a barrier.","Residentes del condado Broward que cumplan requisitos de ingresos y tamaño de hogar para SNAP, TCA y Medicaid de Florida; los antecedentes penales generalmente no son barrera.",Apply online at myaccess.myflfamilies.com; call 850-300-4323 for DCF Customer Call Center; visit the county Family Resource Center for in-person verification and document drop-off.,Solicite en myaccess.myflfamilies.com; llame al 850-300-4323; visite el Centro de Recursos Familiares del condado para verificación presencial y entrega de documentos.,Typically Monday–Friday business hours; call ahead,broward|florida|benefits|SNAP|Medicaid|DCF|ACCESS|reentry,SNAP enrollment|Florida Medicaid application|TCA cash assistance|Document verification|MyACCESS portal help,Broward,Broward,single,accepts_criminal_record
58,Calhoun County DCF — ACCESS Benefits & Family Support,financial-assistance,Blountstown / Calhoun County,"The Calhoun County DCF Family Resource Center / ACCESS intake office in Blountstown processes SNAP food assistance, Temporary Cash Assistance (TCA), and Florida Medicaid eligibility applications for residents including returning citizens reestablishing food and health benefits after release from Calhoun County Jail or FDC custody. County DCF staff help verify identity and income and accept applications submitted through the MyACCESS Florida portal.","La oficina de admisión DCF / ACCESS del condado Calhoun en Blountstown procesa solicitudes de asistencia alimentaria SNAP, Asistencia Temporal en Efectivo (TCA) y elegibilidad de Medicaid de Florida para residentes, incluidos ciudadanos que regresan que restablecen beneficios alimentarios y de salud después de salir de la cárcel del condado Calhoun o de custodia FDC. El personal del condado ayuda a verificar identidad e ingresos y acepta solicitudes presentadas a través del portal MyACCESS Florida.",2505 West 15th Street,Blountstown,850-747-5400,,https://www.myflfamilies.com/service-programs/access/apply-now,"Calhoun County residents meeting income and household-size requirements for SNAP, TCA, and Florida Medicaid; criminal record generally not a barrier.","Residentes del condado Calhoun que cumplan requisitos de ingresos y tamaño de hogar para SNAP, TCA y Medicaid de Florida; los antecedentes penales generalmente no son barrera.",Apply online at myaccess.myflfamilies.com; call 850-300-4323 for DCF Customer Call Center; visit the county Family Resource Center for in-person verification and document drop-off.,Solicite en myaccess.myflfamilies.com; llame al 850-300-4323; visite el Centro de Recursos Familiares del condado para verificación presencial y entrega de documentos.,Typically Monday–Friday business hours; call ahead,calhoun|florida|benefits|SNAP|Medicaid|DCF|ACCESS|reentry,SNAP enrollment|Florida Medicaid application|TCA cash assistance|Document verification|MyACCESS portal help,Calhoun,Calhoun,single,accepts_criminal_record
59,Charlotte County DCF — ACCESS Benefits & Family Support,financial-assistance,Port Charlotte / Charlotte County,"The Charlotte County DCF Family Resource Center / ACCESS intake office in Port Charlotte processes SNAP food assistance, Temporary Cash Assistance (TCA), and Florida Medicaid eligibility applications for residents including returning citizens reestablishing food and health benefits after release from Charlotte County Jail or FDC custody. County DCF staff help verify identity and income and accept applications submitted through the MyACCESS Florida portal.","La oficina de admisión DCF / ACCESS del condado Charlotte en Port Charlotte procesa solicitudes de asistencia alimentaria SNAP, Asistencia Temporal en Efectivo (TCA) y elegibilidad de Medicaid de Florida para residentes, incluidos ciudadanos que regresan que restablecen beneficios alimentarios y de salud después de salir de la cárcel del condado Charlotte o de custodia FDC. El personal del condado ayuda a verificar identidad e ingresos y acepta solicitudes presentadas a través del portal MyACCESS Florida.","2295 Victoria Avenue, Room 110",Port Charlotte,866-762-2237,,https://www.myflfamilies.com/service-programs/access/apply-now,"Charlotte County residents meeting income and household-size requirements for SNAP, TCA, and Florida Medicaid; criminal record generally not a barrier.","Residentes del condado Charlotte que cumplan requisitos de ingresos y tamaño de hogar para SNAP, TCA y Medicaid de Florida; los antecedentes penales generalmente no son barrera.",Apply online at myaccess.myflfamilies.com; call 850-300-4323 for DCF Customer Call Center; visit the county Family Resource Center for in-person verification and document drop-off.,Solicite en myaccess.myflfamilies.com; llame al 850-300-4323; visite el Centro de Recursos Familiares del condado para verificación presencial y entrega de documentos.,Typically Monday–Friday business hours; call ahead,charlotte|florida|benefits|SNAP|Medicaid|DCF|ACCESS|reentry,SNAP enrollment|Florida Medicaid application|TCA cash assistance|Document verification|MyACCESS portal help,Charlotte,Charlotte,single,accepts_criminal_record
60,Citrus County DCF — ACCESS Benefits & Family Support,financial-assistance,Lecanto / Citrus County,"The Citrus County DCF Family Resource Center / ACCESS intake office in Lecanto processes SNAP food assistance, Temporary Cash Assistance (TCA), and Florida Medicaid eligibility applications for residents including returning citizens reestablishing food and health benefits after release from Citrus County Jail or FDC custody. County DCF staff help verify identity and income and accept applications submitted through the MyACCESS Florida portal.","La oficina de admisión DCF / ACCESS del condado Citrus en Lecanto procesa solicitudes de asistencia alimentaria SNAP, Asistencia Temporal en Efectivo (TCA) y elegibilidad de Medicaid de Florida para residentes, incluidos ciudadanos que regresan que restablecen beneficios alimentarios y de salud después de salir de la cárcel del condado Citrus o de custodia FDC. El personal del condado ayuda a verificar identidad e ingresos y acepta solicitudes presentadas a través del portal MyACCESS Florida.",212 S Apopka Avenue,Lecanto,352-527-5900,,https://www.myflfamilies.com/service-programs/access/apply-now,"Citrus County residents meeting income and household-size requirements for SNAP, TCA, and Florida Medicaid; criminal record generally not a barrier.","Residentes del condado Citrus que cumplan requisitos de ingresos y tamaño de hogar para SNAP, TCA y Medicaid de Florida; los antecedentes penales generalmente no son barrera.",Apply online at myaccess.myflfamilies.com; call 850-300-4323 for DCF Customer Call Center; visit the county Family Resource Center for in-person verification and document drop-off.,Solicite en myaccess.myflfamilies.com; llame al 850-300-4323; visite el Centro de Recursos Familiares del condado para verificación presencial y entrega de documentos.,Typically Monday–Friday business hours; call ahead,citrus|florida|benefits|SNAP|Medicaid|DCF|ACCESS|reentry,SNAP enrollment|Florida Medicaid application|TCA cash assistance|Document verification|MyACCESS portal help,Citrus,Citrus,single,accepts_criminal_record
61,Clay County DCF — ACCESS Benefits & Family Support,financial-assistance,Green Cove Springs / Clay County,"The Clay County DCF Family Resource Center / ACCESS intake office in Green Cove Springs processes SNAP food assistance, Temporary Cash Assistance (TCA), and Florida Medicaid eligibility applications for residents including returning citizens reestablishing food and health benefits after release from Clay County Jail or FDC custody. County DCF staff help verify identity and income and accept applications submitted through the MyACCESS Florida portal.","La oficina de admisión DCF / ACCESS del condado Clay en Green Cove Springs procesa solicitudes de asistencia alimentaria SNAP, Asistencia Temporal en Efectivo (TCA) y elegibilidad de Medicaid de Florida para residentes, incluidos ciudadanos que regresan que restablecen beneficios alimentarios y de salud después de salir de la cárcel del condado Clay o de custodia FDC. El personal del condado ayuda a verificar identidad e ingresos y acepta solicitudes presentadas a través del portal MyACCESS Florida.",5000-1 Norwood Avenue,Green Cove Springs,904-723-2000,,https://www.myflfamilies.com/service-programs/access/apply-now,"Clay County residents meeting income and household-size requirements for SNAP, TCA, and Florida Medicaid; criminal record generally not a barrier.","Residentes del condado Clay que cumplan requisitos de ingresos y tamaño de hogar para SNAP, TCA y Medicaid de Florida; los antecedentes penales generalmente no son barrera.",Apply online at myaccess.myflfamilies.com; call 850-300-4323 for DCF Customer Call Center; visit the county Family Resource Center for in-person verification and document drop-off.,Solicite en myaccess.myflfamilies.com; llame al 850-300-4323; visite el Centro de Recursos Familiares del condado para verificación presencial y entrega de documentos.,Typically Monday–Friday business hours; call ahead,clay|florida|benefits|SNAP|Medicaid|DCF|ACCESS|reentry,SNAP enrollment|Florida Medicaid application|TCA cash assistance|Document verification|MyACCESS portal help,Clay,Clay,single,accepts_criminal_record
62,Collier County DCF — ACCESS Benefits & Family Support,financial-assistance,Naples / Collier County,"The Collier County DCF Family Resource Center / ACCESS intake office in Naples processes SNAP food assistance, Temporary Cash Assistance (TCA), and Florida Medicaid eligibility applications for residents including returning citizens reestablishing food and health benefits after release from Collier County Jail or FDC custody. County DCF staff help verify identity and income and accept applications submitted through the MyACCESS Florida portal.","La oficina de admisión DCF / ACCESS del condado Collier en Naples procesa solicitudes de asistencia alimentaria SNAP, Asistencia Temporal en Efectivo (TCA) y elegibilidad de Medicaid de Florida para residentes, incluidos ciudadanos que regresan que restablecen beneficios alimentarios y de salud después de salir de la cárcel del condado Collier o de custodia FDC. El personal del condado ayuda a verificar identidad e ingresos y acepta solicitudes presentadas a través del portal MyACCESS Florida.","2295 Victoria Avenue, Room 110",Naples,239-332-6600,,https://www.myflfamilies.com/service-programs/access/apply-now,"Collier County residents meeting income and household-size requirements for SNAP, TCA, and Florida Medicaid; criminal record generally not a barrier.","Residentes del condado Collier que cumplan requisitos de ingresos y tamaño de hogar para SNAP, TCA y Medicaid de Florida; los antecedentes penales generalmente no son barrera.",Apply online at myaccess.myflfamilies.com; call 850-300-4323 for DCF Customer Call Center; visit the county Family Resource Center for in-person verification and document drop-off.,Solicite en myaccess.myflfamilies.com; llame al 850-300-4323; visite el Centro de Recursos Familiares del condado para verificación presencial y entrega de documentos.,Typically Monday–Friday business hours; call ahead,collier|florida|benefits|SNAP|Medicaid|DCF|ACCESS|reentry,SNAP enrollment|Florida Medicaid application|TCA cash assistance|Document verification|MyACCESS portal help,Collier,Collier,single,accepts_criminal_record
63,Columbia County DCF — ACCESS Benefits & Family Support,financial-assistance,Lake City / Columbia County,"The Columbia County DCF Family Resource Center / ACCESS intake office in Lake City processes SNAP food assistance, Temporary Cash Assistance (TCA), and Florida Medicaid eligibility applications for residents including returning citizens reestablishing food and health benefits after release from Columbia County Jail or FDC custody. County DCF staff help verify identity and income and accept applications submitted through the MyACCESS Florida portal.","La oficina de admisión DCF / ACCESS del condado Columbia en Lake City procesa solicitudes de asistencia alimentaria SNAP, Asistencia Temporal en Efectivo (TCA) y elegibilidad de Medicaid de Florida para residentes, incluidos ciudadanos que regresan que restablecen beneficios alimentarios y de salud después de salir de la cárcel del condado Columbia o de custodia FDC. El personal del condado ayuda a verificar identidad e ingresos y acepta solicitudes presentadas a través del portal MyACCESS Florida.","1000 NE 16th Avenue, Building J",Lake City,386-719-6200,,https://www.myflfamilies.com/service-programs/access/apply-now,"Columbia County residents meeting income and household-size requirements for SNAP, TCA, and Florida Medicaid; criminal record generally not a barrier.","Residentes del condado Columbia que cumplan requisitos de ingresos y tamaño de hogar para SNAP, TCA y Medicaid de Florida; los antecedentes penales generalmente no son barrera.",Apply online at myaccess.myflfamilies.com; call 850-300-4323 for DCF Customer Call Center; visit the county Family Resource Center for in-person verification and document drop-off.,Solicite en myaccess.myflfamilies.com; llame al 850-300-4323; visite el Centro de Recursos Familiares del condado para verificación presencial y entrega de documentos.,Typically Monday–Friday business hours; call ahead,columbia|florida|benefits|SNAP|Medicaid|DCF|ACCESS|reentry,SNAP enrollment|Florida Medicaid application|TCA cash assistance|Document verification|MyACCESS portal help,Columbia,Columbia,single,accepts_criminal_record
64,DeSoto County DCF — ACCESS Benefits & Family Support,financial-assistance,Arcadia / DeSoto County,"The DeSoto County DCF Family Resource Center / ACCESS intake office in Arcadia processes SNAP food assistance, Temporary Cash Assistance (TCA), and Florida Medicaid eligibility applications for residents including returning citizens reestablishing food and health benefits after release from DeSoto County Jail or FDC custody. County DCF staff help verify identity and income and accept applications submitted through the MyACCESS Florida portal.","La oficina de admisión DCF / ACCESS del condado DeSoto en Arcadia procesa solicitudes de asistencia alimentaria SNAP, Asistencia Temporal en Efectivo (TCA) y elegibilidad de Medicaid de Florida para residentes, incluidos ciudadanos que regresan que restablecen beneficios alimentarios y de salud después de salir de la cárcel del condado DeSoto o de custodia FDC. El personal del condado ayuda a verificar identidad e ingresos y acepta solicitudes presentadas a través del portal MyACCESS Florida.","2295 Victoria Avenue, Room 110",Arcadia,863-993-4600,,https://www.myflfamilies.com/service-programs/access/apply-now,"DeSoto County residents meeting income and household-size requirements for SNAP, TCA, and Florida Medicaid; criminal record generally not a barrier.","Residentes del condado DeSoto que cumplan requisitos de ingresos y tamaño de hogar para SNAP, TCA y Medicaid de Florida; los antecedentes penales generalmente no son barrera.",Apply online at myaccess.myflfamilies.com; call 850-300-4323 for DCF Customer Call Center; visit the county Family Resource Center for in-person verification and document drop-off.,Solicite en myaccess.myflfamilies.com; llame al 850-300-4323; visite el Centro de Recursos Familiares del condado para verificación presencial y entrega de documentos.,Typically Monday–Friday business hours; call ahead,desoto|florida|benefits|SNAP|Medicaid|DCF|ACCESS|reentry,SNAP enrollment|Florida Medicaid application|TCA cash assistance|Document verification|MyACCESS portal help,DeSoto,DeSoto,single,accepts_criminal_record
65,Dixie County DCF — ACCESS Benefits & Family Support,financial-assistance,Cross City / Dixie County,"The Dixie County DCF Family Resource Center / ACCESS intake office in Cross City processes SNAP food assistance, Temporary Cash Assistance (TCA), and Florida Medicaid eligibility applications for residents including returning citizens reestablishing food and health benefits after release from Dixie County Jail or FDC custody. County DCF staff help verify identity and income and accept applications submitted through the MyACCESS Florida portal.","La oficina de admisión DCF / ACCESS del condado Dixie en Cross City procesa solicitudes de asistencia alimentaria SNAP, Asistencia Temporal en Efectivo (TCA) y elegibilidad de Medicaid de Florida para residentes, incluidos ciudadanos que regresan que restablecen beneficios alimentarios y de salud después de salir de la cárcel del condado Dixie o de custodia FDC. El personal del condado ayuda a verificar identidad e ingresos y acepta solicitudes presentadas a través del portal MyACCESS Florida.","1000 NE 16th Avenue, Building J",Cross City,352-264-6400,,https://www.myflfamilies.com/service-programs/access/apply-now,"Dixie County residents meeting income and household-size requirements for SNAP, TCA, and Florida Medicaid; criminal record generally not a barrier.","Residentes del condado Dixie que cumplan requisitos de ingresos y tamaño de hogar para SNAP, TCA y Medicaid de Florida; los antecedentes penales generalmente no son barrera.",Apply online at myaccess.myflfamilies.com; call 850-300-4323 for DCF Customer Call Center; visit the county Family Resource Center for in-person verification and document drop-off.,Solicite en myaccess.myflfamilies.com; llame al 850-300-4323; visite el Centro de Recursos Familiares del condado para verificación presencial y entrega de documentos.,Typically Monday–Friday business hours; call ahead,dixie|florida|benefits|SNAP|Medicaid|DCF|ACCESS|reentry,SNAP enrollment|Florida Medicaid application|TCA cash assistance|Document verification|MyACCESS portal help,Dixie,Dixie,single,accepts_criminal_record
66,Duval County DCF — ACCESS Benefits & Family Support,financial-assistance,Jacksonville / Duval County,"The Duval County DCF Family Resource Center / ACCESS intake office in Jacksonville processes SNAP food assistance, Temporary Cash Assistance (TCA), and Florida Medicaid eligibility applications for residents including returning citizens reestablishing food and health benefits after release from Duval County Jail or FDC custody. County DCF staff help verify identity and income and accept applications submitted through the MyACCESS Florida portal.","La oficina de admisión DCF / ACCESS del condado Duval en Jacksonville procesa solicitudes de asistencia alimentaria SNAP, Asistencia Temporal en Efectivo (TCA) y elegibilidad de Medicaid de Florida para residentes, incluidos ciudadanos que regresan que restablecen beneficios alimentarios y de salud después de salir de la cárcel del condado Duval o de custodia FDC. El personal del condado ayuda a verificar identidad e ingresos y acepta solicitudes presentadas a través del portal MyACCESS Florida.",5000-1 Norwood Avenue,Jacksonville,904-723-2000,,https://www.myflfamilies.com/service-programs/access/apply-now,"Duval County residents meeting income and household-size requirements for SNAP, TCA, and Florida Medicaid; criminal record generally not a barrier.","Residentes del condado Duval que cumplan requisitos de ingresos y tamaño de hogar para SNAP, TCA y Medicaid de Florida; los antecedentes penales generalmente no son barrera.",Apply online at myaccess.myflfamilies.com; call 850-300-4323 for DCF Customer Call Center; visit the county Family Resource Center for in-person verification and document drop-off.,Solicite en myaccess.myflfamilies.com; llame al 850-300-4323; visite el Centro de Recursos Familiares del condado para verificación presencial y entrega de documentos.,Typically Monday–Friday business hours; call ahead,duval|florida|benefits|SNAP|Medicaid|DCF|ACCESS|reentry,SNAP enrollment|Florida Medicaid application|TCA cash assistance|Document verification|MyACCESS portal help,Duval,Duval,single,accepts_criminal_record
67,Escambia County DCF — ACCESS Benefits & Family Support,financial-assistance,Pensacola / Escambia County,"The Escambia County DCF Family Resource Center / ACCESS intake office in Pensacola processes SNAP food assistance, Temporary Cash Assistance (TCA), and Florida Medicaid eligibility applications for residents including returning citizens reestablishing food and health benefits after release from Escambia County Jail or FDC custody. County DCF staff help verify identity and income and accept applications submitted through the MyACCESS Florida portal.","La oficina de admisión DCF / ACCESS del condado Escambia en Pensacola procesa solicitudes de asistencia alimentaria SNAP, Asistencia Temporal en Efectivo (TCA) y elegibilidad de Medicaid de Florida para residentes, incluidos ciudadanos que regresan que restablecen beneficios alimentarios y de salud después de salir de la cárcel del condado Escambia o de custodia FDC. El personal del condado ayuda a verificar identidad e ingresos y acepta solicitudes presentadas a través del portal MyACCESS Florida.","33 Brent Lane, Suite 103",Pensacola,850-595-8900,,https://www.myflfamilies.com/service-programs/access/apply-now,"Escambia County residents meeting income and household-size requirements for SNAP, TCA, and Florida Medicaid; criminal record generally not a barrier.","Residentes del condado Escambia que cumplan requisitos de ingresos y tamaño de hogar para SNAP, TCA y Medicaid de Florida; los antecedentes penales generalmente no son barrera.",Apply online at myaccess.myflfamilies.com; call 850-300-4323 for DCF Customer Call Center; visit the county Family Resource Center for in-person verification and document drop-off.,Solicite en myaccess.myflfamilies.com; llame al 850-300-4323; visite el Centro de Recursos Familiares del condado para verificación presencial y entrega de documentos.,Typically Monday–Friday business hours; call ahead,escambia|florida|benefits|SNAP|Medicaid|DCF|ACCESS|reentry,SNAP enrollment|Florida Medicaid application|TCA cash assistance|Document verification|MyACCESS portal help,Escambia,Escambia,single,accepts_criminal_record
68,Flagler County DCF — ACCESS Benefits & Family Support,financial-assistance,Bunnell / Flagler County,"The Flagler County DCF Family Resource Center / ACCESS intake office in Bunnell processes SNAP food assistance, Temporary Cash Assistance (TCA), and Florida Medicaid eligibility applications for residents including returning citizens reestablishing food and health benefits after release from Flagler County Jail or FDC custody. County DCF staff help verify identity and income and accept applications submitted through the MyACCESS Florida portal.","La oficina de admisión DCF / ACCESS del condado Flagler en Bunnell procesa solicitudes de asistencia alimentaria SNAP, Asistencia Temporal en Efectivo (TCA) y elegibilidad de Medicaid de Florida para residentes, incluidos ciudadanos que regresan que restablecen beneficios alimentarios y de salud después de salir de la cárcel del condado Flagler o de custodia FDC. El personal del condado ayuda a verificar identidad e ingresos y acepta solicitudes presentadas a través del portal MyACCESS Florida.",5000-1 Norwood Avenue,Bunnell,904-723-2000,,https://www.myflfamilies.com/service-programs/access/apply-now,"Flagler County residents meeting income and household-size requirements for SNAP, TCA, and Florida Medicaid; criminal record generally not a barrier.","Residentes del condado Flagler que cumplan requisitos de ingresos y tamaño de hogar para SNAP, TCA y Medicaid de Florida; los antecedentes penales generalmente no son barrera.",Apply online at myaccess.myflfamilies.com; call 850-300-4323 for DCF Customer Call Center; visit the county Family Resource Center for in-person verification and document drop-off.,Solicite en myaccess.myflfamilies.com; llame al 850-300-4323; visite el Centro de Recursos Familiares del condado para verificación presencial y entrega de documentos.,Typically Monday–Friday business hours; call ahead,flagler|florida|benefits|SNAP|Medicaid|DCF|ACCESS|reentry,SNAP enrollment|Florida Medicaid application|TCA cash assistance|Document verification|MyACCESS portal help,Flagler,Flagler,single,accepts_criminal_record
69,Franklin County DCF — ACCESS Benefits & Family Support,financial-assistance,Apalachicola / Franklin County,"The Franklin County DCF Family Resource Center / ACCESS intake office in Apalachicola processes SNAP food assistance, Temporary Cash Assistance (TCA), and Florida Medicaid eligibility applications for residents including returning citizens reestablishing food and health benefits after release from Franklin County Jail or FDC custody. County DCF staff help verify identity and income and accept applications submitted through the MyACCESS Florida portal.","La oficina de admisión DCF / ACCESS del condado Franklin en Apalachicola procesa solicitudes de asistencia alimentaria SNAP, Asistencia Temporal en Efectivo (TCA) y elegibilidad de Medicaid de Florida para residentes, incluidos ciudadanos que regresan que restablecen beneficios alimentarios y de salud después de salir de la cárcel del condado Franklin o de custodia FDC. El personal del condado ayuda a verificar identidad e ingresos y acepta solicitudes presentadas a través del portal MyACCESS Florida.",2505 West 15th Street,Apalachicola,850-747-5400,,https://www.myflfamilies.com/service-programs/access/apply-now,"Franklin County residents meeting income and household-size requirements for SNAP, TCA, and Florida Medicaid; criminal record generally not a barrier.","Residentes del condado Franklin que cumplan requisitos de ingresos y tamaño de hogar para SNAP, TCA y Medicaid de Florida; los antecedentes penales generalmente no son barrera.",Apply online at myaccess.myflfamilies.com; call 850-300-4323 for DCF Customer Call Center; visit the county Family Resource Center for in-person verification and document drop-off.,Solicite en myaccess.myflfamilies.com; llame al 850-300-4323; visite el Centro de Recursos Familiares del condado para verificación presencial y entrega de documentos.,Typically Monday–Friday business hours; call ahead,franklin|florida|benefits|SNAP|Medicaid|DCF|ACCESS|reentry,SNAP enrollment|Florida Medicaid application|TCA cash assistance|Document verification|MyACCESS portal help,Franklin,Franklin,single,accepts_criminal_record
70,Gadsden County DCF — ACCESS Benefits & Family Support,financial-assistance,Quincy / Gadsden County,"The Gadsden County DCF Family Resource Center / ACCESS intake office in Quincy processes SNAP food assistance, Temporary Cash Assistance (TCA), and Florida Medicaid eligibility applications for residents including returning citizens reestablishing food and health benefits after release from Gadsden County Jail or FDC custody. County DCF staff help verify identity and income and accept applications submitted through the MyACCESS Florida portal.","La oficina de admisión DCF / ACCESS del condado Gadsden en Quincy procesa solicitudes de asistencia alimentaria SNAP, Asistencia Temporal en Efectivo (TCA) y elegibilidad de Medicaid de Florida para residentes, incluidos ciudadanos que regresan que restablecen beneficios alimentarios y de salud después de salir de la cárcel del condado Gadsden o de custodia FDC. El personal del condado ayuda a verificar identidad e ingresos y acepta solicitudes presentadas a través del portal MyACCESS Florida.","2810 Sharer Road, Unit 24",Quincy,850-921-8400,,https://www.myflfamilies.com/service-programs/access/apply-now,"Gadsden County residents meeting income and household-size requirements for SNAP, TCA, and Florida Medicaid; criminal record generally not a barrier.","Residentes del condado Gadsden que cumplan requisitos de ingresos y tamaño de hogar para SNAP, TCA y Medicaid de Florida; los antecedentes penales generalmente no son barrera.",Apply online at myaccess.myflfamilies.com; call 850-300-4323 for DCF Customer Call Center; visit the county Family Resource Center for in-person verification and document drop-off.,Solicite en myaccess.myflfamilies.com; llame al 850-300-4323; visite el Centro de Recursos Familiares del condado para verificación presencial y entrega de documentos.,Typically Monday–Friday business hours; call ahead,gadsden|florida|benefits|SNAP|Medicaid|DCF|ACCESS|reentry,SNAP enrollment|Florida Medicaid application|TCA cash assistance|Document verification|MyACCESS portal help,Gadsden,Gadsden,single,accepts_criminal_record
71,Gilchrist County DCF — ACCESS Benefits & Family Support,financial-assistance,Trenton / Gilchrist County,"The Gilchrist County DCF Family Resource Center / ACCESS intake office in Trenton processes SNAP food assistance, Temporary Cash Assistance (TCA), and Florida Medicaid eligibility applications for residents including returning citizens reestablishing food and health benefits after release from Gilchrist County Jail or FDC custody. County DCF staff help verify identity and income and accept applications submitted through the MyACCESS Florida portal.","La oficina de admisión DCF / ACCESS del condado Gilchrist en Trenton procesa solicitudes de asistencia alimentaria SNAP, Asistencia Temporal en Efectivo (TCA) y elegibilidad de Medicaid de Florida para residentes, incluidos ciudadanos que regresan que restablecen beneficios alimentarios y de salud después de salir de la cárcel del condado Gilchrist o de custodia FDC. El personal del condado ayuda a verificar identidad e ingresos y acepta solicitudes presentadas a través del portal MyACCESS Florida.","1000 NE 16th Avenue, Building J",Trenton,352-264-6400,,https://www.myflfamilies.com/service-programs/access/apply-now,"Gilchrist County residents meeting income and household-size requirements for SNAP, TCA, and Florida Medicaid; criminal record generally not a barrier.","Residentes del condado Gilchrist que cumplan requisitos de ingresos y tamaño de hogar para SNAP, TCA y Medicaid de Florida; los antecedentes penales generalmente no son barrera.",Apply online at myaccess.myflfamilies.com; call 850-300-4323 for DCF Customer Call Center; visit the county Family Resource Center for in-person verification and document drop-off.,Solicite en myaccess.myflfamilies.com; llame al 850-300-4323; visite el Centro de Recursos Familiares del condado para verificación presencial y entrega de documentos.,Typically Monday–Friday business hours; call ahead,gilchrist|florida|benefits|SNAP|Medicaid|DCF|ACCESS|reentry,SNAP enrollment|Florida Medicaid application|TCA cash assistance|Document verification|MyACCESS portal help,Gilchrist,Gilchrist,single,accepts_criminal_record
72,Glades County DCF — ACCESS Benefits & Family Support,financial-assistance,Moore Haven / Glades County,"The Glades County DCF Family Resource Center / ACCESS intake office in Moore Haven processes SNAP food assistance, Temporary Cash Assistance (TCA), and Florida Medicaid eligibility applications for residents including returning citizens reestablishing food and health benefits after release from Glades County Jail or FDC custody. County DCF staff help verify identity and income and accept applications submitted through the MyACCESS Florida portal.","La oficina de admisión DCF / ACCESS del condado Glades en Moore Haven procesa solicitudes de asistencia alimentaria SNAP, Asistencia Temporal en Efectivo (TCA) y elegibilidad de Medicaid de Florida para residentes, incluidos ciudadanos que regresan que restablecen beneficios alimentarios y de salud después de salir de la cárcel del condado Glades o de custodia FDC. El personal del condado ayuda a verificar identidad e ingresos y acepta solicitudes presentadas a través del portal MyACCESS Florida.","2295 Victoria Avenue, Room 110",Moore Haven,863-993-4600,,https://www.myflfamilies.com/service-programs/access/apply-now,"Glades County residents meeting income and household-size requirements for SNAP, TCA, and Florida Medicaid; criminal record generally not a barrier.","Residentes del condado Glades que cumplan requisitos de ingresos y tamaño de hogar para SNAP, TCA y Medicaid de Florida; los antecedentes penales generalmente no son barrera.",Apply online at myaccess.myflfamilies.com; call 850-300-4323 for DCF Customer Call Center; visit the county Family Resource Center for in-person verification and document drop-off.,Solicite en myaccess.myflfamilies.com; llame al 850-300-4323; visite el Centro de Recursos Familiares del condado para verificación presencial y entrega de documentos.,Typically Monday–Friday business hours; call ahead,glades|florida|benefits|SNAP|Medicaid|DCF|ACCESS|reentry,SNAP enrollment|Florida Medicaid application|TCA cash assistance|Document verification|MyACCESS portal help,Glades,Glades,single,accepts_criminal_record
73,Gulf County DCF — ACCESS Benefits & Family Support,financial-assistance,Port St. Joe / Gulf County,"The Gulf County DCF Family Resource Center / ACCESS intake office in Port St. Joe processes SNAP food assistance, Temporary Cash Assistance (TCA), and Florida Medicaid eligibility applications for residents including returning citizens reestablishing food and health benefits after release from Gulf County Jail or FDC custody. County DCF staff help verify identity and income and accept applications submitted through the MyACCESS Florida portal.","La oficina de admisión DCF / ACCESS del condado Gulf en Port St. Joe procesa solicitudes de asistencia alimentaria SNAP, Asistencia Temporal en Efectivo (TCA) y elegibilidad de Medicaid de Florida para residentes, incluidos ciudadanos que regresan que restablecen beneficios alimentarios y de salud después de salir de la cárcel del condado Gulf o de custodia FDC. El personal del condado ayuda a verificar identidad e ingresos y acepta solicitudes presentadas a través del portal MyACCESS Florida.",2505 West 15th Street,Port St. Joe,850-747-5400,,https://www.myflfamilies.com/service-programs/access/apply-now,"Gulf County residents meeting income and household-size requirements for SNAP, TCA, and Florida Medicaid; criminal record generally not a barrier.","Residentes del condado Gulf que cumplan requisitos de ingresos y tamaño de hogar para SNAP, TCA y Medicaid de Florida; los antecedentes penales generalmente no son barrera.",Apply online at myaccess.myflfamilies.com; call 850-300-4323 for DCF Customer Call Center; visit the county Family Resource Center for in-person verification and document drop-off.,Solicite en myaccess.myflfamilies.com; llame al 850-300-4323; visite el Centro de Recursos Familiares del condado para verificación presencial y entrega de documentos.,Typically Monday–Friday business hours; call ahead,gulf|florida|benefits|SNAP|Medicaid|DCF|ACCESS|reentry,SNAP enrollment|Florida Medicaid application|TCA cash assistance|Document verification|MyACCESS portal help,Gulf,Gulf,single,accepts_criminal_record
74,Hamilton County DCF — ACCESS Benefits & Family Support,financial-assistance,Jasper / Hamilton County,"The Hamilton County DCF Family Resource Center / ACCESS intake office in Jasper processes SNAP food assistance, Temporary Cash Assistance (TCA), and Florida Medicaid eligibility applications for residents including returning citizens reestablishing food and health benefits after release from Hamilton County Jail or FDC custody. County DCF staff help verify identity and income and accept applications submitted through the MyACCESS Florida portal.","La oficina de admisión DCF / ACCESS del condado Hamilton en Jasper procesa solicitudes de asistencia alimentaria SNAP, Asistencia Temporal en Efectivo (TCA) y elegibilidad de Medicaid de Florida para residentes, incluidos ciudadanos que regresan que restablecen beneficios alimentarios y de salud después de salir de la cárcel del condado Hamilton o de custodia FDC. El personal del condado ayuda a verificar identidad e ingresos y acepta solicitudes presentadas a través del portal MyACCESS Florida.","1000 NE 16th Avenue, Building J",Jasper,386-719-6200,,https://www.myflfamilies.com/service-programs/access/apply-now,"Hamilton County residents meeting income and household-size requirements for SNAP, TCA, and Florida Medicaid; criminal record generally not a barrier.","Residentes del condado Hamilton que cumplan requisitos de ingresos y tamaño de hogar para SNAP, TCA y Medicaid de Florida; los antecedentes penales generalmente no son barrera.",Apply online at myaccess.myflfamilies.com; call 850-300-4323 for DCF Customer Call Center; visit the county Family Resource Center for in-person verification and document drop-off.,Solicite en myaccess.myflfamilies.com; llame al 850-300-4323; visite el Centro de Recursos Familiares del condado para verificación presencial y entrega de documentos.,Typically Monday–Friday business hours; call ahead,hamilton|florida|benefits|SNAP|Medicaid|DCF|ACCESS|reentry,SNAP enrollment|Florida Medicaid application|TCA cash assistance|Document verification|MyACCESS portal help,Hamilton,Hamilton,single,accepts_criminal_record
75,Hardee County DCF — ACCESS Benefits & Family Support,financial-assistance,Wauchula / Hardee County,"The Hardee County DCF Family Resource Center / ACCESS intake office in Wauchula processes SNAP food assistance, Temporary Cash Assistance (TCA), and Florida Medicaid eligibility applications for residents including returning citizens reestablishing food and health benefits after release from Hardee County Jail or FDC custody. County DCF staff help verify identity and income and accept applications submitted through the MyACCESS Florida portal.","La oficina de admisión DCF / ACCESS del condado Hardee en Wauchula procesa solicitudes de asistencia alimentaria SNAP, Asistencia Temporal en Efectivo (TCA) y elegibilidad de Medicaid de Florida para residentes, incluidos ciudadanos que regresan que restablecen beneficios alimentarios y de salud después de salir de la cárcel del condado Hardee o de custodia FDC. El personal del condado ayuda a verificar identidad e ingresos y acepta solicitudes presentadas a través del portal MyACCESS Florida.",9393 North Florida Avenue,Wauchula,813-558-5500,,https://www.myflfamilies.com/service-programs/access/apply-now,"Hardee County residents meeting income and household-size requirements for SNAP, TCA, and Florida Medicaid; criminal record generally not a barrier.","Residentes del condado Hardee que cumplan requisitos de ingresos y tamaño de hogar para SNAP, TCA y Medicaid de Florida; los antecedentes penales generalmente no son barrera.",Apply online at myaccess.myflfamilies.com; call 850-300-4323 for DCF Customer Call Center; visit the county Family Resource Center for in-person verification and document drop-off.,Solicite en myaccess.myflfamilies.com; llame al 850-300-4323; visite el Centro de Recursos Familiares del condado para verificación presencial y entrega de documentos.,Typically Monday–Friday business hours; call ahead,hardee|florida|benefits|SNAP|Medicaid|DCF|ACCESS|reentry,SNAP enrollment|Florida Medicaid application|TCA cash assistance|Document verification|MyACCESS portal help,Hardee,Hardee,single,accepts_criminal_record
76,Hendry County DCF — ACCESS Benefits & Family Support,financial-assistance,LaBelle / Hendry County,"The Hendry County DCF Family Resource Center / ACCESS intake office in LaBelle processes SNAP food assistance, Temporary Cash Assistance (TCA), and Florida Medicaid eligibility applications for residents including returning citizens reestablishing food and health benefits after release from Hendry County Jail or FDC custody. County DCF staff help verify identity and income and accept applications submitted through the MyACCESS Florida portal.","La oficina de admisión DCF / ACCESS del condado Hendry en LaBelle procesa solicitudes de asistencia alimentaria SNAP, Asistencia Temporal en Efectivo (TCA) y elegibilidad de Medicaid de Florida para residentes, incluidos ciudadanos que regresan que restablecen beneficios alimentarios y de salud después de salir de la cárcel del condado Hendry o de custodia FDC. El personal del condado ayuda a verificar identidad e ingresos y acepta solicitudes presentadas a través del portal MyACCESS Florida.","2295 Victoria Avenue, Room 110",LaBelle,863-993-4600,,https://www.myflfamilies.com/service-programs/access/apply-now,"Hendry County residents meeting income and household-size requirements for SNAP, TCA, and Florida Medicaid; criminal record generally not a barrier.","Residentes del condado Hendry que cumplan requisitos de ingresos y tamaño de hogar para SNAP, TCA y Medicaid de Florida; los antecedentes penales generalmente no son barrera.",Apply online at myaccess.myflfamilies.com; call 850-300-4323 for DCF Customer Call Center; visit the county Family Resource Center for in-person verification and document drop-off.,Solicite en myaccess.myflfamilies.com; llame al 850-300-4323; visite el Centro de Recursos Familiares del condado para verificación presencial y entrega de documentos.,Typically Monday–Friday business hours; call ahead,hendry|florida|benefits|SNAP|Medicaid|DCF|ACCESS|reentry,SNAP enrollment|Florida Medicaid application|TCA cash assistance|Document verification|MyACCESS portal help,Hendry,Hendry,single,accepts_criminal_record
77,Hernando County DCF — ACCESS Benefits & Family Support,financial-assistance,Brooksville / Hernando County,"The Hernando County DCF Family Resource Center / ACCESS intake office in Brooksville processes SNAP food assistance, Temporary Cash Assistance (TCA), and Florida Medicaid eligibility applications for residents including returning citizens reestablishing food and health benefits after release from Hernando County Jail or FDC custody. County DCF staff help verify identity and income and accept applications submitted through the MyACCESS Florida portal.","La oficina de admisión DCF / ACCESS del condado Hernando en Brooksville procesa solicitudes de asistencia alimentaria SNAP, Asistencia Temporal en Efectivo (TCA) y elegibilidad de Medicaid de Florida para residentes, incluidos ciudadanos que regresan que restablecen beneficios alimentarios y de salud después de salir de la cárcel del condado Hernando o de custodia FDC. El personal del condado ayuda a verificar identidad e ingresos y acepta solicitudes presentadas a través del portal MyACCESS Florida.",9393 North Florida Avenue,Brooksville,352-796-6640,,https://www.myflfamilies.com/service-programs/access/apply-now,"Hernando County residents meeting income and household-size requirements for SNAP, TCA, and Florida Medicaid; criminal record generally not a barrier.","Residentes del condado Hernando que cumplan requisitos de ingresos y tamaño de hogar para SNAP, TCA y Medicaid de Florida; los antecedentes penales generalmente no son barrera.",Apply online at myaccess.myflfamilies.com; call 850-300-4323 for DCF Customer Call Center; visit the county Family Resource Center for in-person verification and document drop-off.,Solicite en myaccess.myflfamilies.com; llame al 850-300-4323; visite el Centro de Recursos Familiares del condado para verificación presencial y entrega de documentos.,Typically Monday–Friday business hours; call ahead,hernando|florida|benefits|SNAP|Medicaid|DCF|ACCESS|reentry,SNAP enrollment|Florida Medicaid application|TCA cash assistance|Document verification|MyACCESS portal help,Hernando,Hernando,single,accepts_criminal_record
78,Highlands County DCF — ACCESS Benefits & Family Support,financial-assistance,Sebring / Highlands County,"The Highlands County DCF Family Resource Center / ACCESS intake office in Sebring processes SNAP food assistance, Temporary Cash Assistance (TCA), and Florida Medicaid eligibility applications for residents including returning citizens reestablishing food and health benefits after release from Highlands County Jail or FDC custody. County DCF staff help verify identity and income and accept applications submitted through the MyACCESS Florida portal.","La oficina de admisión DCF / ACCESS del condado Highlands en Sebring procesa solicitudes de asistencia alimentaria SNAP, Asistencia Temporal en Efectivo (TCA) y elegibilidad de Medicaid de Florida para residentes, incluidos ciudadanos que regresan que restablecen beneficios alimentarios y de salud después de salir de la cárcel del condado Highlands o de custodia FDC. El personal del condado ayuda a verificar identidad e ingresos y acepta solicitudes presentadas a través del portal MyACCESS Florida.",9393 North Florida Avenue,Sebring,863-471-5500,,https://www.myflfamilies.com/service-programs/access/apply-now,"Highlands County residents meeting income and household-size requirements for SNAP, TCA, and Florida Medicaid; criminal record generally not a barrier.","Residentes del condado Highlands que cumplan requisitos de ingresos y tamaño de hogar para SNAP, TCA y Medicaid de Florida; los antecedentes penales generalmente no son barrera.",Apply online at myaccess.myflfamilies.com; call 850-300-4323 for DCF Customer Call Center; visit the county Family Resource Center for in-person verification and document drop-off.,Solicite en myaccess.myflfamilies.com; llame al 850-300-4323; visite el Centro de Recursos Familiares del condado para verificación presencial y entrega de documentos.,Typically Monday–Friday business hours; call ahead,highlands|florida|benefits|SNAP|Medicaid|DCF|ACCESS|reentry,SNAP enrollment|Florida Medicaid application|TCA cash assistance|Document verification|MyACCESS portal help,Highlands,Highlands,single,accepts_criminal_record
79,Hillsborough County DCF — ACCESS Benefits & Family Support,financial-assistance,Tampa / Hillsborough County,"The Hillsborough County DCF Family Resource Center / ACCESS intake office in Tampa processes SNAP food assistance, Temporary Cash Assistance (TCA), and Florida Medicaid eligibility applications for residents including returning citizens reestablishing food and health benefits after release from Hillsborough County Jail or FDC custody. County DCF staff help verify identity and income and accept applications submitted through the MyACCESS Florida portal.","La oficina de admisión DCF / ACCESS del condado Hillsborough en Tampa procesa solicitudes de asistencia alimentaria SNAP, Asistencia Temporal en Efectivo (TCA) y elegibilidad de Medicaid de Florida para residentes, incluidos ciudadanos que regresan que restablecen beneficios alimentarios y de salud después de salir de la cárcel del condado Hillsborough o de custodia FDC. El personal del condado ayuda a verificar identidad e ingresos y acepta solicitudes presentadas a través del portal MyACCESS Florida.",9393 North Florida Avenue,Tampa,813-558-5500,,https://www.myflfamilies.com/service-programs/access/apply-now,"Hillsborough County residents meeting income and household-size requirements for SNAP, TCA, and Florida Medicaid; criminal record generally not a barrier.","Residentes del condado Hillsborough que cumplan requisitos de ingresos y tamaño de hogar para SNAP, TCA y Medicaid de Florida; los antecedentes penales generalmente no son barrera.",Apply online at myaccess.myflfamilies.com; call 850-300-4323 for DCF Customer Call Center; visit the county Family Resource Center for in-person verification and document drop-off.,Solicite en myaccess.myflfamilies.com; llame al 850-300-4323; visite el Centro de Recursos Familiares del condado para verificación presencial y entrega de documentos.,Typically Monday–Friday business hours; call ahead,hillsborough|florida|benefits|SNAP|Medicaid|DCF|ACCESS|reentry,SNAP enrollment|Florida Medicaid application|TCA cash assistance|Document verification|MyACCESS portal help,Hillsborough,Hillsborough,single,accepts_criminal_record
80,Holmes County DCF — ACCESS Benefits & Family Support,financial-assistance,Bonifay / Holmes County,"The Holmes County DCF Family Resource Center / ACCESS intake office in Bonifay processes SNAP food assistance, Temporary Cash Assistance (TCA), and Florida Medicaid eligibility applications for residents including returning citizens reestablishing food and health benefits after release from Holmes County Jail or FDC custody. County DCF staff help verify identity and income and accept applications submitted through the MyACCESS Florida portal.","La oficina de admisión DCF / ACCESS del condado Holmes en Bonifay procesa solicitudes de asistencia alimentaria SNAP, Asistencia Temporal en Efectivo (TCA) y elegibilidad de Medicaid de Florida para residentes, incluidos ciudadanos que regresan que restablecen beneficios alimentarios y de salud después de salir de la cárcel del condado Holmes o de custodia FDC. El personal del condado ayuda a verificar identidad e ingresos y acepta solicitudes presentadas a través del portal MyACCESS Florida.",2505 West 15th Street,Bonifay,850-747-5400,,https://www.myflfamilies.com/service-programs/access/apply-now,"Holmes County residents meeting income and household-size requirements for SNAP, TCA, and Florida Medicaid; criminal record generally not a barrier.","Residentes del condado Holmes que cumplan requisitos de ingresos y tamaño de hogar para SNAP, TCA y Medicaid de Florida; los antecedentes penales generalmente no son barrera.",Apply online at myaccess.myflfamilies.com; call 850-300-4323 for DCF Customer Call Center; visit the county Family Resource Center for in-person verification and document drop-off.,Solicite en myaccess.myflfamilies.com; llame al 850-300-4323; visite el Centro de Recursos Familiares del condado para verificación presencial y entrega de documentos.,Typically Monday–Friday business hours; call ahead,holmes|florida|benefits|SNAP|Medicaid|DCF|ACCESS|reentry,SNAP enrollment|Florida Medicaid application|TCA cash assistance|Document verification|MyACCESS portal help,Holmes,Holmes,single,accepts_criminal_record
81,Indian River County DCF — ACCESS Benefits & Family Support,financial-assistance,Vero Beach / Indian River County,"The Indian River County DCF Family Resource Center / ACCESS intake office in Vero Beach processes SNAP food assistance, Temporary Cash Assistance (TCA), and Florida Medicaid eligibility applications for residents including returning citizens reestablishing food and health benefits after release from Indian River County Jail or FDC custody. County DCF staff help verify identity and income and accept applications submitted through the MyACCESS Florida portal.","La oficina de admisión DCF / ACCESS del condado Indian River en Vero Beach procesa solicitudes de asistencia alimentaria SNAP, Asistencia Temporal en Efectivo (TCA) y elegibilidad de Medicaid de Florida para residentes, incluidos ciudadanos que regresan que restablecen beneficios alimentarios y de salud después de salir de la cárcel del condado Indian River o de custodia FDC. El personal del condado ayuda a verificar identidad e ingresos y acepta solicitudes presentadas a través del portal MyACCESS Florida.","801 Dixon Boulevard, Suite 1103",Vero Beach,772-778-5600,,https://www.myflfamilies.com/service-programs/access/apply-now,"Indian River County residents meeting income and household-size requirements for SNAP, TCA, and Florida Medicaid; criminal record generally not a barrier.","Residentes del condado Indian River que cumplan requisitos de ingresos y tamaño de hogar para SNAP, TCA y Medicaid de Florida; los antecedentes penales generalmente no son barrera.",Apply online at myaccess.myflfamilies.com; call 850-300-4323 for DCF Customer Call Center; visit the county Family Resource Center for in-person verification and document drop-off.,Solicite en myaccess.myflfamilies.com; llame al 850-300-4323; visite el Centro de Recursos Familiares del condado para verificación presencial y entrega de documentos.,Typically Monday–Friday business hours; call ahead,indian-river|florida|benefits|SNAP|Medicaid|DCF|ACCESS|reentry,SNAP enrollment|Florida Medicaid application|TCA cash assistance|Document verification|MyACCESS portal help,Indian River,Indian River,single,accepts_criminal_record
82,Jackson County DCF — ACCESS Benefits & Family Support,financial-assistance,Marianna / Jackson County,"The Jackson County DCF Family Resource Center / ACCESS intake office in Marianna processes SNAP food assistance, Temporary Cash Assistance (TCA), and Florida Medicaid eligibility applications for residents including returning citizens reestablishing food and health benefits after release from Jackson County Jail or FDC custody. County DCF staff help verify identity and income and accept applications submitted through the MyACCESS Florida portal.","La oficina de admisión DCF / ACCESS del condado Jackson en Marianna procesa solicitudes de asistencia alimentaria SNAP, Asistencia Temporal en Efectivo (TCA) y elegibilidad de Medicaid de Florida para residentes, incluidos ciudadanos que regresan que restablecen beneficios alimentarios y de salud después de salir de la cárcel del condado Jackson o de custodia FDC. El personal del condado ayuda a verificar identidad e ingresos y acepta solicitudes presentadas a través del portal MyACCESS Florida.",2505 West 15th Street,Marianna,850-747-5400,,https://www.myflfamilies.com/service-programs/access/apply-now,"Jackson County residents meeting income and household-size requirements for SNAP, TCA, and Florida Medicaid; criminal record generally not a barrier.","Residentes del condado Jackson que cumplan requisitos de ingresos y tamaño de hogar para SNAP, TCA y Medicaid de Florida; los antecedentes penales generalmente no son barrera.",Apply online at myaccess.myflfamilies.com; call 850-300-4323 for DCF Customer Call Center; visit the county Family Resource Center for in-person verification and document drop-off.,Solicite en myaccess.myflfamilies.com; llame al 850-300-4323; visite el Centro de Recursos Familiares del condado para verificación presencial y entrega de documentos.,Typically Monday–Friday business hours; call ahead,jackson|florida|benefits|SNAP|Medicaid|DCF|ACCESS|reentry,SNAP enrollment|Florida Medicaid application|TCA cash assistance|Document verification|MyACCESS portal help,Jackson,Jackson,single,accepts_criminal_record
83,Jefferson County DCF — ACCESS Benefits & Family Support,financial-assistance,Monticello / Jefferson County,"The Jefferson County DCF Family Resource Center / ACCESS intake office in Monticello processes SNAP food assistance, Temporary Cash Assistance (TCA), and Florida Medicaid eligibility applications for residents including returning citizens reestablishing food and health benefits after release from Jefferson County Jail or FDC custody. County DCF staff help verify identity and income and accept applications submitted through the MyACCESS Florida portal.","La oficina de admisión DCF / ACCESS del condado Jefferson en Monticello procesa solicitudes de asistencia alimentaria SNAP, Asistencia Temporal en Efectivo (TCA) y elegibilidad de Medicaid de Florida para residentes, incluidos ciudadanos que regresan que restablecen beneficios alimentarios y de salud después de salir de la cárcel del condado Jefferson o de custodia FDC. El personal del condado ayuda a verificar identidad e ingresos y acepta solicitudes presentadas a través del portal MyACCESS Florida.","2810 Sharer Road, Unit 24",Monticello,850-921-8400,,https://www.myflfamilies.com/service-programs/access/apply-now,"Jefferson County residents meeting income and household-size requirements for SNAP, TCA, and Florida Medicaid; criminal record generally not a barrier.","Residentes del condado Jefferson que cumplan requisitos de ingresos y tamaño de hogar para SNAP, TCA y Medicaid de Florida; los antecedentes penales generalmente no son barrera.",Apply online at myaccess.myflfamilies.com; call 850-300-4323 for DCF Customer Call Center; visit the county Family Resource Center for in-person verification and document drop-off.,Solicite en myaccess.myflfamilies.com; llame al 850-300-4323; visite el Centro de Recursos Familiares del condado para verificación presencial y entrega de documentos.,Typically Monday–Friday business hours; call ahead,jefferson|florida|benefits|SNAP|Medicaid|DCF|ACCESS|reentry,SNAP enrollment|Florida Medicaid application|TCA cash assistance|Document verification|MyACCESS portal help,Jefferson,Jefferson,single,accepts_criminal_record
84,Lafayette County DCF — ACCESS Benefits & Family Support,financial-assistance,Mayo / Lafayette County,"The Lafayette County DCF Family Resource Center / ACCESS intake office in Mayo processes SNAP food assistance, Temporary Cash Assistance (TCA), and Florida Medicaid eligibility applications for residents including returning citizens reestablishing food and health benefits after release from Lafayette County Jail or FDC custody. County DCF staff help verify identity and income and accept applications submitted through the MyACCESS Florida portal.","La oficina de admisión DCF / ACCESS del condado Lafayette en Mayo procesa solicitudes de asistencia alimentaria SNAP, Asistencia Temporal en Efectivo (TCA) y elegibilidad de Medicaid de Florida para residentes, incluidos ciudadanos que regresan que restablecen beneficios alimentarios y de salud después de salir de la cárcel del condado Lafayette o de custodia FDC. El personal del condado ayuda a verificar identidad e ingresos y acepta solicitudes presentadas a través del portal MyACCESS Florida.","1000 NE 16th Avenue, Building J",Mayo,386-719-6200,,https://www.myflfamilies.com/service-programs/access/apply-now,"Lafayette County residents meeting income and household-size requirements for SNAP, TCA, and Florida Medicaid; criminal record generally not a barrier.","Residentes del condado Lafayette que cumplan requisitos de ingresos y tamaño de hogar para SNAP, TCA y Medicaid de Florida; los antecedentes penales generalmente no son barrera.",Apply online at myaccess.myflfamilies.com; call 850-300-4323 for DCF Customer Call Center; visit the county Family Resource Center for in-person verification and document drop-off.,Solicite en myaccess.myflfamilies.com; llame al 850-300-4323; visite el Centro de Recursos Familiares del condado para verificación presencial y entrega de documentos.,Typically Monday–Friday business hours; call ahead,lafayette|florida|benefits|SNAP|Medicaid|DCF|ACCESS|reentry,SNAP enrollment|Florida Medicaid application|TCA cash assistance|Document verification|MyACCESS portal help,Lafayette,Lafayette,single,accepts_criminal_record
85,Lake County DCF — ACCESS Benefits & Family Support,financial-assistance,Tavares / Lake County,"The Lake County DCF Family Resource Center / ACCESS intake office in Tavares processes SNAP food assistance, Temporary Cash Assistance (TCA), and Florida Medicaid eligibility applications for residents including returning citizens reestablishing food and health benefits after release from Lake County Jail or FDC custody. County DCF staff help verify identity and income and accept applications submitted through the MyACCESS Florida portal.","La oficina de admisión DCF / ACCESS del condado Lake en Tavares procesa solicitudes de asistencia alimentaria SNAP, Asistencia Temporal en Efectivo (TCA) y elegibilidad de Medicaid de Florida para residentes, incluidos ciudadanos que regresan que restablecen beneficios alimentarios y de salud después de salir de la cárcel del condado Lake o de custodia FDC. El personal del condado ayuda a verificar identidad e ingresos y acepta solicitudes presentadas a través del portal MyACCESS Florida.","609 North Powers Drive, Suite 324",Tavares,352-742-8400,,https://www.myflfamilies.com/service-programs/access/apply-now,"Lake County residents meeting income and household-size requirements for SNAP, TCA, and Florida Medicaid; criminal record generally not a barrier.","Residentes del condado Lake que cumplan requisitos de ingresos y tamaño de hogar para SNAP, TCA y Medicaid de Florida; los antecedentes penales generalmente no son barrera.",Apply online at myaccess.myflfamilies.com; call 850-300-4323 for DCF Customer Call Center; visit the county Family Resource Center for in-person verification and document drop-off.,Solicite en myaccess.myflfamilies.com; llame al 850-300-4323; visite el Centro de Recursos Familiares del condado para verificación presencial y entrega de documentos.,Typically Monday–Friday business hours; call ahead,lake|florida|benefits|SNAP|Medicaid|DCF|ACCESS|reentry,SNAP enrollment|Florida Medicaid application|TCA cash assistance|Document verification|MyACCESS portal help,Lake,Lake,single,accepts_criminal_record
86,Lee County DCF — ACCESS Benefits & Family Support,financial-assistance,Fort Myers / Lee County,"The Lee County DCF Family Resource Center / ACCESS intake office in Fort Myers processes SNAP food assistance, Temporary Cash Assistance (TCA), and Florida Medicaid eligibility applications for residents including returning citizens reestablishing food and health benefits after release from Lee County Jail or FDC custody. County DCF staff help verify identity and income and accept applications submitted through the MyACCESS Florida portal.","La oficina de admisión DCF / ACCESS del condado Lee en Fort Myers procesa solicitudes de asistencia alimentaria SNAP, Asistencia Temporal en Efectivo (TCA) y elegibilidad de Medicaid de Florida para residentes, incluidos ciudadanos que regresan que restablecen beneficios alimentarios y de salud después de salir de la cárcel del condado Lee o de custodia FDC. El personal del condado ayuda a verificar identidad e ingresos y acepta solicitudes presentadas a través del portal MyACCESS Florida.","2295 Victoria Avenue, Room 110",Fort Myers,239-332-6600,,https://www.myflfamilies.com/service-programs/access/apply-now,"Lee County residents meeting income and household-size requirements for SNAP, TCA, and Florida Medicaid; criminal record generally not a barrier.","Residentes del condado Lee que cumplan requisitos de ingresos y tamaño de hogar para SNAP, TCA y Medicaid de Florida; los antecedentes penales generalmente no son barrera.",Apply online at myaccess.myflfamilies.com; call 850-300-4323 for DCF Customer Call Center; visit the county Family Resource Center for in-person verification and document drop-off.,Solicite en myaccess.myflfamilies.com; llame al 850-300-4323; visite el Centro de Recursos Familiares del condado para verificación presencial y entrega de documentos.,Typically Monday–Friday business hours; call ahead,lee|florida|benefits|SNAP|Medicaid|DCF|ACCESS|reentry,SNAP enrollment|Florida Medicaid application|TCA cash assistance|Document verification|MyACCESS portal help,Lee,Lee,single,accepts_criminal_record
87,Leon County DCF — ACCESS Benefits & Family Support,financial-assistance,Tallahassee / Leon County,"The Leon County DCF Family Resource Center / ACCESS intake office in Tallahassee processes SNAP food assistance, Temporary Cash Assistance (TCA), and Florida Medicaid eligibility applications for residents including returning citizens reestablishing food and health benefits after release from Leon County Jail or FDC custody. County DCF staff help verify identity and income and accept applications submitted through the MyACCESS Florida portal.","La oficina de admisión DCF / ACCESS del condado Leon en Tallahassee procesa solicitudes de asistencia alimentaria SNAP, Asistencia Temporal en Efectivo (TCA) y elegibilidad de Medicaid de Florida para residentes, incluidos ciudadanos que regresan que restablecen beneficios alimentarios y de salud después de salir de la cárcel del condado Leon o de custodia FDC. El personal del condado ayuda a verificar identidad e ingresos y acepta solicitudes presentadas a través del portal MyACCESS Florida.","2810 Sharer Road, Unit 24",Tallahassee,850-921-8400,,https://www.myflfamilies.com/service-programs/access/apply-now,"Leon County residents meeting income and household-size requirements for SNAP, TCA, and Florida Medicaid; criminal record generally not a barrier.","Residentes del condado Leon que cumplan requisitos de ingresos y tamaño de hogar para SNAP, TCA y Medicaid de Florida; los antecedentes penales generalmente no son barrera.",Apply online at myaccess.myflfamilies.com; call 850-300-4323 for DCF Customer Call Center; visit the county Family Resource Center for in-person verification and document drop-off.,Solicite en myaccess.myflfamilies.com; llame al 850-300-4323; visite el Centro de Recursos Familiares del condado para verificación presencial y entrega de documentos.,Typically Monday–Friday business hours; call ahead,leon|florida|benefits|SNAP|Medicaid|DCF|ACCESS|reentry,SNAP enrollment|Florida Medicaid application|TCA cash assistance|Document verification|MyACCESS portal help,Leon,Leon,single,accepts_criminal_record
88,Levy County DCF — ACCESS Benefits & Family Support,financial-assistance,Bronson / Levy County,"The Levy County DCF Family Resource Center / ACCESS intake office in Bronson processes SNAP food assistance, Temporary Cash Assistance (TCA), and Florida Medicaid eligibility applications for residents including returning citizens reestablishing food and health benefits after release from Levy County Jail or FDC custody. County DCF staff help verify identity and income and accept applications submitted through the MyACCESS Florida portal.","La oficina de admisión DCF / ACCESS del condado Levy en Bronson procesa solicitudes de asistencia alimentaria SNAP, Asistencia Temporal en Efectivo (TCA) y elegibilidad de Medicaid de Florida para residentes, incluidos ciudadanos que regresan que restablecen beneficios alimentarios y de salud después de salir de la cárcel del condado Levy o de custodia FDC. El personal del condado ayuda a verificar identidad e ingresos y acepta solicitudes presentadas a través del portal MyACCESS Florida.","1000 NE 16th Avenue, Building J",Bronson,352-264-6400,,https://www.myflfamilies.com/service-programs/access/apply-now,"Levy County residents meeting income and household-size requirements for SNAP, TCA, and Florida Medicaid; criminal record generally not a barrier.","Residentes del condado Levy que cumplan requisitos de ingresos y tamaño de hogar para SNAP, TCA y Medicaid de Florida; los antecedentes penales generalmente no son barrera.",Apply online at myaccess.myflfamilies.com; call 850-300-4323 for DCF Customer Call Center; visit the county Family Resource Center for in-person verification and document drop-off.,Solicite en myaccess.myflfamilies.com; llame al 850-300-4323; visite el Centro de Recursos Familiares del condado para verificación presencial y entrega de documentos.,Typically Monday–Friday business hours; call ahead,levy|florida|benefits|SNAP|Medicaid|DCF|ACCESS|reentry,SNAP enrollment|Florida Medicaid application|TCA cash assistance|Document verification|MyACCESS portal help,Levy,Levy,single,accepts_criminal_record
89,Liberty County DCF — ACCESS Benefits & Family Support,financial-assistance,Bristol / Liberty County,"The Liberty County DCF Family Resource Center / ACCESS intake office in Bristol processes SNAP food assistance, Temporary Cash Assistance (TCA), and Florida Medicaid eligibility applications for residents including returning citizens reestablishing food and health benefits after release from Liberty County Jail or FDC custody. County DCF staff help verify identity and income and accept applications submitted through the MyACCESS Florida portal.","La oficina de admisión DCF / ACCESS del condado Liberty en Bristol procesa solicitudes de asistencia alimentaria SNAP, Asistencia Temporal en Efectivo (TCA) y elegibilidad de Medicaid de Florida para residentes, incluidos ciudadanos que regresan que restablecen beneficios alimentarios y de salud después de salir de la cárcel del condado Liberty o de custodia FDC. El personal del condado ayuda a verificar identidad e ingresos y acepta solicitudes presentadas a través del portal MyACCESS Florida.","2810 Sharer Road, Unit 24",Bristol,850-921-8400,,https://www.myflfamilies.com/service-programs/access/apply-now,"Liberty County residents meeting income and household-size requirements for SNAP, TCA, and Florida Medicaid; criminal record generally not a barrier.","Residentes del condado Liberty que cumplan requisitos de ingresos y tamaño de hogar para SNAP, TCA y Medicaid de Florida; los antecedentes penales generalmente no son barrera.",Apply online at myaccess.myflfamilies.com; call 850-300-4323 for DCF Customer Call Center; visit the county Family Resource Center for in-person verification and document drop-off.,Solicite en myaccess.myflfamilies.com; llame al 850-300-4323; visite el Centro de Recursos Familiares del condado para verificación presencial y entrega de documentos.,Typically Monday–Friday business hours; call ahead,liberty|florida|benefits|SNAP|Medicaid|DCF|ACCESS|reentry,SNAP enrollment|Florida Medicaid application|TCA cash assistance|Document verification|MyACCESS portal help,Liberty,Liberty,single,accepts_criminal_record
90,Madison County DCF — ACCESS Benefits & Family Support,financial-assistance,Madison / Madison County,"The Madison County DCF Family Resource Center / ACCESS intake office in Madison processes SNAP food assistance, Temporary Cash Assistance (TCA), and Florida Medicaid eligibility applications for residents including returning citizens reestablishing food and health benefits after release from Madison County Jail or FDC custody. County DCF staff help verify identity and income and accept applications submitted through the MyACCESS Florida portal.","La oficina de admisión DCF / ACCESS del condado Madison en Madison procesa solicitudes de asistencia alimentaria SNAP, Asistencia Temporal en Efectivo (TCA) y elegibilidad de Medicaid de Florida para residentes, incluidos ciudadanos que regresan que restablecen beneficios alimentarios y de salud después de salir de la cárcel del condado Madison o de custodia FDC. El personal del condado ayuda a verificar identidad e ingresos y acepta solicitudes presentadas a través del portal MyACCESS Florida.","1000 NE 16th Avenue, Building J",Madison,386-719-6200,,https://www.myflfamilies.com/service-programs/access/apply-now,"Madison County residents meeting income and household-size requirements for SNAP, TCA, and Florida Medicaid; criminal record generally not a barrier.","Residentes del condado Madison que cumplan requisitos de ingresos y tamaño de hogar para SNAP, TCA y Medicaid de Florida; los antecedentes penales generalmente no son barrera.",Apply online at myaccess.myflfamilies.com; call 850-300-4323 for DCF Customer Call Center; visit the county Family Resource Center for in-person verification and document drop-off.,Solicite en myaccess.myflfamilies.com; llame al 850-300-4323; visite el Centro de Recursos Familiares del condado para verificación presencial y entrega de documentos.,Typically Monday–Friday business hours; call ahead,madison|florida|benefits|SNAP|Medicaid|DCF|ACCESS|reentry,SNAP enrollment|Florida Medicaid application|TCA cash assistance|Document verification|MyACCESS portal help,Madison,Madison,single,accepts_criminal_record
91,Manatee County DCF — ACCESS Benefits & Family Support,financial-assistance,Bradenton / Manatee County,"The Manatee County DCF Family Resource Center / ACCESS intake office in Bradenton processes SNAP food assistance, Temporary Cash Assistance (TCA), and Florida Medicaid eligibility applications for residents including returning citizens reestablishing food and health benefits after release from Manatee County Jail or FDC custody. County DCF staff help verify identity and income and accept applications submitted through the MyACCESS Florida portal.","La oficina de admisión DCF / ACCESS del condado Manatee en Bradenton procesa solicitudes de asistencia alimentaria SNAP, Asistencia Temporal en Efectivo (TCA) y elegibilidad de Medicaid de Florida para residentes, incluidos ciudadanos que regresan que restablecen beneficios alimentarios y de salud después de salir de la cárcel del condado Manatee o de custodia FDC. El personal del condado ayuda a verificar identidad e ingresos y acepta solicitudes presentadas a través del portal MyACCESS Florida.",9393 North Florida Avenue,Bradenton,941-713-6100,,https://www.myflfamilies.com/service-programs/access/apply-now,"Manatee County residents meeting income and household-size requirements for SNAP, TCA, and Florida Medicaid; criminal record generally not a barrier.","Residentes del condado Manatee que cumplan requisitos de ingresos y tamaño de hogar para SNAP, TCA y Medicaid de Florida; los antecedentes penales generalmente no son barrera.",Apply online at myaccess.myflfamilies.com; call 850-300-4323 for DCF Customer Call Center; visit the county Family Resource Center for in-person verification and document drop-off.,Solicite en myaccess.myflfamilies.com; llame al 850-300-4323; visite el Centro de Recursos Familiares del condado para verificación presencial y entrega de documentos.,Typically Monday–Friday business hours; call ahead,manatee|florida|benefits|SNAP|Medicaid|DCF|ACCESS|reentry,SNAP enrollment|Florida Medicaid application|TCA cash assistance|Document verification|MyACCESS portal help,Manatee,Manatee,single,accepts_criminal_record
92,Marion County DCF — ACCESS Benefits & Family Support,financial-assistance,Ocala / Marion County,"The Marion County DCF Family Resource Center / ACCESS intake office in Ocala processes SNAP food assistance, Temporary Cash Assistance (TCA), and Florida Medicaid eligibility applications for residents including returning citizens reestablishing food and health benefits after release from Marion County Jail or FDC custody. County DCF staff help verify identity and income and accept applications submitted through the MyACCESS Florida portal.","La oficina de admisión DCF / ACCESS del condado Marion en Ocala procesa solicitudes de asistencia alimentaria SNAP, Asistencia Temporal en Efectivo (TCA) y elegibilidad de Medicaid de Florida para residentes, incluidos ciudadanos que regresan que restablecen beneficios alimentarios y de salud después de salir de la cárcel del condado Marion o de custodia FDC. El personal del condado ayuda a verificar identidad e ingresos y acepta solicitudes presentadas a través del portal MyACCESS Florida.",212 S Apopka Avenue,Ocala,352-732-3000,,https://www.myflfamilies.com/service-programs/access/apply-now,"Marion County residents meeting income and household-size requirements for SNAP, TCA, and Florida Medicaid; criminal record generally not a barrier.","Residentes del condado Marion que cumplan requisitos de ingresos y tamaño de hogar para SNAP, TCA y Medicaid de Florida; los antecedentes penales generalmente no son barrera.",Apply online at myaccess.myflfamilies.com; call 850-300-4323 for DCF Customer Call Center; visit the county Family Resource Center for in-person verification and document drop-off.,Solicite en myaccess.myflfamilies.com; llame al 850-300-4323; visite el Centro de Recursos Familiares del condado para verificación presencial y entrega de documentos.,Typically Monday–Friday business hours; call ahead,marion|florida|benefits|SNAP|Medicaid|DCF|ACCESS|reentry,SNAP enrollment|Florida Medicaid application|TCA cash assistance|Document verification|MyACCESS portal help,Marion,Marion,single,accepts_criminal_record
93,Martin County DCF — ACCESS Benefits & Family Support,financial-assistance,Stuart / Martin County,"The Martin County DCF Family Resource Center / ACCESS intake office in Stuart processes SNAP food assistance, Temporary Cash Assistance (TCA), and Florida Medicaid eligibility applications for residents including returning citizens reestablishing food and health benefits after release from Martin County Jail or FDC custody. County DCF staff help verify identity and income and accept applications submitted through the MyACCESS Florida portal.","La oficina de admisión DCF / ACCESS del condado Martin en Stuart procesa solicitudes de asistencia alimentaria SNAP, Asistencia Temporal en Efectivo (TCA) y elegibilidad de Medicaid de Florida para residentes, incluidos ciudadanos que regresan que restablecen beneficios alimentarios y de salud después de salir de la cárcel del condado Martin o de custodia FDC. El personal del condado ayuda a verificar identidad e ingresos y acepta solicitudes presentadas a través del portal MyACCESS Florida.","801 Dixon Boulevard, Suite 1103",Stuart,772-778-5600,,https://www.myflfamilies.com/service-programs/access/apply-now,"Martin County residents meeting income and household-size requirements for SNAP, TCA, and Florida Medicaid; criminal record generally not a barrier.","Residentes del condado Martin que cumplan requisitos de ingresos y tamaño de hogar para SNAP, TCA y Medicaid de Florida; los antecedentes penales generalmente no son barrera.",Apply online at myaccess.myflfamilies.com; call 850-300-4323 for DCF Customer Call Center; visit the county Family Resource Center for in-person verification and document drop-off.,Solicite en myaccess.myflfamilies.com; llame al 850-300-4323; visite el Centro de Recursos Familiares del condado para verificación presencial y entrega de documentos.,Typically Monday–Friday business hours; call ahead,martin|florida|benefits|SNAP|Medicaid|DCF|ACCESS|reentry,SNAP enrollment|Florida Medicaid application|TCA cash assistance|Document verification|MyACCESS portal help,Martin,Martin,single,accepts_criminal_record
94,Miami-Dade County DCF — ACCESS Benefits & Family Support,financial-assistance,Miami / Miami-Dade County,"The Miami-Dade County DCF Family Resource Center / ACCESS intake office in Miami processes SNAP food assistance, Temporary Cash Assistance (TCA), and Florida Medicaid eligibility applications for residents including returning citizens reestablishing food and health benefits after release from Miami-Dade County Jail or FDC custody. County DCF staff help verify identity and income and accept applications submitted through the MyACCESS Florida portal.","La oficina de admisión DCF / ACCESS del condado Miami-Dade en Miami procesa solicitudes de asistencia alimentaria SNAP, Asistencia Temporal en Efectivo (TCA) y elegibilidad de Medicaid de Florida para residentes, incluidos ciudadanos que regresan que restablecen beneficios alimentarios y de salud después de salir de la cárcel del condado Miami-Dade o de custodia FDC. El personal del condado ayuda a verificar identidad e ingresos y acepta solicitudes presentadas a través del portal MyACCESS Florida.",5400 NW 22nd Avenue,Miami,305-636-2200,,https://www.myflfamilies.com/service-programs/access/apply-now,"Miami-Dade County residents meeting income and household-size requirements for SNAP, TCA, and Florida Medicaid; criminal record generally not a barrier.","Residentes del condado Miami-Dade que cumplan requisitos de ingresos y tamaño de hogar para SNAP, TCA y Medicaid de Florida; los antecedentes penales generalmente no son barrera.",Apply online at myaccess.myflfamilies.com; call 850-300-4323 for DCF Customer Call Center; visit the county Family Resource Center for in-person verification and document drop-off.,Solicite en myaccess.myflfamilies.com; llame al 850-300-4323; visite el Centro de Recursos Familiares del condado para verificación presencial y entrega de documentos.,Typically Monday–Friday business hours; call ahead,miami-dade|florida|benefits|SNAP|Medicaid|DCF|ACCESS|reentry,SNAP enrollment|Florida Medicaid application|TCA cash assistance|Document verification|MyACCESS portal help,Miami-Dade,Miami-Dade,single,accepts_criminal_record
95,Monroe County DCF — ACCESS Benefits & Family Support,financial-assistance,Key West / Monroe County,"The Monroe County DCF Family Resource Center / ACCESS intake office in Key West processes SNAP food assistance, Temporary Cash Assistance (TCA), and Florida Medicaid eligibility applications for residents including returning citizens reestablishing food and health benefits after release from Monroe County Jail or FDC custody. County DCF staff help verify identity and income and accept applications submitted through the MyACCESS Florida portal.","La oficina de admisión DCF / ACCESS del condado Monroe en Key West procesa solicitudes de asistencia alimentaria SNAP, Asistencia Temporal en Efectivo (TCA) y elegibilidad de Medicaid de Florida para residentes, incluidos ciudadanos que regresan que restablecen beneficios alimentarios y de salud después de salir de la cárcel del condado Monroe o de custodia FDC. El personal del condado ayuda a verificar identidad e ingresos y acepta solicitudes presentadas a través del portal MyACCESS Florida.",5400 NW 22nd Avenue,Key West,305-636-2200,,https://www.myflfamilies.com/service-programs/access/apply-now,"Monroe County residents meeting income and household-size requirements for SNAP, TCA, and Florida Medicaid; criminal record generally not a barrier.","Residentes del condado Monroe que cumplan requisitos de ingresos y tamaño de hogar para SNAP, TCA y Medicaid de Florida; los antecedentes penales generalmente no son barrera.",Apply online at myaccess.myflfamilies.com; call 850-300-4323 for DCF Customer Call Center; visit the county Family Resource Center for in-person verification and document drop-off.,Solicite en myaccess.myflfamilies.com; llame al 850-300-4323; visite el Centro de Recursos Familiares del condado para verificación presencial y entrega de documentos.,Typically Monday–Friday business hours; call ahead,monroe|florida|benefits|SNAP|Medicaid|DCF|ACCESS|reentry,SNAP enrollment|Florida Medicaid application|TCA cash assistance|Document verification|MyACCESS portal help,Monroe,Monroe,single,accepts_criminal_record
96,Nassau County DCF — ACCESS Benefits & Family Support,financial-assistance,Fernandina Beach / Nassau County,"The Nassau County DCF Family Resource Center / ACCESS intake office in Fernandina Beach processes SNAP food assistance, Temporary Cash Assistance (TCA), and Florida Medicaid eligibility applications for residents including returning citizens reestablishing food and health benefits after release from Nassau County Jail or FDC custody. County DCF staff help verify identity and income and accept applications submitted through the MyACCESS Florida portal.","La oficina de admisión DCF / ACCESS del condado Nassau en Fernandina Beach procesa solicitudes de asistencia alimentaria SNAP, Asistencia Temporal en Efectivo (TCA) y elegibilidad de Medicaid de Florida para residentes, incluidos ciudadanos que regresan que restablecen beneficios alimentarios y de salud después de salir de la cárcel del condado Nassau o de custodia FDC. El personal del condado ayuda a verificar identidad e ingresos y acepta solicitudes presentadas a través del portal MyACCESS Florida.",5000-1 Norwood Avenue,Fernandina Beach,904-723-2000,,https://www.myflfamilies.com/service-programs/access/apply-now,"Nassau County residents meeting income and household-size requirements for SNAP, TCA, and Florida Medicaid; criminal record generally not a barrier.","Residentes del condado Nassau que cumplan requisitos de ingresos y tamaño de hogar para SNAP, TCA y Medicaid de Florida; los antecedentes penales generalmente no son barrera.",Apply online at myaccess.myflfamilies.com; call 850-300-4323 for DCF Customer Call Center; visit the county Family Resource Center for in-person verification and document drop-off.,Solicite en myaccess.myflfamilies.com; llame al 850-300-4323; visite el Centro de Recursos Familiares del condado para verificación presencial y entrega de documentos.,Typically Monday–Friday business hours; call ahead,nassau|florida|benefits|SNAP|Medicaid|DCF|ACCESS|reentry,SNAP enrollment|Florida Medicaid application|TCA cash assistance|Document verification|MyACCESS portal help,Nassau,Nassau,single,accepts_criminal_record
97,Okaloosa County DCF — ACCESS Benefits & Family Support,financial-assistance,Fort Walton Beach / Okaloosa County,"The Okaloosa County DCF Family Resource Center / ACCESS intake office in Fort Walton Beach processes SNAP food assistance, Temporary Cash Assistance (TCA), and Florida Medicaid eligibility applications for residents including returning citizens reestablishing food and health benefits after release from Okaloosa County Jail or FDC custody. County DCF staff help verify identity and income and accept applications submitted through the MyACCESS Florida portal.","La oficina de admisión DCF / ACCESS del condado Okaloosa en Fort Walton Beach procesa solicitudes de asistencia alimentaria SNAP, Asistencia Temporal en Efectivo (TCA) y elegibilidad de Medicaid de Florida para residentes, incluidos ciudadanos que regresan que restablecen beneficios alimentarios y de salud después de salir de la cárcel del condado Okaloosa o de custodia FDC. El personal del condado ayuda a verificar identidad e ingresos y acepta solicitudes presentadas a través del portal MyACCESS Florida.","33 Brent Lane, Suite 103",Fort Walton Beach,850-595-8900,,https://www.myflfamilies.com/service-programs/access/apply-now,"Okaloosa County residents meeting income and household-size requirements for SNAP, TCA, and Florida Medicaid; criminal record generally not a barrier.","Residentes del condado Okaloosa que cumplan requisitos de ingresos y tamaño de hogar para SNAP, TCA y Medicaid de Florida; los antecedentes penales generalmente no son barrera.",Apply online at myaccess.myflfamilies.com; call 850-300-4323 for DCF Customer Call Center; visit the county Family Resource Center for in-person verification and document drop-off.,Solicite en myaccess.myflfamilies.com; llame al 850-300-4323; visite el Centro de Recursos Familiares del condado para verificación presencial y entrega de documentos.,Typically Monday–Friday business hours; call ahead,okaloosa|florida|benefits|SNAP|Medicaid|DCF|ACCESS|reentry,SNAP enrollment|Florida Medicaid application|TCA cash assistance|Document verification|MyACCESS portal help,Okaloosa,Okaloosa,single,accepts_criminal_record
98,Okeechobee County DCF — ACCESS Benefits & Family Support,financial-assistance,Okeechobee / Okeechobee County,"The Okeechobee County DCF Family Resource Center / ACCESS intake office in Okeechobee processes SNAP food assistance, Temporary Cash Assistance (TCA), and Florida Medicaid eligibility applications for residents including returning citizens reestablishing food and health benefits after release from Okeechobee County Jail or FDC custody. County DCF staff help verify identity and income and accept applications submitted through the MyACCESS Florida portal.","La oficina de admisión DCF / ACCESS del condado Okeechobee en Okeechobee procesa solicitudes de asistencia alimentaria SNAP, Asistencia Temporal en Efectivo (TCA) y elegibilidad de Medicaid de Florida para residentes, incluidos ciudadanos que regresan que restablecen beneficios alimentarios y de salud después de salir de la cárcel del condado Okeechobee o de custodia FDC. El personal del condado ayuda a verificar identidad e ingresos y acepta solicitudes presentadas a través del portal MyACCESS Florida.","2295 Victoria Avenue, Room 110",Okeechobee,863-993-4600,,https://www.myflfamilies.com/service-programs/access/apply-now,"Okeechobee County residents meeting income and household-size requirements for SNAP, TCA, and Florida Medicaid; criminal record generally not a barrier.","Residentes del condado Okeechobee que cumplan requisitos de ingresos y tamaño de hogar para SNAP, TCA y Medicaid de Florida; los antecedentes penales generalmente no son barrera.",Apply online at myaccess.myflfamilies.com; call 850-300-4323 for DCF Customer Call Center; visit the county Family Resource Center for in-person verification and document drop-off.,Solicite en myaccess.myflfamilies.com; llame al 850-300-4323; visite el Centro de Recursos Familiares del condado para verificación presencial y entrega de documentos.,Typically Monday–Friday business hours; call ahead,okeechobee|florida|benefits|SNAP|Medicaid|DCF|ACCESS|reentry,SNAP enrollment|Florida Medicaid application|TCA cash assistance|Document verification|MyACCESS portal help,Okeechobee,Okeechobee,single,accepts_criminal_record
99,Orange County DCF — ACCESS Benefits & Family Support,financial-assistance,Orlando / Orange County,"The Orange County DCF Family Resource Center / ACCESS intake office in Orlando processes SNAP food assistance, Temporary Cash Assistance (TCA), and Florida Medicaid eligibility applications for residents including returning citizens reestablishing food and health benefits after release from Orange County Jail or FDC custody. County DCF staff help verify identity and income and accept applications submitted through the MyACCESS Florida portal.","La oficina de admisión DCF / ACCESS del condado Orange en Orlando procesa solicitudes de asistencia alimentaria SNAP, Asistencia Temporal en Efectivo (TCA) y elegibilidad de Medicaid de Florida para residentes, incluidos ciudadanos que regresan que restablecen beneficios alimentarios y de salud después de salir de la cárcel del condado Orange o de custodia FDC. El personal del condado ayuda a verificar identidad e ingresos y acepta solicitudes presentadas a través del portal MyACCESS Florida.","609 North Powers Drive, Suite 324",Orlando,407-245-2700,,https://www.myflfamilies.com/service-programs/access/apply-now,"Orange County residents meeting income and household-size requirements for SNAP, TCA, and Florida Medicaid; criminal record generally not a barrier.","Residentes del condado Orange que cumplan requisitos de ingresos y tamaño de hogar para SNAP, TCA y Medicaid de Florida; los antecedentes penales generalmente no son barrera.",Apply online at myaccess.myflfamilies.com; call 850-300-4323 for DCF Customer Call Center; visit the county Family Resource Center for in-person verification and document drop-off.,Solicite en myaccess.myflfamilies.com; llame al 850-300-4323; visite el Centro de Recursos Familiares del condado para verificación presencial y entrega de documentos.,Typically Monday–Friday business hours; call ahead,orange|florida|benefits|SNAP|Medicaid|DCF|ACCESS|reentry,SNAP enrollment|Florida Medicaid application|TCA cash assistance|Document verification|MyACCESS portal help,Orange,Orange,single,accepts_criminal_record
100,Osceola County DCF — ACCESS Benefits & Family Support,financial-assistance,Kissimmee / Osceola County,"The Osceola County DCF Family Resource Center / ACCESS intake office in Kissimmee processes SNAP food assistance, Temporary Cash Assistance (TCA), and Florida Medicaid eligibility applications for residents including returning citizens reestablishing food and health benefits after release from Osceola County Jail or FDC custody. County DCF staff help verify identity and income and accept applications submitted through the MyACCESS Florida portal.","La oficina de admisión DCF / ACCESS del condado Osceola en Kissimmee procesa solicitudes de asistencia alimentaria SNAP, Asistencia Temporal en Efectivo (TCA) y elegibilidad de Medicaid de Florida para residentes, incluidos ciudadanos que regresan que restablecen beneficios alimentarios y de salud después de salir de la cárcel del condado Osceola o de custodia FDC. El personal del condado ayuda a verificar identidad e ingresos y acepta solicitudes presentadas a través del portal MyACCESS Florida.","609 North Powers Drive, Suite 324",Kissimmee,407-742-8400,,https://www.myflfamilies.com/service-programs/access/apply-now,"Osceola County residents meeting income and household-size requirements for SNAP, TCA, and Florida Medicaid; criminal record generally not a barrier.","Residentes del condado Osceola que cumplan requisitos de ingresos y tamaño de hogar para SNAP, TCA y Medicaid de Florida; los antecedentes penales generalmente no son barrera.",Apply online at myaccess.myflfamilies.com; call 850-300-4323 for DCF Customer Call Center; visit the county Family Resource Center for in-person verification and document drop-off.,Solicite en myaccess.myflfamilies.com; llame al 850-300-4323; visite el Centro de Recursos Familiares del condado para verificación presencial y entrega de documentos.,Typically Monday–Friday business hours; call ahead,osceola|florida|benefits|SNAP|Medicaid|DCF|ACCESS|reentry,SNAP enrollment|Florida Medicaid application|TCA cash assistance|Document verification|MyACCESS portal help,Osceola,Osceola,single,accepts_criminal_record
101,Palm Beach County DCF — ACCESS Benefits & Family Support,financial-assistance,Belle Glade / Palm Beach County,"The Palm Beach County DCF Family Resource Center / ACCESS intake office in Belle Glade processes SNAP food assistance, Temporary Cash Assistance (TCA), and Florida Medicaid eligibility applications for residents including returning citizens reestablishing food and health benefits after release from Palm Beach County Jail or FDC custody. County DCF staff help verify identity and income and accept applications submitted through the MyACCESS Florida portal.","La oficina de admisión DCF / ACCESS del condado Palm Beach en Belle Glade procesa solicitudes de asistencia alimentaria SNAP, Asistencia Temporal en Efectivo (TCA) y elegibilidad de Medicaid de Florida para residentes, incluidos ciudadanos que regresan que restablecen beneficios alimentarios y de salud después de salir de la cárcel del condado Palm Beach o de custodia FDC. El personal del condado ayuda a verificar identidad e ingresos y acepta solicitudes presentadas a través del portal MyACCESS Florida.",2990 North Main Street,Belle Glade,561-992-1900,,https://www.myflfamilies.com/service-programs/access/apply-now,"Palm Beach County residents meeting income and household-size requirements for SNAP, TCA, and Florida Medicaid; criminal record generally not a barrier.","Residentes del condado Palm Beach que cumplan requisitos de ingresos y tamaño de hogar para SNAP, TCA y Medicaid de Florida; los antecedentes penales generalmente no son barrera.",Apply online at myaccess.myflfamilies.com; call 850-300-4323 for DCF Customer Call Center; visit the county Family Resource Center for in-person verification and document drop-off.,Solicite en myaccess.myflfamilies.com; llame al 850-300-4323; visite el Centro de Recursos Familiares del condado para verificación presencial y entrega de documentos.,Typically Monday–Friday business hours; call ahead,palm-beach|florida|benefits|SNAP|Medicaid|DCF|ACCESS|reentry,SNAP enrollment|Florida Medicaid application|TCA cash assistance|Document verification|MyACCESS portal help,Palm Beach,Palm Beach,single,accepts_criminal_record
102,Pasco County DCF — ACCESS Benefits & Family Support,financial-assistance,New Port Richey / Pasco County,"The Pasco County DCF Family Resource Center / ACCESS intake office in New Port Richey processes SNAP food assistance, Temporary Cash Assistance (TCA), and Florida Medicaid eligibility applications for residents including returning citizens reestablishing food and health benefits after release from Pasco County Jail or FDC custody. County DCF staff help verify identity and income and accept applications submitted through the MyACCESS Florida portal.","La oficina de admisión DCF / ACCESS del condado Pasco en New Port Richey procesa solicitudes de asistencia alimentaria SNAP, Asistencia Temporal en Efectivo (TCA) y elegibilidad de Medicaid de Florida para residentes, incluidos ciudadanos que regresan que restablecen beneficios alimentarios y de salud después de salir de la cárcel del condado Pasco o de custodia FDC. El personal del condado ayuda a verificar identidad e ingresos y acepta solicitudes presentadas a través del portal MyACCESS Florida.",9393 North Florida Avenue,New Port Richey,727-834-3200,,https://www.myflfamilies.com/service-programs/access/apply-now,"Pasco County residents meeting income and household-size requirements for SNAP, TCA, and Florida Medicaid; criminal record generally not a barrier.","Residentes del condado Pasco que cumplan requisitos de ingresos y tamaño de hogar para SNAP, TCA y Medicaid de Florida; los antecedentes penales generalmente no son barrera.",Apply online at myaccess.myflfamilies.com; call 850-300-4323 for DCF Customer Call Center; visit the county Family Resource Center for in-person verification and document drop-off.,Solicite en myaccess.myflfamilies.com; llame al 850-300-4323; visite el Centro de Recursos Familiares del condado para verificación presencial y entrega de documentos.,Typically Monday–Friday business hours; call ahead,pasco|florida|benefits|SNAP|Medicaid|DCF|ACCESS|reentry,SNAP enrollment|Florida Medicaid application|TCA cash assistance|Document verification|MyACCESS portal help,Pasco,Pasco,single,accepts_criminal_record
103,Pinellas County DCF — ACCESS Benefits & Family Support,financial-assistance,St. Petersburg / Pinellas County,"The Pinellas County DCF Family Resource Center / ACCESS intake office in St. Petersburg processes SNAP food assistance, Temporary Cash Assistance (TCA), and Florida Medicaid eligibility applications for residents including returning citizens reestablishing food and health benefits after release from Pinellas County Jail or FDC custody. County DCF staff help verify identity and income and accept applications submitted through the MyACCESS Florida portal.","La oficina de admisión DCF / ACCESS del condado Pinellas en St. Petersburg procesa solicitudes de asistencia alimentaria SNAP, Asistencia Temporal en Efectivo (TCA) y elegibilidad de Medicaid de Florida para residentes, incluidos ciudadanos que regresan que restablecen beneficios alimentarios y de salud después de salir de la cárcel del condado Pinellas o de custodia FDC. El personal del condado ayuda a verificar identidad e ingresos y acepta solicitudes presentadas a través del portal MyACCESS Florida.",9393 North Florida Avenue,St. Petersburg,727-524-2900,,https://www.myflfamilies.com/service-programs/access/apply-now,"Pinellas County residents meeting income and household-size requirements for SNAP, TCA, and Florida Medicaid; criminal record generally not a barrier.","Residentes del condado Pinellas que cumplan requisitos de ingresos y tamaño de hogar para SNAP, TCA y Medicaid de Florida; los antecedentes penales generalmente no son barrera.",Apply online at myaccess.myflfamilies.com; call 850-300-4323 for DCF Customer Call Center; visit the county Family Resource Center for in-person verification and document drop-off.,Solicite en myaccess.myflfamilies.com; llame al 850-300-4323; visite el Centro de Recursos Familiares del condado para verificación presencial y entrega de documentos.,Typically Monday–Friday business hours; call ahead,pinellas|florida|benefits|SNAP|Medicaid|DCF|ACCESS|reentry,SNAP enrollment|Florida Medicaid application|TCA cash assistance|Document verification|MyACCESS portal help,Pinellas,Pinellas,single,accepts_criminal_record
104,Polk County DCF — ACCESS Benefits & Family Support,financial-assistance,Lakeland / Polk County,"The Polk County DCF Family Resource Center / ACCESS intake office in Lakeland processes SNAP food assistance, Temporary Cash Assistance (TCA), and Florida Medicaid eligibility applications for residents including returning citizens reestablishing food and health benefits after release from Polk County Jail or FDC custody. County DCF staff help verify identity and income and accept applications submitted through the MyACCESS Florida portal.","La oficina de admisión DCF / ACCESS del condado Polk en Lakeland procesa solicitudes de asistencia alimentaria SNAP, Asistencia Temporal en Efectivo (TCA) y elegibilidad de Medicaid de Florida para residentes, incluidos ciudadanos que regresan que restablecen beneficios alimentarios y de salud después de salir de la cárcel del condado Polk o de custodia FDC. El personal del condado ayuda a verificar identidad e ingresos y acepta solicitudes presentadas a través del portal MyACCESS Florida.",9393 North Florida Avenue,Lakeland,863-519-5500,,https://www.myflfamilies.com/service-programs/access/apply-now,"Polk County residents meeting income and household-size requirements for SNAP, TCA, and Florida Medicaid; criminal record generally not a barrier.","Residentes del condado Polk que cumplan requisitos de ingresos y tamaño de hogar para SNAP, TCA y Medicaid de Florida; los antecedentes penales generalmente no son barrera.",Apply online at myaccess.myflfamilies.com; call 850-300-4323 for DCF Customer Call Center; visit the county Family Resource Center for in-person verification and document drop-off.,Solicite en myaccess.myflfamilies.com; llame al 850-300-4323; visite el Centro de Recursos Familiares del condado para verificación presencial y entrega de documentos.,Typically Monday–Friday business hours; call ahead,polk|florida|benefits|SNAP|Medicaid|DCF|ACCESS|reentry,SNAP enrollment|Florida Medicaid application|TCA cash assistance|Document verification|MyACCESS portal help,Polk,Polk,single,accepts_criminal_record
105,Putnam County DCF — ACCESS Benefits & Family Support,financial-assistance,Palatka / Putnam County,"The Putnam County DCF Family Resource Center / ACCESS intake office in Palatka processes SNAP food assistance, Temporary Cash Assistance (TCA), and Florida Medicaid eligibility applications for residents including returning citizens reestablishing food and health benefits after release from Putnam County Jail or FDC custody. County DCF staff help verify identity and income and accept applications submitted through the MyACCESS Florida portal.","La oficina de admisión DCF / ACCESS del condado Putnam en Palatka procesa solicitudes de asistencia alimentaria SNAP, Asistencia Temporal en Efectivo (TCA) y elegibilidad de Medicaid de Florida para residentes, incluidos ciudadanos que regresan que restablecen beneficios alimentarios y de salud después de salir de la cárcel del condado Putnam o de custodia FDC. El personal del condado ayuda a verificar identidad e ingresos y acepta solicitudes presentadas a través del portal MyACCESS Florida.",5000-1 Norwood Avenue,Palatka,904-723-2000,,https://www.myflfamilies.com/service-programs/access/apply-now,"Putnam County residents meeting income and household-size requirements for SNAP, TCA, and Florida Medicaid; criminal record generally not a barrier.","Residentes del condado Putnam que cumplan requisitos de ingresos y tamaño de hogar para SNAP, TCA y Medicaid de Florida; los antecedentes penales generalmente no son barrera.",Apply online at myaccess.myflfamilies.com; call 850-300-4323 for DCF Customer Call Center; visit the county Family Resource Center for in-person verification and document drop-off.,Solicite en myaccess.myflfamilies.com; llame al 850-300-4323; visite el Centro de Recursos Familiares del condado para verificación presencial y entrega de documentos.,Typically Monday–Friday business hours; call ahead,putnam|florida|benefits|SNAP|Medicaid|DCF|ACCESS|reentry,SNAP enrollment|Florida Medicaid application|TCA cash assistance|Document verification|MyACCESS portal help,Putnam,Putnam,single,accepts_criminal_record
106,Santa Rosa County DCF — ACCESS Benefits & Family Support,financial-assistance,Milton / Santa Rosa County,"The Santa Rosa County DCF Family Resource Center / ACCESS intake office in Milton processes SNAP food assistance, Temporary Cash Assistance (TCA), and Florida Medicaid eligibility applications for residents including returning citizens reestablishing food and health benefits after release from Santa Rosa County Jail or FDC custody. County DCF staff help verify identity and income and accept applications submitted through the MyACCESS Florida portal.","La oficina de admisión DCF / ACCESS del condado Santa Rosa en Milton procesa solicitudes de asistencia alimentaria SNAP, Asistencia Temporal en Efectivo (TCA) y elegibilidad de Medicaid de Florida para residentes, incluidos ciudadanos que regresan que restablecen beneficios alimentarios y de salud después de salir de la cárcel del condado Santa Rosa o de custodia FDC. El personal del condado ayuda a verificar identidad e ingresos y acepta solicitudes presentadas a través del portal MyACCESS Florida.","33 Brent Lane, Suite 103",Milton,850-595-8900,,https://www.myflfamilies.com/service-programs/access/apply-now,"Santa Rosa County residents meeting income and household-size requirements for SNAP, TCA, and Florida Medicaid; criminal record generally not a barrier.","Residentes del condado Santa Rosa que cumplan requisitos de ingresos y tamaño de hogar para SNAP, TCA y Medicaid de Florida; los antecedentes penales generalmente no son barrera.",Apply online at myaccess.myflfamilies.com; call 850-300-4323 for DCF Customer Call Center; visit the county Family Resource Center for in-person verification and document drop-off.,Solicite en myaccess.myflfamilies.com; llame al 850-300-4323; visite el Centro de Recursos Familiares del condado para verificación presencial y entrega de documentos.,Typically Monday–Friday business hours; call ahead,santa-rosa|florida|benefits|SNAP|Medicaid|DCF|ACCESS|reentry,SNAP enrollment|Florida Medicaid application|TCA cash assistance|Document verification|MyACCESS portal help,Santa Rosa,Santa Rosa,single,accepts_criminal_record
107,Sarasota County DCF — ACCESS Benefits & Family Support,financial-assistance,Sarasota / Sarasota County,"The Sarasota County DCF Family Resource Center / ACCESS intake office in Sarasota processes SNAP food assistance, Temporary Cash Assistance (TCA), and Florida Medicaid eligibility applications for residents including returning citizens reestablishing food and health benefits after release from Sarasota County Jail or FDC custody. County DCF staff help verify identity and income and accept applications submitted through the MyACCESS Florida portal.","La oficina de admisión DCF / ACCESS del condado Sarasota en Sarasota procesa solicitudes de asistencia alimentaria SNAP, Asistencia Temporal en Efectivo (TCA) y elegibilidad de Medicaid de Florida para residentes, incluidos ciudadanos que regresan que restablecen beneficios alimentarios y de salud después de salir de la cárcel del condado Sarasota o de custodia FDC. El personal del condado ayuda a verificar identidad e ingresos y acepta solicitudes presentadas a través del portal MyACCESS Florida.","2295 Victoria Avenue, Room 110",Sarasota,941-713-6100,,https://www.myflfamilies.com/service-programs/access/apply-now,"Sarasota County residents meeting income and household-size requirements for SNAP, TCA, and Florida Medicaid; criminal record generally not a barrier.","Residentes del condado Sarasota que cumplan requisitos de ingresos y tamaño de hogar para SNAP, TCA y Medicaid de Florida; los antecedentes penales generalmente no son barrera.",Apply online at myaccess.myflfamilies.com; call 850-300-4323 for DCF Customer Call Center; visit the county Family Resource Center for in-person verification and document drop-off.,Solicite en myaccess.myflfamilies.com; llame al 850-300-4323; visite el Centro de Recursos Familiares del condado para verificación presencial y entrega de documentos.,Typically Monday–Friday business hours; call ahead,sarasota|florida|benefits|SNAP|Medicaid|DCF|ACCESS|reentry,SNAP enrollment|Florida Medicaid application|TCA cash assistance|Document verification|MyACCESS portal help,Sarasota,Sarasota,single,accepts_criminal_record
108,Seminole County DCF — ACCESS Benefits & Family Support,financial-assistance,Sanford / Seminole County,"The Seminole County DCF Family Resource Center / ACCESS intake office in Sanford processes SNAP food assistance, Temporary Cash Assistance (TCA), and Florida Medicaid eligibility applications for residents including returning citizens reestablishing food and health benefits after release from Seminole County Jail or FDC custody. County DCF staff help verify identity and income and accept applications submitted through the MyACCESS Florida portal.","La oficina de admisión DCF / ACCESS del condado Seminole en Sanford procesa solicitudes de asistencia alimentaria SNAP, Asistencia Temporal en Efectivo (TCA) y elegibilidad de Medicaid de Florida para residentes, incluidos ciudadanos que regresan que restablecen beneficios alimentarios y de salud después de salir de la cárcel del condado Seminole o de custodia FDC. El personal del condado ayuda a verificar identidad e ingresos y acepta solicitudes presentadas a través del portal MyACCESS Florida.","609 North Powers Drive, Suite 324",Sanford,407-742-8400,,https://www.myflfamilies.com/service-programs/access/apply-now,"Seminole County residents meeting income and household-size requirements for SNAP, TCA, and Florida Medicaid; criminal record generally not a barrier.","Residentes del condado Seminole que cumplan requisitos de ingresos y tamaño de hogar para SNAP, TCA y Medicaid de Florida; los antecedentes penales generalmente no son barrera.",Apply online at myaccess.myflfamilies.com; call 850-300-4323 for DCF Customer Call Center; visit the county Family Resource Center for in-person verification and document drop-off.,Solicite en myaccess.myflfamilies.com; llame al 850-300-4323; visite el Centro de Recursos Familiares del condado para verificación presencial y entrega de documentos.,Typically Monday–Friday business hours; call ahead,seminole|florida|benefits|SNAP|Medicaid|DCF|ACCESS|reentry,SNAP enrollment|Florida Medicaid application|TCA cash assistance|Document verification|MyACCESS portal help,Seminole,Seminole,single,accepts_criminal_record
109,St. Johns County DCF — ACCESS Benefits & Family Support,financial-assistance,St. Augustine / St. Johns County,"The St. Johns County DCF Family Resource Center / ACCESS intake office in St. Augustine processes SNAP food assistance, Temporary Cash Assistance (TCA), and Florida Medicaid eligibility applications for residents including returning citizens reestablishing food and health benefits after release from St. Johns County Jail or FDC custody. County DCF staff help verify identity and income and accept applications submitted through the MyACCESS Florida portal.","La oficina de admisión DCF / ACCESS del condado St. Johns en St. Augustine procesa solicitudes de asistencia alimentaria SNAP, Asistencia Temporal en Efectivo (TCA) y elegibilidad de Medicaid de Florida para residentes, incluidos ciudadanos que regresan que restablecen beneficios alimentarios y de salud después de salir de la cárcel del condado St. Johns o de custodia FDC. El personal del condado ayuda a verificar identidad e ingresos y acepta solicitudes presentadas a través del portal MyACCESS Florida.",5000-1 Norwood Avenue,St. Augustine,904-723-2000,,https://www.myflfamilies.com/service-programs/access/apply-now,"St. Johns County residents meeting income and household-size requirements for SNAP, TCA, and Florida Medicaid; criminal record generally not a barrier.","Residentes del condado St. Johns que cumplan requisitos de ingresos y tamaño de hogar para SNAP, TCA y Medicaid de Florida; los antecedentes penales generalmente no son barrera.",Apply online at myaccess.myflfamilies.com; call 850-300-4323 for DCF Customer Call Center; visit the county Family Resource Center for in-person verification and document drop-off.,Solicite en myaccess.myflfamilies.com; llame al 850-300-4323; visite el Centro de Recursos Familiares del condado para verificación presencial y entrega de documentos.,Typically Monday–Friday business hours; call ahead,st-johns|florida|benefits|SNAP|Medicaid|DCF|ACCESS|reentry,SNAP enrollment|Florida Medicaid application|TCA cash assistance|Document verification|MyACCESS portal help,St. Johns,St. Johns,single,accepts_criminal_record
110,St. Lucie County DCF — ACCESS Benefits & Family Support,financial-assistance,Fort Pierce / St. Lucie County,"The St. Lucie County DCF Family Resource Center / ACCESS intake office in Fort Pierce processes SNAP food assistance, Temporary Cash Assistance (TCA), and Florida Medicaid eligibility applications for residents including returning citizens reestablishing food and health benefits after release from St. Lucie County Jail or FDC custody. County DCF staff help verify identity and income and accept applications submitted through the MyACCESS Florida portal.","La oficina de admisión DCF / ACCESS del condado St. Lucie en Fort Pierce procesa solicitudes de asistencia alimentaria SNAP, Asistencia Temporal en Efectivo (TCA) y elegibilidad de Medicaid de Florida para residentes, incluidos ciudadanos que regresan que restablecen beneficios alimentarios y de salud después de salir de la cárcel del condado St. Lucie o de custodia FDC. El personal del condado ayuda a verificar identidad e ingresos y acepta solicitudes presentadas a través del portal MyACCESS Florida.","801 Dixon Boulevard, Suite 1103",Fort Pierce,772-778-5600,,https://www.myflfamilies.com/service-programs/access/apply-now,"St. Lucie County residents meeting income and household-size requirements for SNAP, TCA, and Florida Medicaid; criminal record generally not a barrier.","Residentes del condado St. Lucie que cumplan requisitos de ingresos y tamaño de hogar para SNAP, TCA y Medicaid de Florida; los antecedentes penales generalmente no son barrera.",Apply online at myaccess.myflfamilies.com; call 850-300-4323 for DCF Customer Call Center; visit the county Family Resource Center for in-person verification and document drop-off.,Solicite en myaccess.myflfamilies.com; llame al 850-300-4323; visite el Centro de Recursos Familiares del condado para verificación presencial y entrega de documentos.,Typically Monday–Friday business hours; call ahead,st-lucie|florida|benefits|SNAP|Medicaid|DCF|ACCESS|reentry,SNAP enrollment|Florida Medicaid application|TCA cash assistance|Document verification|MyACCESS portal help,St. Lucie,St. Lucie,single,accepts_criminal_record
111,Sumter County DCF — ACCESS Benefits & Family Support,financial-assistance,Bushnell / Sumter County,"The Sumter County DCF Family Resource Center / ACCESS intake office in Bushnell processes SNAP food assistance, Temporary Cash Assistance (TCA), and Florida Medicaid eligibility applications for residents including returning citizens reestablishing food and health benefits after release from Sumter County Jail or FDC custody. County DCF staff help verify identity and income and accept applications submitted through the MyACCESS Florida portal.","La oficina de admisión DCF / ACCESS del condado Sumter en Bushnell procesa solicitudes de asistencia alimentaria SNAP, Asistencia Temporal en Efectivo (TCA) y elegibilidad de Medicaid de Florida para residentes, incluidos ciudadanos que regresan que restablecen beneficios alimentarios y de salud después de salir de la cárcel del condado Sumter o de custodia FDC. El personal del condado ayuda a verificar identidad e ingresos y acepta solicitudes presentadas a través del portal MyACCESS Florida.",212 S Apopka Avenue,Bushnell,352-732-3000,,https://www.myflfamilies.com/service-programs/access/apply-now,"Sumter County residents meeting income and household-size requirements for SNAP, TCA, and Florida Medicaid; criminal record generally not a barrier.","Residentes del condado Sumter que cumplan requisitos de ingresos y tamaño de hogar para SNAP, TCA y Medicaid de Florida; los antecedentes penales generalmente no son barrera.",Apply online at myaccess.myflfamilies.com; call 850-300-4323 for DCF Customer Call Center; visit the county Family Resource Center for in-person verification and document drop-off.,Solicite en myaccess.myflfamilies.com; llame al 850-300-4323; visite el Centro de Recursos Familiares del condado para verificación presencial y entrega de documentos.,Typically Monday–Friday business hours; call ahead,sumter|florida|benefits|SNAP|Medicaid|DCF|ACCESS|reentry,SNAP enrollment|Florida Medicaid application|TCA cash assistance|Document verification|MyACCESS portal help,Sumter,Sumter,single,accepts_criminal_record
112,Suwannee County DCF — ACCESS Benefits & Family Support,financial-assistance,Live Oak / Suwannee County,"The Suwannee County DCF Family Resource Center / ACCESS intake office in Live Oak processes SNAP food assistance, Temporary Cash Assistance (TCA), and Florida Medicaid eligibility applications for residents including returning citizens reestablishing food and health benefits after release from Suwannee County Jail or FDC custody. County DCF staff help verify identity and income and accept applications submitted through the MyACCESS Florida portal.","La oficina de admisión DCF / ACCESS del condado Suwannee en Live Oak procesa solicitudes de asistencia alimentaria SNAP, Asistencia Temporal en Efectivo (TCA) y elegibilidad de Medicaid de Florida para residentes, incluidos ciudadanos que regresan que restablecen beneficios alimentarios y de salud después de salir de la cárcel del condado Suwannee o de custodia FDC. El personal del condado ayuda a verificar identidad e ingresos y acepta solicitudes presentadas a través del portal MyACCESS Florida.","1000 NE 16th Avenue, Building J",Live Oak,386-719-6200,,https://www.myflfamilies.com/service-programs/access/apply-now,"Suwannee County residents meeting income and household-size requirements for SNAP, TCA, and Florida Medicaid; criminal record generally not a barrier.","Residentes del condado Suwannee que cumplan requisitos de ingresos y tamaño de hogar para SNAP, TCA y Medicaid de Florida; los antecedentes penales generalmente no son barrera.",Apply online at myaccess.myflfamilies.com; call 850-300-4323 for DCF Customer Call Center; visit the county Family Resource Center for in-person verification and document drop-off.,Solicite en myaccess.myflfamilies.com; llame al 850-300-4323; visite el Centro de Recursos Familiares del condado para verificación presencial y entrega de documentos.,Typically Monday–Friday business hours; call ahead,suwannee|florida|benefits|SNAP|Medicaid|DCF|ACCESS|reentry,SNAP enrollment|Florida Medicaid application|TCA cash assistance|Document verification|MyACCESS portal help,Suwannee,Suwannee,single,accepts_criminal_record
113,Taylor County DCF — ACCESS Benefits & Family Support,financial-assistance,Perry / Taylor County,"The Taylor County DCF Family Resource Center / ACCESS intake office in Perry processes SNAP food assistance, Temporary Cash Assistance (TCA), and Florida Medicaid eligibility applications for residents including returning citizens reestablishing food and health benefits after release from Taylor County Jail or FDC custody. County DCF staff help verify identity and income and accept applications submitted through the MyACCESS Florida portal.","La oficina de admisión DCF / ACCESS del condado Taylor en Perry procesa solicitudes de asistencia alimentaria SNAP, Asistencia Temporal en Efectivo (TCA) y elegibilidad de Medicaid de Florida para residentes, incluidos ciudadanos que regresan que restablecen beneficios alimentarios y de salud después de salir de la cárcel del condado Taylor o de custodia FDC. El personal del condado ayuda a verificar identidad e ingresos y acepta solicitudes presentadas a través del portal MyACCESS Florida.","1000 NE 16th Avenue, Building J",Perry,386-719-6200,,https://www.myflfamilies.com/service-programs/access/apply-now,"Taylor County residents meeting income and household-size requirements for SNAP, TCA, and Florida Medicaid; criminal record generally not a barrier.","Residentes del condado Taylor que cumplan requisitos de ingresos y tamaño de hogar para SNAP, TCA y Medicaid de Florida; los antecedentes penales generalmente no son barrera.",Apply online at myaccess.myflfamilies.com; call 850-300-4323 for DCF Customer Call Center; visit the county Family Resource Center for in-person verification and document drop-off.,Solicite en myaccess.myflfamilies.com; llame al 850-300-4323; visite el Centro de Recursos Familiares del condado para verificación presencial y entrega de documentos.,Typically Monday–Friday business hours; call ahead,taylor|florida|benefits|SNAP|Medicaid|DCF|ACCESS|reentry,SNAP enrollment|Florida Medicaid application|TCA cash assistance|Document verification|MyACCESS portal help,Taylor,Taylor,single,accepts_criminal_record
114,Union County DCF — ACCESS Benefits & Family Support,financial-assistance,Lake Butler / Union County,"The Union County DCF Family Resource Center / ACCESS intake office in Lake Butler processes SNAP food assistance, Temporary Cash Assistance (TCA), and Florida Medicaid eligibility applications for residents including returning citizens reestablishing food and health benefits after release from Union County Jail or FDC custody. County DCF staff help verify identity and income and accept applications submitted through the MyACCESS Florida portal.","La oficina de admisión DCF / ACCESS del condado Union en Lake Butler procesa solicitudes de asistencia alimentaria SNAP, Asistencia Temporal en Efectivo (TCA) y elegibilidad de Medicaid de Florida para residentes, incluidos ciudadanos que regresan que restablecen beneficios alimentarios y de salud después de salir de la cárcel del condado Union o de custodia FDC. El personal del condado ayuda a verificar identidad e ingresos y acepta solicitudes presentadas a través del portal MyACCESS Florida.","1000 NE 16th Avenue, Building J",Lake Butler,386-719-6200,,https://www.myflfamilies.com/service-programs/access/apply-now,"Union County residents meeting income and household-size requirements for SNAP, TCA, and Florida Medicaid; criminal record generally not a barrier.","Residentes del condado Union que cumplan requisitos de ingresos y tamaño de hogar para SNAP, TCA y Medicaid de Florida; los antecedentes penales generalmente no son barrera.",Apply online at myaccess.myflfamilies.com; call 850-300-4323 for DCF Customer Call Center; visit the county Family Resource Center for in-person verification and document drop-off.,Solicite en myaccess.myflfamilies.com; llame al 850-300-4323; visite el Centro de Recursos Familiares del condado para verificación presencial y entrega de documentos.,Typically Monday–Friday business hours; call ahead,union|florida|benefits|SNAP|Medicaid|DCF|ACCESS|reentry,SNAP enrollment|Florida Medicaid application|TCA cash assistance|Document verification|MyACCESS portal help,Union,Union,single,accepts_criminal_record
115,Volusia County DCF — ACCESS Benefits & Family Support,financial-assistance,Daytona Beach / Volusia County,"The Volusia County DCF Family Resource Center / ACCESS intake office in Daytona Beach processes SNAP food assistance, Temporary Cash Assistance (TCA), and Florida Medicaid eligibility applications for residents including returning citizens reestablishing food and health benefits after release from Volusia County Jail or FDC custody. County DCF staff help verify identity and income and accept applications submitted through the MyACCESS Florida portal.","La oficina de admisión DCF / ACCESS del condado Volusia en Daytona Beach procesa solicitudes de asistencia alimentaria SNAP, Asistencia Temporal en Efectivo (TCA) y elegibilidad de Medicaid de Florida para residentes, incluidos ciudadanos que regresan que restablecen beneficios alimentarios y de salud después de salir de la cárcel del condado Volusia o de custodia FDC. El personal del condado ayuda a verificar identidad e ingresos y acepta solicitudes presentadas a través del portal MyACCESS Florida.",5000-1 Norwood Avenue,Daytona Beach,904-723-2000,,https://www.myflfamilies.com/service-programs/access/apply-now,"Volusia County residents meeting income and household-size requirements for SNAP, TCA, and Florida Medicaid; criminal record generally not a barrier.","Residentes del condado Volusia que cumplan requisitos de ingresos y tamaño de hogar para SNAP, TCA y Medicaid de Florida; los antecedentes penales generalmente no son barrera.",Apply online at myaccess.myflfamilies.com; call 850-300-4323 for DCF Customer Call Center; visit the county Family Resource Center for in-person verification and document drop-off.,Solicite en myaccess.myflfamilies.com; llame al 850-300-4323; visite el Centro de Recursos Familiares del condado para verificación presencial y entrega de documentos.,Typically Monday–Friday business hours; call ahead,volusia|florida|benefits|SNAP|Medicaid|DCF|ACCESS|reentry,SNAP enrollment|Florida Medicaid application|TCA cash assistance|Document verification|MyACCESS portal help,Volusia,Volusia,single,accepts_criminal_record
116,Wakulla County DCF — ACCESS Benefits & Family Support,financial-assistance,Crawfordville / Wakulla County,"The Wakulla County DCF Family Resource Center / ACCESS intake office in Crawfordville processes SNAP food assistance, Temporary Cash Assistance (TCA), and Florida Medicaid eligibility applications for residents including returning citizens reestablishing food and health benefits after release from Wakulla County Jail or FDC custody. County DCF staff help verify identity and income and accept applications submitted through the MyACCESS Florida portal.","La oficina de admisión DCF / ACCESS del condado Wakulla en Crawfordville procesa solicitudes de asistencia alimentaria SNAP, Asistencia Temporal en Efectivo (TCA) y elegibilidad de Medicaid de Florida para residentes, incluidos ciudadanos que regresan que restablecen beneficios alimentarios y de salud después de salir de la cárcel del condado Wakulla o de custodia FDC. El personal del condado ayuda a verificar identidad e ingresos y acepta solicitudes presentadas a través del portal MyACCESS Florida.","2810 Sharer Road, Unit 24",Crawfordville,850-921-8400,,https://www.myflfamilies.com/service-programs/access/apply-now,"Wakulla County residents meeting income and household-size requirements for SNAP, TCA, and Florida Medicaid; criminal record generally not a barrier.","Residentes del condado Wakulla que cumplan requisitos de ingresos y tamaño de hogar para SNAP, TCA y Medicaid de Florida; los antecedentes penales generalmente no son barrera.",Apply online at myaccess.myflfamilies.com; call 850-300-4323 for DCF Customer Call Center; visit the county Family Resource Center for in-person verification and document drop-off.,Solicite en myaccess.myflfamilies.com; llame al 850-300-4323; visite el Centro de Recursos Familiares del condado para verificación presencial y entrega de documentos.,Typically Monday–Friday business hours; call ahead,wakulla|florida|benefits|SNAP|Medicaid|DCF|ACCESS|reentry,SNAP enrollment|Florida Medicaid application|TCA cash assistance|Document verification|MyACCESS portal help,Wakulla,Wakulla,single,accepts_criminal_record
117,Walton County DCF — ACCESS Benefits & Family Support,financial-assistance,DeFuniak Springs / Walton County,"The Walton County DCF Family Resource Center / ACCESS intake office in DeFuniak Springs processes SNAP food assistance, Temporary Cash Assistance (TCA), and Florida Medicaid eligibility applications for residents including returning citizens reestablishing food and health benefits after release from Walton County Jail or FDC custody. County DCF staff help verify identity and income and accept applications submitted through the MyACCESS Florida portal.","La oficina de admisión DCF / ACCESS del condado Walton en DeFuniak Springs procesa solicitudes de asistencia alimentaria SNAP, Asistencia Temporal en Efectivo (TCA) y elegibilidad de Medicaid de Florida para residentes, incluidos ciudadanos que regresan que restablecen beneficios alimentarios y de salud después de salir de la cárcel del condado Walton o de custodia FDC. El personal del condado ayuda a verificar identidad e ingresos y acepta solicitudes presentadas a través del portal MyACCESS Florida.","33 Brent Lane, Suite 103",DeFuniak Springs,850-595-8900,,https://www.myflfamilies.com/service-programs/access/apply-now,"Walton County residents meeting income and household-size requirements for SNAP, TCA, and Florida Medicaid; criminal record generally not a barrier.","Residentes del condado Walton que cumplan requisitos de ingresos y tamaño de hogar para SNAP, TCA y Medicaid de Florida; los antecedentes penales generalmente no son barrera.",Apply online at myaccess.myflfamilies.com; call 850-300-4323 for DCF Customer Call Center; visit the county Family Resource Center for in-person verification and document drop-off.,Solicite en myaccess.myflfamilies.com; llame al 850-300-4323; visite el Centro de Recursos Familiares del condado para verificación presencial y entrega de documentos.,Typically Monday–Friday business hours; call ahead,walton|florida|benefits|SNAP|Medicaid|DCF|ACCESS|reentry,SNAP enrollment|Florida Medicaid application|TCA cash assistance|Document verification|MyACCESS portal help,Walton,Walton,single,accepts_criminal_record
118,Washington County DCF — ACCESS Benefits & Family Support,financial-assistance,Chipley / Washington County,"The Washington County DCF Family Resource Center / ACCESS intake office in Chipley processes SNAP food assistance, Temporary Cash Assistance (TCA), and Florida Medicaid eligibility applications for residents including returning citizens reestablishing food and health benefits after release from Washington County Jail or FDC custody. County DCF staff help verify identity and income and accept applications submitted through the MyACCESS Florida portal.","La oficina de admisión DCF / ACCESS del condado Washington en Chipley procesa solicitudes de asistencia alimentaria SNAP, Asistencia Temporal en Efectivo (TCA) y elegibilidad de Medicaid de Florida para residentes, incluidos ciudadanos que regresan que restablecen beneficios alimentarios y de salud después de salir de la cárcel del condado Washington o de custodia FDC. El personal del condado ayuda a verificar identidad e ingresos y acepta solicitudes presentadas a través del portal MyACCESS Florida.",2505 West 15th Street,Chipley,850-747-5400,,https://www.myflfamilies.com/service-programs/access/apply-now,"Washington County residents meeting income and household-size requirements for SNAP, TCA, and Florida Medicaid; criminal record generally not a barrier.","Residentes del condado Washington que cumplan requisitos de ingresos y tamaño de hogar para SNAP, TCA y Medicaid de Florida; los antecedentes penales generalmente no son barrera.",Apply online at myaccess.myflfamilies.com; call 850-300-4323 for DCF Customer Call Center; visit the county Family Resource Center for in-person verification and document drop-off.,Solicite en myaccess.myflfamilies.com; llame al 850-300-4323; visite el Centro de Recursos Familiares del condado para verificación presencial y entrega de documentos.,Typically Monday–Friday business hours; call ahead,washington|florida|benefits|SNAP|Medicaid|DCF|ACCESS|reentry,SNAP enrollment|Florida Medicaid application|TCA cash assistance|Document verification|MyACCESS portal help,Washington,Washington,single,accepts_criminal_record
119,South Florida Behavioral Health Network,healthcare,Miami / Miami-Dade County,"South Florida Behavioral Health Network coordinates Medicaid behavioral health services for Miami-Dade and Monroe county residents including returning citizens with mental health and substance use needs. Staff connect justice-involved adults from FDC custody and Miami-Dade County jails to MyACCESS benefits, CareerSource employment, and local reentry partners across Miami / Miami-Dade County. Direct program services—not emergency cash assistance or a general probation reporting office unless noted.","South Florida Behavioral Health Network coordina servicios de salud conductual Medicaid para residentes de Miami-Dade y Monroe. El personal conecta a adultos con antecedentes penales de custodia FDC y cárceles del condado Miami-Dade con beneficios MyACCESS, empleo CareerSource y aliados locales de reinserción en Miami / Miami-Dade County. Contact the program directly to confirm current hours, eligibility, and intake requirements before visiting in person.",2950 NW 75th Street,Miami,305-623-3500,,https://www.sfbhn.org,Miami-Dade and Monroe residents with Medicaid behavioral health needs.,Residentes de Miami-Dade y Monroe con necesidades de salud conductual Medicaid.,Call 305-623-3500 for provider network.,Llame al 305-623-3500.,Monday–Friday,miami|miami-dade|healthcare|behavioral-health|reentry,Behavioral health network|Provider referrals|Medicaid navigation|Crisis linkage|Treatment coordination,Miami-Dade,Miami-Dade,single,accepts_criminal_record
120,Spectrum Programs — Substance Use Treatment,substance-use-treatment,Miami / Miami-Dade County,"Spectrum Programs provides outpatient substance use treatment and DUI services for Miami-Dade residents including FDC probation referrals, accepting Medicaid and sliding-fee payment. Staff connect justice-involved adults from FDC custody and Miami-Dade County jails to MyACCESS benefits, CareerSource employment, and local reentry partners across Miami / Miami-Dade County. Direct program services—not emergency cash assistance or a general probation reporting office unless noted.","Spectrum Programs ofrece tratamiento ambulatorio de uso de sustancias y servicios DUI para residentes de Miami-Dade incluidas referencias de probatoria FDC. El personal conecta a adultos con antecedentes penales de custodia FDC y cárceles del condado Miami-Dade con beneficios MyACCESS, empleo CareerSource y aliados locales de reinserción en Miami / Miami-Dade County.",6100 Blue Lagoon Drive,Miami,305-634-7734,,https://www.spectrumprograms.com,Miami-Dade residents with substance use disorders; justice-involved referrals accepted.,Residentes de Miami-Dade con trastornos por uso de sustancias.,Call 305-634-7734 for assessment.,Llame al 305-634-7734.,Monday–Friday,miami|miami-dade|substance-use|treatment|reentry,Outpatient treatment|DUI programs|Medicaid billing|Probation referrals|Recovery support,Miami-Dade,Miami-Dade,single,accepts_criminal_record
121,Broward Addiction Recovery Center,substance-use-treatment,Fort Lauderdale / Broward County,"Broward Addiction Recovery Center provides county-funded detox, residential, and outpatient substance use treatment for Broward residents including court and FDC referrals. Staff connect justice-involved adults from FDC custody and Broward County jails to MyACCESS benefits, CareerSource employment, and local reentry partners across Fort Lauderdale / Broward County. Direct program services—not emergency cash assistance or a general probation reporting office unless noted.","Broward Addiction Recovery Center ofrece desintoxicación, tratamiento residencial y ambulatorio financiado por el condado para residentes de Broward. El personal conecta a adultos con antecedentes penales de custodia FDC y cárceles del condado Broward con beneficios MyACCESS, empleo CareerSource y aliados locales de reinserción en Fort Lauderdale / Broward County.",3270 NW 29th Court,Fort Lauderdale,954-357-4900,,https://www.broward.org/addictionrecovery,Broward County residents; court and FDC referrals accepted.,Residentes del condado Broward; referencias judiciales y FDC aceptadas.,Call 954-357-4900 for intake.,Llame al 954-357-4900.,24/7 detox access,fort-lauderdale|broward|substance-use|detox|reentry,Detox|Residential treatment|Outpatient services|Court referrals|Medicaid services,Broward,Broward,single,accepts_criminal_record|referral_required
122,Salvation Army — Red Shield Lodge,housing,St. Petersburg / Pinellas County,"Salvation Army Red Shield Lodge provides emergency shelter and transitional housing for homeless adults in Pinellas County including justice-involved men and women after FDC release. Staff connect justice-involved adults from FDC custody and Pinellas County jails to MyACCESS benefits, CareerSource employment, and local reentry partners across St. Petersburg / Pinellas County. Direct program services—not emergency cash assistance or a general probation reporting office unless noted.","Salvation Army Red Shield Lodge ofrece refugio de emergencia y vivienda transicional para adultos sin hogar en el condado Pinellas incluidas personas con antecedentes penales. El personal conecta a adultos con antecedentes penales de custodia FDC y cárceles del condado Pinellas con beneficios MyACCESS, empleo CareerSource y aliados locales de reinserción en St. Petersburg / Pinellas County.",1404 4th Street South,St. Petersburg,727-822-4958,,https://www.salvationarmyflorida.org,Homeless Pinellas County adults; justice-involved welcome.,Adultos sin hogar del condado Pinellas; personas con antecedentes penales bienvenidas.,Call 727-822-4958 for bed availability.,Llame al 727-822-4958.,Shelter 24/7,st-petersburg|pinellas|housing|shelter|reentry,Emergency shelter|Transitional housing|Meals|Case management|Employment referrals,Pinellas,Pinellas,single,accepts_criminal_record
123,Tampa Crossroads — Veterans Housing,veterans,Tampa / Hillsborough County,"Tampa Crossroads operates supportive housing and case management for homeless veterans in Hillsborough County including justice-involved veterans connecting to VA benefits and CareerSource Tampa Bay. Staff connect justice-involved adults from FDC custody and Hillsborough County jails to MyACCESS benefits, CareerSource employment, and local reentry partners across Tampa / Hillsborough County. Direct program services—not emergency cash assistance or a general probation reporting office unless noted.","Tampa Crossroads opera vivienda de apoyo y manejo de casos para veteranos sin hogar en el condado Hillsborough incluidos veteranos con antecedentes penales. El personal conecta a adultos con antecedentes penales de custodia FDC y cárceles del condado Hillsborough con beneficios MyACCESS, empleo CareerSource y aliados locales de reinserción en Tampa / Hillsborough County.",1301 East Columbus Drive,Tampa,813-247-7111,,https://www.tampacrossroads.com,Homeless veterans in Hillsborough County; DD-214 required.,Veteranos sin hogar en el condado Hillsborough; se requiere DD-214.,Call 813-247-7111 for veteran intake.,Llame al 813-247-7111.,Monday–Friday,tampa|hillsborough|veterans|housing|reentry,Veteran supportive housing|VA benefits help|Case management|Employment referrals|Peer support,Hillsborough,Hillsborough,single,accepts_criminal_record
124,Goodwill Suncoast — Reentry Employment,employment,St. Petersburg / Pinellas County,"Goodwill Suncoast provides job training, thrift-store employment, and reentry career services for Pinellas, Manatee, and Sarasota county residents including justice-involved adults. Staff connect justice-involved adults from FDC custody and Pinellas County jails to MyACCESS benefits, CareerSource employment, and local reentry partners across St. Petersburg / Pinellas County. Direct program services—not emergency cash assistance or a general probation reporting office unless noted.","Goodwill Suncoast ofrece capacitación laboral, empleo en tiendas de segunda mano y servicios de carrera de reinserción para residentes de Pinellas, Manatee y Sarasota. El personal conecta a adultos con antecedentes penales de custodia FDC y cárceles del condado Pinellas con beneficios MyACCESS, empleo CareerSource y aliados locales de reinserción en St. Petersburg / Pinellas County.",10596 Gandy Boulevard,St. Petersburg,727-523-1512,,https://www.goodwill-suncoast.org,"Open to Pinellas, Manatee, Sarasota job seekers including justice-involved individuals.","Abierto a buscadores de empleo de Pinellas, Manatee y Sarasota.",Visit goodwill-suncoast.org for career center hours.,Visite goodwill-suncoast.org.,Monday–Saturday,st-petersburg|pinellas|employment|goodwill|reentry,Job training|Thrift employment|Career services|Skills workshops|Fair-chance hiring,Pinellas,Pinellas,single,accepts_criminal_record
125,Orlando Union Rescue Mission,housing,Orlando / Orange County,"Orlando Union Rescue Mission provides emergency shelter, addiction recovery, and life transformation programs for homeless men and women in Orange County including justice-involved adults. Staff connect justice-involved adults from FDC custody and Orange County jails to MyACCESS benefits, CareerSource employment, and local reentry partners across Orlando / Orange County. Direct program services—not emergency cash assistance or a general probation reporting office unless noted.","Orlando Union Rescue Mission ofrece refugio de emergencia, recuperación de adicciones y programas de transformación de vida para hombres y mujeres sin hogar en el condado Orange. El personal conecta a adultos con antecedentes penales de custodia FDC y cárceles del condado Orange con beneficios MyACCESS, empleo CareerSource y aliados locales de reinserción en Orlando / Orange County.",1521 W Washington Street,Orlando,407-422-4851,,https://www.orm.org,Homeless Orange County adults; justice-involved participants in recovery programs.,Adultos sin hogar del condado Orange; participantes con antecedentes penales en programas de recuperación.,Call 407-422-4851 for intake.,Llame al 407-422-4851.,Shelter 24/7,orlando|orange|housing|shelter|recovery|reentry,Emergency shelter|Addiction recovery|Life skills|Workforce programs|Faith-based support,Orange,Orange,single,accepts_criminal_record
126,Second Harvest Food Bank of Central Florida,food-nutrition,Orlando / Orange County,"Second Harvest Food Bank of Central Florida distributes groceries to partner pantries across Orange, Osceola, Seminole, and Brevard counties for food-insecure families including returning citizens awaiting SNAP. Staff connect justice-involved adults from FDC custody and Orange County jails to MyACCESS benefits, CareerSource employment, and local reentry partners across Orlando / Orange County. Direct program services—not emergency cash assistance or a general probation reporting office unless noted.","Second Harvest Food Bank of Central Florida distribuye comestibles a despensas asociadas en Orange, Osceola, Seminole y Brevard para familias con inseguridad alimentaria incluidos ciudadanos que regresan. El personal conecta a adultos con antecedentes penales de custodia FDC y cárceles del condado Orange con beneficios MyACCESS, empleo CareerSource y aliados locales de reinserción en Orlando / Orange County.",411 Mercy Drive,Orlando,407-295-1066,,https://www.feedhopenow.org,Food-insecure Central Florida residents; pantry eligibility varies.,Residentes del centro de Florida con inseguridad alimentaria.,Find pantries at feedhopenow.org; call 407-295-1066.,Encuentre despensas en feedhopenow.org.,Monday–Friday,orlando|orange|food-nutrition|food-bank|reentry,Food distribution|Pantry network|SNAP application guidance|Mobile pantries|Partner referrals,Orange,Orange,single,accepts_criminal_record
127,Brevard Neighborhood Development Coalition,housing,Melbourne / Brevard County,"Brevard Neighborhood Development Coalition builds affordable housing and provides homebuyer education for low-income Brevard County families including returning citizens meeting income guidelines. Staff connect justice-involved adults from FDC custody and Brevard County jails to MyACCESS benefits, CareerSource employment, and local reentry partners across Melbourne / Brevard County. Direct program services—not emergency cash assistance or a general probation reporting office unless noted.","Brevard Neighborhood Development Coalition construye vivienda asequible y ofrece educación para compradores de vivienda para familias de bajos ingresos del condado Brevard incluidos ciudadanos que regresan. El personal conecta a adultos con antecedentes penales de custodia FDC y cárceles del condado Brevard con beneficios MyACCESS, empleo CareerSource y aliados locales de reinserción en Melbourne / Brevard County.",1619 Oak Street,Melbourne,321-757-3222,,https://www.bndcoalition.org,Low-income Brevard households meeting program income limits.,Hogares de bajos ingresos de Brevard que cumplan límites de ingresos.,Call 321-757-3222 for programs.,Llame al 321-757-3222.,Monday–Friday,melbourne|brevard|housing|affordable|reentry,Affordable housing|Homebuyer education|Financial coaching|Rental counseling|Neighborhood development,Brevard,Brevard,single,accepts_criminal_record
128,CareerSource Brevard,employment,Rockledge / Brevard County,"CareerSource Brevard connects Brevard County job seekers including justice-involved adults to WIOA training, aerospace and healthcare career pathways, and fair-chance employers. Staff connect justice-involved adults from FDC custody and Brevard County jails to MyACCESS benefits, CareerSource employment, and local reentry partners across Rockledge / Brevard County. Direct program services—not emergency cash assistance or a general probation reporting office unless noted.","CareerSource Brevard conecta buscadores de empleo del condado Brevard incluidos adultos con antecedentes penales a capacitación WIOA y empleadores de segunda oportunidad. El personal conecta a adultos con antecedentes penales de custodia FDC y cárceles del condado Brevard con beneficios MyACCESS, empleo CareerSource y aliados locales de reinserción en Rockledge / Brevard County.",2725 Judge Fran Jamieson Way,Rockledge,321-504-7600,,https://www.careersourcebrevard.com,Open to Brevard County job seekers including justice-involved individuals.,Abierto a buscadores de empleo del condado Brevard.,Register at careersourcebrevard.com.,Regístrese en careersourcebrevard.com.,Monday–Friday,rockledge|brevard|employment|careersource|reentry,Job search|WIOA training|Career pathways|Fair-chance employers|Resume coaching,Brevard,Brevard,single,accepts_criminal_record
129,Seminole County Sheriff — Reentry Unit,probation-parole,Sanford / Seminole County,"The Seminole County Sheriff Reentry Unit coordinates jail transition planning and community referrals for justice-involved adults releasing to Seminole, Orange, and Osceola counties. Staff connect justice-involved adults from FDC custody and Seminole County jails to MyACCESS benefits, CareerSource employment, and local reentry partners across Sanford / Seminole County. Direct program services—not emergency cash assistance or a general probation reporting office unless noted.","La Unidad de Reinserción del Sheriff del condado Seminole coordina planificación de transición de la cárcel y referencias comunitarias para adultos con antecedentes penales. El personal conecta a adultos con antecedentes penales de custodia FDC y cárceles del condado Seminole con beneficios MyACCESS, empleo CareerSource y aliados locales de reinserción en Sanford / Seminole County.",100 Eslinger Way,Sanford,407-665-6600,,https://www.seminolesheriff.org,Individuals releasing from Seminole County jail; community reentry referrals.,Personas que salen de la cárcel del condado Seminole; referencias de reinserción comunitaria.,Coordinate through jail reentry staff before release.,Coordine con el personal de reinserción de la cárcel antes de la liberación.,Monday–Friday,sanford|seminole|probation-parole|reentry|jail,Jail transition planning|Community referrals|Resource navigation|Employment linkage|Benefits help,Seminole,Seminole,single,accepts_criminal_record
130,Osceola Council on Aging — Transportation,transportation,Kissimmee / Osceola County,"Osceola Council on Aging provides paratransit and medical transportation for seniors and disabled Osceola County residents including returning citizens needing rides to probation, treatment, and CareerSource appointments. Staff connect justice-involved adults from FDC custody and Osceola County jails to MyACCESS benefits, CareerSource employment, and local reentry partners across Kissimmee / Osceola County. Direct program services—not emergency cash assistance or a general probation reporting office unless noted.","Osceola Council on Aging proporciona paratransporte y transporte médico para residentes mayores y con discapacidad del condado Osceola incluidos ciudadanos que regresan que necesitan transporte a citas de probatoria y tratamiento. El personal conecta a adultos con antecedentes penales de custodia FDC y cárceles del condado Osceola con beneficios MyACCESS, empleo CareerSource y aliados locales de reinserción en Kissimmee / Osceola County.",700 Generation Point,Kissimmee,407-846-8532,,https://www.osceolagenerations.org,Osceola County seniors and disabled residents; some programs serve broader low-income riders.,Residentes mayores y con discapacidad del condado Osceola.,Call 407-846-8532 to schedule rides.,Llame al 407-846-8532.,Monday–Friday,kissimmee|osceola|transportation|paratransit|reentry,Paratransit|Medical transportation|Senior rides|Appointment transport|Medicaid transport referrals,Osceola,Osceola,single,accepts_criminal_record
131,Manatee Glens — Behavioral Health,healthcare,Bradenton / Manatee County,"Manatee Glens provides behavioral health, crisis, and substance use services for Manatee and DeSoto county residents including justice-involved adults referred by FDC and courts. Staff connect justice-involved adults from FDC custody and Manatee County jails to MyACCESS benefits, CareerSource employment, and local reentry partners across Bradenton / Manatee County. Direct program services—not emergency cash assistance or a general probation reporting office unless noted.","Manatee Glens brinda salud conductual, crisis y servicios de uso de sustancias para residentes de Manatee y DeSoto incluidos adultos con antecedentes penales. El personal conecta a adultos con antecedentes penales de custodia FDC y cárceles del condado Manatee con beneficios MyACCESS, empleo CareerSource y aliados locales de reinserción en Bradenton / Manatee County.",379 6th Avenue West,Bradenton,941-782-4150,,https://www.manateeglens.org,Manatee and DeSoto residents; Medicaid accepted; crisis line 24/7.,Residentes de Manatee y DeSoto; línea de crisis 24/7.,Crisis line 941-782-4150; walk-in crisis center available.,Línea de crisis 941-782-4150.,24/7 crisis,bradenton|manatee|healthcare|behavioral-health|reentry,Behavioral health|Crisis services|Substance use treatment|Medicaid services|Court referrals,Manatee,Manatee,single,accepts_criminal_record|referral_required
132,Volusia/Flagler Family YMCA — Reentry Support,peer-support,Daytona Beach / Volusia County,"Volusia/Flagler Family YMCA offers reentry peer support groups, wellness programming, and community connections for justice-involved adults in Volusia and Flagler counties. Staff connect justice-involved adults from FDC custody and Volusia County jails to MyACCESS benefits, CareerSource employment, and local reentry partners across Daytona Beach / Volusia County. Direct program services—not emergency cash assistance or a general probation reporting office unless noted.","Volusia/Flagler Family YMCA ofrece grupos de apoyo entre pares de reinserción, programación de bienestar y conexiones comunitarias para adultos con antecedentes penales en Volusia y Flagler. El personal conecta a adultos con antecedentes penales de custodia FDC y cárceles del condado Volusia con beneficios MyACCESS, empleo CareerSource y aliados locales de reinserción en Daytona Beach / Volusia County.",1100 Dunlawton Avenue,Daytona Beach,386-253-9622,,https://www.vfymca.org,Volusia and Flagler residents in reentry; open enrollment for peer groups.,Residentes de Volusia y Flagler en reinserción.,Contact local YMCA branch for schedule.,Contacte la sucursal local YMCA.,Varies by branch,daytona-beach|volusia|peer-support|reentry|wellness,Peer support groups|Wellness programming|Community connections|Referrals|Life skills,Volusia,Volusia,single,accepts_criminal_record
133,Northeast Florida Community Action Agency,basic-needs,Jacksonville / Duval County,"Northeast Florida Community Action Agency provides utility assistance, weatherization, and family support for low-income Duval, Clay, and Nassau county households including returning citizens. Staff connect justice-involved adults from FDC custody and Duval County jails to MyACCESS benefits, CareerSource employment, and local reentry partners across Jacksonville / Duval County. Direct program services—not emergency cash assistance or a general probation reporting office unless noted.","Northeast Florida Community Action Agency proporciona asistencia de servicios públicos, climatización y apoyo familiar para hogares de bajos ingresos de Duval, Clay y Nassau incluidos ciudadanos que regresan. El personal conecta a adultos con antecedentes penales de custodia FDC y cárceles del condado Duval con beneficios MyACCESS, empleo CareerSource y aliados locales de reinserción en Jacksonville / Duval County.",421 West Church Street,Jacksonville,904-398-7472,,https://www.nfcaa.net,"Low-income Duval, Clay, Nassau households meeting LIHEAP and program guidelines.","Hogares de bajos ingresos de Duval, Clay y Nassau.",Call 904-398-7472 for intake.,Llame al 904-398-7472.,Monday–Friday,jacksonville|duval|basic-needs|utility|reentry,Utility assistance|Weatherization|Family support|Energy relief|Resource navigation,Duval,Duval,single,accepts_criminal_record
134,Gateway Community Services — Substance Use,substance-use-treatment,Jacksonville / Duval County,"Gateway Community Services provides outpatient substance use treatment and recovery housing referrals for Duval County residents including FDC probation and drug court participants. Staff connect justice-involved adults from FDC custody and Duval County jails to MyACCESS benefits, CareerSource employment, and local reentry partners across Jacksonville / Duval County. Direct program services—not emergency cash assistance or a general probation reporting office unless noted.","Gateway Community Services ofrece tratamiento ambulatorio de uso de sustancias y referencias de vivienda de recuperación para residentes del condado Duval incluidos participantes de probatoria FDC. El personal conecta a adultos con antecedentes penales de custodia FDC y cárceles del condado Duval con beneficios MyACCESS, empleo CareerSource y aliados locales de reinserción en Jacksonville / Duval County.",555 Stockton Street,Jacksonville,904-387-4661,,https://www.gatewaycommunity.com,Duval County residents with substance use disorders; justice-involved referrals accepted.,Residentes del condado Duval con trastornos por uso de sustancias.,Call 904-387-4661 for assessment.,Llame al 904-387-4661.,Monday–Friday,jacksonville|duval|substance-use|outpatient|reentry,Outpatient treatment|Recovery housing referrals|Drug court services|Medicaid billing|Peer support,Duval,Duval,single,accepts_criminal_record
135,Tallahassee Senior Center — Reentry Peer Navigators,peer-support,Tallahassee / Leon County,"Tallahassee community peer navigators connect justice-involved Leon County adults to local housing, CareerSource Capital Region, and DCF benefits through neighborhood resource networks. Staff connect justice-involved adults from FDC custody and Leon County jails to MyACCESS benefits, CareerSource employment, and local reentry partners across Tallahassee / Leon County. Direct program services—not emergency cash assistance or a general probation reporting office unless noted.","Navegadores comunitarios entre pares de Tallahassee conectan a adultos con antecedentes penales del condado Leon con vivienda local, CareerSource Capital Region y beneficios DCF. El personal conecta a adultos con antecedentes penales de custodia FDC y cárceles del condado Leon con beneficios MyACCESS, empleo CareerSource y aliados locales de reinserción en Tallahassee / Leon County.",1400 N Monroe Street,Tallahassee,850-891-4000,,https://www.talgov.com,Justice-involved Leon County residents seeking community reentry support.,Residentes del condado Leon con antecedentes penales que buscan apoyo de reinserción.,Call 850-891-4000 for community resources.,Llame al 850-891-4000.,Monday–Friday,tallahassee|leon|peer-support|reentry|navigation,Peer navigation|Community referrals|Benefits help|Housing linkage|Employment support,Leon,Leon,single,accepts_criminal_record
136,Elder Care Services — Transportation,transportation,Tallahassee / Leon County,"Elder Care Services provides transportation and caregiver support in the Big Bend including rides to medical, probation, and employment appointments for disabled and senior Leon County residents in reentry. Staff connect justice-involved adults from FDC custody and Leon County jails to MyACCESS benefits, CareerSource employment, and local reentry partners across Tallahassee / Leon County. Direct program services—not emergency cash assistance or a general probation reporting office unless noted.","Elder Care Services proporciona transporte y apoyo a cuidadores en el Big Bend incluidos viajes a citas médicas, de probatoria y empleo para residentes mayores y con discapacidad del condado Leon en reinserción. El personal conecta a adultos con antecedentes penales de custodia FDC y cárceles del condado Leon con beneficios MyACCESS, empleo CareerSource y aliados locales de reinserción en Tallahassee / Leon County.",2518 West Tennessee Street,Tallahassee,850-921-5554,,https://www.eldercarebigbend.org,Leon and surrounding Big Bend residents meeting program eligibility.,Residentes de Leon y el Big Bend que cumplan elegibilidad.,Call 850-921-5554 to schedule.,Llame al 850-921-5554.,Monday–Friday,tallahassee|leon|transportation|medical-rides|reentry,Medical transportation|Caregiver support|Appointment rides|Resource navigation|Senior services,Leon,Leon,single,accepts_criminal_record
137,Capital Area Transportation System,transportation,Tallahassee / Leon County,"StarMetro/Capital Area Transportation System provides fixed-route and paratransit bus service in Tallahassee and Leon County helping returning citizens reach probation, DCF, and CareerSource appointments. Staff connect justice-involved adults from FDC custody and Leon County jails to MyACCESS benefits, CareerSource employment, and local reentry partners across Tallahassee / Leon County. Direct program services—not emergency cash assistance or a general probation reporting office unless noted.","StarMetro proporciona servicio de autobús de ruta fija y paratransporte en Tallahassee y el condado Leon ayudando a ciudadanos que regresan a llegar a citas de probatoria, DCF y CareerSource. El personal conecta a adultos con antecedentes penales de custodia FDC y cárceles del condado Leon con beneficios MyACCESS, empleo CareerSource y aliados locales de reinserción en Tallahassee / Leon County.",607 Appleyard Drive,Tallahassee,850-606-0600,,https://www.talgov.com,Leon County riders; reduced fares available for qualifying low-income residents.,Pasajeros del condado Leon; tarifas reducidas disponibles.,Visit talgov.com/starmetro for routes and fares.,Visite talgov.com/starmetro.,Varies by route,tallahassee|leon|transportation|transit|reentry,Fixed-route bus|Paratransit|Reduced fares|Route planning|Accessibility services,Leon,Leon,single,accepts_criminal_record
138,Pensacola Habitat for Humanity,housing,Pensacola / Escambia County,"Pensacola Habitat for Humanity builds affordable homeownership for low-income Escambia and Santa Rosa families including returning citizens meeting sweat-equity requirements. Staff connect justice-involved adults from FDC custody and Escambia County jails to MyACCESS benefits, CareerSource employment, and local reentry partners across Pensacola / Escambia County. Direct program services—not emergency cash assistance or a general probation reporting office unless noted.","Pensacola Habitat for Humanity construye propiedad de vivienda asequible para familias de bajos ingresos de Escambia y Santa Rosa incluidos ciudadanos que regresan. El personal conecta a adultos con antecedentes penales de custodia FDC y cárceles del condado Escambia con beneficios MyACCESS, empleo CareerSource y aliados locales de reinserción en Pensacola / Escambia County.",300 W Leonard Street,Pensacola,850-434-5456,,https://www.pensacolahabitat.org,Low-income Escambia and Santa Rosa households meeting Habitat guidelines.,Hogares de bajos ingresos de Escambia y Santa Rosa.,Call 850-434-5456 for application.,Llame al 850-434-5456.,Monday–Friday,pensacola|escambia|housing|habitat|reentry,Affordable homeownership|Sweat equity|Homebuyer education|Critical repair|Volunteer builds,Escambia,Escambia,single,accepts_criminal_record
139,Fort Myers Rescue Mission,housing,Fort Myers / Lee County,"Fort Myers Rescue Mission provides emergency shelter, meals, and recovery programs for homeless adults in Lee County including justice-involved men and women after FDC release. Staff connect justice-involved adults from FDC custody and Lee County jails to MyACCESS benefits, CareerSource employment, and local reentry partners across Fort Myers / Lee County. Direct program services—not emergency cash assistance or a general probation reporting office unless noted.","Fort Myers Rescue Mission ofrece refugio de emergencia, comidas y programas de recuperación para adultos sin hogar en el condado Lee incluidas personas con antecedentes penales. El personal conecta a adultos con antecedentes penales de custodia FDC y cárceles del condado Lee con beneficios MyACCESS, empleo CareerSource y aliados locales de reinserción en Fort Myers / Lee County.",6900 Mission Lane,Fort Myers,239-332-0300,,https://www.rescuemission.net,Homeless Lee County adults; justice-involved welcome in recovery programs.,Adultos sin hogar del condado Lee; personas con antecedentes penales bienvenidas.,Call 239-332-0300 for intake.,Llame al 239-332-0300.,Shelter 24/7,fort-myers|lee|housing|shelter|recovery|reentry,Emergency shelter|Meals|Recovery programs|Workforce training|Case management,Lee,Lee,single,accepts_criminal_record
140,Sarasota County Veterans Services,veterans,Sarasota / Sarasota County,"Sarasota County Veterans Services helps veterans and justice-involved veterans access VA benefits, discharge upgrades, and housing referrals through the county veterans service officer. Staff connect justice-involved adults from FDC custody and Sarasota County jails to MyACCESS benefits, CareerSource employment, and local reentry partners across Sarasota / Sarasota County. Direct program services—not emergency cash assistance or a general probation reporting office unless noted.","Sarasota County Veterans Services ayuda a veteranos y veteranos con antecedentes penales a acceder a beneficios VA, actualizaciones de baja y referencias de vivienda. El personal conecta a adultos con antecedentes penales de custodia FDC y cárceles del condado Sarasota con beneficios MyACCESS, empleo CareerSource y aliados locales de reinserción en Sarasota / Sarasota County.",1660 Ringling Boulevard,Sarasota,941-861-5000,,https://www.scgov.net,Sarasota County veterans; DD-214 or service documentation required.,Veteranos del condado Sarasota; se requiere DD-214.,Call 941-861-5000 for VSO appointment.,Llame al 941-861-5000.,Monday–Friday,sarasota|sarasota|veterans|VA|reentry,VA benefits counseling|Discharge upgrade help|Housing referrals|Healthcare enrollment|State benefits,Sarasota,Sarasota,single,accepts_criminal_record
141,Santa Fe College — Adult Education,education,Gainesville / Alachua County,"Santa Fe College Adult Education offers GED preparation, ESL, and career pathway classes for Alachua and Bradford county residents including justice-involved adults rebuilding credentials for CareerSource employment. Staff connect justice-involved adults from FDC custody and Alachua County jails to MyACCESS benefits, CareerSource employment, and local reentry partners across Gainesville / Alachua County. Direct program services—not emergency cash assistance or a general probation reporting office unless noted.","Santa Fe College Adult Education ofrece preparación GED, ESL y clases de trayectoria profesional para residentes de Alachua y Bradford incluidos adultos con antecedentes penales. El personal conecta a adultos con antecedentes penales de custodia FDC y cárceles del condado Alachua con beneficios MyACCESS, empleo CareerSource y aliados locales de reinserción en Gainesville / Alachua County.",3000 NW 83rd Street,Gainesville,352-395-5044,,https://www.sfcollege.edu,Adults 16+ in Alachua and Bradford counties seeking GED or adult education.,Adultos de 16+ años en Alachua y Bradford que buscan GED.,Register at sfcollege.edu/adult-education.,Regístrese en sfcollege.edu.,Semester schedule,gainesville|alachua|education|GED|reentry,GED preparation|ESL classes|Career pathways|Testing center|College transition,Alachua,Alachua,single,accepts_criminal_record
142,Polk State College — Reentry Education,education,Lakeland / Polk County,"Polk State College provides GED, workforce certificates, and college transition for Polk County residents including returning citizens coordinating with CareerSource Polk and FDC probation. Staff connect justice-involved adults from FDC custody and Polk County jails to MyACCESS benefits, CareerSource employment, and local reentry partners across Lakeland / Polk County. Direct program services—not emergency cash assistance or a general probation reporting office unless noted.","Polk State College ofrece GED, certificados laborales y transición universitaria para residentes del condado Polk incluidos ciudadanos que regresan. El personal conecta a adultos con antecedentes penales de custodia FDC y cárceles del condado Polk con beneficios MyACCESS, empleo CareerSource y aliados locales de reinserción en Lakeland / Polk County.",999 Avenue H NE,Lakeland,863-297-1000,,https://www.polk.edu,Polk County adults seeking GED or workforce credentials.,Adultos del condado Polk que buscan GED o credenciales laborales.,Contact 863-297-1000 for adult education.,Contacte al 863-297-1000.,Semester schedule,lakeland|polk|education|GED|workforce|reentry,GED classes|Workforce certificates|College transition|Career counseling|Financial aid help,Polk,Polk,single,accepts_criminal_record
143,Gulf Coast Jewish Family & Community Services,family-children,Clearwater / Pinellas County,"Gulf Coast JFCS provides counseling, adoption, and family stabilization for Pinellas and Pasco families including those affected by parental incarceration and reunification after FDC release. Staff connect justice-involved adults from FDC custody and Pinellas County jails to MyACCESS benefits, CareerSource employment, and local reentry partners across Clearwater / Pinellas County. Direct program services—not emergency cash assistance or a general probation reporting office unless noted.","Gulf Coast JFCS ofrece consejería, adopción y estabilización familiar para familias de Pinellas y Pasco incluidas las afectadas por encarcelación parental. El personal conecta a adultos con antecedentes penales de custodia FDC y cárceles del condado Pinellas con beneficios MyACCESS, empleo CareerSource y aliados locales de reinserción en Clearwater / Pinellas County.",14041 Icot Boulevard,Clearwater,727-479-1800,,https://www.jfcs-pinellas.org,Pinellas and Pasco families; sliding-fee counseling available.,Familias de Pinellas y Pasco; consejería con tarifa móvil disponible.,Call 727-479-1800 for intake.,Llame al 727-479-1800.,Monday–Friday,clearwater|pinellas|family-children|counseling|reentry,Family counseling|Adoption services|Parenting support|Reunification help|Crisis counseling,Pinellas,Pinellas,single,accepts_criminal_record
144,Palm Beach County Food Bank,food-nutrition,Lake Worth / Palm Beach County,"Palm Beach County Food Bank distributes food to partner agencies across Palm Beach County for families including returning citizens awaiting MyACCESS SNAP benefits. Staff connect justice-involved adults from FDC custody and Palm Beach County jails to MyACCESS benefits, CareerSource employment, and local reentry partners across Lake Worth / Palm Beach County. Direct program services—not emergency cash assistance or a general probation reporting office unless noted.","Palm Beach County Food Bank distribuye alimentos a agencias asociadas en el condado Palm Beach para familias incluidos ciudadanos que regresan en espera de beneficios SNAP MyACCESS. El personal conecta a adultos con antecedentes penales de custodia FDC y cárceles del condado Palm Beach con beneficios MyACCESS, empleo CareerSource y aliados locales de reinserción en Lake Worth / Palm Beach County.",525 Gator Drive,Lake Worth Beach,561-670-2518,,https://www.pbcfoodbank.org,Food-insecure Palm Beach County residents via partner pantries.,Residentes del condado Palm Beach con inseguridad alimentaria.,Find agencies at pbcfoodbank.org.,Encuentre agencias en pbcfoodbank.org.,Monday–Friday,lake-worth|palm-beach|food-nutrition|food-bank|reentry,Food distribution|Partner pantries|SNAP guidance|Mobile distributions|Agency network,Palm Beach,Palm Beach,single,accepts_criminal_record
145,Westcare Florida — Veterans Treatment,veterans,Pensacola / Escambia County,"Westcare Florida provides veterans treatment court support, residential recovery, and behavioral health for justice-involved veterans in Escambia and Santa Rosa counties. Staff connect justice-involved adults from FDC custody and Escambia County jails to MyACCESS benefits, CareerSource employment, and local reentry partners across Pensacola / Escambia County. Direct program services—not emergency cash assistance or a general probation reporting office unless noted.","Westcare Florida ofrece apoyo de tribunal de tratamiento para veteranos, recuperación residencial y salud conductual para veteranos con antecedentes penales en Escambia y Santa Rosa. El personal conecta a adultos con antecedentes penales de custodia FDC y cárceles del condado Escambia con beneficios MyACCESS, empleo CareerSource y aliados locales de reinserción en Pensacola / Escambia County.",1000 W Moreno Street,Pensacola,850-429-6900,,https://www.westcare.com,Justice-involved veterans in Northwest Florida; veteran status required.,Veteranos con antecedentes penales en el noroeste de Florida.,Call 850-429-6900 for veteran programs.,Llame al 850-429-6900.,24/7 residential,pensacola|escambia|veterans|treatment|reentry,Veterans treatment support|Residential recovery|Behavioral health|Court coordination|Peer support,Escambia,Escambia,single,accepts_criminal_record
146,Boys Town Central Florida — Family Services,family-children,Orlando / Orange County,"Boys Town Central Florida provides in-home family services, parenting support, and crisis intervention for Orange and Osceola families including reunification after parental incarceration. Staff connect justice-involved adults from FDC custody and Orange County jails to MyACCESS benefits, CareerSource employment, and local reentry partners across Orlando / Orange County. Direct program services—not emergency cash assistance or a general probation reporting office unless noted.","Boys Town Central Florida ofrece servicios familiares en el hogar, apoyo parental e intervención en crisis para familias de Orange y Osceola incluida reunificación después de encarcelación parental. El personal conecta a adultos con antecedentes penales de custodia FDC y cárceles del condado Orange con beneficios MyACCESS, empleo CareerSource y aliados locales de reinserción en Orlando / Orange County.",3901 E Colonial Drive,Orlando,407-482-2400,,https://www.boystown.org,Orange and Osceola families with children at risk; DCF and court referrals.,Familias de Orange y Osceola con niños en riesgo.,Call 407-482-2400 for family services.,Llame al 407-482-2400.,Monday–Friday,orlando|orange|family-children|parenting|reentry,In-home family services|Parenting support|Crisis intervention|Reunification|Case management,Orange,Orange,single,accepts_criminal_record|referral_required
147,Miami-Dade Public Library — ID & Document Help,id-documentation,Miami / Miami-Dade County,"Miami-Dade Public Library System offers free computer access, document printing, and notary services helping returning citizens gather materials for FLHSMV IDs and MyACCESS applications. Staff connect justice-involved adults from FDC custody and Miami-Dade County jails to MyACCESS benefits, CareerSource employment, and local reentry partners across Miami / Miami-Dade County. Direct program services—not emergency cash assistance or a general probation reporting office unless noted.","El Sistema de Bibliotecas Públicas de Miami-Dade ofrece acceso gratuito a computadoras, impresión de documentos y servicios notariales ayudando a ciudadanos que regresan a reunir materiales para identificaciones FLHSMV y solicitudes MyACCESS. El personal conecta a adultos con antecedentes penales de custodia FDC y cárceles del condado Miami-Dade con beneficios MyACCESS, empleo CareerSource y aliados locales de reinserción en Miami / Miami-Dade County.",101 W Flagler Street,Miami,305-375-2665,,https://www.mdpls.org,Open to all Miami-Dade residents; free library card available.,Abierto a todos los residentes de Miami-Dade.,Visit mdpls.org for branch hours.,Visite mdpls.org.,Branch hours vary,miami|miami-dade|id-documentation|library|reentry,Computer access|Document printing|Notary services|Online benefits applications|Research help,Miami-Dade,Miami-Dade,single,
148,Tax Collector — Hillsborough Driver License,id-documentation,Tampa / Hillsborough County,"The Hillsborough County Tax Collector issues FLHSMV driver licenses and state ID cards for Tampa residents including returning citizens with required identity documents for employment and MyACCESS enrollment. Staff connect justice-involved adults from FDC custody and Hillsborough County jails to MyACCESS benefits, CareerSource employment, and local reentry partners across Tampa / Hillsborough County. Direct program services—not emergency cash assistance or a general probation reporting office unless noted.","El Recaudador de Impuestos del condado Hillsborough emite licencias de conducir FLHSMV y tarjetas de identificación estatal para residentes de Tampa incluidos ciudadanos que regresan. El personal conecta a adultos con antecedentes penales de custodia FDC y cárceles del condado Hillsborough con beneficios MyACCESS, empleo CareerSource y aliados locales de reinserción en Tampa / Hillsborough County.",601 E Kennedy Boulevard,Tampa,813-635-5200,,https://www.hillstax.org,Hillsborough County residents meeting FLHSMV documentation requirements.,Residentes del condado Hillsborough que cumplan requisitos de documentación FLHSMV.,Schedule at hillstax.org; bring required documents.,Programe en hillstax.org.,Monday–Friday,tampa|hillsborough|id-documentation|driver-license|reentry,Driver license issuance|State ID cards|REAL ID|Appointment scheduling|Document checklist,Hillsborough,Hillsborough,single,accepts_criminal_record
149,St. Vincent de Paul — South Pinellas,basic-needs,St. Petersburg / Pinellas County,"St. Vincent de Paul South Pinellas provides emergency food, utility help, and clothing for low-income Pinellas families including returning citizens rebuilding stability after FDC release. Staff connect justice-involved adults from FDC custody and Pinellas County jails to MyACCESS benefits, CareerSource employment, and local reentry partners across St. Petersburg / Pinellas County. Direct program services—not emergency cash assistance or a general probation reporting office unless noted.","St. Vincent de Paul South Pinellas proporciona alimentos de emergencia, ayuda con servicios públicos y ropa para familias de bajos ingresos de Pinellas incluidos ciudadanos que regresan. El personal conecta a adultos con antecedentes penales de custodia FDC y cárceles del condado Pinellas con beneficios MyACCESS, empleo CareerSource y aliados locales de reinserción en St. Petersburg / Pinellas County.",384 15th Street North,St. Petersburg,727-823-2516,,https://www.svdpstpete.org,Low-income Pinellas County residents; walk-in and referral intake.,Residentes de bajos ingresos del condado Pinellas.,Call 727-823-2516 for assistance.,Llame al 727-823-2516.,Monday–Friday,st-petersburg|pinellas|basic-needs|food|utility|reentry,Emergency food|Utility assistance|Clothing|Furniture|Resource navigation,Pinellas,Pinellas,single,accepts_criminal_record
150,Catholic Charities — Diocese of Orlando,basic-needs,Orlando / Orange County,"Catholic Charities of Central Florida provides emergency assistance, immigration legal referrals, and family support for Orange, Osceola, and Seminole residents including returning citizens. Staff connect justice-involved adults from FDC custody and Orange County jails to MyACCESS benefits, CareerSource employment, and local reentry partners across Orlando / Orange County. Direct program services—not emergency cash assistance or a general probation reporting office unless noted.","Catholic Charities del Centro de Florida proporciona asistencia de emergencia, referencias legales de inmigración y apoyo familiar para residentes de Orange, Osceola y Seminole incluidos ciudadanos que regresan. El personal conecta a adultos con antecedentes penales de custodia FDC y cárceles del condado Orange con beneficios MyACCESS, empleo CareerSource y aliados locales de reinserción en Orlando / Orange County.",1819 N Semoran Boulevard,Orlando,407-658-1818,,https://www.cflcc.org,Low-income Central Florida residents; program eligibility varies.,Residentes de bajos ingresos del centro de Florida.,Call 407-658-1818 for services.,Llame al 407-658-1818.,Monday–Friday,orlando|orange|basic-needs|emergency|reentry,Emergency assistance|Food help|Immigration referrals|Family support|Financial counseling,Orange,Orange,single,accepts_criminal_record
151,Jacksonville Transportation Authority,transportation,Jacksonville / Duval County,"Jacksonville Transportation Authority provides fixed-route buses and paratransit Connexion service helping Duval County returning citizens reach probation, treatment, and employment appointments. Staff connect justice-involved adults from FDC custody and Duval County jails to MyACCESS benefits, CareerSource employment, and local reentry partners across Jacksonville / Duval County. Direct program services—not emergency cash assistance or a general probation reporting office unless noted.","Jacksonville Transportation Authority proporciona autobuses de ruta fija y servicio paratransporte Connexion ayudando a ciudadanos que regresan del condado Duval a llegar a citas de probatoria, tratamiento y empleo. El personal conecta a adultos con antecedentes penales de custodia FDC y cárceles del condado Duval con beneficios MyACCESS, empleo CareerSource y aliados locales de reinserción en Jacksonville / Duval County.",100 N Liberty Street,Jacksonville,904-630-3100,,https://www.jtafla.com,Duval County riders; reduced fares for qualifying residents.,Pasajeros del condado Duval; tarifas reducidas para residentes elegibles.,Visit jtafla.com for routes.,Visite jtafla.com.,Varies by route,jacksonville|duval|transportation|transit|reentry,Fixed-route bus|Paratransit|Reduced fares|Route planning|Connexion service,Duval,Duval,single,accepts_criminal_record
152,Baker County FDC Probation,probation-parole,Macclenny / Baker County,"FDC Baker County Probation supervises felony probationers in rural Baker County, coordinating referrals to CareerSource Northeast Florida and Macclenny health providers. Staff connect justice-involved adults from FDC custody and Baker County jails to MyACCESS benefits, CareerSource employment, and local reentry partners across Macclenny / Baker County. Direct program services—not emergency cash assistance or a general probation reporting office unless noted.","Probatoria FDC del condado Baker supervisa personas en probatoria por delito grave en el condado rural Baker, coordinando referencias a CareerSource Northeast Florida. El personal conecta a adultos con antecedentes penales de custodia FDC y cárceles del condado Baker con beneficios MyACCESS, empleo CareerSource y aliados locales de reinserción en Macclenny / Baker County.",32 N 5th Street,Macclenny,904-259-4471,,https://www.fdc.myflorida.com/probation,Adults under FDC supervision in Baker County.,Adultos bajo supervisión FDC en el condado Baker.,Report to assigned probation officer.,Reporte al oficial de probatoria asignado.,Monday–Friday,macclenny|baker|probation-parole|FDC|rural|reentry,Probation supervision|Treatment referrals|Employment coordination|Compliance reporting|Rural reentry linkage,Baker,Baker,single,accepts_criminal_record
153,Marion County Day Reporting Center,probation-parole,Ocala / Marion County,"The Marion County Day Reporting Center provides structured supervision, treatment, and employment programming for justice-involved adults in Marion County as an alternative to incarceration. Staff connect justice-involved adults from FDC custody and Marion County jails to MyACCESS benefits, CareerSource employment, and local reentry partners across Ocala / Marion County. Direct program services—not emergency cash assistance or a general probation reporting office unless noted.","El Centro de Reporte Diurno del condado Marion ofrece supervisión estructurada, tratamiento y programación laboral para adultos con antecedentes penales como alternativa a la encarcelación. El personal conecta a adultos con antecedentes penales de custodia FDC y cárceles del condado Marion con beneficios MyACCESS, empleo CareerSource y aliados locales de reinserción en Ocala / Marion County.",692 NW 30th Avenue,Ocala,352-369-7500,,https://www.fdc.myflorida.com,Marion County court and FDC referrals to day reporting.,Referencias judiciales y FDC al reporte diurno del condado Marion.,Call 352-369-7500 for program info.,Llame al 352-369-7500.,Monday–Friday,ocala|marion|probation-parole|day-reporting|reentry,Day reporting|Structured supervision|Treatment programming|Employment services|Case management,Marion,Marion,single,accepts_criminal_record
154,Heart of Florida United Way — 211,basic-needs,Orlando / Orange County,"Heart of Florida United Way operates 211 and emergency assistance navigation for Orange, Osceola, Seminole, Lake, and Volusia counties connecting returning citizens to housing, food, and utility programs. Staff connect justice-involved adults from FDC custody and Orange County jails to MyACCESS benefits, CareerSource employment, and local reentry partners across Orlando / Orange County. Direct program services—not emergency cash assistance or a general probation reporting office unless noted.","Heart of Florida United Way opera 211 y navegación de asistencia de emergencia para los condados Orange, Osceola, Seminole, Lake y Volusia conectando a ciudadanos que regresan con programas de vivienda, alimentos y servicios públicos. El personal conecta a adultos con antecedentes penales de custodia FDC y cárceles del condado Orange con beneficios MyACCESS, empleo CareerSource y aliados locales de reinserción en Orlando / Orange County.",1940 Traylor Boulevard,Orlando,407-429-2121,,https://www.hfuw.org,Central Florida residents seeking resource navigation; 211 open to all.,Residentes del centro de Florida que buscan navegación de recursos.,Dial 211 or call 407-429-2121.,Marque 211 o llame al 407-429-2121.,211 hours vary,orlando|orange|basic-needs|211|reentry,211 navigation|Emergency assistance|Utility help|Housing referrals|Benefits guidance,Orange,Orange,single,
155,Legal Aid Society of the Orange County Bar,legal-aid,Orlando / Orange County,"Legal Aid Society of the Orange County Bar provides pro bono civil legal help for low-income Orange County residents including returning citizens with eviction and record-sealing cases. Staff connect justice-involved adults from FDC custody and Orange County jails to MyACCESS benefits, CareerSource employment, and local reentry partners across Orlando / Orange County. Direct program services—not emergency cash assistance or a general probation reporting office unless noted.","Legal Aid Society of the Orange County Bar brinda ayuda legal civil pro bono para residentes de bajos ingresos del condado Orange incluidos ciudadanos que regresan con casos de desalojo y sellado de antecedentes. El personal conecta a adultos con antecedentes penales de custodia FDC y cárceles del condado Orange con beneficios MyACCESS, empleo CareerSource y aliados locales de reinserción en Orlando / Orange County.",100 E Robinson Street,Orlando,407-841-8310,,https://www.legalaidocba.org,Low-income Orange County residents with civil legal needs.,Residentes de bajos ingresos del condado Orange con necesidades legales civiles.,Call 407-841-8310 for intake.,Llame al 407-841-8310.,Monday–Friday,orlando|orange|legal-aid|civil|reentry,Pro bono legal help|Eviction defense|Record sealing|Family law referrals|Clinic services,Orange,Orange,single,accepts_criminal_record
156,Gulf Coast Legal Services — Sarasota,legal-aid,Sarasota / Sarasota County,"Gulf Coast Legal Services provides free civil legal aid in Sarasota and Manatee counties for low-income residents including returning citizens with housing and benefits appeals. Staff connect justice-involved adults from FDC custody and Sarasota County jails to MyACCESS benefits, CareerSource employment, and local reentry partners across Sarasota / Sarasota County. Direct program services—not emergency cash assistance or a general probation reporting office unless noted.","Gulf Coast Legal Services brinda ayuda legal civil gratuita en los condados Sarasota y Manatee para residentes de bajos ingresos incluidos ciudadanos que regresan. El personal conecta a adultos con antecedentes penales de custodia FDC y cárceles del condado Sarasota con beneficios MyACCESS, empleo CareerSource y aliados locales de reinserción en Sarasota / Sarasota County.",501 S Washington Boulevard,Sarasota,941-957-2677,,https://www.gulfcoastlegal.org,Low-income Sarasota and Manatee residents with civil legal needs.,Residentes de bajos ingresos de Sarasota y Manatee.,Call 941-957-2677 for intake.,Llame al 941-957-2677.,Monday–Friday,sarasota|sarasota|legal-aid|civil|reentry,Housing legal aid|Benefits appeals|Consumer law|Family law|Expungement guidance,Sarasota,Sarasota,single,accepts_criminal_record
157,CareerSource Northeast Florida,employment,Jacksonville / Duval County,"CareerSource Northeast Florida serves Duval, Clay, Nassau, Putnam, and St. Johns job seekers including justice-involved adults with WIOA training and fair-chance employer partnerships. Staff connect justice-involved adults from FDC custody and Duval County jails to MyACCESS benefits, CareerSource employment, and local reentry partners across Jacksonville / Duval County. Direct program services—not emergency cash assistance or a general probation reporting office unless noted.","CareerSource Northeast Florida sirve a buscadores de empleo de Duval, Clay, Nassau, Putnam y St. Johns incluidos adultos con antecedentes penales con capacitación WIOA. El personal conecta a adultos con antecedentes penales de custodia FDC y cárceles del condado Duval con beneficios MyACCESS, empleo CareerSource y aliados locales de reinserción en Jacksonville / Duval County.",7740 Normandy Boulevard,Jacksonville,904-356-5627,,https://www.careersourcenefl.com,Open to Northeast Florida job seekers including justice-involved individuals.,Abierto a buscadores de empleo del noreste de Florida.,Register at careersourcenefl.com.,Regístrese en careersourcenefl.com.,Monday–Friday,jacksonville|duval|employment|careersource|reentry,Job search|WIOA training|Career coaching|Fair-chance employers|Resume help,Duval,Duval,single,accepts_criminal_record
158,CareerSource Capital Region,employment,Tallahassee / Leon County,"CareerSource Capital Region connects Leon, Gadsden, Wakulla, and Franklin job seekers including justice-involved adults to WIOA training and state government employment pathways. Staff connect justice-involved adults from FDC custody and Leon County jails to MyACCESS benefits, CareerSource employment, and local reentry partners across Tallahassee / Leon County. Direct program services—not emergency cash assistance or a general probation reporting office unless noted.","CareerSource Capital Region conecta buscadores de empleo de Leon, Gadsden, Wakulla y Franklin incluidos adultos con antecedentes penales a capacitación WIOA. El personal conecta a adultos con antecedentes penales de custodia FDC y cárceles del condado Leon con beneficios MyACCESS, empleo CareerSource y aliados locales de reinserción en Tallahassee / Leon County.",2607 Blair Stone Road,Tallahassee,850-617-4570,,https://www.careersourcecapitalregion.com,Open to Capital Region job seekers including justice-involved individuals.,Abierto a buscadores de empleo de la región capital.,Register at careersourcecapitalregion.com.,Regístrese en careersourcecapitalregion.com.,Monday–Friday,tallahassee|leon|employment|careersource|reentry,Job search|WIOA training|State employer connections|Resume coaching|Career counseling,Leon,Leon,single,accepts_criminal_record
159,CareerSource Polk,employment,Lakeland / Polk County,"CareerSource Polk serves Polk, Hardee, and Highlands job seekers including justice-involved adults with WIOA training, logistics and healthcare career pathways. Staff connect justice-involved adults from FDC custody and Polk County jails to MyACCESS benefits, CareerSource employment, and local reentry partners across Lakeland / Polk County. Direct program services—not emergency cash assistance or a general probation reporting office unless noted.","CareerSource Polk sirve a buscadores de empleo de Polk, Hardee y Highlands incluidos adultos con antecedentes penales con capacitación WIOA. El personal conecta a adultos con antecedentes penales de custodia FDC y cárceles del condado Polk con beneficios MyACCESS, empleo CareerSource y aliados locales de reinserción en Lakeland / Polk County. Contact the program directly to confirm current hours, eligibility, and intake requirements before visiting in person.",2000 E Edgewood Drive,Lakeland,863-508-1100,,https://www.careersourcepolk.com,Open to Polk area job seekers including justice-involved individuals.,Abierto a buscadores de empleo del área Polk.,Register at careersourcepolk.com.,Regístrese en careersourcepolk.com.,Monday–Friday,lakeland|polk|employment|careersource|reentry,Job search|WIOA training|Career pathways|Fair-chance employers|Resume coaching,Polk,Polk,single,accepts_criminal_record
160,FDC — Miami-Dade Probation Office,probation-parole,Miami / Miami-Dade County,"The FDC Miami-Dade Probation Office supervises felony probationers and parolees in Miami-Dade County. Staff connect justice-involved adults from FDC custody and Miami-Dade County jails to MyACCESS benefits, CareerSource employment, and local reentry partners across Miami / Miami-Dade County. Direct program services—not emergency cash assistance or a general probation reporting office unless noted.","La Oficina de Probatoria FDC de Miami-Dade supervisa personas en probatoria y libertad condicional en el condado Miami-Dade. El personal conecta a adultos con antecedentes penales de custodia FDC y cárceles del condado Miami-Dade con beneficios MyACCESS, empleo CareerSource y aliados locales de reinserción en Miami / Miami-Dade County. Contact the program directly to confirm current hours, eligibility, and intake requirements before visiting in person.",1750 NW 36th Street,Miami,305-633-8200,,https://www.fdc.myflorida.com/probation,Open to eligible Miami-Dade County residents including justice-involved individuals where applicable.,Abierto a residentes elegibles del condado Miami-Dade incluidas personas con antecedentes penales cuando aplique.,Call 305-633-8200 for intake; visit https://www.fdc.myflorida.com/probation.,Llame al 305-633-8200; visite https://www.fdc.myflorida.com/probation.,Monday–Friday business hours,miami-dade|probation-parole|reentry,Intake|Case management|Referrals|Benefits navigation|Community partnerships,Miami-Dade,Miami-Dade,single,accepts_criminal_record
161,FDC — Broward Probation Office,probation-parole,Fort Lauderdale / Broward County,"The FDC Broward Probation Office supervises felony probationers and parolees in Broward County. Staff connect justice-involved adults from FDC custody and Broward County jails to MyACCESS benefits, CareerSource employment, and local reentry partners across Fort Lauderdale / Broward County. Direct program services—not emergency cash assistance or a general probation reporting office unless noted.","La Oficina de Probatoria FDC de Broward supervisa personas en probatoria y libertad condicional en el condado Broward. El personal conecta a adultos con antecedentes penales de custodia FDC y cárceles del condado Broward con beneficios MyACCESS, empleo CareerSource y aliados locales de reinserción en Fort Lauderdale / Broward County. Contact the program directly to confirm current hours, eligibility, and intake requirements before visiting in person.",3400 NW 11th Place,Fort Lauderdale,954-467-7420,,https://www.fdc.myflorida.com/probation,Open to eligible Broward County residents including justice-involved individuals where applicable.,Abierto a residentes elegibles del condado Broward incluidas personas con antecedentes penales cuando aplique.,Call 954-467-7420 for intake; visit https://www.fdc.myflorida.com/probation.,Llame al 954-467-7420; visite https://www.fdc.myflorida.com/probation.,Monday–Friday business hours,broward|probation-parole|reentry,Intake|Case management|Referrals|Benefits navigation|Community partnerships,Broward,Broward,single,accepts_criminal_record
162,FDC — Hillsborough Probation Office,probation-parole,Tampa / Hillsborough County,"The FDC Hillsborough Probation Office supervises felony probationers and parolees in Hillsborough County. Staff connect justice-involved adults from FDC custody and Hillsborough County jails to MyACCESS benefits, CareerSource employment, and local reentry partners across Tampa / Hillsborough County. Direct program services—not emergency cash assistance or a general probation reporting office unless noted.","La Oficina de Probatoria FDC de Hillsborough supervisa personas en probatoria y libertad condicional en el condado Hillsborough. El personal conecta a adultos con antecedentes penales de custodia FDC y cárceles del condado Hillsborough con beneficios MyACCESS, empleo CareerSource y aliados locales de reinserción en Tampa / Hillsborough County. Contact the program directly to confirm current hours, eligibility, and intake requirements before visiting in person.",3920 W Tampa Bay Boulevard,Tampa,813-871-7650,,https://www.fdc.myflorida.com/probation,Open to eligible Hillsborough County residents including justice-involved individuals where applicable.,Abierto a residentes elegibles del condado Hillsborough incluidas personas con antecedentes penales cuando aplique.,Call 813-871-7650 for intake; visit https://www.fdc.myflorida.com/probation.,Llame al 813-871-7650; visite https://www.fdc.myflorida.com/probation.,Monday–Friday business hours,hillsborough|probation-parole|reentry,Intake|Case management|Referrals|Benefits navigation|Community partnerships,Hillsborough,Hillsborough,single,accepts_criminal_record
163,FDC — Orange Probation Office,probation-parole,Orlando / Orange County,"The FDC Orange Probation Office supervises felony probationers and parolees in Orange and Osceola counties. Staff connect justice-involved adults from FDC custody and Orange County jails to MyACCESS benefits, CareerSource employment, and local reentry partners across Orlando / Orange County. Direct program services—not emergency cash assistance or a general probation reporting office unless noted.","La Oficina de Probatoria FDC de Orange supervisa personas en probatoria y libertad condicional en los condados Orange y Osceola. El personal conecta a adultos con antecedentes penales de custodia FDC y cárceles del condado Orange con beneficios MyACCESS, empleo CareerSource y aliados locales de reinserción en Orlando / Orange County. Contact the program directly to confirm current hours, eligibility, and intake requirements before visiting in person.",2500 W Colonial Drive,Orlando,407-245-5600,,https://www.fdc.myflorida.com/probation,Open to eligible Orange County residents including justice-involved individuals where applicable.,Abierto a residentes elegibles del condado Orange incluidas personas con antecedentes penales cuando aplique.,Call 407-245-5600 for intake; visit https://www.fdc.myflorida.com/probation.,Llame al 407-245-5600; visite https://www.fdc.myflorida.com/probation.,Monday–Friday business hours,orange|probation-parole|reentry,Intake|Case management|Referrals|Benefits navigation|Community partnerships,Orange,Orange,single,accepts_criminal_record
164,FDC — Duval Probation Office,probation-parole,Jacksonville / Duval County,"The FDC Duval Probation Office supervises felony probationers and parolees in Duval and Nassau counties. Staff connect justice-involved adults from FDC custody and Duval County jails to MyACCESS benefits, CareerSource employment, and local reentry partners across Jacksonville / Duval County. Direct program services—not emergency cash assistance or a general probation reporting office unless noted.","La Oficina de Probatoria FDC de Duval supervisa personas en probatoria y libertad condicional en los condados Duval y Nassau. El personal conecta a adultos con antecedentes penales de custodia FDC y cárceles del condado Duval con beneficios MyACCESS, empleo CareerSource y aliados locales de reinserción en Jacksonville / Duval County. Contact the program directly to confirm current hours, eligibility, and intake requirements before visiting in person.",4030 Esplanade Way,Jacksonville,904-421-2800,,https://www.fdc.myflorida.com/probation,Open to eligible Duval County residents including justice-involved individuals where applicable.,Abierto a residentes elegibles del condado Duval incluidas personas con antecedentes penales cuando aplique.,Call 904-421-2800 for intake; visit https://www.fdc.myflorida.com/probation.,Llame al 904-421-2800; visite https://www.fdc.myflorida.com/probation.,Monday–Friday business hours,duval|probation-parole|reentry,Intake|Case management|Referrals|Benefits navigation|Community partnerships,Duval,Duval,single,accepts_criminal_record
165,Bay Area Legal Services — Tampa,legal-aid,Tampa / Hillsborough County,"Bay Area Legal Services provides free civil legal aid in Hillsborough, Pinellas, Pasco, and Polk counties. Staff connect justice-involved adults from FDC custody and Hillsborough County jails to MyACCESS benefits, CareerSource employment, and local reentry partners across Tampa / Hillsborough County. Direct program services—not emergency cash assistance or a general probation reporting office unless noted.","Bay Area Legal Services brinda ayuda legal civil gratuita en los condados Hillsborough, Pinellas, Pasco y Polk. El personal conecta a adultos con antecedentes penales de custodia FDC y cárceles del condado Hillsborough con beneficios MyACCESS, empleo CareerSource y aliados locales de reinserción en Tampa / Hillsborough County. Contact the program directly to confirm current hours, eligibility, and intake requirements before visiting in person.",1303 W Fletcher Avenue,Tampa,813-232-1343,,https://www.bals.org,Open to eligible Hillsborough County residents including justice-involved individuals where applicable.,Abierto a residentes elegibles del condado Hillsborough incluidas personas con antecedentes penales cuando aplique.,Call 813-232-1343 for intake; visit https://www.bals.org.,Llame al 813-232-1343; visite https://www.bals.org.,Monday–Friday business hours,hillsborough|legal-aid|reentry,Intake|Case management|Referrals|Benefits navigation|Community partnerships,Hillsborough,Hillsborough,single,accepts_criminal_record
166,Coast to Coast Legal Aid,legal-aid,West Palm Beach / Palm Beach County,"Coast to Coast Legal Aid serves low-income Palm Beach County residents with civil legal needs. Staff connect justice-involved adults from FDC custody and Palm Beach County jails to MyACCESS benefits, CareerSource employment, and local reentry partners across West Palm Beach / Palm Beach County. Direct program services—not emergency cash assistance or a general probation reporting office unless noted.","Coast to Coast Legal Aid sirve a residentes de bajos ingresos del condado Palm Beach con necesidades legales civiles. El personal conecta a adultos con antecedentes penales de custodia FDC y cárceles del condado Palm Beach con beneficios MyACCESS, empleo CareerSource y aliados locales de reinserción en West Palm Beach / Palm Beach County. Contact the program directly to confirm current hours, eligibility, and intake requirements before visiting in person.",2000 Palm Beach Lakes Boulevard,West Palm Beach,561-655-8944,,https://www.coasttocoastlegalaid.org,Open to eligible Palm Beach County residents including justice-involved individuals where applicable.,Abierto a residentes elegibles del condado Palm Beach incluidas personas con antecedentes penales cuando aplique.,Call 561-655-8944 for intake; visit https://www.coasttocoastlegalaid.org.,Llame al 561-655-8944; visite https://www.coasttocoastlegalaid.org.,Monday–Friday business hours,palm-beach|legal-aid|reentry,Intake|Case management|Referrals|Benefits navigation|Community partnerships,Palm Beach,Palm Beach,single,accepts_criminal_record
167,Three Rivers Legal Services — Gainesville,legal-aid,Gainesville / Alachua County,"Three Rivers Legal Services provides civil legal aid in Alachua, Bradford, and surrounding North Central Florida counties. Staff connect justice-involved adults from FDC custody and Alachua County jails to MyACCESS benefits, CareerSource employment, and local reentry partners across Gainesville / Alachua County. Direct program services—not emergency cash assistance or a general probation reporting office unless noted.","Three Rivers Legal Services brinda ayuda legal civil en Alachua, Bradford y condados del centro-norte de Florida. El personal conecta a adultos con antecedentes penales de custodia FDC y cárceles del condado Alachua con beneficios MyACCESS, empleo CareerSource y aliados locales de reinserción en Gainesville / Alachua County. Contact the program directly to confirm current hours, eligibility, and intake requirements before visiting in person.",1000 NE 16th Avenue,Gainesville,352-372-0519,,https://www.trls.org,Open to eligible Alachua County residents including justice-involved individuals where applicable.,Abierto a residentes elegibles del condado Alachua incluidas personas con antecedentes penales cuando aplique.,Call 352-372-0519 for intake; visit https://www.trls.org.,Llame al 352-372-0519; visite https://www.trls.org.,Monday–Friday business hours,alachua|legal-aid|reentry,Intake|Case management|Referrals|Benefits navigation|Community partnerships,Alachua,Alachua,single,accepts_criminal_record
168,Legal Services of North Florida — Tallahassee,legal-aid,Tallahassee / Leon County,"Legal Services of North Florida provides civil legal aid in Leon, Gadsden, Wakulla, and Big Bend counties. Staff connect justice-involved adults from FDC custody and Leon County jails to MyACCESS benefits, CareerSource employment, and local reentry partners across Tallahassee / Leon County. Direct program services—not emergency cash assistance or a general probation reporting office unless noted.","Legal Services of North Florida brinda ayuda legal civil en Leon, Gadsden, Wakulla y condados del Big Bend. El personal conecta a adultos con antecedentes penales de custodia FDC y cárceles del condado Leon con beneficios MyACCESS, empleo CareerSource y aliados locales de reinserción en Tallahassee / Leon County. Contact the program directly to confirm current hours, eligibility, and intake requirements before visiting in person.",2119 Delta Boulevard,Tallahassee,850-385-9007,,https://www.lsnf.org,Open to eligible Leon County residents including justice-involved individuals where applicable.,Abierto a residentes elegibles del condado Leon incluidas personas con antecedentes penales cuando aplique.,Call 850-385-9007 for intake; visit https://www.lsnf.org.,Llame al 850-385-9007; visite https://www.lsnf.org.,Monday–Friday business hours,leon|legal-aid|reentry,Intake|Case management|Referrals|Benefits navigation|Community partnerships,Leon,Leon,single,accepts_criminal_record
169,Community Health Centers of Pinellas,healthcare,St. Petersburg / Pinellas County,"Community Health Centers of Pinellas provides FQHC primary and behavioral health care for uninsured and Medicaid patients. Staff connect justice-involved adults from FDC custody and Pinellas County jails to MyACCESS benefits, CareerSource employment, and local reentry partners across St. Petersburg / Pinellas County. Direct program services—not emergency cash assistance or a general probation reporting office unless noted.","Community Health Centers of Pinellas brinda atención primaria y conductual FQHC para pacientes sin seguro y Medicaid. El personal conecta a adultos con antecedentes penales de custodia FDC y cárceles del condado Pinellas con beneficios MyACCESS, empleo CareerSource y aliados locales de reinserción en St. Petersburg / Pinellas County. Contact the program directly to confirm current hours, eligibility, and intake requirements before visiting in person.",6350 76th Avenue North,St. Petersburg,727-527-5900,,https://www.chpin.org,Open to eligible Pinellas County residents including justice-involved individuals where applicable.,Abierto a residentes elegibles del condado Pinellas incluidas personas con antecedentes penales cuando aplique.,Call 727-527-5900 for intake; visit https://www.chpin.org.,Llame al 727-527-5900; visite https://www.chpin.org.,Monday–Friday business hours,pinellas|healthcare|reentry,Intake|Case management|Referrals|Benefits navigation|Community partnerships,Pinellas,Pinellas,single,accepts_criminal_record
170,Bond Community Health Center,healthcare,Tallahassee / Leon County,"Bond Community Health Center provides FQHC services for Leon County residents including returning citizens. Staff connect justice-involved adults from FDC custody and Leon County jails to MyACCESS benefits, CareerSource employment, and local reentry partners across Tallahassee / Leon County. Direct program services—not emergency cash assistance or a general probation reporting office unless noted.","Bond Community Health Center brinda servicios FQHC para residentes del condado Leon incluidos ciudadanos que regresan. El personal conecta a adultos con antecedentes penales de custodia FDC y cárceles del condado Leon con beneficios MyACCESS, empleo CareerSource y aliados locales de reinserción en Tallahassee / Leon County. Contact the program directly to confirm current hours, eligibility, and intake requirements before visiting in person.",1720 S Gadsden Street,Tallahassee,850-576-3080,,https://www.bondhealth.org,Open to eligible Leon County residents including justice-involved individuals where applicable.,Abierto a residentes elegibles del condado Leon incluidas personas con antecedentes penales cuando aplique.,Call 850-576-3080 for intake; visit https://www.bondhealth.org.,Llame al 850-576-3080; visite https://www.bondhealth.org.,Monday–Friday business hours,leon|healthcare|reentry,Intake|Case management|Referrals|Benefits navigation|Community partnerships,Leon,Leon,single,accepts_criminal_record
171,Family Health Centers of Southwest Florida,healthcare,Fort Myers / Lee County,"Family Health Centers of Southwest Florida operates FQHC clinics across Lee and Charlotte counties. Staff connect justice-involved adults from FDC custody and Lee County jails to MyACCESS benefits, CareerSource employment, and local reentry partners across Fort Myers / Lee County. Direct program services—not emergency cash assistance or a general probation reporting office unless noted.","Family Health Centers of Southwest Florida opera clínicas FQHC en los condados Lee y Charlotte. El personal conecta a adultos con antecedentes penales de custodia FDC y cárceles del condado Lee con beneficios MyACCESS, empleo CareerSource y aliados locales de reinserción en Fort Myers / Lee County. Contact the program directly to confirm current hours, eligibility, and intake requirements before visiting in person.",3925 Cleveland Avenue,Fort Myers,239-332-7300,,https://www.fhcswfl.org,Open to eligible Lee County residents including justice-involved individuals where applicable.,Abierto a residentes elegibles del condado Lee incluidas personas con antecedentes penales cuando aplique.,Call 239-332-7300 for intake; visit https://www.fhcswfl.org.,Llame al 239-332-7300; visite https://www.fhcswfl.org.,Monday–Friday business hours,lee|healthcare|reentry,Intake|Case management|Referrals|Benefits navigation|Community partnerships,Lee,Lee,single,accepts_criminal_record
172,Broward Health — Community Care,healthcare,Fort Lauderdale / Broward County,"Broward Health provides hospital and community clinic services for uninsured and Medicaid Broward County patients. Staff connect justice-involved adults from FDC custody and Broward County jails to MyACCESS benefits, CareerSource employment, and local reentry partners across Fort Lauderdale / Broward County. Direct program services—not emergency cash assistance or a general probation reporting office unless noted.","Broward Health brinda servicios hospitalarios y de clínica comunitaria para pacientes sin seguro y Medicaid del condado Broward. El personal conecta a adultos con antecedentes penales de custodia FDC y cárceles del condado Broward con beneficios MyACCESS, empleo CareerSource y aliados locales de reinserción en Fort Lauderdale / Broward County. Contact the program directly to confirm current hours, eligibility, and intake requirements before visiting in person.",1600 S Andrews Avenue,Fort Lauderdale,954-355-4400,,https://www.browardhealth.org,Open to eligible Broward County residents including justice-involved individuals where applicable.,Abierto a residentes elegibles del condado Broward incluidas personas con antecedentes penales cuando aplique.,Call 954-355-4400 for intake; visit https://www.browardhealth.org.,Llame al 954-355-4400; visite https://www.browardhealth.org.,Monday–Friday business hours,broward|healthcare|reentry,Intake|Case management|Referrals|Benefits navigation|Community partnerships,Broward,Broward,single,accepts_criminal_record
173,Jackson Memorial Hospital — Primary Care,healthcare,Miami / Miami-Dade County,"Jackson Memorial Hospital provides primary, specialty, and behavioral health care for Miami-Dade residents including Medicaid patients. Staff connect justice-involved adults from FDC custody and Miami-Dade County jails to MyACCESS benefits, CareerSource employment, and local reentry partners across Miami / Miami-Dade County. Direct program services—not emergency cash assistance or a general probation reporting office unless noted.","Jackson Memorial Hospital brinda atención primaria, especializada y conductual para residentes de Miami-Dade incluidos pacientes Medicaid. El personal conecta a adultos con antecedentes penales de custodia FDC y cárceles del condado Miami-Dade con beneficios MyACCESS, empleo CareerSource y aliados locales de reinserción en Miami / Miami-Dade County.",1611 NW 12th Avenue,Miami,305-585-1111,,https://www.jacksonhealth.org,Open to eligible Miami-Dade County residents including justice-involved individuals where applicable.,Abierto a residentes elegibles del condado Miami-Dade incluidas personas con antecedentes penales cuando aplique.,Call 305-585-1111 for intake; visit https://www.jacksonhealth.org.,Llame al 305-585-1111; visite https://www.jacksonhealth.org.,Monday–Friday business hours,miami-dade|healthcare|reentry,Intake|Case management|Referrals|Benefits navigation|Community partnerships,Miami-Dade,Miami-Dade,single,accepts_criminal_record
174,Miami Dade College — Adult Education,education,Miami / Miami-Dade County,"Miami Dade College Adult Education offers GED and workforce classes for Miami-Dade residents including justice-involved adults. Staff connect justice-involved adults from FDC custody and Miami-Dade County jails to MyACCESS benefits, CareerSource employment, and local reentry partners across Miami / Miami-Dade County. Direct program services—not emergency cash assistance or a general probation reporting office unless noted.","Miami Dade College Adult Education ofrece clases GED y laborales para residentes de Miami-Dade incluidos adultos con antecedentes penales. El personal conecta a adultos con antecedentes penales de custodia FDC y cárceles del condado Miami-Dade con beneficios MyACCESS, empleo CareerSource y aliados locales de reinserción en Miami / Miami-Dade County.",11011 SW 104th Street,Miami,305-237-4000,,https://www.mdc.edu,Open to eligible Miami-Dade County residents including justice-involved individuals where applicable.,Abierto a residentes elegibles del condado Miami-Dade incluidas personas con antecedentes penales cuando aplique.,Call 305-237-4000 for intake; visit https://www.mdc.edu.,Llame al 305-237-4000; visite https://www.mdc.edu.,Monday–Friday business hours,miami-dade|education|reentry,Intake|Case management|Referrals|Benefits navigation|Community partnerships,Miami-Dade,Miami-Dade,single,accepts_criminal_record
175,Hillsborough Community College — GED,education,Tampa / Hillsborough County,"Hillsborough Community College provides GED preparation and workforce certificates for Hillsborough County adults in reentry. Staff connect justice-involved adults from FDC custody and Hillsborough County jails to MyACCESS benefits, CareerSource employment, and local reentry partners across Tampa / Hillsborough County. Direct program services—not emergency cash assistance or a general probation reporting office unless noted.","Hillsborough Community College ofrece preparación GED y certificados laborales para adultos del condado Hillsborough en reinserción. El personal conecta a adultos con antecedentes penales de custodia FDC y cárceles del condado Hillsborough con beneficios MyACCESS, empleo CareerSource y aliados locales de reinserción en Tampa / Hillsborough County. Contact the program directly to confirm current hours, eligibility, and intake requirements before visiting in person.",39 Columbia Drive,Tampa,813-253-7000,,https://www.hccfl.edu,Open to eligible Hillsborough County residents including justice-involved individuals where applicable.,Abierto a residentes elegibles del condado Hillsborough incluidas personas con antecedentes penales cuando aplique.,Call 813-253-7000 for intake; visit https://www.hccfl.edu.,Llame al 813-253-7000; visite https://www.hccfl.edu.,Monday–Friday business hours,hillsborough|education|reentry,Intake|Case management|Referrals|Benefits navigation|Community partnerships,Hillsborough,Hillsborough,single,accepts_criminal_record
176,Valencia College — Adult Education,education,Orlando / Orange County,"Valencia College Adult Education offers GED and ESL classes for Orange and Osceola county residents including returning citizens. Staff connect justice-involved adults from FDC custody and Orange County jails to MyACCESS benefits, CareerSource employment, and local reentry partners across Orlando / Orange County. Direct program services—not emergency cash assistance or a general probation reporting office unless noted.","Valencia College Adult Education ofrece clases GED y ESL para residentes de Orange y Osceola incluidos ciudadanos que regresan. El personal conecta a adultos con antecedentes penales de custodia FDC y cárceles del condado Orange con beneficios MyACCESS, empleo CareerSource y aliados locales de reinserción en Orlando / Orange County. Contact the program directly to confirm current hours, eligibility, and intake requirements before visiting in person.",1800 S Kirkman Road,Orlando,407-299-5000,,https://www.valenciacollege.edu,Open to eligible Orange County residents including justice-involved individuals where applicable.,Abierto a residentes elegibles del condado Orange incluidas personas con antecedentes penales cuando aplique.,Call 407-299-5000 for intake; visit https://www.valenciacollege.edu.,Llame al 407-299-5000; visite https://www.valenciacollege.edu.,Monday–Friday business hours,orange|education|reentry,Intake|Case management|Referrals|Benefits navigation|Community partnerships,Orange,Orange,single,accepts_criminal_record
177,Florida State College at Jacksonville — Adult Ed,education,Jacksonville / Duval County,"Florida State College at Jacksonville provides GED and workforce training for Duval County adults rebuilding credentials after incarceration. Staff connect justice-involved adults from FDC custody and Duval County jails to MyACCESS benefits, CareerSource employment, and local reentry partners across Jacksonville / Duval County. Direct program services—not emergency cash assistance or a general probation reporting office unless noted.","Florida State College at Jacksonville ofrece GED y capacitación laboral para adultos del condado Duval que reconstruyen credenciales después de la encarcelación. El personal conecta a adultos con antecedentes penales de custodia FDC y cárceles del condado Duval con beneficios MyACCESS, empleo CareerSource y aliados locales de reinserción en Jacksonville / Duval County.",101 W State Street,Jacksonville,904-633-8100,,https://www.fscj.edu,Open to eligible Duval County residents including justice-involved individuals where applicable.,Abierto a residentes elegibles del condado Duval incluidas personas con antecedentes penales cuando aplique.,Call 904-633-8100 for intake; visit https://www.fscj.edu.,Llame al 904-633-8100; visite https://www.fscj.edu.,Monday–Friday business hours,duval|education|reentry,Intake|Case management|Referrals|Benefits navigation|Community partnerships,Duval,Duval,single,accepts_criminal_record
178,Pinellas Technical College — Workforce,education,Clearwater / Pinellas County,"Pinellas Technical College offers workforce certificates and GED support for Pinellas County job seekers in reentry. Staff connect justice-involved adults from FDC custody and Pinellas County jails to MyACCESS benefits, CareerSource employment, and local reentry partners across Clearwater / Pinellas County. Direct program services—not emergency cash assistance or a general probation reporting office unless noted.","Pinellas Technical College ofrece certificados laborales y apoyo GED para buscadores de empleo del condado Pinellas en reinserción. El personal conecta a adultos con antecedentes penales de custodia FDC y cárceles del condado Pinellas con beneficios MyACCESS, empleo CareerSource y aliados locales de reinserción en Clearwater / Pinellas County. Contact the program directly to confirm current hours, eligibility, and intake requirements before visiting in person.",6100 154th Avenue North,Clearwater,727-538-7167,,https://www.pcsb.org/myptc,Open to eligible Pinellas County residents including justice-involved individuals where applicable.,Abierto a residentes elegibles del condado Pinellas incluidas personas con antecedentes penales cuando aplique.,Call 727-538-7167 for intake; visit https://www.pcsb.org/myptc.,Llame al 727-538-7167; visite https://www.pcsb.org/myptc.,Monday–Friday business hours,pinellas|education|reentry,Intake|Case management|Referrals|Benefits navigation|Community partnerships,Pinellas,Pinellas,single,accepts_criminal_record
179,Tallahassee Community College — Adult Ed,education,Tallahassee / Leon County,"Tallahassee Community College provides GED and workforce pathways for Leon and Gadsden county adults after FDC release. Staff connect justice-involved adults from FDC custody and Leon County jails to MyACCESS benefits, CareerSource employment, and local reentry partners across Tallahassee / Leon County. Direct program services—not emergency cash assistance or a general probation reporting office unless noted.","Tallahassee Community College ofrece GED y trayectorias laborales para adultos de Leon y Gadsden después de la liberación FDC. El personal conecta a adultos con antecedentes penales de custodia FDC y cárceles del condado Leon con beneficios MyACCESS, empleo CareerSource y aliados locales de reinserción en Tallahassee / Leon County. Contact the program directly to confirm current hours, eligibility, and intake requirements before visiting in person.",444 Appleyard Drive,Tallahassee,850-201-6200,,https://www.tcc.fl.edu,Open to eligible Leon County residents including justice-involved individuals where applicable.,Abierto a residentes elegibles del condado Leon incluidas personas con antecedentes penales cuando aplique.,Call 850-201-6200 for intake; visit https://www.tcc.fl.edu.,Llame al 850-201-6200; visite https://www.tcc.fl.edu.,Monday–Friday business hours,leon|education|reentry,Intake|Case management|Referrals|Benefits navigation|Community partnerships,Leon,Leon,single,accepts_criminal_record
180,CareerSource Palm Beach County,employment,West Palm Beach / Palm Beach County,"CareerSource Palm Beach County connects job seekers including justice-involved adults to WIOA training and fair-chance employers. Staff connect justice-involved adults from FDC custody and Palm Beach County jails to MyACCESS benefits, CareerSource employment, and local reentry partners across West Palm Beach / Palm Beach County. Direct program services—not emergency cash assistance or a general probation reporting office unless noted.","CareerSource Palm Beach County conecta buscadores de empleo incluidos adultos con antecedentes penales a capacitación WIOA. El personal conecta a adultos con antecedentes penales de custodia FDC y cárceles del condado Palm Beach con beneficios MyACCESS, empleo CareerSource y aliados locales de reinserción en West Palm Beach / Palm Beach County. Contact the program directly to confirm current hours, eligibility, and intake requirements before visiting in person.",845 Century Point Drive,West Palm Beach,561-340-1060,,https://www.careersourcepbc.com,Open to eligible Palm Beach County residents including justice-involved individuals where applicable.,Abierto a residentes elegibles del condado Palm Beach incluidas personas con antecedentes penales cuando aplique.,Call 561-340-1060 for intake; visit https://www.careersourcepbc.com.,Llame al 561-340-1060; visite https://www.careersourcepbc.com.,Monday–Friday business hours,palm-beach|employment|reentry,Intake|Case management|Referrals|Benefits navigation|Community partnerships,Palm Beach,Palm Beach,single,accepts_criminal_record
181,CareerSource Central Florida,employment,Orlando / Orange County,"CareerSource Central Florida serves Orange, Osceola, Seminole, Lake, and Sumter job seekers including justice-involved adults. Staff connect justice-involved adults from FDC custody and Orange County jails to MyACCESS benefits, CareerSource employment, and local reentry partners across Orlando / Orange County. Direct program services—not emergency cash assistance or a general probation reporting office unless noted.","CareerSource Central Florida sirve a buscadores de empleo de Orange, Osceola, Seminole, Lake y Sumter incluidos adultos con antecedentes penales. El personal conecta a adultos con antecedentes penales de custodia FDC y cárceles del condado Orange con beneficios MyACCESS, empleo CareerSource y aliados locales de reinserción en Orlando / Orange County.",5151 Clarcona Ocoee Road,Orlando,407-531-1222,,https://www.careersourcecf.com,Open to eligible Orange County residents including justice-involved individuals where applicable.,Abierto a residentes elegibles del condado Orange incluidas personas con antecedentes penales cuando aplique.,Call 407-531-1222 for intake; visit https://www.careersourcecf.com.,Llame al 407-531-1222; visite https://www.careersourcecf.com.,Monday–Friday business hours,orange|employment|reentry,Intake|Case management|Referrals|Benefits navigation|Community partnerships,Orange,Orange,single,accepts_criminal_record
182,CareerSource Research Coast,employment,Fort Pierce / St. Lucie County,"CareerSource Research Coast connects St. Lucie and Indian River job seekers including justice-involved adults to WIOA services. Staff connect justice-involved adults from FDC custody and St. Lucie County jails to MyACCESS benefits, CareerSource employment, and local reentry partners across Fort Pierce / St. Lucie County. Direct program services—not emergency cash assistance or a general probation reporting office unless noted.","CareerSource Research Coast conecta buscadores de empleo de St. Lucie e Indian River incluidos adultos con antecedentes penales a servicios WIOA. El personal conecta a adultos con antecedentes penales de custodia FDC y cárceles del condado St. Lucie con beneficios MyACCESS, empleo CareerSource y aliados locales de reinserción en Fort Pierce / St. Lucie County.",584 NW University Boulevard,Fort Pierce,772-408-5418,,https://www.careersourcerc.com,Open to eligible St. Lucie County residents including justice-involved individuals where applicable.,Abierto a residentes elegibles del condado St. Lucie incluidas personas con antecedentes penales cuando aplique.,Call 772-408-5418 for intake; visit https://www.careersourcerc.com.,Llame al 772-408-5418; visite https://www.careersourcerc.com.,Monday–Friday business hours,st-lucie|employment|reentry,Intake|Case management|Referrals|Benefits navigation|Community partnerships,St. Lucie,St. Lucie,single,accepts_criminal_record
183,Nicklaus Children's Hospital — Community Health,healthcare,Miami / Miami-Dade County,"Nicklaus Children's Hospital community programs provide pediatric and family health outreach for Miami-Dade families in reentry. Staff connect justice-involved adults from FDC custody and Miami-Dade County jails to MyACCESS benefits, CareerSource employment, and local reentry partners across Miami / Miami-Dade County. Direct program services—not emergency cash assistance or a general probation reporting office unless noted.","Los programas comunitarios de Nicklaus Children's Hospital brindan alcance de salud pediátrica y familiar para familias de Miami-Dade en reinserción. El personal conecta a adultos con antecedentes penales de custodia FDC y cárceles del condado Miami-Dade con beneficios MyACCESS, empleo CareerSource y aliados locales de reinserción en Miami / Miami-Dade County.",3100 SW 62nd Avenue,Miami,305-666-6511,,https://www.nicklauschildrens.org,Open to eligible Miami-Dade County residents including justice-involved individuals where applicable.,Abierto a residentes elegibles del condado Miami-Dade incluidas personas con antecedentes penales cuando aplique.,Call 305-666-6511 for intake; visit https://www.nicklauschildrens.org.,Llame al 305-666-6511; visite https://www.nicklauschildrens.org.,Monday–Friday business hours,miami-dade|healthcare|reentry,Intake|Case management|Referrals|Benefits navigation|Community partnerships,Miami-Dade,Miami-Dade,single,accepts_criminal_record
184,Salvation Army — Orlando Shelter,housing,Orlando / Orange County,"Salvation Army Orlando provides emergency shelter and case management for homeless adults in Orange County including justice-involved participants. Staff connect justice-involved adults from FDC custody and Orange County jails to MyACCESS benefits, CareerSource employment, and local reentry partners across Orlando / Orange County. Direct program services—not emergency cash assistance or a general probation reporting office unless noted.","Salvation Army Orlando ofrece refugio de emergencia y manejo de casos para adultos sin hogar en el condado Orange incluidos participantes con antecedentes penales. El personal conecta a adultos con antecedentes penales de custodia FDC y cárceles del condado Orange con beneficios MyACCESS, empleo CareerSource y aliados locales de reinserción en Orlando / Orange County.",635 W Michigan Street,Orlando,407-423-8581,,https://www.salvationarmyorlando.org,Open to eligible Orange County residents including justice-involved individuals where applicable.,Abierto a residentes elegibles del condado Orange incluidas personas con antecedentes penales cuando aplique.,Call 407-423-8581 for intake; visit https://www.salvationarmyorlando.org.,Llame al 407-423-8581; visite https://www.salvationarmyorlando.org.,Monday–Friday business hours,orange|housing|reentry,Intake|Case management|Referrals|Benefits navigation|Community partnerships,Orange,Orange,single,accepts_criminal_record
185,PACE Center for Girls — Hillsborough,family-children,Tampa / Hillsborough County,"PACE Center for Girls provides education and counseling for at-risk girls in Hillsborough County including those with incarcerated parents. Staff connect justice-involved adults from FDC custody and Hillsborough County jails to MyACCESS benefits, CareerSource employment, and local reentry partners across Tampa / Hillsborough County. Direct program services—not emergency cash assistance or a general probation reporting office unless noted.","PACE Center for Girls ofrece educación y consejería para niñas en riesgo en el condado Hillsborough incluidas aquellas con padres encarcelados. El personal conecta a adultos con antecedentes penales de custodia FDC y cárceles del condado Hillsborough con beneficios MyACCESS, empleo CareerSource y aliados locales de reinserción en Tampa / Hillsborough County.",1011 E Palm Avenue,Tampa,813-248-4100,,https://www.pacecenter.org,Open to eligible Hillsborough County residents including justice-involved individuals where applicable.,Abierto a residentes elegibles del condado Hillsborough incluidas personas con antecedentes penales cuando aplique.,Call 813-248-4100 for intake; visit https://www.pacecenter.org.,Llame al 813-248-4100; visite https://www.pacecenter.org.,Monday–Friday business hours,hillsborough|family-children|reentry,Intake|Case management|Referrals|Benefits navigation|Community partnerships,Hillsborough,Hillsborough,single,accepts_criminal_record
186,CareerSource — Baker County Career Center,employment,Macclenny / Baker County,"CareerSource Baker County in Macclenny connects job seekers including justice-involved adults from Baker County jails and Florida Department of Corrections (FDC) custody to WIOA-funded training, resume assistance, fair-chance employment navigation, and CareerSource Florida online job matching across rural Baker County. Staff link returning citizens to DCF MyACCESS benefits, local FQHC healthcare, and food banks. Free core career services—not emergency cash or housing placement.","CareerSource del condado Baker en Macclenny conecta buscadores de empleo incluidos adultos con antecedentes penales de cárceles del condado Baker y custodia FDC con capacitación WIOA, ayuda con currículum y navegación de empleo de segunda oportunidad en el condado Baker. Servicios básicos de carrera gratuitos, no asistencia de efectivo ni vivienda de emergencia.",5000-1 Norwood Avenue,Macclenny,904-723-2000,,https://careersourceflorida.com,Open to Baker County job seekers including justice-involved individuals; core CareerSource services are free.,Abierto a buscadores de empleo del condado Baker incluidas personas con antecedentes penales; servicios básicos gratuitos.,Register at careersourceflorida.com; call 904-723-2000; pairs with Baker County DCF ACCESS and local healthcare partners.,Regístrese en careersourceflorida.com; llame al 904-723-2000; se vincula con DCF ACCESS del condado Baker.,Monday–Friday business hours; call ahead in rural counties,baker|employment|careersource|WIOA|reentry|fair-chance,Job search assistance|Resume preparation|WIOA training referrals|Fair-chance employment|Career coaching,Baker,Baker,single,accepts_criminal_record
187,Ed Fraser Memorial Hospital,healthcare,Macclenny / Baker County,"Ed Fraser Memorial Hospital provides primary care, behavioral health, emergency services, and community health outreach for Baker County residents including uninsured and Florida Medicaid patients such as returning citizens establishing local medical care after release from FDC custody or Baker County jails. FQHC and hospital partners coordinate with DCF MyACCESS Medicaid enrollment and CareerSource employment programs. Direct clinical services—not a walk-in benefits or probation office.","Ed Fraser Memorial Hospital brinda atención primaria, salud conductual y servicios comunitarios para residentes del condado Baker incluidos pacientes sin seguro y Medicaid de Florida como ciudadanos que regresan que establecen atención médica local después de la liberación de custodia FDC o cárceles del condado Baker. Servicios clínicos directos, no oficina de beneficios ni de probatoria.",5000-1 Norwood Avenue,Macclenny,904-259-3441,,https://www.hcafloridahealthcare.com,Open to Baker County residents; sliding-fee and Medicaid patients welcome including justice-involved adults.,Abierto a residentes del condado Baker; pacientes con tarifa móvil y Medicaid bienvenidos.,Call 904-259-3441 for appointments; pairs with CareerSource Baker and county DCF ACCESS office.,Llame al 904-259-3441 para citas; se vincula con CareerSource Baker y DCF ACCESS del condado.,Emergency 24/7 at hospital sites; clinic hours vary—call ahead,baker|healthcare|FQHC|rural|reentry,Primary care|Behavioral health|Emergency services|Sliding-fee care|Specialist referrals,Baker,Baker,single,accepts_criminal_record
188,CareerSource — Bay County Career Center,employment,Panama City / Bay County,"CareerSource Bay County in Panama City connects job seekers including justice-involved adults from Bay County jails and Florida Department of Corrections (FDC) custody to WIOA-funded training, resume assistance, fair-chance employment navigation, and CareerSource Florida online job matching across rural Bay County. Staff link returning citizens to DCF MyACCESS benefits, local FQHC healthcare, and food banks. Free core career services—not emergency cash or housing placement.","CareerSource del condado Bay en Panama City conecta buscadores de empleo incluidos adultos con antecedentes penales de cárceles del condado Bay y custodia FDC con capacitación WIOA, ayuda con currículum y navegación de empleo de segunda oportunidad en el condado Bay. Servicios básicos de carrera gratuitos, no asistencia de efectivo ni vivienda de emergencia.",2505 West 15th Street,Panama City,850-747-5400,,https://careersourceflorida.com,Open to Bay County job seekers including justice-involved individuals; core CareerSource services are free.,Abierto a buscadores de empleo del condado Bay incluidas personas con antecedentes penales; servicios básicos gratuitos.,Register at careersourceflorida.com; call 850-747-5400; pairs with Bay County DCF ACCESS and local healthcare partners.,Regístrese en careersourceflorida.com; llame al 850-747-5400; se vincula con DCF ACCESS del condado Bay.,Monday–Friday business hours; call ahead in rural counties,bay|employment|careersource|WIOA|reentry|fair-chance,Job search assistance|Resume preparation|WIOA training referrals|Fair-chance employment|Career coaching,Bay,Bay,single,accepts_criminal_record
189,PanCare of Florida — Panama City,healthcare,Panama City / Bay County,"PanCare of Florida — Panama City provides primary care, behavioral health, emergency services, and community health outreach for Bay County residents including uninsured and Florida Medicaid patients such as returning citizens establishing local medical care after release from FDC custody or Bay County jails. FQHC and hospital partners coordinate with DCF MyACCESS Medicaid enrollment and CareerSource employment programs. Direct clinical services—not a walk-in benefits or probation office.","PanCare of Florida — Panama City brinda atención primaria, salud conductual y servicios comunitarios para residentes del condado Bay incluidos pacientes sin seguro y Medicaid de Florida como ciudadanos que regresan que establecen atención médica local después de la liberación de custodia FDC o cárceles del condado Bay. Servicios clínicos directos, no oficina de beneficios ni de probatoria.",2505 West 15th Street,Panama City,850-747-5458,,https://www.pancarefl.org,Open to Bay County residents; sliding-fee and Medicaid patients welcome including justice-involved adults.,Abierto a residentes del condado Bay; pacientes con tarifa móvil y Medicaid bienvenidos.,Call 850-747-5458 for appointments; pairs with CareerSource Bay and county DCF ACCESS office.,Llame al 850-747-5458 para citas; se vincula con CareerSource Bay y DCF ACCESS del condado.,Emergency 24/7 at hospital sites; clinic hours vary—call ahead,bay|healthcare|FQHC|rural|reentry,Primary care|Behavioral health|Emergency services|Sliding-fee care|Specialist referrals,Bay,Bay,single,accepts_criminal_record
190,CareerSource — Bradford County Career Center,employment,Starke / Bradford County,"CareerSource Bradford County in Starke connects job seekers including justice-involved adults from Bradford County jails and Florida Department of Corrections (FDC) custody to WIOA-funded training, resume assistance, fair-chance employment navigation, and CareerSource Florida online job matching across rural Bradford County. Staff link returning citizens to DCF MyACCESS benefits, local FQHC healthcare, and food banks. Free core career services—not emergency cash or housing placement.","CareerSource del condado Bradford en Starke conecta buscadores de empleo incluidos adultos con antecedentes penales de cárceles del condado Bradford y custodia FDC con capacitación WIOA, ayuda con currículum y navegación de empleo de segunda oportunidad en el condado Bradford. Servicios básicos de carrera gratuitos, no asistencia de efectivo ni vivienda de emergencia.","1000 NE 16th Avenue, Building J",Starke,352-264-6400,,https://careersourceflorida.com,Open to Bradford County job seekers including justice-involved individuals; core CareerSource services are free.,Abierto a buscadores de empleo del condado Bradford incluidas personas con antecedentes penales; servicios básicos gratuitos.,Register at careersourceflorida.com; call 352-264-6400; pairs with Bradford County DCF ACCESS and local healthcare partners.,Regístrese en careersourceflorida.com; llame al 352-264-6400; se vincula con DCF ACCESS del condado Bradford.,Monday–Friday business hours; call ahead in rural counties,bradford|employment|careersource|WIOA|reentry|fair-chance,Job search assistance|Resume preparation|WIOA training referrals|Fair-chance employment|Career coaching,Bradford,Bradford,single,accepts_criminal_record
191,Shands Starke Regional Medical Center,healthcare,Starke / Bradford County,"Shands Starke Regional Medical Center provides primary care, behavioral health, emergency services, and community health outreach for Bradford County residents including uninsured and Florida Medicaid patients such as returning citizens establishing local medical care after release from FDC custody or Bradford County jails. FQHC and hospital partners coordinate with DCF MyACCESS Medicaid enrollment and CareerSource employment programs. Direct clinical services—not a walk-in benefits or probation office.","Shands Starke Regional Medical Center brinda atención primaria, salud conductual y servicios comunitarios para residentes del condado Bradford incluidos pacientes sin seguro y Medicaid de Florida como ciudadanos que regresan que establecen atención médica local después de la liberación de custodia FDC o cárceles del condado Bradford. Servicios clínicos directos, no oficina de beneficios ni de probatoria.","1000 NE 16th Avenue, Building J",Starke,904-368-2300,,https://ufhealth.org,Open to Bradford County residents; sliding-fee and Medicaid patients welcome including justice-involved adults.,Abierto a residentes del condado Bradford; pacientes con tarifa móvil y Medicaid bienvenidos.,Call 904-368-2300 for appointments; pairs with CareerSource Bradford and county DCF ACCESS office.,Llame al 904-368-2300 para citas; se vincula con CareerSource Bradford y DCF ACCESS del condado.,Emergency 24/7 at hospital sites; clinic hours vary—call ahead,bradford|healthcare|FQHC|rural|reentry,Primary care|Behavioral health|Emergency services|Sliding-fee care|Specialist referrals,Bradford,Bradford,single,accepts_criminal_record
192,CareerSource — Calhoun County Career Center,employment,Blountstown / Calhoun County,"CareerSource Calhoun County in Blountstown connects job seekers including justice-involved adults from Calhoun County jails and Florida Department of Corrections (FDC) custody to WIOA-funded training, resume assistance, fair-chance employment navigation, and CareerSource Florida online job matching across rural Calhoun County. Staff link returning citizens to DCF MyACCESS benefits, local FQHC healthcare, and food banks. Free core career services—not emergency cash or housing placement.","CareerSource del condado Calhoun en Blountstown conecta buscadores de empleo incluidos adultos con antecedentes penales de cárceles del condado Calhoun y custodia FDC con capacitación WIOA, ayuda con currículum y navegación de empleo de segunda oportunidad en el condado Calhoun. Servicios básicos de carrera gratuitos, no asistencia de efectivo ni vivienda de emergencia.",2505 West 15th Street,Blountstown,850-747-5400,,https://careersourceflorida.com,Open to Calhoun County job seekers including justice-involved individuals; core CareerSource services are free.,Abierto a buscadores de empleo del condado Calhoun incluidas personas con antecedentes penales; servicios básicos gratuitos.,Register at careersourceflorida.com; call 850-747-5400; pairs with Calhoun County DCF ACCESS and local healthcare partners.,Regístrese en careersourceflorida.com; llame al 850-747-5400; se vincula con DCF ACCESS del condado Calhoun.,Monday–Friday business hours; call ahead in rural counties,calhoun|employment|careersource|WIOA|reentry|fair-chance,Job search assistance|Resume preparation|WIOA training referrals|Fair-chance employment|Career coaching,Calhoun,Calhoun,single,accepts_criminal_record
193,Calhoun-Liberty Hospital,healthcare,Blountstown / Calhoun County,"Calhoun-Liberty Hospital provides primary care, behavioral health, emergency services, and community health outreach for Calhoun County residents including uninsured and Florida Medicaid patients such as returning citizens establishing local medical care after release from FDC custody or Calhoun County jails. FQHC and hospital partners coordinate with DCF MyACCESS Medicaid enrollment and CareerSource employment programs. Direct clinical services—not a walk-in benefits or probation office.","Calhoun-Liberty Hospital brinda atención primaria, salud conductual y servicios comunitarios para residentes del condado Calhoun incluidos pacientes sin seguro y Medicaid de Florida como ciudadanos que regresan que establecen atención médica local después de la liberación de custodia FDC o cárceles del condado Calhoun. Servicios clínicos directos, no oficina de beneficios ni de probatoria.",2505 West 15th Street,Blountstown,850-674-5411,,https://www.clhospital.com,Open to Calhoun County residents; sliding-fee and Medicaid patients welcome including justice-involved adults.,Abierto a residentes del condado Calhoun; pacientes con tarifa móvil y Medicaid bienvenidos.,Call 850-674-5411 for appointments; pairs with CareerSource Calhoun and county DCF ACCESS office.,Llame al 850-674-5411 para citas; se vincula con CareerSource Calhoun y DCF ACCESS del condado.,Emergency 24/7 at hospital sites; clinic hours vary—call ahead,calhoun|healthcare|FQHC|rural|reentry,Primary care|Behavioral health|Emergency services|Sliding-fee care|Specialist referrals,Calhoun,Calhoun,single,accepts_criminal_record
194,CareerSource — Charlotte County Career Center,employment,Port Charlotte / Charlotte County,"CareerSource Charlotte County in Port Charlotte connects job seekers including justice-involved adults from Charlotte County jails and Florida Department of Corrections (FDC) custody to WIOA-funded training, resume assistance, fair-chance employment navigation, and CareerSource Florida online job matching across rural Charlotte County. Staff link returning citizens to DCF MyACCESS benefits, local FQHC healthcare, and food banks. Free core career services—not emergency cash or housing placement.","CareerSource del condado Charlotte en Port Charlotte conecta buscadores de empleo incluidos adultos con antecedentes penales de cárceles del condado Charlotte y custodia FDC con capacitación WIOA, ayuda con currículum y navegación de empleo de segunda oportunidad en el condado Charlotte. Servicios básicos de carrera gratuitos, no asistencia de efectivo ni vivienda de emergencia.","2295 Victoria Avenue, Room 110",Port Charlotte,866-762-2237,,https://careersourceflorida.com,Open to Charlotte County job seekers including justice-involved individuals; core CareerSource services are free.,Abierto a buscadores de empleo del condado Charlotte incluidas personas con antecedentes penales; servicios básicos gratuitos.,Register at careersourceflorida.com; call 866-762-2237; pairs with Charlotte County DCF ACCESS and local healthcare partners.,Regístrese en careersourceflorida.com; llame al 866-762-2237; se vincula con DCF ACCESS del condado Charlotte.,Monday–Friday business hours; call ahead in rural counties,charlotte|employment|careersource|WIOA|reentry|fair-chance,Job search assistance|Resume preparation|WIOA training referrals|Fair-chance employment|Career coaching,Charlotte,Charlotte,single,accepts_criminal_record
195,BayCare — Charlotte County,healthcare,Port Charlotte / Charlotte County,"BayCare — Charlotte County provides primary care, behavioral health, emergency services, and community health outreach for Charlotte County residents including uninsured and Florida Medicaid patients such as returning citizens establishing local medical care after release from FDC custody or Charlotte County jails. FQHC and hospital partners coordinate with DCF MyACCESS Medicaid enrollment and CareerSource employment programs. Direct clinical services—not a walk-in benefits or probation office.","BayCare — Charlotte County brinda atención primaria, salud conductual y servicios comunitarios para residentes del condado Charlotte incluidos pacientes sin seguro y Medicaid de Florida como ciudadanos que regresan que establecen atención médica local después de la liberación de custodia FDC o cárceles del condado Charlotte. Servicios clínicos directos, no oficina de beneficios ni de probatoria.","2295 Victoria Avenue, Room 110",Port Charlotte,941-629-1181,,https://baycare.org,Open to Charlotte County residents; sliding-fee and Medicaid patients welcome including justice-involved adults.,Abierto a residentes del condado Charlotte; pacientes con tarifa móvil y Medicaid bienvenidos.,Call 941-629-1181 for appointments; pairs with CareerSource Charlotte and county DCF ACCESS office.,Llame al 941-629-1181 para citas; se vincula con CareerSource Charlotte y DCF ACCESS del condado.,Emergency 24/7 at hospital sites; clinic hours vary—call ahead,charlotte|healthcare|FQHC|rural|reentry,Primary care|Behavioral health|Emergency services|Sliding-fee care|Specialist referrals,Charlotte,Charlotte,single,accepts_criminal_record
196,CareerSource — Citrus County Career Center,employment,Lecanto / Citrus County,"CareerSource Citrus County in Lecanto connects job seekers including justice-involved adults from Citrus County jails and Florida Department of Corrections (FDC) custody to WIOA-funded training, resume assistance, fair-chance employment navigation, and CareerSource Florida online job matching across rural Citrus County. Staff link returning citizens to DCF MyACCESS benefits, local FQHC healthcare, and food banks. Free core career services—not emergency cash or housing placement.","CareerSource del condado Citrus en Lecanto conecta buscadores de empleo incluidos adultos con antecedentes penales de cárceles del condado Citrus y custodia FDC con capacitación WIOA, ayuda con currículum y navegación de empleo de segunda oportunidad en el condado Citrus. Servicios básicos de carrera gratuitos, no asistencia de efectivo ni vivienda de emergencia.",212 S Apopka Avenue,Lecanto,352-527-5900,,https://careersourceflorida.com,Open to Citrus County job seekers including justice-involved individuals; core CareerSource services are free.,Abierto a buscadores de empleo del condado Citrus incluidas personas con antecedentes penales; servicios básicos gratuitos.,Register at careersourceflorida.com; call 352-527-5900; pairs with Citrus County DCF ACCESS and local healthcare partners.,Regístrese en careersourceflorida.com; llame al 352-527-5900; se vincula con DCF ACCESS del condado Citrus.,Monday–Friday business hours; call ahead in rural counties,citrus|employment|careersource|WIOA|reentry|fair-chance,Job search assistance|Resume preparation|WIOA training referrals|Fair-chance employment|Career coaching,Citrus,Citrus,single,accepts_criminal_record
197,Nature Coast Community Health Centers,healthcare,Lecanto / Citrus County,"Nature Coast Community Health Centers provides primary care, behavioral health, emergency services, and community health outreach for Citrus County residents including uninsured and Florida Medicaid patients such as returning citizens establishing local medical care after release from FDC custody or Citrus County jails. FQHC and hospital partners coordinate with DCF MyACCESS Medicaid enrollment and CareerSource employment programs. Direct clinical services—not a walk-in benefits or probation office.","Nature Coast Community Health Centers brinda atención primaria, salud conductual y servicios comunitarios para residentes del condado Citrus incluidos pacientes sin seguro y Medicaid de Florida como ciudadanos que regresan que establecen atención médica local después de la liberación de custodia FDC o cárceles del condado Citrus. Servicios clínicos directos, no oficina de beneficios ni de probatoria.",212 S Apopka Avenue,Lecanto,352-527-5477,,https://www.naturecoasthealth.org,Open to Citrus County residents; sliding-fee and Medicaid patients welcome including justice-involved adults.,Abierto a residentes del condado Citrus; pacientes con tarifa móvil y Medicaid bienvenidos.,Call 352-527-5477 for appointments; pairs with CareerSource Citrus and county DCF ACCESS office.,Llame al 352-527-5477 para citas; se vincula con CareerSource Citrus y DCF ACCESS del condado.,Emergency 24/7 at hospital sites; clinic hours vary—call ahead,citrus|healthcare|FQHC|rural|reentry,Primary care|Behavioral health|Emergency services|Sliding-fee care|Specialist referrals,Citrus,Citrus,single,accepts_criminal_record
198,CareerSource — Clay County Career Center,employment,Green Cove Springs / Clay County,"CareerSource Clay County in Green Cove Springs connects job seekers including justice-involved adults from Clay County jails and Florida Department of Corrections (FDC) custody to WIOA-funded training, resume assistance, fair-chance employment navigation, and CareerSource Florida online job matching across rural Clay County. Staff link returning citizens to DCF MyACCESS benefits, local FQHC healthcare, and food banks. Free core career services—not emergency cash or housing placement.","CareerSource del condado Clay en Green Cove Springs conecta buscadores de empleo incluidos adultos con antecedentes penales de cárceles del condado Clay y custodia FDC con capacitación WIOA, ayuda con currículum y navegación de empleo de segunda oportunidad en el condado Clay. Servicios básicos de carrera gratuitos, no asistencia de efectivo ni vivienda de emergencia.",5000-1 Norwood Avenue,Green Cove Springs,904-723-2000,,https://careersourceflorida.com,Open to Clay County job seekers including justice-involved individuals; core CareerSource services are free.,Abierto a buscadores de empleo del condado Clay incluidas personas con antecedentes penales; servicios básicos gratuitos.,Register at careersourceflorida.com; call 904-723-2000; pairs with Clay County DCF ACCESS and local healthcare partners.,Regístrese en careersourceflorida.com; llame al 904-723-2000; se vincula con DCF ACCESS del condado Clay.,Monday–Friday business hours; call ahead in rural counties,clay|employment|careersource|WIOA|reentry|fair-chance,Job search assistance|Resume preparation|WIOA training referrals|Fair-chance employment|Career coaching,Clay,Clay,single,accepts_criminal_record
199,Orange Park Medical Center,healthcare,Orange Park / Clay County,"Orange Park Medical Center provides primary care, behavioral health, emergency services, and community health outreach for Clay County residents including uninsured and Florida Medicaid patients such as returning citizens establishing local medical care after release from FDC custody or Clay County jails. FQHC and hospital partners coordinate with DCF MyACCESS Medicaid enrollment and CareerSource employment programs. Direct clinical services—not a walk-in benefits or probation office.","Orange Park Medical Center brinda atención primaria, salud conductual y servicios comunitarios para residentes del condado Clay incluidos pacientes sin seguro y Medicaid de Florida como ciudadanos que regresan que establecen atención médica local después de la liberación de custodia FDC o cárceles del condado Clay. Servicios clínicos directos, no oficina de beneficios ni de probatoria.",5000-1 Norwood Avenue,Orange Park,904-639-8500,,https://www.hcafloridahealthcare.com,Open to Clay County residents; sliding-fee and Medicaid patients welcome including justice-involved adults.,Abierto a residentes del condado Clay; pacientes con tarifa móvil y Medicaid bienvenidos.,Call 904-639-8500 for appointments; pairs with CareerSource Clay and county DCF ACCESS office.,Llame al 904-639-8500 para citas; se vincula con CareerSource Clay y DCF ACCESS del condado.,Emergency 24/7 at hospital sites; clinic hours vary—call ahead,clay|healthcare|FQHC|rural|reentry,Primary care|Behavioral health|Emergency services|Sliding-fee care|Specialist referrals,Clay,Clay,single,accepts_criminal_record
200,CareerSource — Collier County Career Center,employment,Naples / Collier County,"CareerSource Collier County in Naples connects job seekers including justice-involved adults from Collier County jails and Florida Department of Corrections (FDC) custody to WIOA-funded training, resume assistance, fair-chance employment navigation, and CareerSource Florida online job matching across rural Collier County. Staff link returning citizens to DCF MyACCESS benefits, local FQHC healthcare, and food banks. Free core career services—not emergency cash or housing placement.","CareerSource del condado Collier en Naples conecta buscadores de empleo incluidos adultos con antecedentes penales de cárceles del condado Collier y custodia FDC con capacitación WIOA, ayuda con currículum y navegación de empleo de segunda oportunidad en el condado Collier. Servicios básicos de carrera gratuitos, no asistencia de efectivo ni vivienda de emergencia.","2295 Victoria Avenue, Room 110",Naples,239-332-6600,,https://careersourceflorida.com,Open to Collier County job seekers including justice-involved individuals; core CareerSource services are free.,Abierto a buscadores de empleo del condado Collier incluidas personas con antecedentes penales; servicios básicos gratuitos.,Register at careersourceflorida.com; call 239-332-6600; pairs with Collier County DCF ACCESS and local healthcare partners.,Regístrese en careersourceflorida.com; llame al 239-332-6600; se vincula con DCF ACCESS del condado Collier.,Monday–Friday business hours; call ahead in rural counties,collier|employment|careersource|WIOA|reentry|fair-chance,Job search assistance|Resume preparation|WIOA training referrals|Fair-chance employment|Career coaching,Collier,Collier,single,accepts_criminal_record
201,Healthcare Network of Southwest Florida,healthcare,Naples / Collier County,"Healthcare Network of Southwest Florida provides primary care, behavioral health, emergency services, and community health outreach for Collier County residents including uninsured and Florida Medicaid patients such as returning citizens establishing local medical care after release from FDC custody or Collier County jails. FQHC and hospital partners coordinate with DCF MyACCESS Medicaid enrollment and CareerSource employment programs. Direct clinical services—not a walk-in benefits or probation office.","Healthcare Network of Southwest Florida brinda atención primaria, salud conductual y servicios comunitarios para residentes del condado Collier incluidos pacientes sin seguro y Medicaid de Florida como ciudadanos que regresan que establecen atención médica local después de la liberación de custodia FDC o cárceles del condado Collier. Servicios clínicos directos, no oficina de beneficios ni de probatoria.","2295 Victoria Avenue, Room 110",Naples,239-658-3000,,https://www.healthcareswfl.org,Open to Collier County residents; sliding-fee and Medicaid patients welcome including justice-involved adults.,Abierto a residentes del condado Collier; pacientes con tarifa móvil y Medicaid bienvenidos.,Call 239-658-3000 for appointments; pairs with CareerSource Collier and county DCF ACCESS office.,Llame al 239-658-3000 para citas; se vincula con CareerSource Collier y DCF ACCESS del condado.,Emergency 24/7 at hospital sites; clinic hours vary—call ahead,collier|healthcare|FQHC|rural|reentry,Primary care|Behavioral health|Emergency services|Sliding-fee care|Specialist referrals,Collier,Collier,single,accepts_criminal_record
202,CareerSource — Columbia County Career Center,employment,Lake City / Columbia County,"CareerSource Columbia County in Lake City connects job seekers including justice-involved adults from Columbia County jails and Florida Department of Corrections (FDC) custody to WIOA-funded training, resume assistance, fair-chance employment navigation, and CareerSource Florida online job matching across rural Columbia County. Staff link returning citizens to DCF MyACCESS benefits, local FQHC healthcare, and food banks. Free core career services—not emergency cash or housing placement.","CareerSource del condado Columbia en Lake City conecta buscadores de empleo incluidos adultos con antecedentes penales de cárceles del condado Columbia y custodia FDC con capacitación WIOA, ayuda con currículum y navegación de empleo de segunda oportunidad en el condado Columbia. Servicios básicos de carrera gratuitos, no asistencia de efectivo ni vivienda de emergencia.","1000 NE 16th Avenue, Building J",Lake City,386-719-6200,,https://careersourceflorida.com,Open to Columbia County job seekers including justice-involved individuals; core CareerSource services are free.,Abierto a buscadores de empleo del condado Columbia incluidas personas con antecedentes penales; servicios básicos gratuitos.,Register at careersourceflorida.com; call 386-719-6200; pairs with Columbia County DCF ACCESS and local healthcare partners.,Regístrese en careersourceflorida.com; llame al 386-719-6200; se vincula con DCF ACCESS del condado Columbia.,Monday–Friday business hours; call ahead in rural counties,columbia|employment|careersource|WIOA|reentry|fair-chance,Job search assistance|Resume preparation|WIOA training referrals|Fair-chance employment|Career coaching,Columbia,Columbia,single,accepts_criminal_record
203,Lake City Medical Center,healthcare,Lake City / Columbia County,"Lake City Medical Center provides primary care, behavioral health, emergency services, and community health outreach for Columbia County residents including uninsured and Florida Medicaid patients such as returning citizens establishing local medical care after release from FDC custody or Columbia County jails. FQHC and hospital partners coordinate with DCF MyACCESS Medicaid enrollment and CareerSource employment programs. Direct clinical services—not a walk-in benefits or probation office.","Lake City Medical Center brinda atención primaria, salud conductual y servicios comunitarios para residentes del condado Columbia incluidos pacientes sin seguro y Medicaid de Florida como ciudadanos que regresan que establecen atención médica local después de la liberación de custodia FDC o cárceles del condado Columbia. Servicios clínicos directos, no oficina de beneficios ni de probatoria.","1000 NE 16th Avenue, Building J",Lake City,386-719-9000,,https://www.hcafloridahealthcare.com,Open to Columbia County residents; sliding-fee and Medicaid patients welcome including justice-involved adults.,Abierto a residentes del condado Columbia; pacientes con tarifa móvil y Medicaid bienvenidos.,Call 386-719-9000 for appointments; pairs with CareerSource Columbia and county DCF ACCESS office.,Llame al 386-719-9000 para citas; se vincula con CareerSource Columbia y DCF ACCESS del condado.,Emergency 24/7 at hospital sites; clinic hours vary—call ahead,columbia|healthcare|FQHC|rural|reentry,Primary care|Behavioral health|Emergency services|Sliding-fee care|Specialist referrals,Columbia,Columbia,single,accepts_criminal_record
204,CareerSource — DeSoto County Career Center,employment,Arcadia / DeSoto County,"CareerSource DeSoto County in Arcadia connects job seekers including justice-involved adults from DeSoto County jails and Florida Department of Corrections (FDC) custody to WIOA-funded training, resume assistance, fair-chance employment navigation, and CareerSource Florida online job matching across rural DeSoto County. Staff link returning citizens to DCF MyACCESS benefits, local FQHC healthcare, and food banks. Free core career services—not emergency cash or housing placement.","CareerSource del condado DeSoto en Arcadia conecta buscadores de empleo incluidos adultos con antecedentes penales de cárceles del condado DeSoto y custodia FDC con capacitación WIOA, ayuda con currículum y navegación de empleo de segunda oportunidad en el condado DeSoto. Servicios básicos de carrera gratuitos, no asistencia de efectivo ni vivienda de emergencia.","2295 Victoria Avenue, Room 110",Arcadia,863-993-4600,,https://careersourceflorida.com,Open to DeSoto County job seekers including justice-involved individuals; core CareerSource services are free.,Abierto a buscadores de empleo del condado DeSoto incluidas personas con antecedentes penales; servicios básicos gratuitos.,Register at careersourceflorida.com; call 863-993-4600; pairs with DeSoto County DCF ACCESS and local healthcare partners.,Regístrese en careersourceflorida.com; llame al 863-993-4600; se vincula con DCF ACCESS del condado DeSoto.,Monday–Friday business hours; call ahead in rural counties,desoto|employment|careersource|WIOA|reentry|fair-chance,Job search assistance|Resume preparation|WIOA training referrals|Fair-chance employment|Career coaching,DeSoto,DeSoto,single,accepts_criminal_record
205,DeSoto Memorial Hospital,healthcare,Arcadia / DeSoto County,"DeSoto Memorial Hospital provides primary care, behavioral health, emergency services, and community health outreach for DeSoto County residents including uninsured and Florida Medicaid patients such as returning citizens establishing local medical care after release from FDC custody or DeSoto County jails. FQHC and hospital partners coordinate with DCF MyACCESS Medicaid enrollment and CareerSource employment programs. Direct clinical services—not a walk-in benefits or probation office.","DeSoto Memorial Hospital brinda atención primaria, salud conductual y servicios comunitarios para residentes del condado DeSoto incluidos pacientes sin seguro y Medicaid de Florida como ciudadanos que regresan que establecen atención médica local después de la liberación de custodia FDC o cárceles del condado DeSoto. Servicios clínicos directos, no oficina de beneficios ni de probatoria.","2295 Victoria Avenue, Room 110",Arcadia,863-494-3531,,https://www.desotomemorial.com,Open to DeSoto County residents; sliding-fee and Medicaid patients welcome including justice-involved adults.,Abierto a residentes del condado DeSoto; pacientes con tarifa móvil y Medicaid bienvenidos.,Call 863-494-3531 for appointments; pairs with CareerSource DeSoto and county DCF ACCESS office.,Llame al 863-494-3531 para citas; se vincula con CareerSource DeSoto y DCF ACCESS del condado.,Emergency 24/7 at hospital sites; clinic hours vary—call ahead,desoto|healthcare|FQHC|rural|reentry,Primary care|Behavioral health|Emergency services|Sliding-fee care|Specialist referrals,DeSoto,DeSoto,single,accepts_criminal_record
206,CareerSource — Dixie County Career Center,employment,Cross City / Dixie County,"CareerSource Dixie County in Cross City connects job seekers including justice-involved adults from Dixie County jails and Florida Department of Corrections (FDC) custody to WIOA-funded training, resume assistance, fair-chance employment navigation, and CareerSource Florida online job matching across rural Dixie County. Staff link returning citizens to DCF MyACCESS benefits, local FQHC healthcare, and food banks. Free core career services—not emergency cash or housing placement.","CareerSource del condado Dixie en Cross City conecta buscadores de empleo incluidos adultos con antecedentes penales de cárceles del condado Dixie y custodia FDC con capacitación WIOA, ayuda con currículum y navegación de empleo de segunda oportunidad en el condado Dixie. Servicios básicos de carrera gratuitos, no asistencia de efectivo ni vivienda de emergencia.","1000 NE 16th Avenue, Building J",Cross City,352-264-6400,,https://careersourceflorida.com,Open to Dixie County job seekers including justice-involved individuals; core CareerSource services are free.,Abierto a buscadores de empleo del condado Dixie incluidas personas con antecedentes penales; servicios básicos gratuitos.,Register at careersourceflorida.com; call 352-264-6400; pairs with Dixie County DCF ACCESS and local healthcare partners.,Regístrese en careersourceflorida.com; llame al 352-264-6400; se vincula con DCF ACCESS del condado Dixie.,Monday–Friday business hours; call ahead in rural counties,dixie|employment|careersource|WIOA|reentry|fair-chance,Job search assistance|Resume preparation|WIOA training referrals|Fair-chance employment|Career coaching,Dixie,Dixie,single,accepts_criminal_record
207,Dixie County Health Department,healthcare,Cross City / Dixie County,"Dixie County Health Department provides primary care, behavioral health, emergency services, and community health outreach for Dixie County residents including uninsured and Florida Medicaid patients such as returning citizens establishing local medical care after release from FDC custody or Dixie County jails. FQHC and hospital partners coordinate with DCF MyACCESS Medicaid enrollment and CareerSource employment programs. Direct clinical services—not a walk-in benefits or probation office.","Dixie County Health Department brinda atención primaria, salud conductual y servicios comunitarios para residentes del condado Dixie incluidos pacientes sin seguro y Medicaid de Florida como ciudadanos que regresan que establecen atención médica local después de la liberación de custodia FDC o cárceles del condado Dixie. Servicios clínicos directos, no oficina de beneficios ni de probatoria.","1000 NE 16th Avenue, Building J",Cross City,352-498-1360,,https://dixie.floridahealth.gov,Open to Dixie County residents; sliding-fee and Medicaid patients welcome including justice-involved adults.,Abierto a residentes del condado Dixie; pacientes con tarifa móvil y Medicaid bienvenidos.,Call 352-498-1360 for appointments; pairs with CareerSource Dixie and county DCF ACCESS office.,Llame al 352-498-1360 para citas; se vincula con CareerSource Dixie y DCF ACCESS del condado.,Emergency 24/7 at hospital sites; clinic hours vary—call ahead,dixie|healthcare|FQHC|rural|reentry,Primary care|Behavioral health|Emergency services|Sliding-fee care|Specialist referrals,Dixie,Dixie,single,accepts_criminal_record
208,CareerSource — Flagler County Career Center,employment,Bunnell / Flagler County,"CareerSource Flagler County in Bunnell connects job seekers including justice-involved adults from Flagler County jails and Florida Department of Corrections (FDC) custody to WIOA-funded training, resume assistance, fair-chance employment navigation, and CareerSource Florida online job matching across rural Flagler County. Staff link returning citizens to DCF MyACCESS benefits, local FQHC healthcare, and food banks. Free core career services—not emergency cash or housing placement.","CareerSource del condado Flagler en Bunnell conecta buscadores de empleo incluidos adultos con antecedentes penales de cárceles del condado Flagler y custodia FDC con capacitación WIOA, ayuda con currículum y navegación de empleo de segunda oportunidad en el condado Flagler. Servicios básicos de carrera gratuitos, no asistencia de efectivo ni vivienda de emergencia.",5000-1 Norwood Avenue,Bunnell,904-723-2000,,https://careersourceflorida.com,Open to Flagler County job seekers including justice-involved individuals; core CareerSource services are free.,Abierto a buscadores de empleo del condado Flagler incluidas personas con antecedentes penales; servicios básicos gratuitos.,Register at careersourceflorida.com; call 904-723-2000; pairs with Flagler County DCF ACCESS and local healthcare partners.,Regístrese en careersourceflorida.com; llame al 904-723-2000; se vincula con DCF ACCESS del condado Flagler.,Monday–Friday business hours; call ahead in rural counties,flagler|employment|careersource|WIOA|reentry|fair-chance,Job search assistance|Resume preparation|WIOA training referrals|Fair-chance employment|Career coaching,Flagler,Flagler,single,accepts_criminal_record
209,AdventHealth Palm Coast,healthcare,Palm Coast / Flagler County,"AdventHealth Palm Coast provides primary care, behavioral health, emergency services, and community health outreach for Flagler County residents including uninsured and Florida Medicaid patients such as returning citizens establishing local medical care after release from FDC custody or Flagler County jails. FQHC and hospital partners coordinate with DCF MyACCESS Medicaid enrollment and CareerSource employment programs. Direct clinical services—not a walk-in benefits or probation office.","AdventHealth Palm Coast brinda atención primaria, salud conductual y servicios comunitarios para residentes del condado Flagler incluidos pacientes sin seguro y Medicaid de Florida como ciudadanos que regresan que establecen atención médica local después de la liberación de custodia FDC o cárceles del condado Flagler. Servicios clínicos directos, no oficina de beneficios ni de probatoria.",5000-1 Norwood Avenue,Palm Coast,386-586-2000,,https://www.adventhealth.com,Open to Flagler County residents; sliding-fee and Medicaid patients welcome including justice-involved adults.,Abierto a residentes del condado Flagler; pacientes con tarifa móvil y Medicaid bienvenidos.,Call 386-586-2000 for appointments; pairs with CareerSource Flagler and county DCF ACCESS office.,Llame al 386-586-2000 para citas; se vincula con CareerSource Flagler y DCF ACCESS del condado.,Emergency 24/7 at hospital sites; clinic hours vary—call ahead,flagler|healthcare|FQHC|rural|reentry,Primary care|Behavioral health|Emergency services|Sliding-fee care|Specialist referrals,Flagler,Flagler,single,accepts_criminal_record
210,CareerSource — Franklin County Career Center,employment,Apalachicola / Franklin County,"CareerSource Franklin County in Apalachicola connects job seekers including justice-involved adults from Franklin County jails and Florida Department of Corrections (FDC) custody to WIOA-funded training, resume assistance, fair-chance employment navigation, and CareerSource Florida online job matching across rural Franklin County. Staff link returning citizens to DCF MyACCESS benefits, local FQHC healthcare, and food banks. Free core career services—not emergency cash or housing placement.","CareerSource del condado Franklin en Apalachicola conecta buscadores de empleo incluidos adultos con antecedentes penales de cárceles del condado Franklin y custodia FDC con capacitación WIOA, ayuda con currículum y navegación de empleo de segunda oportunidad en el condado Franklin. Servicios básicos de carrera gratuitos, no asistencia de efectivo ni vivienda de emergencia.",2505 West 15th Street,Apalachicola,850-747-5400,,https://careersourceflorida.com,Open to Franklin County job seekers including justice-involved individuals; core CareerSource services are free.,Abierto a buscadores de empleo del condado Franklin incluidas personas con antecedentes penales; servicios básicos gratuitos.,Register at careersourceflorida.com; call 850-747-5400; pairs with Franklin County DCF ACCESS and local healthcare partners.,Regístrese en careersourceflorida.com; llame al 850-747-5400; se vincula con DCF ACCESS del condado Franklin.,Monday–Friday business hours; call ahead in rural counties,franklin|employment|careersource|WIOA|reentry|fair-chance,Job search assistance|Resume preparation|WIOA training referrals|Fair-chance employment|Career coaching,Franklin,Franklin,single,accepts_criminal_record
211,Weems Memorial Hospital,healthcare,Apalachicola / Franklin County,"Weems Memorial Hospital provides primary care, behavioral health, emergency services, and community health outreach for Franklin County residents including uninsured and Florida Medicaid patients such as returning citizens establishing local medical care after release from FDC custody or Franklin County jails. FQHC and hospital partners coordinate with DCF MyACCESS Medicaid enrollment and CareerSource employment programs. Direct clinical services—not a walk-in benefits or probation office.","Weems Memorial Hospital brinda atención primaria, salud conductual y servicios comunitarios para residentes del condado Franklin incluidos pacientes sin seguro y Medicaid de Florida como ciudadanos que regresan que establecen atención médica local después de la liberación de custodia FDC o cárceles del condado Franklin. Servicios clínicos directos, no oficina de beneficios ni de probatoria.",2505 West 15th Street,Apalachicola,850-653-8855,,https://www.weemsmemorial.com,Open to Franklin County residents; sliding-fee and Medicaid patients welcome including justice-involved adults.,Abierto a residentes del condado Franklin; pacientes con tarifa móvil y Medicaid bienvenidos.,Call 850-653-8855 for appointments; pairs with CareerSource Franklin and county DCF ACCESS office.,Llame al 850-653-8855 para citas; se vincula con CareerSource Franklin y DCF ACCESS del condado.,Emergency 24/7 at hospital sites; clinic hours vary—call ahead,franklin|healthcare|FQHC|rural|reentry,Primary care|Behavioral health|Emergency services|Sliding-fee care|Specialist referrals,Franklin,Franklin,single,accepts_criminal_record
212,CareerSource — Gadsden County Career Center,employment,Quincy / Gadsden County,"CareerSource Gadsden County in Quincy connects job seekers including justice-involved adults from Gadsden County jails and Florida Department of Corrections (FDC) custody to WIOA-funded training, resume assistance, fair-chance employment navigation, and CareerSource Florida online job matching across rural Gadsden County. Staff link returning citizens to DCF MyACCESS benefits, local FQHC healthcare, and food banks. Free core career services—not emergency cash or housing placement.","CareerSource del condado Gadsden en Quincy conecta buscadores de empleo incluidos adultos con antecedentes penales de cárceles del condado Gadsden y custodia FDC con capacitación WIOA, ayuda con currículum y navegación de empleo de segunda oportunidad en el condado Gadsden. Servicios básicos de carrera gratuitos, no asistencia de efectivo ni vivienda de emergencia.","2810 Sharer Road, Unit 24",Quincy,850-921-8400,,https://careersourceflorida.com,Open to Gadsden County job seekers including justice-involved individuals; core CareerSource services are free.,Abierto a buscadores de empleo del condado Gadsden incluidas personas con antecedentes penales; servicios básicos gratuitos.,Register at careersourceflorida.com; call 850-921-8400; pairs with Gadsden County DCF ACCESS and local healthcare partners.,Regístrese en careersourceflorida.com; llame al 850-921-8400; se vincula con DCF ACCESS del condado Gadsden.,Monday–Friday business hours; call ahead in rural counties,gadsden|employment|careersource|WIOA|reentry|fair-chance,Job search assistance|Resume preparation|WIOA training referrals|Fair-chance employment|Career coaching,Gadsden,Gadsden,single,accepts_criminal_record
213,Capital Regional Medical Center — Gadsden,healthcare,Quincy / Gadsden County,"Capital Regional Medical Center — Gadsden provides primary care, behavioral health, emergency services, and community health outreach for Gadsden County residents including uninsured and Florida Medicaid patients such as returning citizens establishing local medical care after release from FDC custody or Gadsden County jails. FQHC and hospital partners coordinate with DCF MyACCESS Medicaid enrollment and CareerSource employment programs. Direct clinical services—not a walk-in benefits or probation office.","Capital Regional Medical Center — Gadsden brinda atención primaria, salud conductual y servicios comunitarios para residentes del condado Gadsden incluidos pacientes sin seguro y Medicaid de Florida como ciudadanos que regresan que establecen atención médica local después de la liberación de custodia FDC o cárceles del condado Gadsden. Servicios clínicos directos, no oficina de beneficios ni de probatoria.","2810 Sharer Road, Unit 24",Quincy,850-875-7200,,https://www.crmcmed.com,Open to Gadsden County residents; sliding-fee and Medicaid patients welcome including justice-involved adults.,Abierto a residentes del condado Gadsden; pacientes con tarifa móvil y Medicaid bienvenidos.,Call 850-875-7200 for appointments; pairs with CareerSource Gadsden and county DCF ACCESS office.,Llame al 850-875-7200 para citas; se vincula con CareerSource Gadsden y DCF ACCESS del condado.,Emergency 24/7 at hospital sites; clinic hours vary—call ahead,gadsden|healthcare|FQHC|rural|reentry,Primary care|Behavioral health|Emergency services|Sliding-fee care|Specialist referrals,Gadsden,Gadsden,single,accepts_criminal_record
214,CareerSource — Gilchrist County Career Center,employment,Trenton / Gilchrist County,"CareerSource Gilchrist County in Trenton connects job seekers including justice-involved adults from Gilchrist County jails and Florida Department of Corrections (FDC) custody to WIOA-funded training, resume assistance, fair-chance employment navigation, and CareerSource Florida online job matching across rural Gilchrist County. Staff link returning citizens to DCF MyACCESS benefits, local FQHC healthcare, and food banks. Free core career services—not emergency cash or housing placement.","CareerSource del condado Gilchrist en Trenton conecta buscadores de empleo incluidos adultos con antecedentes penales de cárceles del condado Gilchrist y custodia FDC con capacitación WIOA, ayuda con currículum y navegación de empleo de segunda oportunidad en el condado Gilchrist. Servicios básicos de carrera gratuitos, no asistencia de efectivo ni vivienda de emergencia.","1000 NE 16th Avenue, Building J",Trenton,352-264-6400,,https://careersourceflorida.com,Open to Gilchrist County job seekers including justice-involved individuals; core CareerSource services are free.,Abierto a buscadores de empleo del condado Gilchrist incluidas personas con antecedentes penales; servicios básicos gratuitos.,Register at careersourceflorida.com; call 352-264-6400; pairs with Gilchrist County DCF ACCESS and local healthcare partners.,Regístrese en careersourceflorida.com; llame al 352-264-6400; se vincula con DCF ACCESS del condado Gilchrist.,Monday–Friday business hours; call ahead in rural counties,gilchrist|employment|careersource|WIOA|reentry|fair-chance,Job search assistance|Resume preparation|WIOA training referrals|Fair-chance employment|Career coaching,Gilchrist,Gilchrist,single,accepts_criminal_record
215,UF Health Shands — Gilchrist,healthcare,Trenton / Gilchrist County,"UF Health Shands — Gilchrist provides primary care, behavioral health, emergency services, and community health outreach for Gilchrist County residents including uninsured and Florida Medicaid patients such as returning citizens establishing local medical care after release from FDC custody or Gilchrist County jails. FQHC and hospital partners coordinate with DCF MyACCESS Medicaid enrollment and CareerSource employment programs. Direct clinical services—not a walk-in benefits or probation office.","UF Health Shands — Gilchrist brinda atención primaria, salud conductual y servicios comunitarios para residentes del condado Gilchrist incluidos pacientes sin seguro y Medicaid de Florida como ciudadanos que regresan que establecen atención médica local después de la liberación de custodia FDC o cárceles del condado Gilchrist. Servicios clínicos directos, no oficina de beneficios ni de probatoria.","1000 NE 16th Avenue, Building J",Trenton,352-463-7000,,https://ufhealth.org,Open to Gilchrist County residents; sliding-fee and Medicaid patients welcome including justice-involved adults.,Abierto a residentes del condado Gilchrist; pacientes con tarifa móvil y Medicaid bienvenidos.,Call 352-463-7000 for appointments; pairs with CareerSource Gilchrist and county DCF ACCESS office.,Llame al 352-463-7000 para citas; se vincula con CareerSource Gilchrist y DCF ACCESS del condado.,Emergency 24/7 at hospital sites; clinic hours vary—call ahead,gilchrist|healthcare|FQHC|rural|reentry,Primary care|Behavioral health|Emergency services|Sliding-fee care|Specialist referrals,Gilchrist,Gilchrist,single,accepts_criminal_record
216,CareerSource — Glades County Career Center,employment,Moore Haven / Glades County,"CareerSource Glades County in Moore Haven connects job seekers including justice-involved adults from Glades County jails and Florida Department of Corrections (FDC) custody to WIOA-funded training, resume assistance, fair-chance employment navigation, and CareerSource Florida online job matching across rural Glades County. Staff link returning citizens to DCF MyACCESS benefits, local FQHC healthcare, and food banks. Free core career services—not emergency cash or housing placement.","CareerSource del condado Glades en Moore Haven conecta buscadores de empleo incluidos adultos con antecedentes penales de cárceles del condado Glades y custodia FDC con capacitación WIOA, ayuda con currículum y navegación de empleo de segunda oportunidad en el condado Glades. Servicios básicos de carrera gratuitos, no asistencia de efectivo ni vivienda de emergencia.","2295 Victoria Avenue, Room 110",Moore Haven,863-993-4600,,https://careersourceflorida.com,Open to Glades County job seekers including justice-involved individuals; core CareerSource services are free.,Abierto a buscadores de empleo del condado Glades incluidas personas con antecedentes penales; servicios básicos gratuitos.,Register at careersourceflorida.com; call 863-993-4600; pairs with Glades County DCF ACCESS and local healthcare partners.,Regístrese en careersourceflorida.com; llame al 863-993-4600; se vincula con DCF ACCESS del condado Glades.,Monday–Friday business hours; call ahead in rural counties,glades|employment|careersource|WIOA|reentry|fair-chance,Job search assistance|Resume preparation|WIOA training referrals|Fair-chance employment|Career coaching,Glades,Glades,single,accepts_criminal_record
217,Glades County Health Department,healthcare,Moore Haven / Glades County,"Glades County Health Department provides primary care, behavioral health, emergency services, and community health outreach for Glades County residents including uninsured and Florida Medicaid patients such as returning citizens establishing local medical care after release from FDC custody or Glades County jails. FQHC and hospital partners coordinate with DCF MyACCESS Medicaid enrollment and CareerSource employment programs. Direct clinical services—not a walk-in benefits or probation office.","Glades County Health Department brinda atención primaria, salud conductual y servicios comunitarios para residentes del condado Glades incluidos pacientes sin seguro y Medicaid de Florida como ciudadanos que regresan que establecen atención médica local después de la liberación de custodia FDC o cárceles del condado Glades. Servicios clínicos directos, no oficina de beneficios ni de probatoria.","2295 Victoria Avenue, Room 110",Moore Haven,863-946-0707,,https://glades.floridahealth.gov,Open to Glades County residents; sliding-fee and Medicaid patients welcome including justice-involved adults.,Abierto a residentes del condado Glades; pacientes con tarifa móvil y Medicaid bienvenidos.,Call 863-946-0707 for appointments; pairs with CareerSource Glades and county DCF ACCESS office.,Llame al 863-946-0707 para citas; se vincula con CareerSource Glades y DCF ACCESS del condado.,Emergency 24/7 at hospital sites; clinic hours vary—call ahead,glades|healthcare|FQHC|rural|reentry,Primary care|Behavioral health|Emergency services|Sliding-fee care|Specialist referrals,Glades,Glades,single,accepts_criminal_record
218,CareerSource — Gulf County Career Center,employment,Port St. Joe / Gulf County,"CareerSource Gulf County in Port St. Joe connects job seekers including justice-involved adults from Gulf County jails and Florida Department of Corrections (FDC) custody to WIOA-funded training, resume assistance, fair-chance employment navigation, and CareerSource Florida online job matching across rural Gulf County. Staff link returning citizens to DCF MyACCESS benefits, local FQHC healthcare, and food banks. Free core career services—not emergency cash or housing placement.","CareerSource del condado Gulf en Port St. Joe conecta buscadores de empleo incluidos adultos con antecedentes penales de cárceles del condado Gulf y custodia FDC con capacitación WIOA, ayuda con currículum y navegación de empleo de segunda oportunidad en el condado Gulf. Servicios básicos de carrera gratuitos, no asistencia de efectivo ni vivienda de emergencia.",2505 West 15th Street,Port St. Joe,850-747-5400,,https://careersourceflorida.com,Open to Gulf County job seekers including justice-involved individuals; core CareerSource services are free.,Abierto a buscadores de empleo del condado Gulf incluidas personas con antecedentes penales; servicios básicos gratuitos.,Register at careersourceflorida.com; call 850-747-5400; pairs with Gulf County DCF ACCESS and local healthcare partners.,Regístrese en careersourceflorida.com; llame al 850-747-5400; se vincula con DCF ACCESS del condado Gulf.,Monday–Friday business hours; call ahead in rural counties,gulf|employment|careersource|WIOA|reentry|fair-chance,Job search assistance|Resume preparation|WIOA training referrals|Fair-chance employment|Career coaching,Gulf,Gulf,single,accepts_criminal_record
219,Gulf Coast Medical Center,healthcare,Port St. Joe / Gulf County,"Gulf Coast Medical Center provides primary care, behavioral health, emergency services, and community health outreach for Gulf County residents including uninsured and Florida Medicaid patients such as returning citizens establishing local medical care after release from FDC custody or Gulf County jails. FQHC and hospital partners coordinate with DCF MyACCESS Medicaid enrollment and CareerSource employment programs. Direct clinical services—not a walk-in benefits or probation office.","Gulf Coast Medical Center brinda atención primaria, salud conductual y servicios comunitarios para residentes del condado Gulf incluidos pacientes sin seguro y Medicaid de Florida como ciudadanos que regresan que establecen atención médica local después de la liberación de custodia FDC o cárceles del condado Gulf. Servicios clínicos directos, no oficina de beneficios ni de probatoria.",2505 West 15th Street,Port St. Joe,850-229-5600,,https://www.hcafloridahealthcare.com,Open to Gulf County residents; sliding-fee and Medicaid patients welcome including justice-involved adults.,Abierto a residentes del condado Gulf; pacientes con tarifa móvil y Medicaid bienvenidos.,Call 850-229-5600 for appointments; pairs with CareerSource Gulf and county DCF ACCESS office.,Llame al 850-229-5600 para citas; se vincula con CareerSource Gulf y DCF ACCESS del condado.,Emergency 24/7 at hospital sites; clinic hours vary—call ahead,gulf|healthcare|FQHC|rural|reentry,Primary care|Behavioral health|Emergency services|Sliding-fee care|Specialist referrals,Gulf,Gulf,single,accepts_criminal_record
220,CareerSource — Hamilton County Career Center,employment,Jasper / Hamilton County,"CareerSource Hamilton County in Jasper connects job seekers including justice-involved adults from Hamilton County jails and Florida Department of Corrections (FDC) custody to WIOA-funded training, resume assistance, fair-chance employment navigation, and CareerSource Florida online job matching across rural Hamilton County. Staff link returning citizens to DCF MyACCESS benefits, local FQHC healthcare, and food banks. Free core career services—not emergency cash or housing placement.","CareerSource del condado Hamilton en Jasper conecta buscadores de empleo incluidos adultos con antecedentes penales de cárceles del condado Hamilton y custodia FDC con capacitación WIOA, ayuda con currículum y navegación de empleo de segunda oportunidad en el condado Hamilton. Servicios básicos de carrera gratuitos, no asistencia de efectivo ni vivienda de emergencia.","1000 NE 16th Avenue, Building J",Jasper,386-719-6200,,https://careersourceflorida.com,Open to Hamilton County job seekers including justice-involved individuals; core CareerSource services are free.,Abierto a buscadores de empleo del condado Hamilton incluidas personas con antecedentes penales; servicios básicos gratuitos.,Register at careersourceflorida.com; call 386-719-6200; pairs with Hamilton County DCF ACCESS and local healthcare partners.,Regístrese en careersourceflorida.com; llame al 386-719-6200; se vincula con DCF ACCESS del condado Hamilton.,Monday–Friday business hours; call ahead in rural counties,hamilton|employment|careersource|WIOA|reentry|fair-chance,Job search assistance|Resume preparation|WIOA training referrals|Fair-chance employment|Career coaching,Hamilton,Hamilton,single,accepts_criminal_record
221,Hamilton Medical Center,healthcare,Jasper / Hamilton County,"Hamilton Medical Center provides primary care, behavioral health, emergency services, and community health outreach for Hamilton County residents including uninsured and Florida Medicaid patients such as returning citizens establishing local medical care after release from FDC custody or Hamilton County jails. FQHC and hospital partners coordinate with DCF MyACCESS Medicaid enrollment and CareerSource employment programs. Direct clinical services—not a walk-in benefits or probation office.","Hamilton Medical Center brinda atención primaria, salud conductual y servicios comunitarios para residentes del condado Hamilton incluidos pacientes sin seguro y Medicaid de Florida como ciudadanos que regresan que establecen atención médica local después de la liberación de custodia FDC o cárceles del condado Hamilton. Servicios clínicos directos, no oficina de beneficios ni de probatoria.","1000 NE 16th Avenue, Building J",Jasper,386-792-1000,,https://www.hamiltonmedicalcenter.com,Open to Hamilton County residents; sliding-fee and Medicaid patients welcome including justice-involved adults.,Abierto a residentes del condado Hamilton; pacientes con tarifa móvil y Medicaid bienvenidos.,Call 386-792-1000 for appointments; pairs with CareerSource Hamilton and county DCF ACCESS office.,Llame al 386-792-1000 para citas; se vincula con CareerSource Hamilton y DCF ACCESS del condado.,Emergency 24/7 at hospital sites; clinic hours vary—call ahead,hamilton|healthcare|FQHC|rural|reentry,Primary care|Behavioral health|Emergency services|Sliding-fee care|Specialist referrals,Hamilton,Hamilton,single,accepts_criminal_record
222,CareerSource — Hardee County Career Center,employment,Wauchula / Hardee County,"CareerSource Hardee County in Wauchula connects job seekers including justice-involved adults from Hardee County jails and Florida Department of Corrections (FDC) custody to WIOA-funded training, resume assistance, fair-chance employment navigation, and CareerSource Florida online job matching across rural Hardee County. Staff link returning citizens to DCF MyACCESS benefits, local FQHC healthcare, and food banks. Free core career services—not emergency cash or housing placement.","CareerSource del condado Hardee en Wauchula conecta buscadores de empleo incluidos adultos con antecedentes penales de cárceles del condado Hardee y custodia FDC con capacitación WIOA, ayuda con currículum y navegación de empleo de segunda oportunidad en el condado Hardee. Servicios básicos de carrera gratuitos, no asistencia de efectivo ni vivienda de emergencia.",9393 North Florida Avenue,Wauchula,813-558-5500,,https://careersourceflorida.com,Open to Hardee County job seekers including justice-involved individuals; core CareerSource services are free.,Abierto a buscadores de empleo del condado Hardee incluidas personas con antecedentes penales; servicios básicos gratuitos.,Register at careersourceflorida.com; call 813-558-5500; pairs with Hardee County DCF ACCESS and local healthcare partners.,Regístrese en careersourceflorida.com; llame al 813-558-5500; se vincula con DCF ACCESS del condado Hardee.,Monday–Friday business hours; call ahead in rural counties,hardee|employment|careersource|WIOA|reentry|fair-chance,Job search assistance|Resume preparation|WIOA training referrals|Fair-chance employment|Career coaching,Hardee,Hardee,single,accepts_criminal_record
223,Hardee County Health Department,healthcare,Wauchula / Hardee County,"Hardee County Health Department provides primary care, behavioral health, emergency services, and community health outreach for Hardee County residents including uninsured and Florida Medicaid patients such as returning citizens establishing local medical care after release from FDC custody or Hardee County jails. FQHC and hospital partners coordinate with DCF MyACCESS Medicaid enrollment and CareerSource employment programs. Direct clinical services—not a walk-in benefits or probation office.","Hardee County Health Department brinda atención primaria, salud conductual y servicios comunitarios para residentes del condado Hardee incluidos pacientes sin seguro y Medicaid de Florida como ciudadanos que regresan que establecen atención médica local después de la liberación de custodia FDC o cárceles del condado Hardee. Servicios clínicos directos, no oficina de beneficios ni de probatoria.",9393 North Florida Avenue,Wauchula,863-773-4168,,https://hardee.floridahealth.gov,Open to Hardee County residents; sliding-fee and Medicaid patients welcome including justice-involved adults.,Abierto a residentes del condado Hardee; pacientes con tarifa móvil y Medicaid bienvenidos.,Call 863-773-4168 for appointments; pairs with CareerSource Hardee and county DCF ACCESS office.,Llame al 863-773-4168 para citas; se vincula con CareerSource Hardee y DCF ACCESS del condado.,Emergency 24/7 at hospital sites; clinic hours vary—call ahead,hardee|healthcare|FQHC|rural|reentry,Primary care|Behavioral health|Emergency services|Sliding-fee care|Specialist referrals,Hardee,Hardee,single,accepts_criminal_record
224,CareerSource — Hendry County Career Center,employment,LaBelle / Hendry County,"CareerSource Hendry County in LaBelle connects job seekers including justice-involved adults from Hendry County jails and Florida Department of Corrections (FDC) custody to WIOA-funded training, resume assistance, fair-chance employment navigation, and CareerSource Florida online job matching across rural Hendry County. Staff link returning citizens to DCF MyACCESS benefits, local FQHC healthcare, and food banks. Free core career services—not emergency cash or housing placement.","CareerSource del condado Hendry en LaBelle conecta buscadores de empleo incluidos adultos con antecedentes penales de cárceles del condado Hendry y custodia FDC con capacitación WIOA, ayuda con currículum y navegación de empleo de segunda oportunidad en el condado Hendry. Servicios básicos de carrera gratuitos, no asistencia de efectivo ni vivienda de emergencia.","2295 Victoria Avenue, Room 110",LaBelle,863-993-4600,,https://careersourceflorida.com,Open to Hendry County job seekers including justice-involved individuals; core CareerSource services are free.,Abierto a buscadores de empleo del condado Hendry incluidas personas con antecedentes penales; servicios básicos gratuitos.,Register at careersourceflorida.com; call 863-993-4600; pairs with Hendry County DCF ACCESS and local healthcare partners.,Regístrese en careersourceflorida.com; llame al 863-993-4600; se vincula con DCF ACCESS del condado Hendry.,Monday–Friday business hours; call ahead in rural counties,hendry|employment|careersource|WIOA|reentry|fair-chance,Job search assistance|Resume preparation|WIOA training referrals|Fair-chance employment|Career coaching,Hendry,Hendry,single,accepts_criminal_record
225,Hendry Regional Medical Center,healthcare,Clewiston / Hendry County,"Hendry Regional Medical Center provides primary care, behavioral health, emergency services, and community health outreach for Hendry County residents including uninsured and Florida Medicaid patients such as returning citizens establishing local medical care after release from FDC custody or Hendry County jails. FQHC and hospital partners coordinate with DCF MyACCESS Medicaid enrollment and CareerSource employment programs. Direct clinical services—not a walk-in benefits or probation office.","Hendry Regional Medical Center brinda atención primaria, salud conductual y servicios comunitarios para residentes del condado Hendry incluidos pacientes sin seguro y Medicaid de Florida como ciudadanos que regresan que establecen atención médica local después de la liberación de custodia FDC o cárceles del condado Hendry. Servicios clínicos directos, no oficina de beneficios ni de probatoria.","2295 Victoria Avenue, Room 110",Clewiston,863-983-2701,,https://www.hendryregional.org,Open to Hendry County residents; sliding-fee and Medicaid patients welcome including justice-involved adults.,Abierto a residentes del condado Hendry; pacientes con tarifa móvil y Medicaid bienvenidos.,Call 863-983-2701 for appointments; pairs with CareerSource Hendry and county DCF ACCESS office.,Llame al 863-983-2701 para citas; se vincula con CareerSource Hendry y DCF ACCESS del condado.,Emergency 24/7 at hospital sites; clinic hours vary—call ahead,hendry|healthcare|FQHC|rural|reentry,Primary care|Behavioral health|Emergency services|Sliding-fee care|Specialist referrals,Hendry,Hendry,single,accepts_criminal_record
226,CareerSource — Hernando County Career Center,employment,Brooksville / Hernando County,"CareerSource Hernando County in Brooksville connects job seekers including justice-involved adults from Hernando County jails and Florida Department of Corrections (FDC) custody to WIOA-funded training, resume assistance, fair-chance employment navigation, and CareerSource Florida online job matching across rural Hernando County. Staff link returning citizens to DCF MyACCESS benefits, local FQHC healthcare, and food banks. Free core career services—not emergency cash or housing placement.","CareerSource del condado Hernando en Brooksville conecta buscadores de empleo incluidos adultos con antecedentes penales de cárceles del condado Hernando y custodia FDC con capacitación WIOA, ayuda con currículum y navegación de empleo de segunda oportunidad en el condado Hernando. Servicios básicos de carrera gratuitos, no asistencia de efectivo ni vivienda de emergencia.",9393 North Florida Avenue,Brooksville,352-796-6640,,https://careersourceflorida.com,Open to Hernando County job seekers including justice-involved individuals; core CareerSource services are free.,Abierto a buscadores de empleo del condado Hernando incluidas personas con antecedentes penales; servicios básicos gratuitos.,Register at careersourceflorida.com; call 352-796-6640; pairs with Hernando County DCF ACCESS and local healthcare partners.,Regístrese en careersourceflorida.com; llame al 352-796-6640; se vincula con DCF ACCESS del condado Hernando.,Monday–Friday business hours; call ahead in rural counties,hernando|employment|careersource|WIOA|reentry|fair-chance,Job search assistance|Resume preparation|WIOA training referrals|Fair-chance employment|Career coaching,Hernando,Hernando,single,accepts_criminal_record
227,Bayfront Health Spring Hill,healthcare,Spring Hill / Hernando County,"Bayfront Health Spring Hill provides primary care, behavioral health, emergency services, and community health outreach for Hernando County residents including uninsured and Florida Medicaid patients such as returning citizens establishing local medical care after release from FDC custody or Hernando County jails. FQHC and hospital partners coordinate with DCF MyACCESS Medicaid enrollment and CareerSource employment programs. Direct clinical services—not a walk-in benefits or probation office.","Bayfront Health Spring Hill brinda atención primaria, salud conductual y servicios comunitarios para residentes del condado Hernando incluidos pacientes sin seguro y Medicaid de Florida como ciudadanos que regresan que establecen atención médica local después de la liberación de custodia FDC o cárceles del condado Hernando. Servicios clínicos directos, no oficina de beneficios ni de probatoria.",9393 North Florida Avenue,Spring Hill,352-666-5000,,https://bayfronthealth.com,Open to Hernando County residents; sliding-fee and Medicaid patients welcome including justice-involved adults.,Abierto a residentes del condado Hernando; pacientes con tarifa móvil y Medicaid bienvenidos.,Call 352-666-5000 for appointments; pairs with CareerSource Hernando and county DCF ACCESS office.,Llame al 352-666-5000 para citas; se vincula con CareerSource Hernando y DCF ACCESS del condado.,Emergency 24/7 at hospital sites; clinic hours vary—call ahead,hernando|healthcare|FQHC|rural|reentry,Primary care|Behavioral health|Emergency services|Sliding-fee care|Specialist referrals,Hernando,Hernando,single,accepts_criminal_record
228,CareerSource — Highlands County Career Center,employment,Sebring / Highlands County,"CareerSource Highlands County in Sebring connects job seekers including justice-involved adults from Highlands County jails and Florida Department of Corrections (FDC) custody to WIOA-funded training, resume assistance, fair-chance employment navigation, and CareerSource Florida online job matching across rural Highlands County. Staff link returning citizens to DCF MyACCESS benefits, local FQHC healthcare, and food banks. Free core career services—not emergency cash or housing placement.","CareerSource del condado Highlands en Sebring conecta buscadores de empleo incluidos adultos con antecedentes penales de cárceles del condado Highlands y custodia FDC con capacitación WIOA, ayuda con currículum y navegación de empleo de segunda oportunidad en el condado Highlands. Servicios básicos de carrera gratuitos, no asistencia de efectivo ni vivienda de emergencia.",9393 North Florida Avenue,Sebring,863-471-5500,,https://careersourceflorida.com,Open to Highlands County job seekers including justice-involved individuals; core CareerSource services are free.,Abierto a buscadores de empleo del condado Highlands incluidas personas con antecedentes penales; servicios básicos gratuitos.,Register at careersourceflorida.com; call 863-471-5500; pairs with Highlands County DCF ACCESS and local healthcare partners.,Regístrese en careersourceflorida.com; llame al 863-471-5500; se vincula con DCF ACCESS del condado Highlands.,Monday–Friday business hours; call ahead in rural counties,highlands|employment|careersource|WIOA|reentry|fair-chance,Job search assistance|Resume preparation|WIOA training referrals|Fair-chance employment|Career coaching,Highlands,Highlands,single,accepts_criminal_record
229,AdventHealth Sebring,healthcare,Sebring / Highlands County,"AdventHealth Sebring provides primary care, behavioral health, emergency services, and community health outreach for Highlands County residents including uninsured and Florida Medicaid patients such as returning citizens establishing local medical care after release from FDC custody or Highlands County jails. FQHC and hospital partners coordinate with DCF MyACCESS Medicaid enrollment and CareerSource employment programs. Direct clinical services—not a walk-in benefits or probation office.","AdventHealth Sebring brinda atención primaria, salud conductual y servicios comunitarios para residentes del condado Highlands incluidos pacientes sin seguro y Medicaid de Florida como ciudadanos que regresan que establecen atención médica local después de la liberación de custodia FDC o cárceles del condado Highlands. Servicios clínicos directos, no oficina de beneficios ni de probatoria.",9393 North Florida Avenue,Sebring,863-402-3627,,https://www.adventhealth.com,Open to Highlands County residents; sliding-fee and Medicaid patients welcome including justice-involved adults.,Abierto a residentes del condado Highlands; pacientes con tarifa móvil y Medicaid bienvenidos.,Call 863-402-3627 for appointments; pairs with CareerSource Highlands and county DCF ACCESS office.,Llame al 863-402-3627 para citas; se vincula con CareerSource Highlands y DCF ACCESS del condado.,Emergency 24/7 at hospital sites; clinic hours vary—call ahead,highlands|healthcare|FQHC|rural|reentry,Primary care|Behavioral health|Emergency services|Sliding-fee care|Specialist referrals,Highlands,Highlands,single,accepts_criminal_record
230,CareerSource — Holmes County Career Center,employment,Bonifay / Holmes County,"CareerSource Holmes County in Bonifay connects job seekers including justice-involved adults from Holmes County jails and Florida Department of Corrections (FDC) custody to WIOA-funded training, resume assistance, fair-chance employment navigation, and CareerSource Florida online job matching across rural Holmes County. Staff link returning citizens to DCF MyACCESS benefits, local FQHC healthcare, and food banks. Free core career services—not emergency cash or housing placement.","CareerSource del condado Holmes en Bonifay conecta buscadores de empleo incluidos adultos con antecedentes penales de cárceles del condado Holmes y custodia FDC con capacitación WIOA, ayuda con currículum y navegación de empleo de segunda oportunidad en el condado Holmes. Servicios básicos de carrera gratuitos, no asistencia de efectivo ni vivienda de emergencia.",2505 West 15th Street,Bonifay,850-747-5400,,https://careersourceflorida.com,Open to Holmes County job seekers including justice-involved individuals; core CareerSource services are free.,Abierto a buscadores de empleo del condado Holmes incluidas personas con antecedentes penales; servicios básicos gratuitos.,Register at careersourceflorida.com; call 850-747-5400; pairs with Holmes County DCF ACCESS and local healthcare partners.,Regístrese en careersourceflorida.com; llame al 850-747-5400; se vincula con DCF ACCESS del condado Holmes.,Monday–Friday business hours; call ahead in rural counties,holmes|employment|careersource|WIOA|reentry|fair-chance,Job search assistance|Resume preparation|WIOA training referrals|Fair-chance employment|Career coaching,Holmes,Holmes,single,accepts_criminal_record
231,Doctors Memorial Hospital,healthcare,Bonifay / Holmes County,"Doctors Memorial Hospital provides primary care, behavioral health, emergency services, and community health outreach for Holmes County residents including uninsured and Florida Medicaid patients such as returning citizens establishing local medical care after release from FDC custody or Holmes County jails. FQHC and hospital partners coordinate with DCF MyACCESS Medicaid enrollment and CareerSource employment programs. Direct clinical services—not a walk-in benefits or probation office.","Doctors Memorial Hospital brinda atención primaria, salud conductual y servicios comunitarios para residentes del condado Holmes incluidos pacientes sin seguro y Medicaid de Florida como ciudadanos que regresan que establecen atención médica local después de la liberación de custodia FDC o cárceles del condado Holmes. Servicios clínicos directos, no oficina de beneficios ni de probatoria.",2505 West 15th Street,Bonifay,850-547-8000,,https://www.doctorsmemorial.com,Open to Holmes County residents; sliding-fee and Medicaid patients welcome including justice-involved adults.,Abierto a residentes del condado Holmes; pacientes con tarifa móvil y Medicaid bienvenidos.,Call 850-547-8000 for appointments; pairs with CareerSource Holmes and county DCF ACCESS office.,Llame al 850-547-8000 para citas; se vincula con CareerSource Holmes y DCF ACCESS del condado.,Emergency 24/7 at hospital sites; clinic hours vary—call ahead,holmes|healthcare|FQHC|rural|reentry,Primary care|Behavioral health|Emergency services|Sliding-fee care|Specialist referrals,Holmes,Holmes,single,accepts_criminal_record
232,CareerSource — Indian River County Career Center,employment,Vero Beach / Indian River County,"CareerSource Indian River County in Vero Beach connects job seekers including justice-involved adults from Indian River County jails and Florida Department of Corrections (FDC) custody to WIOA-funded training, resume assistance, fair-chance employment navigation, and CareerSource Florida online job matching across rural Indian River County. Staff link returning citizens to DCF MyACCESS benefits, local FQHC healthcare, and food banks. Free core career services—not emergency cash or housing placement.","CareerSource del condado Indian River en Vero Beach conecta buscadores de empleo incluidos adultos con antecedentes penales de cárceles del condado Indian River y custodia FDC con capacitación WIOA, ayuda con currículum y navegación de empleo de segunda oportunidad en el condado Indian River. Servicios básicos de carrera gratuitos, no asistencia de efectivo ni vivienda de emergencia.","801 Dixon Boulevard, Suite 1103",Vero Beach,772-778-5600,,https://careersourceflorida.com,Open to Indian River County job seekers including justice-involved individuals; core CareerSource services are free.,Abierto a buscadores de empleo del condado Indian River incluidas personas con antecedentes penales; servicios básicos gratuitos.,Register at careersourceflorida.com; call 772-778-5600; pairs with Indian River County DCF ACCESS and local healthcare partners.,Regístrese en careersourceflorida.com; llame al 772-778-5600; se vincula con DCF ACCESS del condado Indian River.,Monday–Friday business hours; call ahead in rural counties,indian-river|employment|careersource|WIOA|reentry|fair-chance,Job search assistance|Resume preparation|WIOA training referrals|Fair-chance employment|Career coaching,Indian River,Indian River,single,accepts_criminal_record
233,Indian River Community Health Center,healthcare,Vero Beach / Indian River County,"Indian River Community Health Center provides primary care, behavioral health, emergency services, and community health outreach for Indian River County residents including uninsured and Florida Medicaid patients such as returning citizens establishing local medical care after release from FDC custody or Indian River County jails. FQHC and hospital partners coordinate with DCF MyACCESS Medicaid enrollment and CareerSource employment programs. Direct clinical services—not a walk-in benefits or probation office.","Indian River Community Health Center brinda atención primaria, salud conductual y servicios comunitarios para residentes del condado Indian River incluidos pacientes sin seguro y Medicaid de Florida como ciudadanos que regresan que establecen atención médica local después de la liberación de custodia FDC o cárceles del condado Indian River. Servicios clínicos directos, no oficina de beneficios ni de probatoria.","801 Dixon Boulevard, Suite 1103",Vero Beach,772-794-7474,,https://www.irchc.org,Open to Indian River County residents; sliding-fee and Medicaid patients welcome including justice-involved adults.,Abierto a residentes del condado Indian River; pacientes con tarifa móvil y Medicaid bienvenidos.,Call 772-794-7474 for appointments; pairs with CareerSource Indian River and county DCF ACCESS office.,Llame al 772-794-7474 para citas; se vincula con CareerSource Indian River y DCF ACCESS del condado.,Emergency 24/7 at hospital sites; clinic hours vary—call ahead,indian-river|healthcare|FQHC|rural|reentry,Primary care|Behavioral health|Emergency services|Sliding-fee care|Specialist referrals,Indian River,Indian River,single,accepts_criminal_record
234,CareerSource — Jackson County Career Center,employment,Marianna / Jackson County,"CareerSource Jackson County in Marianna connects job seekers including justice-involved adults from Jackson County jails and Florida Department of Corrections (FDC) custody to WIOA-funded training, resume assistance, fair-chance employment navigation, and CareerSource Florida online job matching across rural Jackson County. Staff link returning citizens to DCF MyACCESS benefits, local FQHC healthcare, and food banks. Free core career services—not emergency cash or housing placement.","CareerSource del condado Jackson en Marianna conecta buscadores de empleo incluidos adultos con antecedentes penales de cárceles del condado Jackson y custodia FDC con capacitación WIOA, ayuda con currículum y navegación de empleo de segunda oportunidad en el condado Jackson. Servicios básicos de carrera gratuitos, no asistencia de efectivo ni vivienda de emergencia.",2505 West 15th Street,Marianna,850-747-5400,,https://careersourceflorida.com,Open to Jackson County job seekers including justice-involved individuals; core CareerSource services are free.,Abierto a buscadores de empleo del condado Jackson incluidas personas con antecedentes penales; servicios básicos gratuitos.,Register at careersourceflorida.com; call 850-747-5400; pairs with Jackson County DCF ACCESS and local healthcare partners.,Regístrese en careersourceflorida.com; llame al 850-747-5400; se vincula con DCF ACCESS del condado Jackson.,Monday–Friday business hours; call ahead in rural counties,jackson|employment|careersource|WIOA|reentry|fair-chance,Job search assistance|Resume preparation|WIOA training referrals|Fair-chance employment|Career coaching,Jackson,Jackson,single,accepts_criminal_record
235,Jackson Hospital,healthcare,Marianna / Jackson County,"Jackson Hospital provides primary care, behavioral health, emergency services, and community health outreach for Jackson County residents including uninsured and Florida Medicaid patients such as returning citizens establishing local medical care after release from FDC custody or Jackson County jails. FQHC and hospital partners coordinate with DCF MyACCESS Medicaid enrollment and CareerSource employment programs. Direct clinical services—not a walk-in benefits or probation office.","Jackson Hospital brinda atención primaria, salud conductual y servicios comunitarios para residentes del condado Jackson incluidos pacientes sin seguro y Medicaid de Florida como ciudadanos que regresan que establecen atención médica local después de la liberación de custodia FDC o cárceles del condado Jackson. Servicios clínicos directos, no oficina de beneficios ni de probatoria.",2505 West 15th Street,Marianna,850-526-2200,,https://www.jacksonhospital.com,Open to Jackson County residents; sliding-fee and Medicaid patients welcome including justice-involved adults.,Abierto a residentes del condado Jackson; pacientes con tarifa móvil y Medicaid bienvenidos.,Call 850-526-2200 for appointments; pairs with CareerSource Jackson and county DCF ACCESS office.,Llame al 850-526-2200 para citas; se vincula con CareerSource Jackson y DCF ACCESS del condado.,Emergency 24/7 at hospital sites; clinic hours vary—call ahead,jackson|healthcare|FQHC|rural|reentry,Primary care|Behavioral health|Emergency services|Sliding-fee care|Specialist referrals,Jackson,Jackson,single,accepts_criminal_record
236,CareerSource — Jefferson County Career Center,employment,Monticello / Jefferson County,"CareerSource Jefferson County in Monticello connects job seekers including justice-involved adults from Jefferson County jails and Florida Department of Corrections (FDC) custody to WIOA-funded training, resume assistance, fair-chance employment navigation, and CareerSource Florida online job matching across rural Jefferson County. Staff link returning citizens to DCF MyACCESS benefits, local FQHC healthcare, and food banks. Free core career services—not emergency cash or housing placement.","CareerSource del condado Jefferson en Monticello conecta buscadores de empleo incluidos adultos con antecedentes penales de cárceles del condado Jefferson y custodia FDC con capacitación WIOA, ayuda con currículum y navegación de empleo de segunda oportunidad en el condado Jefferson. Servicios básicos de carrera gratuitos, no asistencia de efectivo ni vivienda de emergencia.","2810 Sharer Road, Unit 24",Monticello,850-921-8400,,https://careersourceflorida.com,Open to Jefferson County job seekers including justice-involved individuals; core CareerSource services are free.,Abierto a buscadores de empleo del condado Jefferson incluidas personas con antecedentes penales; servicios básicos gratuitos.,Register at careersourceflorida.com; call 850-921-8400; pairs with Jefferson County DCF ACCESS and local healthcare partners.,Regístrese en careersourceflorida.com; llame al 850-921-8400; se vincula con DCF ACCESS del condado Jefferson.,Monday–Friday business hours; call ahead in rural counties,jefferson|employment|careersource|WIOA|reentry|fair-chance,Job search assistance|Resume preparation|WIOA training referrals|Fair-chance employment|Career coaching,Jefferson,Jefferson,single,accepts_criminal_record
237,Jefferson County Health Department,healthcare,Monticello / Jefferson County,"Jefferson County Health Department provides primary care, behavioral health, emergency services, and community health outreach for Jefferson County residents including uninsured and Florida Medicaid patients such as returning citizens establishing local medical care after release from FDC custody or Jefferson County jails. FQHC and hospital partners coordinate with DCF MyACCESS Medicaid enrollment and CareerSource employment programs. Direct clinical services—not a walk-in benefits or probation office.","Jefferson County Health Department brinda atención primaria, salud conductual y servicios comunitarios para residentes del condado Jefferson incluidos pacientes sin seguro y Medicaid de Florida como ciudadanos que regresan que establecen atención médica local después de la liberación de custodia FDC o cárceles del condado Jefferson. Servicios clínicos directos, no oficina de beneficios ni de probatoria.","2810 Sharer Road, Unit 24",Monticello,850-342-0170,,https://jefferson.floridahealth.gov,Open to Jefferson County residents; sliding-fee and Medicaid patients welcome including justice-involved adults.,Abierto a residentes del condado Jefferson; pacientes con tarifa móvil y Medicaid bienvenidos.,Call 850-342-0170 for appointments; pairs with CareerSource Jefferson and county DCF ACCESS office.,Llame al 850-342-0170 para citas; se vincula con CareerSource Jefferson y DCF ACCESS del condado.,Emergency 24/7 at hospital sites; clinic hours vary—call ahead,jefferson|healthcare|FQHC|rural|reentry,Primary care|Behavioral health|Emergency services|Sliding-fee care|Specialist referrals,Jefferson,Jefferson,single,accepts_criminal_record
238,CareerSource — Lafayette County Career Center,employment,Mayo / Lafayette County,"CareerSource Lafayette County in Mayo connects job seekers including justice-involved adults from Lafayette County jails and Florida Department of Corrections (FDC) custody to WIOA-funded training, resume assistance, fair-chance employment navigation, and CareerSource Florida online job matching across rural Lafayette County. Staff link returning citizens to DCF MyACCESS benefits, local FQHC healthcare, and food banks. Free core career services—not emergency cash or housing placement.","CareerSource del condado Lafayette en Mayo conecta buscadores de empleo incluidos adultos con antecedentes penales de cárceles del condado Lafayette y custodia FDC con capacitación WIOA, ayuda con currículum y navegación de empleo de segunda oportunidad en el condado Lafayette. Servicios básicos de carrera gratuitos, no asistencia de efectivo ni vivienda de emergencia.","1000 NE 16th Avenue, Building J",Mayo,386-719-6200,,https://careersourceflorida.com,Open to Lafayette County job seekers including justice-involved individuals; core CareerSource services are free.,Abierto a buscadores de empleo del condado Lafayette incluidas personas con antecedentes penales; servicios básicos gratuitos.,Register at careersourceflorida.com; call 386-719-6200; pairs with Lafayette County DCF ACCESS and local healthcare partners.,Regístrese en careersourceflorida.com; llame al 386-719-6200; se vincula con DCF ACCESS del condado Lafayette.,Monday–Friday business hours; call ahead in rural counties,lafayette|employment|careersource|WIOA|reentry|fair-chance,Job search assistance|Resume preparation|WIOA training referrals|Fair-chance employment|Career coaching,Lafayette,Lafayette,single,accepts_criminal_record
239,Lafayette County Health Department,healthcare,Mayo / Lafayette County,"Lafayette County Health Department provides primary care, behavioral health, emergency services, and community health outreach for Lafayette County residents including uninsured and Florida Medicaid patients such as returning citizens establishing local medical care after release from FDC custody or Lafayette County jails. FQHC and hospital partners coordinate with DCF MyACCESS Medicaid enrollment and CareerSource employment programs. Direct clinical services—not a walk-in benefits or probation office.","Lafayette County Health Department brinda atención primaria, salud conductual y servicios comunitarios para residentes del condado Lafayette incluidos pacientes sin seguro y Medicaid de Florida como ciudadanos que regresan que establecen atención médica local después de la liberación de custodia FDC o cárceles del condado Lafayette. Servicios clínicos directos, no oficina de beneficios ni de probatoria.","1000 NE 16th Avenue, Building J",Mayo,386-294-1321,,https://lafayette.floridahealth.gov,Open to Lafayette County residents; sliding-fee and Medicaid patients welcome including justice-involved adults.,Abierto a residentes del condado Lafayette; pacientes con tarifa móvil y Medicaid bienvenidos.,Call 386-294-1321 for appointments; pairs with CareerSource Lafayette and county DCF ACCESS office.,Llame al 386-294-1321 para citas; se vincula con CareerSource Lafayette y DCF ACCESS del condado.,Emergency 24/7 at hospital sites; clinic hours vary—call ahead,lafayette|healthcare|FQHC|rural|reentry,Primary care|Behavioral health|Emergency services|Sliding-fee care|Specialist referrals,Lafayette,Lafayette,single,accepts_criminal_record
240,CareerSource — Lake County Career Center,employment,Tavares / Lake County,"CareerSource Lake County in Tavares connects job seekers including justice-involved adults from Lake County jails and Florida Department of Corrections (FDC) custody to WIOA-funded training, resume assistance, fair-chance employment navigation, and CareerSource Florida online job matching across rural Lake County. Staff link returning citizens to DCF MyACCESS benefits, local FQHC healthcare, and food banks. Free core career services—not emergency cash or housing placement.","CareerSource del condado Lake en Tavares conecta buscadores de empleo incluidos adultos con antecedentes penales de cárceles del condado Lake y custodia FDC con capacitación WIOA, ayuda con currículum y navegación de empleo de segunda oportunidad en el condado Lake. Servicios básicos de carrera gratuitos, no asistencia de efectivo ni vivienda de emergencia.","609 North Powers Drive, Suite 324",Tavares,352-742-8400,,https://careersourceflorida.com,Open to Lake County job seekers including justice-involved individuals; core CareerSource services are free.,Abierto a buscadores de empleo del condado Lake incluidas personas con antecedentes penales; servicios básicos gratuitos.,Register at careersourceflorida.com; call 352-742-8400; pairs with Lake County DCF ACCESS and local healthcare partners.,Regístrese en careersourceflorida.com; llame al 352-742-8400; se vincula con DCF ACCESS del condado Lake.,Monday–Friday business hours; call ahead in rural counties,lake|employment|careersource|WIOA|reentry|fair-chance,Job search assistance|Resume preparation|WIOA training referrals|Fair-chance employment|Career coaching,Lake,Lake,single,accepts_criminal_record
241,Community Health Centers — Leesburg,healthcare,Leesburg / Lake County,"Community Health Centers — Leesburg provides primary care, behavioral health, emergency services, and community health outreach for Lake County residents including uninsured and Florida Medicaid patients such as returning citizens establishing local medical care after release from FDC custody or Lake County jails. FQHC and hospital partners coordinate with DCF MyACCESS Medicaid enrollment and CareerSource employment programs. Direct clinical services—not a walk-in benefits or probation office.","Community Health Centers — Leesburg brinda atención primaria, salud conductual y servicios comunitarios para residentes del condado Lake incluidos pacientes sin seguro y Medicaid de Florida como ciudadanos que regresan que establecen atención médica local después de la liberación de custodia FDC o cárceles del condado Lake. Servicios clínicos directos, no oficina de beneficios ni de probatoria.","609 North Powers Drive, Suite 324",Leesburg,352-787-1950,,https://www.chcfl.org,Open to Lake County residents; sliding-fee and Medicaid patients welcome including justice-involved adults.,Abierto a residentes del condado Lake; pacientes con tarifa móvil y Medicaid bienvenidos.,Call 352-787-1950 for appointments; pairs with CareerSource Lake and county DCF ACCESS office.,Llame al 352-787-1950 para citas; se vincula con CareerSource Lake y DCF ACCESS del condado.,Emergency 24/7 at hospital sites; clinic hours vary—call ahead,lake|healthcare|FQHC|rural|reentry,Primary care|Behavioral health|Emergency services|Sliding-fee care|Specialist referrals,Lake,Lake,single,accepts_criminal_record
242,CareerSource — Levy County Career Center,employment,Bronson / Levy County,"CareerSource Levy County in Bronson connects job seekers including justice-involved adults from Levy County jails and Florida Department of Corrections (FDC) custody to WIOA-funded training, resume assistance, fair-chance employment navigation, and CareerSource Florida online job matching across rural Levy County. Staff link returning citizens to DCF MyACCESS benefits, local FQHC healthcare, and food banks. Free core career services—not emergency cash or housing placement.","CareerSource del condado Levy en Bronson conecta buscadores de empleo incluidos adultos con antecedentes penales de cárceles del condado Levy y custodia FDC con capacitación WIOA, ayuda con currículum y navegación de empleo de segunda oportunidad en el condado Levy. Servicios básicos de carrera gratuitos, no asistencia de efectivo ni vivienda de emergencia.","1000 NE 16th Avenue, Building J",Bronson,352-264-6400,,https://careersourceflorida.com,Open to Levy County job seekers including justice-involved individuals; core CareerSource services are free.,Abierto a buscadores de empleo del condado Levy incluidas personas con antecedentes penales; servicios básicos gratuitos.,Register at careersourceflorida.com; call 352-264-6400; pairs with Levy County DCF ACCESS and local healthcare partners.,Regístrese en careersourceflorida.com; llame al 352-264-6400; se vincula con DCF ACCESS del condado Levy.,Monday–Friday business hours; call ahead in rural counties,levy|employment|careersource|WIOA|reentry|fair-chance,Job search assistance|Resume preparation|WIOA training referrals|Fair-chance employment|Career coaching,Levy,Levy,single,accepts_criminal_record
243,Levy County Health Department,healthcare,Bronson / Levy County,"Levy County Health Department provides primary care, behavioral health, emergency services, and community health outreach for Levy County residents including uninsured and Florida Medicaid patients such as returning citizens establishing local medical care after release from FDC custody or Levy County jails. FQHC and hospital partners coordinate with DCF MyACCESS Medicaid enrollment and CareerSource employment programs. Direct clinical services—not a walk-in benefits or probation office.","Levy County Health Department brinda atención primaria, salud conductual y servicios comunitarios para residentes del condado Levy incluidos pacientes sin seguro y Medicaid de Florida como ciudadanos que regresan que establecen atención médica local después de la liberación de custodia FDC o cárceles del condado Levy. Servicios clínicos directos, no oficina de beneficios ni de probatoria.","1000 NE 16th Avenue, Building J",Bronson,352-486-5302,,https://levy.floridahealth.gov,Open to Levy County residents; sliding-fee and Medicaid patients welcome including justice-involved adults.,Abierto a residentes del condado Levy; pacientes con tarifa móvil y Medicaid bienvenidos.,Call 352-486-5302 for appointments; pairs with CareerSource Levy and county DCF ACCESS office.,Llame al 352-486-5302 para citas; se vincula con CareerSource Levy y DCF ACCESS del condado.,Emergency 24/7 at hospital sites; clinic hours vary—call ahead,levy|healthcare|FQHC|rural|reentry,Primary care|Behavioral health|Emergency services|Sliding-fee care|Specialist referrals,Levy,Levy,single,accepts_criminal_record
244,CareerSource — Liberty County Career Center,employment,Bristol / Liberty County,"CareerSource Liberty County in Bristol connects job seekers including justice-involved adults from Liberty County jails and Florida Department of Corrections (FDC) custody to WIOA-funded training, resume assistance, fair-chance employment navigation, and CareerSource Florida online job matching across rural Liberty County. Staff link returning citizens to DCF MyACCESS benefits, local FQHC healthcare, and food banks. Free core career services—not emergency cash or housing placement.","CareerSource del condado Liberty en Bristol conecta buscadores de empleo incluidos adultos con antecedentes penales de cárceles del condado Liberty y custodia FDC con capacitación WIOA, ayuda con currículum y navegación de empleo de segunda oportunidad en el condado Liberty. Servicios básicos de carrera gratuitos, no asistencia de efectivo ni vivienda de emergencia.","2810 Sharer Road, Unit 24",Bristol,850-921-8400,,https://careersourceflorida.com,Open to Liberty County job seekers including justice-involved individuals; core CareerSource services are free.,Abierto a buscadores de empleo del condado Liberty incluidas personas con antecedentes penales; servicios básicos gratuitos.,Register at careersourceflorida.com; call 850-921-8400; pairs with Liberty County DCF ACCESS and local healthcare partners.,Regístrese en careersourceflorida.com; llame al 850-921-8400; se vincula con DCF ACCESS del condado Liberty.,Monday–Friday business hours; call ahead in rural counties,liberty|employment|careersource|WIOA|reentry|fair-chance,Job search assistance|Resume preparation|WIOA training referrals|Fair-chance employment|Career coaching,Liberty,Liberty,single,accepts_criminal_record
245,Liberty County Health Department,healthcare,Bristol / Liberty County,"Liberty County Health Department provides primary care, behavioral health, emergency services, and community health outreach for Liberty County residents including uninsured and Florida Medicaid patients such as returning citizens establishing local medical care after release from FDC custody or Liberty County jails. FQHC and hospital partners coordinate with DCF MyACCESS Medicaid enrollment and CareerSource employment programs. Direct clinical services—not a walk-in benefits or probation office.","Liberty County Health Department brinda atención primaria, salud conductual y servicios comunitarios para residentes del condado Liberty incluidos pacientes sin seguro y Medicaid de Florida como ciudadanos que regresan que establecen atención médica local después de la liberación de custodia FDC o cárceles del condado Liberty. Servicios clínicos directos, no oficina de beneficios ni de probatoria.","2810 Sharer Road, Unit 24",Bristol,850-643-2415,,https://liberty.floridahealth.gov,Open to Liberty County residents; sliding-fee and Medicaid patients welcome including justice-involved adults.,Abierto a residentes del condado Liberty; pacientes con tarifa móvil y Medicaid bienvenidos.,Call 850-643-2415 for appointments; pairs with CareerSource Liberty and county DCF ACCESS office.,Llame al 850-643-2415 para citas; se vincula con CareerSource Liberty y DCF ACCESS del condado.,Emergency 24/7 at hospital sites; clinic hours vary—call ahead,liberty|healthcare|FQHC|rural|reentry,Primary care|Behavioral health|Emergency services|Sliding-fee care|Specialist referrals,Liberty,Liberty,single,accepts_criminal_record
246,CareerSource — Madison County Career Center,employment,Madison / Madison County,"CareerSource Madison County in Madison connects job seekers including justice-involved adults from Madison County jails and Florida Department of Corrections (FDC) custody to WIOA-funded training, resume assistance, fair-chance employment navigation, and CareerSource Florida online job matching across rural Madison County. Staff link returning citizens to DCF MyACCESS benefits, local FQHC healthcare, and food banks. Free core career services—not emergency cash or housing placement.","CareerSource del condado Madison en Madison conecta buscadores de empleo incluidos adultos con antecedentes penales de cárceles del condado Madison y custodia FDC con capacitación WIOA, ayuda con currículum y navegación de empleo de segunda oportunidad en el condado Madison. Servicios básicos de carrera gratuitos, no asistencia de efectivo ni vivienda de emergencia.","1000 NE 16th Avenue, Building J",Madison,386-719-6200,,https://careersourceflorida.com,Open to Madison County job seekers including justice-involved individuals; core CareerSource services are free.,Abierto a buscadores de empleo del condado Madison incluidas personas con antecedentes penales; servicios básicos gratuitos.,Register at careersourceflorida.com; call 386-719-6200; pairs with Madison County DCF ACCESS and local healthcare partners.,Regístrese en careersourceflorida.com; llame al 386-719-6200; se vincula con DCF ACCESS del condado Madison.,Monday–Friday business hours; call ahead in rural counties,madison|employment|careersource|WIOA|reentry|fair-chance,Job search assistance|Resume preparation|WIOA training referrals|Fair-chance employment|Career coaching,Madison,Madison,single,accepts_criminal_record
247,Madison County Memorial Hospital,healthcare,Madison / Madison County,"Madison County Memorial Hospital provides primary care, behavioral health, emergency services, and community health outreach for Madison County residents including uninsured and Florida Medicaid patients such as returning citizens establishing local medical care after release from FDC custody or Madison County jails. FQHC and hospital partners coordinate with DCF MyACCESS Medicaid enrollment and CareerSource employment programs. Direct clinical services—not a walk-in benefits or probation office.","Madison County Memorial Hospital brinda atención primaria, salud conductual y servicios comunitarios para residentes del condado Madison incluidos pacientes sin seguro y Medicaid de Florida como ciudadanos que regresan que establecen atención médica local después de la liberación de custodia FDC o cárceles del condado Madison. Servicios clínicos directos, no oficina de beneficios ni de probatoria.","1000 NE 16th Avenue, Building J",Madison,850-973-2271,,https://www.mcmh.us,Open to Madison County residents; sliding-fee and Medicaid patients welcome including justice-involved adults.,Abierto a residentes del condado Madison; pacientes con tarifa móvil y Medicaid bienvenidos.,Call 850-973-2271 for appointments; pairs with CareerSource Madison and county DCF ACCESS office.,Llame al 850-973-2271 para citas; se vincula con CareerSource Madison y DCF ACCESS del condado.,Emergency 24/7 at hospital sites; clinic hours vary—call ahead,madison|healthcare|FQHC|rural|reentry,Primary care|Behavioral health|Emergency services|Sliding-fee care|Specialist referrals,Madison,Madison,single,accepts_criminal_record
248,CareerSource — Marion County Career Center,employment,Ocala / Marion County,"CareerSource Marion County in Ocala connects job seekers including justice-involved adults from Marion County jails and Florida Department of Corrections (FDC) custody to WIOA-funded training, resume assistance, fair-chance employment navigation, and CareerSource Florida online job matching across rural Marion County. Staff link returning citizens to DCF MyACCESS benefits, local FQHC healthcare, and food banks. Free core career services—not emergency cash or housing placement.","CareerSource del condado Marion en Ocala conecta buscadores de empleo incluidos adultos con antecedentes penales de cárceles del condado Marion y custodia FDC con capacitación WIOA, ayuda con currículum y navegación de empleo de segunda oportunidad en el condado Marion. Servicios básicos de carrera gratuitos, no asistencia de efectivo ni vivienda de emergencia.",212 S Apopka Avenue,Ocala,352-732-3000,,https://careersourceflorida.com,Open to Marion County job seekers including justice-involved individuals; core CareerSource services are free.,Abierto a buscadores de empleo del condado Marion incluidas personas con antecedentes penales; servicios básicos gratuitos.,Register at careersourceflorida.com; call 352-732-3000; pairs with Marion County DCF ACCESS and local healthcare partners.,Regístrese en careersourceflorida.com; llame al 352-732-3000; se vincula con DCF ACCESS del condado Marion.,Monday–Friday business hours; call ahead in rural counties,marion|employment|careersource|WIOA|reentry|fair-chance,Job search assistance|Resume preparation|WIOA training referrals|Fair-chance employment|Career coaching,Marion,Marion,single,accepts_criminal_record
249,Heart of Florida Health Center,healthcare,Ocala / Marion County,"Heart of Florida Health Center provides primary care, behavioral health, emergency services, and community health outreach for Marion County residents including uninsured and Florida Medicaid patients such as returning citizens establishing local medical care after release from FDC custody or Marion County jails. FQHC and hospital partners coordinate with DCF MyACCESS Medicaid enrollment and CareerSource employment programs. Direct clinical services—not a walk-in benefits or probation office.","Heart of Florida Health Center brinda atención primaria, salud conductual y servicios comunitarios para residentes del condado Marion incluidos pacientes sin seguro y Medicaid de Florida como ciudadanos que regresan que establecen atención médica local después de la liberación de custodia FDC o cárceles del condado Marion. Servicios clínicos directos, no oficina de beneficios ni de probatoria.",212 S Apopka Avenue,Ocala,352-732-6599,,https://www.hfhc.org,Open to Marion County residents; sliding-fee and Medicaid patients welcome including justice-involved adults.,Abierto a residentes del condado Marion; pacientes con tarifa móvil y Medicaid bienvenidos.,Call 352-732-6599 for appointments; pairs with CareerSource Marion and county DCF ACCESS office.,Llame al 352-732-6599 para citas; se vincula con CareerSource Marion y DCF ACCESS del condado.,Emergency 24/7 at hospital sites; clinic hours vary—call ahead,marion|healthcare|FQHC|rural|reentry,Primary care|Behavioral health|Emergency services|Sliding-fee care|Specialist referrals,Marion,Marion,single,accepts_criminal_record
250,CareerSource — Martin County Career Center,employment,Stuart / Martin County,"CareerSource Martin County in Stuart connects job seekers including justice-involved adults from Martin County jails and Florida Department of Corrections (FDC) custody to WIOA-funded training, resume assistance, fair-chance employment navigation, and CareerSource Florida online job matching across rural Martin County. Staff link returning citizens to DCF MyACCESS benefits, local FQHC healthcare, and food banks. Free core career services—not emergency cash or housing placement.","CareerSource del condado Martin en Stuart conecta buscadores de empleo incluidos adultos con antecedentes penales de cárceles del condado Martin y custodia FDC con capacitación WIOA, ayuda con currículum y navegación de empleo de segunda oportunidad en el condado Martin. Servicios básicos de carrera gratuitos, no asistencia de efectivo ni vivienda de emergencia.","801 Dixon Boulevard, Suite 1103",Stuart,772-778-5600,,https://careersourceflorida.com,Open to Martin County job seekers including justice-involved individuals; core CareerSource services are free.,Abierto a buscadores de empleo del condado Martin incluidas personas con antecedentes penales; servicios básicos gratuitos.,Register at careersourceflorida.com; call 772-778-5600; pairs with Martin County DCF ACCESS and local healthcare partners.,Regístrese en careersourceflorida.com; llame al 772-778-5600; se vincula con DCF ACCESS del condado Martin.,Monday–Friday business hours; call ahead in rural counties,martin|employment|careersource|WIOA|reentry|fair-chance,Job search assistance|Resume preparation|WIOA training referrals|Fair-chance employment|Career coaching,Martin,Martin,single,accepts_criminal_record
251,Treasure Coast Community Health,healthcare,Stuart / Martin County,"Treasure Coast Community Health provides primary care, behavioral health, emergency services, and community health outreach for Martin County residents including uninsured and Florida Medicaid patients such as returning citizens establishing local medical care after release from FDC custody or Martin County jails. FQHC and hospital partners coordinate with DCF MyACCESS Medicaid enrollment and CareerSource employment programs. Direct clinical services—not a walk-in benefits or probation office.","Treasure Coast Community Health brinda atención primaria, salud conductual y servicios comunitarios para residentes del condado Martin incluidos pacientes sin seguro y Medicaid de Florida como ciudadanos que regresan que establecen atención médica local después de la liberación de custodia FDC o cárceles del condado Martin. Servicios clínicos directos, no oficina de beneficios ni de probatoria.","801 Dixon Boulevard, Suite 1103",Stuart,772-286-3087,,https://www.tcchinc.org,Open to Martin County residents; sliding-fee and Medicaid patients welcome including justice-involved adults.,Abierto a residentes del condado Martin; pacientes con tarifa móvil y Medicaid bienvenidos.,Call 772-286-3087 for appointments; pairs with CareerSource Martin and county DCF ACCESS office.,Llame al 772-286-3087 para citas; se vincula con CareerSource Martin y DCF ACCESS del condado.,Emergency 24/7 at hospital sites; clinic hours vary—call ahead,martin|healthcare|FQHC|rural|reentry,Primary care|Behavioral health|Emergency services|Sliding-fee care|Specialist referrals,Martin,Martin,single,accepts_criminal_record
252,CareerSource — Monroe County Career Center,employment,Key West / Monroe County,"CareerSource Monroe County in Key West connects job seekers including justice-involved adults from Monroe County jails and Florida Department of Corrections (FDC) custody to WIOA-funded training, resume assistance, fair-chance employment navigation, and CareerSource Florida online job matching across rural Monroe County. Staff link returning citizens to DCF MyACCESS benefits, local FQHC healthcare, and food banks. Free core career services—not emergency cash or housing placement.","CareerSource del condado Monroe en Key West conecta buscadores de empleo incluidos adultos con antecedentes penales de cárceles del condado Monroe y custodia FDC con capacitación WIOA, ayuda con currículum y navegación de empleo de segunda oportunidad en el condado Monroe. Servicios básicos de carrera gratuitos, no asistencia de efectivo ni vivienda de emergencia.",5400 NW 22nd Avenue,Key West,305-636-2200,,https://careersourceflorida.com,Open to Monroe County job seekers including justice-involved individuals; core CareerSource services are free.,Abierto a buscadores de empleo del condado Monroe incluidas personas con antecedentes penales; servicios básicos gratuitos.,Register at careersourceflorida.com; call 305-636-2200; pairs with Monroe County DCF ACCESS and local healthcare partners.,Regístrese en careersourceflorida.com; llame al 305-636-2200; se vincula con DCF ACCESS del condado Monroe.,Monday–Friday business hours; call ahead in rural counties,monroe|employment|careersource|WIOA|reentry|fair-chance,Job search assistance|Resume preparation|WIOA training referrals|Fair-chance employment|Career coaching,Monroe,Monroe,single,accepts_criminal_record
253,Baptist Health South Florida — Marathon,healthcare,Marathon / Monroe County,"Baptist Health South Florida — Marathon provides primary care, behavioral health, emergency services, and community health outreach for Monroe County residents including uninsured and Florida Medicaid patients such as returning citizens establishing local medical care after release from FDC custody or Monroe County jails. FQHC and hospital partners coordinate with DCF MyACCESS Medicaid enrollment and CareerSource employment programs. Direct clinical services—not a walk-in benefits or probation office.","Baptist Health South Florida — Marathon brinda atención primaria, salud conductual y servicios comunitarios para residentes del condado Monroe incluidos pacientes sin seguro y Medicaid de Florida como ciudadanos que regresan que establecen atención médica local después de la liberación de custodia FDC o cárceles del condado Monroe. Servicios clínicos directos, no oficina de beneficios ni de probatoria.",5400 NW 22nd Avenue,Marathon,305-434-3000,,https://baptisthealth.net,Open to Monroe County residents; sliding-fee and Medicaid patients welcome including justice-involved adults.,Abierto a residentes del condado Monroe; pacientes con tarifa móvil y Medicaid bienvenidos.,Call 305-434-3000 for appointments; pairs with CareerSource Monroe and county DCF ACCESS office.,Llame al 305-434-3000 para citas; se vincula con CareerSource Monroe y DCF ACCESS del condado.,Emergency 24/7 at hospital sites; clinic hours vary—call ahead,monroe|healthcare|FQHC|rural|reentry,Primary care|Behavioral health|Emergency services|Sliding-fee care|Specialist referrals,Monroe,Monroe,single,accepts_criminal_record
254,CareerSource — Nassau County Career Center,employment,Fernandina Beach / Nassau County,"CareerSource Nassau County in Fernandina Beach connects job seekers including justice-involved adults from Nassau County jails and Florida Department of Corrections (FDC) custody to WIOA-funded training, resume assistance, fair-chance employment navigation, and CareerSource Florida online job matching across rural Nassau County. Staff link returning citizens to DCF MyACCESS benefits, local FQHC healthcare, and food banks. Free core career services—not emergency cash or housing placement.","CareerSource del condado Nassau en Fernandina Beach conecta buscadores de empleo incluidos adultos con antecedentes penales de cárceles del condado Nassau y custodia FDC con capacitación WIOA, ayuda con currículum y navegación de empleo de segunda oportunidad en el condado Nassau. Servicios básicos de carrera gratuitos, no asistencia de efectivo ni vivienda de emergencia.",5000-1 Norwood Avenue,Fernandina Beach,904-723-2000,,https://careersourceflorida.com,Open to Nassau County job seekers including justice-involved individuals; core CareerSource services are free.,Abierto a buscadores de empleo del condado Nassau incluidas personas con antecedentes penales; servicios básicos gratuitos.,Register at careersourceflorida.com; call 904-723-2000; pairs with Nassau County DCF ACCESS and local healthcare partners.,Regístrese en careersourceflorida.com; llame al 904-723-2000; se vincula con DCF ACCESS del condado Nassau.,Monday–Friday business hours; call ahead in rural counties,nassau|employment|careersource|WIOA|reentry|fair-chance,Job search assistance|Resume preparation|WIOA training referrals|Fair-chance employment|Career coaching,Nassau,Nassau,single,accepts_criminal_record
255,Baptist Medical Center Nassau,healthcare,Fernandina Beach / Nassau County,"Baptist Medical Center Nassau provides primary care, behavioral health, emergency services, and community health outreach for Nassau County residents including uninsured and Florida Medicaid patients such as returning citizens establishing local medical care after release from FDC custody or Nassau County jails. FQHC and hospital partners coordinate with DCF MyACCESS Medicaid enrollment and CareerSource employment programs. Direct clinical services—not a walk-in benefits or probation office.","Baptist Medical Center Nassau brinda atención primaria, salud conductual y servicios comunitarios para residentes del condado Nassau incluidos pacientes sin seguro y Medicaid de Florida como ciudadanos que regresan que establecen atención médica local después de la liberación de custodia FDC o cárceles del condado Nassau. Servicios clínicos directos, no oficina de beneficios ni de probatoria.",5000-1 Norwood Avenue,Fernandina Beach,904-321-3500,,https://www.baptistjax.com,Open to Nassau County residents; sliding-fee and Medicaid patients welcome including justice-involved adults.,Abierto a residentes del condado Nassau; pacientes con tarifa móvil y Medicaid bienvenidos.,Call 904-321-3500 for appointments; pairs with CareerSource Nassau and county DCF ACCESS office.,Llame al 904-321-3500 para citas; se vincula con CareerSource Nassau y DCF ACCESS del condado.,Emergency 24/7 at hospital sites; clinic hours vary—call ahead,nassau|healthcare|FQHC|rural|reentry,Primary care|Behavioral health|Emergency services|Sliding-fee care|Specialist referrals,Nassau,Nassau,single,accepts_criminal_record
256,CareerSource — Okaloosa County Career Center,employment,Fort Walton Beach / Okaloosa County,"CareerSource Okaloosa County in Fort Walton Beach connects job seekers including justice-involved adults from Okaloosa County jails and Florida Department of Corrections (FDC) custody to WIOA-funded training, resume assistance, fair-chance employment navigation, and CareerSource Florida online job matching across rural Okaloosa County. Staff link returning citizens to DCF MyACCESS benefits, local FQHC healthcare, and food banks. Free core career services—not emergency cash or housing placement.","CareerSource del condado Okaloosa en Fort Walton Beach conecta buscadores de empleo incluidos adultos con antecedentes penales de cárceles del condado Okaloosa y custodia FDC con capacitación WIOA, ayuda con currículum y navegación de empleo de segunda oportunidad en el condado Okaloosa. Servicios básicos de carrera gratuitos, no asistencia de efectivo ni vivienda de emergencia.","33 Brent Lane, Suite 103",Fort Walton Beach,850-595-8900,,https://careersourceflorida.com,Open to Okaloosa County job seekers including justice-involved individuals; core CareerSource services are free.,Abierto a buscadores de empleo del condado Okaloosa incluidas personas con antecedentes penales; servicios básicos gratuitos.,Register at careersourceflorida.com; call 850-595-8900; pairs with Okaloosa County DCF ACCESS and local healthcare partners.,Regístrese en careersourceflorida.com; llame al 850-595-8900; se vincula con DCF ACCESS del condado Okaloosa.,Monday–Friday business hours; call ahead in rural counties,okaloosa|employment|careersource|WIOA|reentry|fair-chance,Job search assistance|Resume preparation|WIOA training referrals|Fair-chance employment|Career coaching,Okaloosa,Okaloosa,single,accepts_criminal_record
257,North Okaloosa Medical Center,healthcare,Crestview / Okaloosa County,"North Okaloosa Medical Center provides primary care, behavioral health, emergency services, and community health outreach for Okaloosa County residents including uninsured and Florida Medicaid patients such as returning citizens establishing local medical care after release from FDC custody or Okaloosa County jails. FQHC and hospital partners coordinate with DCF MyACCESS Medicaid enrollment and CareerSource employment programs. Direct clinical services—not a walk-in benefits or probation office.","North Okaloosa Medical Center brinda atención primaria, salud conductual y servicios comunitarios para residentes del condado Okaloosa incluidos pacientes sin seguro y Medicaid de Florida como ciudadanos que regresan que establecen atención médica local después de la liberación de custodia FDC o cárceles del condado Okaloosa. Servicios clínicos directos, no oficina de beneficios ni de probatoria.","33 Brent Lane, Suite 103",Crestview,850-689-8100,,https://www.hcafloridahealthcare.com,Open to Okaloosa County residents; sliding-fee and Medicaid patients welcome including justice-involved adults.,Abierto a residentes del condado Okaloosa; pacientes con tarifa móvil y Medicaid bienvenidos.,Call 850-689-8100 for appointments; pairs with CareerSource Okaloosa and county DCF ACCESS office.,Llame al 850-689-8100 para citas; se vincula con CareerSource Okaloosa y DCF ACCESS del condado.,Emergency 24/7 at hospital sites; clinic hours vary—call ahead,okaloosa|healthcare|FQHC|rural|reentry,Primary care|Behavioral health|Emergency services|Sliding-fee care|Specialist referrals,Okaloosa,Okaloosa,single,accepts_criminal_record
258,CareerSource — Okeechobee County Career Center,employment,Okeechobee / Okeechobee County,"CareerSource Okeechobee County in Okeechobee connects job seekers including justice-involved adults from Okeechobee County jails and Florida Department of Corrections (FDC) custody to WIOA-funded training, resume assistance, fair-chance employment navigation, and CareerSource Florida online job matching across rural Okeechobee County. Staff link returning citizens to DCF MyACCESS benefits, local FQHC healthcare, and food banks. Free core career services—not emergency cash or housing placement.","CareerSource del condado Okeechobee en Okeechobee conecta buscadores de empleo incluidos adultos con antecedentes penales de cárceles del condado Okeechobee y custodia FDC con capacitación WIOA, ayuda con currículum y navegación de empleo de segunda oportunidad en el condado Okeechobee. Servicios básicos de carrera gratuitos, no asistencia de efectivo ni vivienda de emergencia.","2295 Victoria Avenue, Room 110",Okeechobee,863-993-4600,,https://careersourceflorida.com,Open to Okeechobee County job seekers including justice-involved individuals; core CareerSource services are free.,Abierto a buscadores de empleo del condado Okeechobee incluidas personas con antecedentes penales; servicios básicos gratuitos.,Register at careersourceflorida.com; call 863-993-4600; pairs with Okeechobee County DCF ACCESS and local healthcare partners.,Regístrese en careersourceflorida.com; llame al 863-993-4600; se vincula con DCF ACCESS del condado Okeechobee.,Monday–Friday business hours; call ahead in rural counties,okeechobee|employment|careersource|WIOA|reentry|fair-chance,Job search assistance|Resume preparation|WIOA training referrals|Fair-chance employment|Career coaching,Okeechobee,Okeechobee,single,accepts_criminal_record
259,Raulerson Hospital,healthcare,Okeechobee / Okeechobee County,"Raulerson Hospital provides primary care, behavioral health, emergency services, and community health outreach for Okeechobee County residents including uninsured and Florida Medicaid patients such as returning citizens establishing local medical care after release from FDC custody or Okeechobee County jails. FQHC and hospital partners coordinate with DCF MyACCESS Medicaid enrollment and CareerSource employment programs. Direct clinical services—not a walk-in benefits or probation office.","Raulerson Hospital brinda atención primaria, salud conductual y servicios comunitarios para residentes del condado Okeechobee incluidos pacientes sin seguro y Medicaid de Florida como ciudadanos que regresan que establecen atención médica local después de la liberación de custodia FDC o cárceles del condado Okeechobee. Servicios clínicos directos, no oficina de beneficios ni de probatoria.","2295 Victoria Avenue, Room 110",Okeechobee,863-763-2151,,https://www.hcafloridahealthcare.com,Open to Okeechobee County residents; sliding-fee and Medicaid patients welcome including justice-involved adults.,Abierto a residentes del condado Okeechobee; pacientes con tarifa móvil y Medicaid bienvenidos.,Call 863-763-2151 for appointments; pairs with CareerSource Okeechobee and county DCF ACCESS office.,Llame al 863-763-2151 para citas; se vincula con CareerSource Okeechobee y DCF ACCESS del condado.,Emergency 24/7 at hospital sites; clinic hours vary—call ahead,okeechobee|healthcare|FQHC|rural|reentry,Primary care|Behavioral health|Emergency services|Sliding-fee care|Specialist referrals,Okeechobee,Okeechobee,single,accepts_criminal_record
260,CareerSource — Pasco County Career Center,employment,New Port Richey / Pasco County,"CareerSource Pasco County in New Port Richey connects job seekers including justice-involved adults from Pasco County jails and Florida Department of Corrections (FDC) custody to WIOA-funded training, resume assistance, fair-chance employment navigation, and CareerSource Florida online job matching across rural Pasco County. Staff link returning citizens to DCF MyACCESS benefits, local FQHC healthcare, and food banks. Free core career services—not emergency cash or housing placement.","CareerSource del condado Pasco en New Port Richey conecta buscadores de empleo incluidos adultos con antecedentes penales de cárceles del condado Pasco y custodia FDC con capacitación WIOA, ayuda con currículum y navegación de empleo de segunda oportunidad en el condado Pasco. Servicios básicos de carrera gratuitos, no asistencia de efectivo ni vivienda de emergencia.",9393 North Florida Avenue,New Port Richey,727-834-3200,,https://careersourceflorida.com,Open to Pasco County job seekers including justice-involved individuals; core CareerSource services are free.,Abierto a buscadores de empleo del condado Pasco incluidas personas con antecedentes penales; servicios básicos gratuitos.,Register at careersourceflorida.com; call 727-834-3200; pairs with Pasco County DCF ACCESS and local healthcare partners.,Regístrese en careersourceflorida.com; llame al 727-834-3200; se vincula con DCF ACCESS del condado Pasco.,Monday–Friday business hours; call ahead in rural counties,pasco|employment|careersource|WIOA|reentry|fair-chance,Job search assistance|Resume preparation|WIOA training referrals|Fair-chance employment|Career coaching,Pasco,Pasco,single,accepts_criminal_record
261,Premier Community HealthCare,healthcare,Dade City / Pasco County,"Premier Community HealthCare provides primary care, behavioral health, emergency services, and community health outreach for Pasco County residents including uninsured and Florida Medicaid patients such as returning citizens establishing local medical care after release from FDC custody or Pasco County jails. FQHC and hospital partners coordinate with DCF MyACCESS Medicaid enrollment and CareerSource employment programs. Direct clinical services—not a walk-in benefits or probation office.","Premier Community HealthCare brinda atención primaria, salud conductual y servicios comunitarios para residentes del condado Pasco incluidos pacientes sin seguro y Medicaid de Florida como ciudadanos que regresan que establecen atención médica local después de la liberación de custodia FDC o cárceles del condado Pasco. Servicios clínicos directos, no oficina de beneficios ni de probatoria.",9393 North Florida Avenue,Dade City,352-518-2000,,https://www.premierhc.org,Open to Pasco County residents; sliding-fee and Medicaid patients welcome including justice-involved adults.,Abierto a residentes del condado Pasco; pacientes con tarifa móvil y Medicaid bienvenidos.,Call 352-518-2000 for appointments; pairs with CareerSource Pasco and county DCF ACCESS office.,Llame al 352-518-2000 para citas; se vincula con CareerSource Pasco y DCF ACCESS del condado.,Emergency 24/7 at hospital sites; clinic hours vary—call ahead,pasco|healthcare|FQHC|rural|reentry,Primary care|Behavioral health|Emergency services|Sliding-fee care|Specialist referrals,Pasco,Pasco,single,accepts_criminal_record
262,CareerSource — Putnam County Career Center,employment,Palatka / Putnam County,"CareerSource Putnam County in Palatka connects job seekers including justice-involved adults from Putnam County jails and Florida Department of Corrections (FDC) custody to WIOA-funded training, resume assistance, fair-chance employment navigation, and CareerSource Florida online job matching across rural Putnam County. Staff link returning citizens to DCF MyACCESS benefits, local FQHC healthcare, and food banks. Free core career services—not emergency cash or housing placement.","CareerSource del condado Putnam en Palatka conecta buscadores de empleo incluidos adultos con antecedentes penales de cárceles del condado Putnam y custodia FDC con capacitación WIOA, ayuda con currículum y navegación de empleo de segunda oportunidad en el condado Putnam. Servicios básicos de carrera gratuitos, no asistencia de efectivo ni vivienda de emergencia.",5000-1 Norwood Avenue,Palatka,904-723-2000,,https://careersourceflorida.com,Open to Putnam County job seekers including justice-involved individuals; core CareerSource services are free.,Abierto a buscadores de empleo del condado Putnam incluidas personas con antecedentes penales; servicios básicos gratuitos.,Register at careersourceflorida.com; call 904-723-2000; pairs with Putnam County DCF ACCESS and local healthcare partners.,Regístrese en careersourceflorida.com; llame al 904-723-2000; se vincula con DCF ACCESS del condado Putnam.,Monday–Friday business hours; call ahead in rural counties,putnam|employment|careersource|WIOA|reentry|fair-chance,Job search assistance|Resume preparation|WIOA training referrals|Fair-chance employment|Career coaching,Putnam,Putnam,single,accepts_criminal_record
263,Putnam Community Medical Center,healthcare,Palatka / Putnam County,"Putnam Community Medical Center provides primary care, behavioral health, emergency services, and community health outreach for Putnam County residents including uninsured and Florida Medicaid patients such as returning citizens establishing local medical care after release from FDC custody or Putnam County jails. FQHC and hospital partners coordinate with DCF MyACCESS Medicaid enrollment and CareerSource employment programs. Direct clinical services—not a walk-in benefits or probation office.","Putnam Community Medical Center brinda atención primaria, salud conductual y servicios comunitarios para residentes del condado Putnam incluidos pacientes sin seguro y Medicaid de Florida como ciudadanos que regresan que establecen atención médica local después de la liberación de custodia FDC o cárceles del condado Putnam. Servicios clínicos directos, no oficina de beneficios ni de probatoria.",5000-1 Norwood Avenue,Palatka,386-328-5711,,https://www.hcafloridahealthcare.com,Open to Putnam County residents; sliding-fee and Medicaid patients welcome including justice-involved adults.,Abierto a residentes del condado Putnam; pacientes con tarifa móvil y Medicaid bienvenidos.,Call 386-328-5711 for appointments; pairs with CareerSource Putnam and county DCF ACCESS office.,Llame al 386-328-5711 para citas; se vincula con CareerSource Putnam y DCF ACCESS del condado.,Emergency 24/7 at hospital sites; clinic hours vary—call ahead,putnam|healthcare|FQHC|rural|reentry,Primary care|Behavioral health|Emergency services|Sliding-fee care|Specialist referrals,Putnam,Putnam,single,accepts_criminal_record
264,CareerSource — Santa Rosa County Career Center,employment,Milton / Santa Rosa County,"CareerSource Santa Rosa County in Milton connects job seekers including justice-involved adults from Santa Rosa County jails and Florida Department of Corrections (FDC) custody to WIOA-funded training, resume assistance, fair-chance employment navigation, and CareerSource Florida online job matching across rural Santa Rosa County. Staff link returning citizens to DCF MyACCESS benefits, local FQHC healthcare, and food banks. Free core career services—not emergency cash or housing placement.","CareerSource del condado Santa Rosa en Milton conecta buscadores de empleo incluidos adultos con antecedentes penales de cárceles del condado Santa Rosa y custodia FDC con capacitación WIOA, ayuda con currículum y navegación de empleo de segunda oportunidad en el condado Santa Rosa. Servicios básicos de carrera gratuitos, no asistencia de efectivo ni vivienda de emergencia.","33 Brent Lane, Suite 103",Milton,850-595-8900,,https://careersourceflorida.com,Open to Santa Rosa County job seekers including justice-involved individuals; core CareerSource services are free.,Abierto a buscadores de empleo del condado Santa Rosa incluidas personas con antecedentes penales; servicios básicos gratuitos.,Register at careersourceflorida.com; call 850-595-8900; pairs with Santa Rosa County DCF ACCESS and local healthcare partners.,Regístrese en careersourceflorida.com; llame al 850-595-8900; se vincula con DCF ACCESS del condado Santa Rosa.,Monday–Friday business hours; call ahead in rural counties,santa-rosa|employment|careersource|WIOA|reentry|fair-chance,Job search assistance|Resume preparation|WIOA training referrals|Fair-chance employment|Career coaching,Santa Rosa,Santa Rosa,single,accepts_criminal_record
265,Santa Rosa Medical Center,healthcare,Milton / Santa Rosa County,"Santa Rosa Medical Center provides primary care, behavioral health, emergency services, and community health outreach for Santa Rosa County residents including uninsured and Florida Medicaid patients such as returning citizens establishing local medical care after release from FDC custody or Santa Rosa County jails. FQHC and hospital partners coordinate with DCF MyACCESS Medicaid enrollment and CareerSource employment programs. Direct clinical services—not a walk-in benefits or probation office.","Santa Rosa Medical Center brinda atención primaria, salud conductual y servicios comunitarios para residentes del condado Santa Rosa incluidos pacientes sin seguro y Medicaid de Florida como ciudadanos que regresan que establecen atención médica local después de la liberación de custodia FDC o cárceles del condado Santa Rosa. Servicios clínicos directos, no oficina de beneficios ni de probatoria.","33 Brent Lane, Suite 103",Milton,850-983-7000,,https://www.srmcfl.com,Open to Santa Rosa County residents; sliding-fee and Medicaid patients welcome including justice-involved adults.,Abierto a residentes del condado Santa Rosa; pacientes con tarifa móvil y Medicaid bienvenidos.,Call 850-983-7000 for appointments; pairs with CareerSource Santa Rosa and county DCF ACCESS office.,Llame al 850-983-7000 para citas; se vincula con CareerSource Santa Rosa y DCF ACCESS del condado.,Emergency 24/7 at hospital sites; clinic hours vary—call ahead,santa-rosa|healthcare|FQHC|rural|reentry,Primary care|Behavioral health|Emergency services|Sliding-fee care|Specialist referrals,Santa Rosa,Santa Rosa,single,accepts_criminal_record
266,CareerSource — St. Johns County Career Center,employment,St. Augustine / St. Johns County,"CareerSource St. Johns County in St. Augustine connects job seekers including justice-involved adults from St. Johns County jails and Florida Department of Corrections (FDC) custody to WIOA-funded training, resume assistance, fair-chance employment navigation, and CareerSource Florida online job matching across rural St. Johns County. Staff link returning citizens to DCF MyACCESS benefits, local FQHC healthcare, and food banks. Free core career services—not emergency cash or housing placement.","CareerSource del condado St. Johns en St. Augustine conecta buscadores de empleo incluidos adultos con antecedentes penales de cárceles del condado St. Johns y custodia FDC con capacitación WIOA, ayuda con currículum y navegación de empleo de segunda oportunidad en el condado St. Johns. Servicios básicos de carrera gratuitos, no asistencia de efectivo ni vivienda de emergencia.",5000-1 Norwood Avenue,St. Augustine,904-723-2000,,https://careersourceflorida.com,Open to St. Johns County job seekers including justice-involved individuals; core CareerSource services are free.,Abierto a buscadores de empleo del condado St. Johns incluidas personas con antecedentes penales; servicios básicos gratuitos.,Register at careersourceflorida.com; call 904-723-2000; pairs with St. Johns County DCF ACCESS and local healthcare partners.,Regístrese en careersourceflorida.com; llame al 904-723-2000; se vincula con DCF ACCESS del condado St. Johns.,Monday–Friday business hours; call ahead in rural counties,st-johns|employment|careersource|WIOA|reentry|fair-chance,Job search assistance|Resume preparation|WIOA training referrals|Fair-chance employment|Career coaching,St. Johns,St. Johns,single,accepts_criminal_record
267,Flagler Health+,healthcare,St. Augustine / St. Johns County,"Flagler Health+ provides primary care, behavioral health, emergency services, and community health outreach for St. Johns County residents including uninsured and Florida Medicaid patients such as returning citizens establishing local medical care after release from FDC custody or St. Johns County jails. FQHC and hospital partners coordinate with DCF MyACCESS Medicaid enrollment and CareerSource employment programs. Direct clinical services—not a walk-in benefits or probation office.","Flagler Health+ brinda atención primaria, salud conductual y servicios comunitarios para residentes del condado St. Johns incluidos pacientes sin seguro y Medicaid de Florida como ciudadanos que regresan que establecen atención médica local después de la liberación de custodia FDC o cárceles del condado St. Johns. Servicios clínicos directos, no oficina de beneficios ni de probatoria.",5000-1 Norwood Avenue,St. Augustine,904-819-4000,,https://www.flaglerhealth.org,Open to St. Johns County residents; sliding-fee and Medicaid patients welcome including justice-involved adults.,Abierto a residentes del condado St. Johns; pacientes con tarifa móvil y Medicaid bienvenidos.,Call 904-819-4000 for appointments; pairs with CareerSource St. Johns and county DCF ACCESS office.,Llame al 904-819-4000 para citas; se vincula con CareerSource St. Johns y DCF ACCESS del condado.,Emergency 24/7 at hospital sites; clinic hours vary—call ahead,st-johns|healthcare|FQHC|rural|reentry,Primary care|Behavioral health|Emergency services|Sliding-fee care|Specialist referrals,St. Johns,St. Johns,single,accepts_criminal_record
268,CareerSource — St. Lucie County Career Center,employment,Fort Pierce / St. Lucie County,"CareerSource St. Lucie County in Fort Pierce connects job seekers including justice-involved adults from St. Lucie County jails and Florida Department of Corrections (FDC) custody to WIOA-funded training, resume assistance, fair-chance employment navigation, and CareerSource Florida online job matching across rural St. Lucie County. Staff link returning citizens to DCF MyACCESS benefits, local FQHC healthcare, and food banks. Free core career services—not emergency cash or housing placement.","CareerSource del condado St. Lucie en Fort Pierce conecta buscadores de empleo incluidos adultos con antecedentes penales de cárceles del condado St. Lucie y custodia FDC con capacitación WIOA, ayuda con currículum y navegación de empleo de segunda oportunidad en el condado St. Lucie. Servicios básicos de carrera gratuitos, no asistencia de efectivo ni vivienda de emergencia.","801 Dixon Boulevard, Suite 1103",Fort Pierce,772-778-5600,,https://careersourceflorida.com,Open to St. Lucie County job seekers including justice-involved individuals; core CareerSource services are free.,Abierto a buscadores de empleo del condado St. Lucie incluidas personas con antecedentes penales; servicios básicos gratuitos.,Register at careersourceflorida.com; call 772-778-5600; pairs with St. Lucie County DCF ACCESS and local healthcare partners.,Regístrese en careersourceflorida.com; llame al 772-778-5600; se vincula con DCF ACCESS del condado St. Lucie.,Monday–Friday business hours; call ahead in rural counties,st-lucie|employment|careersource|WIOA|reentry|fair-chance,Job search assistance|Resume preparation|WIOA training referrals|Fair-chance employment|Career coaching,St. Lucie,St. Lucie,single,accepts_criminal_record
269,Treasure Coast Community Health — Fort Pierce,healthcare,Fort Pierce / St. Lucie County,"Treasure Coast Community Health — Fort Pierce provides primary care, behavioral health, emergency services, and community health outreach for St. Lucie County residents including uninsured and Florida Medicaid patients such as returning citizens establishing local medical care after release from FDC custody or St. Lucie County jails. FQHC and hospital partners coordinate with DCF MyACCESS Medicaid enrollment and CareerSource employment programs. Direct clinical services—not a walk-in benefits or probation office.","Treasure Coast Community Health — Fort Pierce brinda atención primaria, salud conductual y servicios comunitarios para residentes del condado St. Lucie incluidos pacientes sin seguro y Medicaid de Florida como ciudadanos que regresan que establecen atención médica local después de la liberación de custodia FDC o cárceles del condado St. Lucie. Servicios clínicos directos, no oficina de beneficios ni de probatoria.","801 Dixon Boulevard, Suite 1103",Fort Pierce,772-465-8950,,https://www.tcchinc.org,Open to St. Lucie County residents; sliding-fee and Medicaid patients welcome including justice-involved adults.,Abierto a residentes del condado St. Lucie; pacientes con tarifa móvil y Medicaid bienvenidos.,Call 772-465-8950 for appointments; pairs with CareerSource St. Lucie and county DCF ACCESS office.,Llame al 772-465-8950 para citas; se vincula con CareerSource St. Lucie y DCF ACCESS del condado.,Emergency 24/7 at hospital sites; clinic hours vary—call ahead,st-lucie|healthcare|FQHC|rural|reentry,Primary care|Behavioral health|Emergency services|Sliding-fee care|Specialist referrals,St. Lucie,St. Lucie,single,accepts_criminal_record
270,CareerSource — Sumter County Career Center,employment,Bushnell / Sumter County,"CareerSource Sumter County in Bushnell connects job seekers including justice-involved adults from Sumter County jails and Florida Department of Corrections (FDC) custody to WIOA-funded training, resume assistance, fair-chance employment navigation, and CareerSource Florida online job matching across rural Sumter County. Staff link returning citizens to DCF MyACCESS benefits, local FQHC healthcare, and food banks. Free core career services—not emergency cash or housing placement.","CareerSource del condado Sumter en Bushnell conecta buscadores de empleo incluidos adultos con antecedentes penales de cárceles del condado Sumter y custodia FDC con capacitación WIOA, ayuda con currículum y navegación de empleo de segunda oportunidad en el condado Sumter. Servicios básicos de carrera gratuitos, no asistencia de efectivo ni vivienda de emergencia.",212 S Apopka Avenue,Bushnell,352-732-3000,,https://careersourceflorida.com,Open to Sumter County job seekers including justice-involved individuals; core CareerSource services are free.,Abierto a buscadores de empleo del condado Sumter incluidas personas con antecedentes penales; servicios básicos gratuitos.,Register at careersourceflorida.com; call 352-732-3000; pairs with Sumter County DCF ACCESS and local healthcare partners.,Regístrese en careersourceflorida.com; llame al 352-732-3000; se vincula con DCF ACCESS del condado Sumter.,Monday–Friday business hours; call ahead in rural counties,sumter|employment|careersource|WIOA|reentry|fair-chance,Job search assistance|Resume preparation|WIOA training referrals|Fair-chance employment|Career coaching,Sumter,Sumter,single,accepts_criminal_record
271,Village Medical Center — The Villages,healthcare,The Villages / Sumter County,"Village Medical Center — The Villages provides primary care, behavioral health, emergency services, and community health outreach for Sumter County residents including uninsured and Florida Medicaid patients such as returning citizens establishing local medical care after release from FDC custody or Sumter County jails. FQHC and hospital partners coordinate with DCF MyACCESS Medicaid enrollment and CareerSource employment programs. Direct clinical services—not a walk-in benefits or probation office.","Village Medical Center — The Villages brinda atención primaria, salud conductual y servicios comunitarios para residentes del condado Sumter incluidos pacientes sin seguro y Medicaid de Florida como ciudadanos que regresan que establecen atención médica local después de la liberación de custodia FDC o cárceles del condado Sumter. Servicios clínicos directos, no oficina de beneficios ni de probatoria.",212 S Apopka Avenue,The Villages,352-751-8777,,https://www.themvdc.com,Open to Sumter County residents; sliding-fee and Medicaid patients welcome including justice-involved adults.,Abierto a residentes del condado Sumter; pacientes con tarifa móvil y Medicaid bienvenidos.,Call 352-751-8777 for appointments; pairs with CareerSource Sumter and county DCF ACCESS office.,Llame al 352-751-8777 para citas; se vincula con CareerSource Sumter y DCF ACCESS del condado.,Emergency 24/7 at hospital sites; clinic hours vary—call ahead,sumter|healthcare|FQHC|rural|reentry,Primary care|Behavioral health|Emergency services|Sliding-fee care|Specialist referrals,Sumter,Sumter,single,accepts_criminal_record
272,CareerSource — Suwannee County Career Center,employment,Live Oak / Suwannee County,"CareerSource Suwannee County in Live Oak connects job seekers including justice-involved adults from Suwannee County jails and Florida Department of Corrections (FDC) custody to WIOA-funded training, resume assistance, fair-chance employment navigation, and CareerSource Florida online job matching across rural Suwannee County. Staff link returning citizens to DCF MyACCESS benefits, local FQHC healthcare, and food banks. Free core career services—not emergency cash or housing placement.","CareerSource del condado Suwannee en Live Oak conecta buscadores de empleo incluidos adultos con antecedentes penales de cárceles del condado Suwannee y custodia FDC con capacitación WIOA, ayuda con currículum y navegación de empleo de segunda oportunidad en el condado Suwannee. Servicios básicos de carrera gratuitos, no asistencia de efectivo ni vivienda de emergencia.","1000 NE 16th Avenue, Building J",Live Oak,386-719-6200,,https://careersourceflorida.com,Open to Suwannee County job seekers including justice-involved individuals; core CareerSource services are free.,Abierto a buscadores de empleo del condado Suwannee incluidas personas con antecedentes penales; servicios básicos gratuitos.,Register at careersourceflorida.com; call 386-719-6200; pairs with Suwannee County DCF ACCESS and local healthcare partners.,Regístrese en careersourceflorida.com; llame al 386-719-6200; se vincula con DCF ACCESS del condado Suwannee.,Monday–Friday business hours; call ahead in rural counties,suwannee|employment|careersource|WIOA|reentry|fair-chance,Job search assistance|Resume preparation|WIOA training referrals|Fair-chance employment|Career coaching,Suwannee,Suwannee,single,accepts_criminal_record
273,Suwannee County Health Department,healthcare,Live Oak / Suwannee County,"Suwannee County Health Department provides primary care, behavioral health, emergency services, and community health outreach for Suwannee County residents including uninsured and Florida Medicaid patients such as returning citizens establishing local medical care after release from FDC custody or Suwannee County jails. FQHC and hospital partners coordinate with DCF MyACCESS Medicaid enrollment and CareerSource employment programs. Direct clinical services—not a walk-in benefits or probation office.","Suwannee County Health Department brinda atención primaria, salud conductual y servicios comunitarios para residentes del condado Suwannee incluidos pacientes sin seguro y Medicaid de Florida como ciudadanos que regresan que establecen atención médica local después de la liberación de custodia FDC o cárceles del condado Suwannee. Servicios clínicos directos, no oficina de beneficios ni de probatoria.","1000 NE 16th Avenue, Building J",Live Oak,386-362-2708,,https://suwannee.floridahealth.gov,Open to Suwannee County residents; sliding-fee and Medicaid patients welcome including justice-involved adults.,Abierto a residentes del condado Suwannee; pacientes con tarifa móvil y Medicaid bienvenidos.,Call 386-362-2708 for appointments; pairs with CareerSource Suwannee and county DCF ACCESS office.,Llame al 386-362-2708 para citas; se vincula con CareerSource Suwannee y DCF ACCESS del condado.,Emergency 24/7 at hospital sites; clinic hours vary—call ahead,suwannee|healthcare|FQHC|rural|reentry,Primary care|Behavioral health|Emergency services|Sliding-fee care|Specialist referrals,Suwannee,Suwannee,single,accepts_criminal_record
274,CareerSource — Taylor County Career Center,employment,Perry / Taylor County,"CareerSource Taylor County in Perry connects job seekers including justice-involved adults from Taylor County jails and Florida Department of Corrections (FDC) custody to WIOA-funded training, resume assistance, fair-chance employment navigation, and CareerSource Florida online job matching across rural Taylor County. Staff link returning citizens to DCF MyACCESS benefits, local FQHC healthcare, and food banks. Free core career services—not emergency cash or housing placement.","CareerSource del condado Taylor en Perry conecta buscadores de empleo incluidos adultos con antecedentes penales de cárceles del condado Taylor y custodia FDC con capacitación WIOA, ayuda con currículum y navegación de empleo de segunda oportunidad en el condado Taylor. Servicios básicos de carrera gratuitos, no asistencia de efectivo ni vivienda de emergencia.","1000 NE 16th Avenue, Building J",Perry,386-719-6200,,https://careersourceflorida.com,Open to Taylor County job seekers including justice-involved individuals; core CareerSource services are free.,Abierto a buscadores de empleo del condado Taylor incluidas personas con antecedentes penales; servicios básicos gratuitos.,Register at careersourceflorida.com; call 386-719-6200; pairs with Taylor County DCF ACCESS and local healthcare partners.,Regístrese en careersourceflorida.com; llame al 386-719-6200; se vincula con DCF ACCESS del condado Taylor.,Monday–Friday business hours; call ahead in rural counties,taylor|employment|careersource|WIOA|reentry|fair-chance,Job search assistance|Resume preparation|WIOA training referrals|Fair-chance employment|Career coaching,Taylor,Taylor,single,accepts_criminal_record
275,Taylor County Hospital,healthcare,Perry / Taylor County,"Taylor County Hospital provides primary care, behavioral health, emergency services, and community health outreach for Taylor County residents including uninsured and Florida Medicaid patients such as returning citizens establishing local medical care after release from FDC custody or Taylor County jails. FQHC and hospital partners coordinate with DCF MyACCESS Medicaid enrollment and CareerSource employment programs. Direct clinical services—not a walk-in benefits or probation office.","Taylor County Hospital brinda atención primaria, salud conductual y servicios comunitarios para residentes del condado Taylor incluidos pacientes sin seguro y Medicaid de Florida como ciudadanos que regresan que establecen atención médica local después de la liberación de custodia FDC o cárceles del condado Taylor. Servicios clínicos directos, no oficina de beneficios ni de probatoria.","1000 NE 16th Avenue, Building J",Perry,850-584-0800,,https://www.tchospital.com,Open to Taylor County residents; sliding-fee and Medicaid patients welcome including justice-involved adults.,Abierto a residentes del condado Taylor; pacientes con tarifa móvil y Medicaid bienvenidos.,Call 850-584-0800 for appointments; pairs with CareerSource Taylor and county DCF ACCESS office.,Llame al 850-584-0800 para citas; se vincula con CareerSource Taylor y DCF ACCESS del condado.,Emergency 24/7 at hospital sites; clinic hours vary—call ahead,taylor|healthcare|FQHC|rural|reentry,Primary care|Behavioral health|Emergency services|Sliding-fee care|Specialist referrals,Taylor,Taylor,single,accepts_criminal_record
276,CareerSource — Union County Career Center,employment,Lake Butler / Union County,"CareerSource Union County in Lake Butler connects job seekers including justice-involved adults from Union County jails and Florida Department of Corrections (FDC) custody to WIOA-funded training, resume assistance, fair-chance employment navigation, and CareerSource Florida online job matching across rural Union County. Staff link returning citizens to DCF MyACCESS benefits, local FQHC healthcare, and food banks. Free core career services—not emergency cash or housing placement.","CareerSource del condado Union en Lake Butler conecta buscadores de empleo incluidos adultos con antecedentes penales de cárceles del condado Union y custodia FDC con capacitación WIOA, ayuda con currículum y navegación de empleo de segunda oportunidad en el condado Union. Servicios básicos de carrera gratuitos, no asistencia de efectivo ni vivienda de emergencia.","1000 NE 16th Avenue, Building J",Lake Butler,386-719-6200,,https://careersourceflorida.com,Open to Union County job seekers including justice-involved individuals; core CareerSource services are free.,Abierto a buscadores de empleo del condado Union incluidas personas con antecedentes penales; servicios básicos gratuitos.,Register at careersourceflorida.com; call 386-719-6200; pairs with Union County DCF ACCESS and local healthcare partners.,Regístrese en careersourceflorida.com; llame al 386-719-6200; se vincula con DCF ACCESS del condado Union.,Monday–Friday business hours; call ahead in rural counties,union|employment|careersource|WIOA|reentry|fair-chance,Job search assistance|Resume preparation|WIOA training referrals|Fair-chance employment|Career coaching,Union,Union,single,accepts_criminal_record
277,Union County Health Department,healthcare,Lake Butler / Union County,"Union County Health Department provides primary care, behavioral health, emergency services, and community health outreach for Union County residents including uninsured and Florida Medicaid patients such as returning citizens establishing local medical care after release from FDC custody or Union County jails. FQHC and hospital partners coordinate with DCF MyACCESS Medicaid enrollment and CareerSource employment programs. Direct clinical services—not a walk-in benefits or probation office.","Union County Health Department brinda atención primaria, salud conductual y servicios comunitarios para residentes del condado Union incluidos pacientes sin seguro y Medicaid de Florida como ciudadanos que regresan que establecen atención médica local después de la liberación de custodia FDC o cárceles del condado Union. Servicios clínicos directos, no oficina de beneficios ni de probatoria.","1000 NE 16th Avenue, Building J",Lake Butler,386-496-3211,,https://union.floridahealth.gov,Open to Union County residents; sliding-fee and Medicaid patients welcome including justice-involved adults.,Abierto a residentes del condado Union; pacientes con tarifa móvil y Medicaid bienvenidos.,Call 386-496-3211 for appointments; pairs with CareerSource Union and county DCF ACCESS office.,Llame al 386-496-3211 para citas; se vincula con CareerSource Union y DCF ACCESS del condado.,Emergency 24/7 at hospital sites; clinic hours vary—call ahead,union|healthcare|FQHC|rural|reentry,Primary care|Behavioral health|Emergency services|Sliding-fee care|Specialist referrals,Union,Union,single,accepts_criminal_record
278,CareerSource — Wakulla County Career Center,employment,Crawfordville / Wakulla County,"CareerSource Wakulla County in Crawfordville connects job seekers including justice-involved adults from Wakulla County jails and Florida Department of Corrections (FDC) custody to WIOA-funded training, resume assistance, fair-chance employment navigation, and CareerSource Florida online job matching across rural Wakulla County. Staff link returning citizens to DCF MyACCESS benefits, local FQHC healthcare, and food banks. Free core career services—not emergency cash or housing placement.","CareerSource del condado Wakulla en Crawfordville conecta buscadores de empleo incluidos adultos con antecedentes penales de cárceles del condado Wakulla y custodia FDC con capacitación WIOA, ayuda con currículum y navegación de empleo de segunda oportunidad en el condado Wakulla. Servicios básicos de carrera gratuitos, no asistencia de efectivo ni vivienda de emergencia.","2810 Sharer Road, Unit 24",Crawfordville,850-921-8400,,https://careersourceflorida.com,Open to Wakulla County job seekers including justice-involved individuals; core CareerSource services are free.,Abierto a buscadores de empleo del condado Wakulla incluidas personas con antecedentes penales; servicios básicos gratuitos.,Register at careersourceflorida.com; call 850-921-8400; pairs with Wakulla County DCF ACCESS and local healthcare partners.,Regístrese en careersourceflorida.com; llame al 850-921-8400; se vincula con DCF ACCESS del condado Wakulla.,Monday–Friday business hours; call ahead in rural counties,wakulla|employment|careersource|WIOA|reentry|fair-chance,Job search assistance|Resume preparation|WIOA training referrals|Fair-chance employment|Career coaching,Wakulla,Wakulla,single,accepts_criminal_record
279,Wakulla County Health Department,healthcare,Crawfordville / Wakulla County,"Wakulla County Health Department provides primary care, behavioral health, emergency services, and community health outreach for Wakulla County residents including uninsured and Florida Medicaid patients such as returning citizens establishing local medical care after release from FDC custody or Wakulla County jails. FQHC and hospital partners coordinate with DCF MyACCESS Medicaid enrollment and CareerSource employment programs. Direct clinical services—not a walk-in benefits or probation office.","Wakulla County Health Department brinda atención primaria, salud conductual y servicios comunitarios para residentes del condado Wakulla incluidos pacientes sin seguro y Medicaid de Florida como ciudadanos que regresan que establecen atención médica local después de la liberación de custodia FDC o cárceles del condado Wakulla. Servicios clínicos directos, no oficina de beneficios ni de probatoria.","2810 Sharer Road, Unit 24",Crawfordville,850-926-0401,,https://wakulla.floridahealth.gov,Open to Wakulla County residents; sliding-fee and Medicaid patients welcome including justice-involved adults.,Abierto a residentes del condado Wakulla; pacientes con tarifa móvil y Medicaid bienvenidos.,Call 850-926-0401 for appointments; pairs with CareerSource Wakulla and county DCF ACCESS office.,Llame al 850-926-0401 para citas; se vincula con CareerSource Wakulla y DCF ACCESS del condado.,Emergency 24/7 at hospital sites; clinic hours vary—call ahead,wakulla|healthcare|FQHC|rural|reentry,Primary care|Behavioral health|Emergency services|Sliding-fee care|Specialist referrals,Wakulla,Wakulla,single,accepts_criminal_record
280,CareerSource — Walton County Career Center,employment,DeFuniak Springs / Walton County,"CareerSource Walton County in DeFuniak Springs connects job seekers including justice-involved adults from Walton County jails and Florida Department of Corrections (FDC) custody to WIOA-funded training, resume assistance, fair-chance employment navigation, and CareerSource Florida online job matching across rural Walton County. Staff link returning citizens to DCF MyACCESS benefits, local FQHC healthcare, and food banks. Free core career services—not emergency cash or housing placement.","CareerSource del condado Walton en DeFuniak Springs conecta buscadores de empleo incluidos adultos con antecedentes penales de cárceles del condado Walton y custodia FDC con capacitación WIOA, ayuda con currículum y navegación de empleo de segunda oportunidad en el condado Walton. Servicios básicos de carrera gratuitos, no asistencia de efectivo ni vivienda de emergencia.","33 Brent Lane, Suite 103",DeFuniak Springs,850-595-8900,,https://careersourceflorida.com,Open to Walton County job seekers including justice-involved individuals; core CareerSource services are free.,Abierto a buscadores de empleo del condado Walton incluidas personas con antecedentes penales; servicios básicos gratuitos.,Register at careersourceflorida.com; call 850-595-8900; pairs with Walton County DCF ACCESS and local healthcare partners.,Regístrese en careersourceflorida.com; llame al 850-595-8900; se vincula con DCF ACCESS del condado Walton.,Monday–Friday business hours; call ahead in rural counties,walton|employment|careersource|WIOA|reentry|fair-chance,Job search assistance|Resume preparation|WIOA training referrals|Fair-chance employment|Career coaching,Walton,Walton,single,accepts_criminal_record
281,Sacred Heart Hospital on the Emerald Coast,healthcare,Miramar Beach / Walton County,"Sacred Heart Hospital on the Emerald Coast provides primary care, behavioral health, emergency services, and community health outreach for Walton County residents including uninsured and Florida Medicaid patients such as returning citizens establishing local medical care after release from FDC custody or Walton County jails. FQHC and hospital partners coordinate with DCF MyACCESS Medicaid enrollment and CareerSource employment programs. Direct clinical services—not a walk-in benefits or probation office.","Sacred Heart Hospital on the Emerald Coast brinda atención primaria, salud conductual y servicios comunitarios para residentes del condado Walton incluidos pacientes sin seguro y Medicaid de Florida como ciudadanos que regresan que establecen atención médica local después de la liberación de custodia FDC o cárceles del condado Walton. Servicios clínicos directos, no oficina de beneficios ni de probatoria.","33 Brent Lane, Suite 103",Miramar Beach,850-278-3000,,https://www.ascension.org,Open to Walton County residents; sliding-fee and Medicaid patients welcome including justice-involved adults.,Abierto a residentes del condado Walton; pacientes con tarifa móvil y Medicaid bienvenidos.,Call 850-278-3000 for appointments; pairs with CareerSource Walton and county DCF ACCESS office.,Llame al 850-278-3000 para citas; se vincula con CareerSource Walton y DCF ACCESS del condado.,Emergency 24/7 at hospital sites; clinic hours vary—call ahead,walton|healthcare|FQHC|rural|reentry,Primary care|Behavioral health|Emergency services|Sliding-fee care|Specialist referrals,Walton,Walton,single,accepts_criminal_record
282,CareerSource — Washington County Career Center,employment,Chipley / Washington County,"CareerSource Washington County in Chipley connects job seekers including justice-involved adults from Washington County jails and Florida Department of Corrections (FDC) custody to WIOA-funded training, resume assistance, fair-chance employment navigation, and CareerSource Florida online job matching across rural Washington County. Staff link returning citizens to DCF MyACCESS benefits, local FQHC healthcare, and food banks. Free core career services—not emergency cash or housing placement.","CareerSource del condado Washington en Chipley conecta buscadores de empleo incluidos adultos con antecedentes penales de cárceles del condado Washington y custodia FDC con capacitación WIOA, ayuda con currículum y navegación de empleo de segunda oportunidad en el condado Washington. Servicios básicos de carrera gratuitos, no asistencia de efectivo ni vivienda de emergencia.",2505 West 15th Street,Chipley,850-747-5400,,https://careersourceflorida.com,Open to Washington County job seekers including justice-involved individuals; core CareerSource services are free.,Abierto a buscadores de empleo del condado Washington incluidas personas con antecedentes penales; servicios básicos gratuitos.,Register at careersourceflorida.com; call 850-747-5400; pairs with Washington County DCF ACCESS and local healthcare partners.,Regístrese en careersourceflorida.com; llame al 850-747-5400; se vincula con DCF ACCESS del condado Washington.,Monday–Friday business hours; call ahead in rural counties,washington|employment|careersource|WIOA|reentry|fair-chance,Job search assistance|Resume preparation|WIOA training referrals|Fair-chance employment|Career coaching,Washington,Washington,single,accepts_criminal_record
283,Washington County Health Department,healthcare,Chipley / Washington County,"Washington County Health Department provides primary care, behavioral health, emergency services, and community health outreach for Washington County residents including uninsured and Florida Medicaid patients such as returning citizens establishing local medical care after release from FDC custody or Washington County jails. FQHC and hospital partners coordinate with DCF MyACCESS Medicaid enrollment and CareerSource employment programs. Direct clinical services—not a walk-in benefits or probation office.","Washington County Health Department brinda atención primaria, salud conductual y servicios comunitarios para residentes del condado Washington incluidos pacientes sin seguro y Medicaid de Florida como ciudadanos que regresan que establecen atención médica local después de la liberación de custodia FDC o cárceles del condado Washington. Servicios clínicos directos, no oficina de beneficios ni de probatoria.",2505 West 15th Street,Chipley,850-638-6240,,https://washington.floridahealth.gov,Open to Washington County residents; sliding-fee and Medicaid patients welcome including justice-involved adults.,Abierto a residentes del condado Washington; pacientes con tarifa móvil y Medicaid bienvenidos.,Call 850-638-6240 for appointments; pairs with CareerSource Washington and county DCF ACCESS office.,Llame al 850-638-6240 para citas; se vincula con CareerSource Washington y DCF ACCESS del condado.,Emergency 24/7 at hospital sites; clinic hours vary—call ahead,washington|healthcare|FQHC|rural|reentry,Primary care|Behavioral health|Emergency services|Sliding-fee care|Specialist referrals,Washington,Washington,single,accepts_criminal_record
284,Alpha House — Transitional Housing,housing,St. Petersburg / Pinellas County,"Alpha House — Transitional Housing provides emergency shelter, transitional housing, or rapid rehousing for homeless and justice-involved adults in Pinellas County. Staff connect justice-involved adults from FDC custody and Pinellas County jails to MyACCESS benefits, CareerSource employment, and local reentry partners across St. Petersburg / Pinellas County. Direct program services—not emergency cash assistance or a general probation reporting office unless noted.","Alpha House — Transitional Housing ofrece refugio de emergencia, vivienda transicional o realojamiento rápido para adultos sin hogar y con antecedentes penales en el condado Pinellas. El personal conecta a adultos con antecedentes penales de custodia FDC y cárceles del condado Pinellas con beneficios MyACCESS, empleo CareerSource y aliados locales de reinserción en St. Petersburg / Pinellas County.",701 3rd Avenue North,St. Petersburg,727-822-4958,,https://www.alphahousepinellas.org,Homeless and at-risk Pinellas County residents; justice-involved welcome per program.,Residentes sin hogar y en riesgo del condado Pinellas.,Call 727-822-4958 for housing intake.,Llame al 727-822-4958.,Contact for hours,pinellas|housing|reentry,Emergency shelter|Transitional housing|Case management|Rental assistance|Benefits navigation,Pinellas,Pinellas,single,accepts_criminal_record
285,Catholic Charities — Hope House,housing,Tampa / Hillsborough County,"Catholic Charities — Hope House provides emergency shelter, transitional housing, or rapid rehousing for homeless and justice-involved adults in Hillsborough County. Staff connect justice-involved adults from FDC custody and Hillsborough County jails to MyACCESS benefits, CareerSource employment, and local reentry partners across Tampa / Hillsborough County. Direct program services—not emergency cash assistance or a general probation reporting office unless noted.","Catholic Charities — Hope House ofrece refugio de emergencia, vivienda transicional o realojamiento rápido para adultos sin hogar y con antecedentes penales en el condado Hillsborough. El personal conecta a adultos con antecedentes penales de custodia FDC y cárceles del condado Hillsborough con beneficios MyACCESS, empleo CareerSource y aliados locales de reinserción en Tampa / Hillsborough County.",2021 E Busch Boulevard,Tampa,813-375-3939,,https://www.ccstpete.org,Homeless and at-risk Hillsborough County residents; justice-involved welcome per program.,Residentes sin hogar y en riesgo del condado Hillsborough.,Call 813-375-3939 for housing intake.,Llame al 813-375-3939.,Contact for hours,hillsborough|housing|reentry,Emergency shelter|Transitional housing|Case management|Rental assistance|Benefits navigation,Hillsborough,Hillsborough,single,accepts_criminal_record
286,Covenant House Florida,housing,Orlando / Orange County,"Covenant House Florida provides emergency shelter, transitional housing, or rapid rehousing for homeless and justice-involved adults in Orange County. Staff connect justice-involved adults from FDC custody and Orange County jails to MyACCESS benefits, CareerSource employment, and local reentry partners across Orlando / Orange County. Direct program services—not emergency cash assistance or a general probation reporting office unless noted.","Covenant House Florida ofrece refugio de emergencia, vivienda transicional o realojamiento rápido para adultos sin hogar y con antecedentes penales en el condado Orange. El personal conecta a adultos con antecedentes penales de custodia FDC y cárceles del condado Orange con beneficios MyACCESS, empleo CareerSource y aliados locales de reinserción en Orlando / Orange County.",5931 E Colonial Drive,Orlando,407-482-0404,,https://www.covenanthousefl.org,Homeless and at-risk Orange County residents; justice-involved welcome per program.,Residentes sin hogar y en riesgo del condado Orange.,Call 407-482-0404 for housing intake.,Llame al 407-482-0404.,Contact for hours,orange|housing|reentry,Emergency shelter|Transitional housing|Case management|Rental assistance|Benefits navigation,Orange,Orange,single,accepts_criminal_record
287,Hubbard House — DV Shelter,housing,Jacksonville / Duval County,"Hubbard House — DV Shelter provides emergency shelter, transitional housing, or rapid rehousing for homeless and justice-involved adults in Duval County. Staff connect justice-involved adults from FDC custody and Duval County jails to MyACCESS benefits, CareerSource employment, and local reentry partners across Jacksonville / Duval County. Direct program services—not emergency cash assistance or a general probation reporting office unless noted.","Hubbard House — DV Shelter ofrece refugio de emergencia, vivienda transicional o realojamiento rápido para adultos sin hogar y con antecedentes penales en el condado Duval. El personal conecta a adultos con antecedentes penales de custodia FDC y cárceles del condado Duval con beneficios MyACCESS, empleo CareerSource y aliados locales de reinserción en Jacksonville / Duval County.",6629 Beach Boulevard,Jacksonville,904-354-3116,,https://www.hubbardhouse.org,Homeless and at-risk Duval County residents; justice-involved welcome per program.,Residentes sin hogar y en riesgo del condado Duval.,Call 904-354-3116 for housing intake.,Llame al 904-354-3116.,Contact for hours,duval|housing|reentry,Emergency shelter|Transitional housing|Case management|Rental assistance|Benefits navigation,Duval,Duval,single,accepts_criminal_record
288,Lee County Homeless Coalition,housing,Fort Myers / Lee County,"Lee County Homeless Coalition provides emergency shelter, transitional housing, or rapid rehousing for homeless and justice-involved adults in Lee County. Staff connect justice-involved adults from FDC custody and Lee County jails to MyACCESS benefits, CareerSource employment, and local reentry partners across Fort Myers / Lee County. Direct program services—not emergency cash assistance or a general probation reporting office unless noted.","Lee County Homeless Coalition ofrece refugio de emergencia, vivienda transicional o realojamiento rápido para adultos sin hogar y con antecedentes penales en el condado Lee. El personal conecta a adultos con antecedentes penales de custodia FDC y cárceles del condado Lee con beneficios MyACCESS, empleo CareerSource y aliados locales de reinserción en Fort Myers / Lee County.",2525 Cleveland Avenue,Fort Myers,239-322-6600,,https://www.lchc.net,Homeless and at-risk Lee County residents; justice-involved welcome per program.,Residentes sin hogar y en riesgo del condado Lee.,Call 239-322-6600 for housing intake.,Llame al 239-322-6600.,Contact for hours,lee|housing|reentry,Emergency shelter|Transitional housing|Case management|Rental assistance|Benefits navigation,Lee,Lee,single,accepts_criminal_record
289,Salvation Army — Red Shield Center,housing,West Palm Beach / Palm Beach County,"Salvation Army — Red Shield Center provides emergency shelter, transitional housing, or rapid rehousing for homeless and justice-involved adults in Palm Beach County. Staff connect justice-involved adults from FDC custody and Palm Beach County jails to MyACCESS benefits, CareerSource employment, and local reentry partners across West Palm Beach / Palm Beach County. Direct program services—not emergency cash assistance or a general probation reporting office unless noted.","Salvation Army — Red Shield Center ofrece refugio de emergencia, vivienda transicional o realojamiento rápido para adultos sin hogar y con antecedentes penales en el condado Palm Beach. El personal conecta a adultos con antecedentes penales de custodia FDC y cárceles del condado Palm Beach con beneficios MyACCESS, empleo CareerSource y aliados locales de reinserción en West Palm Beach / Palm Beach County.",1035 N K Street,West Palm Beach,561-833-4141,,https://www.salvationarmyflorida.org,Homeless and at-risk Palm Beach County residents; justice-involved welcome per program.,Residentes sin hogar y en riesgo del condado Palm Beach.,Call 561-833-4141 for housing intake.,Llame al 561-833-4141.,Contact for hours,palm-beach|housing|reentry,Emergency shelter|Transitional housing|Case management|Rental assistance|Benefits navigation,Palm Beach,Palm Beach,single,accepts_criminal_record
290,The Lord's Place — Reentry Housing,housing,West Palm Beach / Palm Beach County,"The Lord's Place — Reentry Housing provides emergency shelter, transitional housing, or rapid rehousing for homeless and justice-involved adults in Palm Beach County. Staff connect justice-involved adults from FDC custody and Palm Beach County jails to MyACCESS benefits, CareerSource employment, and local reentry partners across West Palm Beach / Palm Beach County. Direct program services—not emergency cash assistance or a general probation reporting office unless noted.","The Lord's Place — Reentry Housing ofrece refugio de emergencia, vivienda transicional o realojamiento rápido para adultos sin hogar y con antecedentes penales en el condado Palm Beach. El personal conecta a adultos con antecedentes penales de custodia FDC y cárceles del condado Palm Beach con beneficios MyACCESS, empleo CareerSource y aliados locales de reinserción en West Palm Beach / Palm Beach County.",1754 N Australian Avenue,West Palm Beach,561-494-0125,,https://www.thelordsplace.org,Homeless and at-risk Palm Beach County residents; justice-involved welcome per program.,Residentes sin hogar y en riesgo del condado Palm Beach.,Call 561-494-0125 for housing intake.,Llame al 561-494-0125.,Contact for hours,palm-beach|housing|reentry,Emergency shelter|Transitional housing|Case management|Rental assistance|Benefits navigation,Palm Beach,Palm Beach,single,accepts_criminal_record
291,Volunteers of America — Reentry,housing,Miami / Miami-Dade County,"Volunteers of America — Reentry provides emergency shelter, transitional housing, or rapid rehousing for homeless and justice-involved adults in Miami-Dade County. Staff connect justice-involved adults from FDC custody and Miami-Dade County jails to MyACCESS benefits, CareerSource employment, and local reentry partners across Miami / Miami-Dade County. Direct program services—not emergency cash assistance or a general probation reporting office unless noted.","Volunteers of America — Reentry ofrece refugio de emergencia, vivienda transicional o realojamiento rápido para adultos sin hogar y con antecedentes penales en el condado Miami-Dade. El personal conecta a adultos con antecedentes penales de custodia FDC y cárceles del condado Miami-Dade con beneficios MyACCESS, empleo CareerSource y aliados locales de reinserción en Miami / Miami-Dade County.",1200 NW 7th Avenue,Miami,305-326-4199,,https://www.voaflorida.org,Homeless and at-risk Miami-Dade County residents; justice-involved welcome per program.,Residentes sin hogar y en riesgo del condado Miami-Dade.,Call 305-326-4199 for housing intake.,Llame al 305-326-4199.,Contact for hours,miami-dade|housing|reentry,Emergency shelter|Transitional housing|Case management|Rental assistance|Benefits navigation,Miami-Dade,Miami-Dade,single,accepts_criminal_record
292,PACE Center for Transitional Housing,housing,Daytona Beach / Volusia County,"PACE Center for Transitional Housing provides emergency shelter, transitional housing, or rapid rehousing for homeless and justice-involved adults in Volusia County. Staff connect justice-involved adults from FDC custody and Volusia County jails to MyACCESS benefits, CareerSource employment, and local reentry partners across Daytona Beach / Volusia County. Direct program services—not emergency cash assistance or a general probation reporting office unless noted.","PACE Center for Transitional Housing ofrece refugio de emergencia, vivienda transicional o realojamiento rápido para adultos sin hogar y con antecedentes penales en el condado Volusia. El personal conecta a adultos con antecedentes penales de custodia FDC y cárceles del condado Volusia con beneficios MyACCESS, empleo CareerSource y aliados locales de reinserción en Daytona Beach / Volusia County.",325 S Beach Street,Daytona Beach,386-253-3333,,https://www.volusia.org,Homeless and at-risk Volusia County residents; justice-involved welcome per program.,Residentes sin hogar y en riesgo del condado Volusia.,Call 386-253-3333 for housing intake.,Llame al 386-253-3333.,Contact for hours,volusia|housing|reentry,Emergency shelter|Transitional housing|Case management|Rental assistance|Benefits navigation,Volusia,Volusia,single,accepts_criminal_record
293,Tampa Bay Community Network — Shelter,housing,Tampa / Hillsborough County,"Tampa Bay Community Network — Shelter provides emergency shelter, transitional housing, or rapid rehousing for homeless and justice-involved adults in Hillsborough County. Staff connect justice-involved adults from FDC custody and Hillsborough County jails to MyACCESS benefits, CareerSource employment, and local reentry partners across Tampa / Hillsborough County. Direct program services—not emergency cash assistance or a general probation reporting office unless noted.","Tampa Bay Community Network — Shelter ofrece refugio de emergencia, vivienda transicional o realojamiento rápido para adultos sin hogar y con antecedentes penales en el condado Hillsborough. El personal conecta a adultos con antecedentes penales de custodia FDC y cárceles del condado Hillsborough con beneficios MyACCESS, empleo CareerSource y aliados locales de reinserción en Tampa / Hillsborough County.",2818 W Cypress Street,Tampa,813-223-2111,,https://www.metromin.org,Homeless and at-risk Hillsborough County residents; justice-involved welcome per program.,Residentes sin hogar y en riesgo del condado Hillsborough.,Call 813-223-2111 for housing intake.,Llame al 813-223-2111.,Contact for hours,hillsborough|housing|reentry,Emergency shelter|Transitional housing|Case management|Rental assistance|Benefits navigation,Hillsborough,Hillsborough,single,accepts_criminal_record
294,Brevard Homeless Coalition,housing,Melbourne / Brevard County,"Brevard Homeless Coalition provides emergency shelter, transitional housing, or rapid rehousing for homeless and justice-involved adults in Brevard County. Staff connect justice-involved adults from FDC custody and Brevard County jails to MyACCESS benefits, CareerSource employment, and local reentry partners across Melbourne / Brevard County. Direct program services—not emergency cash assistance or a general probation reporting office unless noted.","Brevard Homeless Coalition ofrece refugio de emergencia, vivienda transicional o realojamiento rápido para adultos sin hogar y con antecedentes penales en el condado Brevard. El personal conecta a adultos con antecedentes penales de custodia FDC y cárceles del condado Brevard con beneficios MyACCESS, empleo CareerSource y aliados locales de reinserción en Melbourne / Brevard County.",2805 W New Haven Avenue,Melbourne,321-775-1660,,https://www.brevardhomeless.org,Homeless and at-risk Brevard County residents; justice-involved welcome per program.,Residentes sin hogar y en riesgo del condado Brevard.,Call 321-775-1660 for housing intake.,Llame al 321-775-1660.,Contact for hours,brevard|housing|reentry,Emergency shelter|Transitional housing|Case management|Rental assistance|Benefits navigation,Brevard,Brevard,single,accepts_criminal_record
295,Suncoast Partnership to End Homelessness,housing,Sarasota / Sarasota County,"Suncoast Partnership to End Homelessness provides emergency shelter, transitional housing, or rapid rehousing for homeless and justice-involved adults in Sarasota County. Staff connect justice-involved adults from FDC custody and Sarasota County jails to MyACCESS benefits, CareerSource employment, and local reentry partners across Sarasota / Sarasota County. Direct program services—not emergency cash assistance or a general probation reporting office unless noted.","Suncoast Partnership to End Homelessness ofrece refugio de emergencia, vivienda transicional o realojamiento rápido para adultos sin hogar y con antecedentes penales en el condado Sarasota. El personal conecta a adultos con antecedentes penales de custodia FDC y cárceles del condado Sarasota con beneficios MyACCESS, empleo CareerSource y aliados locales de reinserción en Sarasota / Sarasota County.",1750 17th Street,Sarasota,941-955-8987,,https://www.suncoastpartnership.com,Homeless and at-risk Sarasota County residents; justice-involved welcome per program.,Residentes sin hogar y en riesgo del condado Sarasota.,Call 941-955-8987 for housing intake.,Llame al 941-955-8987.,Contact for hours,sarasota|housing|reentry,Emergency shelter|Transitional housing|Case management|Rental assistance|Benefits navigation,Sarasota,Sarasota,single,accepts_criminal_record
296,Broward College — Adult Education,education,Fort Lauderdale / Broward County,"Broward College — Adult Education offers GED preparation, adult basic education, and workforce credentials for Broward County residents including returning citizens. Staff connect justice-involved adults from FDC custody and Broward County jails to MyACCESS benefits, CareerSource employment, and local reentry partners across Fort Lauderdale / Broward County. Direct program services—not emergency cash assistance or a general probation reporting office unless noted.","Broward College — Adult Education ofrece preparación GED, educación básica para adultos y credenciales laborales para residentes del condado Broward incluidos ciudadanos que regresan. El personal conecta a adultos con antecedentes penales de custodia FDC y cárceles del condado Broward con beneficios MyACCESS, empleo CareerSource y aliados locales de reinserción en Fort Lauderdale / Broward County.",111 E Las Olas Boulevard,Fort Lauderdale,954-201-7400,,https://www.broward.edu,Adults 16+ in Broward County seeking GED or workforce training.,Adultos de 16+ años en el condado Broward.,Contact 954-201-7400 to enroll.,Contacte al 954-201-7400.,Semester schedule,broward|education|GED|reentry,GED preparation|Adult education|Workforce certificates|Career counseling|Testing services,Broward,Broward,single,accepts_criminal_record
297,Eastern Florida State College — GED,education,Cocoa / Brevard County,"Eastern Florida State College — GED offers GED preparation, adult basic education, and workforce credentials for Brevard County residents including returning citizens. Staff connect justice-involved adults from FDC custody and Brevard County jails to MyACCESS benefits, CareerSource employment, and local reentry partners across Cocoa / Brevard County. Direct program services—not emergency cash assistance or a general probation reporting office unless noted.","Eastern Florida State College — GED ofrece preparación GED, educación básica para adultos y credenciales laborales para residentes del condado Brevard incluidos ciudadanos que regresan. El personal conecta a adultos con antecedentes penales de custodia FDC y cárceles del condado Brevard con beneficios MyACCESS, empleo CareerSource y aliados locales de reinserción en Cocoa / Brevard County.",1519 Clearlake Road,Cocoa,321-632-1111,,https://www.easternflorida.edu,Adults 16+ in Brevard County seeking GED or workforce training.,Adultos de 16+ años en el condado Brevard.,Contact 321-632-1111 to enroll.,Contacte al 321-632-1111.,Semester schedule,brevard|education|GED|reentry,GED preparation|Adult education|Workforce certificates|Career counseling|Testing services,Brevard,Brevard,single,accepts_criminal_record
298,Gulf Coast State College — Adult Ed,education,Panama City / Bay County,"Gulf Coast State College — Adult Ed offers GED preparation, adult basic education, and workforce credentials for Bay County residents including returning citizens. Staff connect justice-involved adults from FDC custody and Bay County jails to MyACCESS benefits, CareerSource employment, and local reentry partners across Panama City / Bay County. Direct program services—not emergency cash assistance or a general probation reporting office unless noted.","Gulf Coast State College — Adult Ed ofrece preparación GED, educación básica para adultos y credenciales laborales para residentes del condado Bay incluidos ciudadanos que regresan. El personal conecta a adultos con antecedentes penales de custodia FDC y cárceles del condado Bay con beneficios MyACCESS, empleo CareerSource y aliados locales de reinserción en Panama City / Bay County.",5230 W US Highway 98,Panama City,850-769-1551,,https://www.gulfcoast.edu,Adults 16+ in Bay County seeking GED or workforce training.,Adultos de 16+ años en el condado Bay.,Contact 850-769-1551 to enroll.,Contacte al 850-769-1551.,Semester schedule,bay|education|GED|reentry,GED preparation|Adult education|Workforce certificates|Career counseling|Testing services,Bay,Bay,single,accepts_criminal_record
299,Indian River State College — GED,education,Fort Pierce / St. Lucie County,"Indian River State College — GED offers GED preparation, adult basic education, and workforce credentials for St. Lucie County residents including returning citizens. Staff connect justice-involved adults from FDC custody and St. Lucie County jails to MyACCESS benefits, CareerSource employment, and local reentry partners across Fort Pierce / St. Lucie County. Direct program services—not emergency cash assistance or a general probation reporting office unless noted.","Indian River State College — GED ofrece preparación GED, educación básica para adultos y credenciales laborales para residentes del condado St. Lucie incluidos ciudadanos que regresan. El personal conecta a adultos con antecedentes penales de custodia FDC y cárceles del condado St. Lucie con beneficios MyACCESS, empleo CareerSource y aliados locales de reinserción en Fort Pierce / St. Lucie County.",3209 Virginia Avenue,Fort Pierce,772-462-4770,,https://www.irsc.edu,Adults 16+ in St. Lucie County seeking GED or workforce training.,Adultos de 16+ años en el condado St. Lucie.,Contact 772-462-4770 to enroll.,Contacte al 772-462-4770.,Semester schedule,st-lucie|education|GED|reentry,GED preparation|Adult education|Workforce certificates|Career counseling|Testing services,St. Lucie,St. Lucie,single,accepts_criminal_record
300,Lake-Sumter State College — Adult Ed,education,Leesburg / Lake County,"Lake-Sumter State College — Adult Ed offers GED preparation, adult basic education, and workforce credentials for Lake County residents including returning citizens. Staff connect justice-involved adults from FDC custody and Lake County jails to MyACCESS benefits, CareerSource employment, and local reentry partners across Leesburg / Lake County. Direct program services—not emergency cash assistance or a general probation reporting office unless noted.","Lake-Sumter State College — Adult Ed ofrece preparación GED, educación básica para adultos y credenciales laborales para residentes del condado Lake incluidos ciudadanos que regresan. El personal conecta a adultos con antecedentes penales de custodia FDC y cárceles del condado Lake con beneficios MyACCESS, empleo CareerSource y aliados locales de reinserción en Leesburg / Lake County.",9501 US Highway 441,Leesburg,352-787-3747,,https://www.lssc.edu,Adults 16+ in Lake County seeking GED or workforce training.,Adultos de 16+ años en el condado Lake.,Contact 352-787-3747 to enroll.,Contacte al 352-787-3747.,Semester schedule,lake|education|GED|reentry,GED preparation|Adult education|Workforce certificates|Career counseling|Testing services,Lake,Lake,single,accepts_criminal_record
301,Seminole State College — GED,education,Sanford / Seminole County,"Seminole State College — GED offers GED preparation, adult basic education, and workforce credentials for Seminole County residents including returning citizens. Staff connect justice-involved adults from FDC custody and Seminole County jails to MyACCESS benefits, CareerSource employment, and local reentry partners across Sanford / Seminole County. Direct program services—not emergency cash assistance or a general probation reporting office unless noted.","Seminole State College — GED ofrece preparación GED, educación básica para adultos y credenciales laborales para residentes del condado Seminole incluidos ciudadanos que regresan. El personal conecta a adultos con antecedentes penales de custodia FDC y cárceles del condado Seminole con beneficios MyACCESS, empleo CareerSource y aliados locales de reinserción en Sanford / Seminole County.",100 Weldon Boulevard,Sanford,407-708-4722,,https://www.seminolestate.edu,Adults 16+ in Seminole County seeking GED or workforce training.,Adultos de 16+ años en el condado Seminole.,Contact 407-708-4722 to enroll.,Contacte al 407-708-4722.,Semester schedule,seminole|education|GED|reentry,GED preparation|Adult education|Workforce certificates|Career counseling|Testing services,Seminole,Seminole,single,accepts_criminal_record
302,Operation Sacred Trust — VA Housing,veterans,Miami / Miami-Dade County,"Operation Sacred Trust — VA Housing serves homeless and justice-involved veterans in Miami-Dade County with housing, benefits, and peer support. Staff connect justice-involved adults from FDC custody and Miami-Dade County jails to MyACCESS benefits, CareerSource employment, and local reentry partners across Miami / Miami-Dade County. Direct program services—not emergency cash assistance or a general probation reporting office unless noted.","Operation Sacred Trust — VA Housing sirve a veteranos sin hogar y con antecedentes penales en el condado Miami-Dade con vivienda, beneficios y apoyo entre pares. El personal conecta a adultos con antecedentes penales de custodia FDC y cárceles del condado Miami-Dade con beneficios MyACCESS, empleo CareerSource y aliados locales de reinserción en Miami / Miami-Dade County.",750 NW 20th Street,Miami,855-778-3411,,https://www.va.gov,Veterans in Miami-Dade County; DD-214 or veteran status required.,Veteranos en el condado Miami-Dade; se requiere estatus de veterano.,Call 855-778-3411 for veteran intake.,Llame al 855-778-3411.,Monday–Friday,miami-dade|veterans|reentry,Veteran housing|VA benefits help|Peer support|Employment referrals|Case management,Miami-Dade,Miami-Dade,single,accepts_criminal_record
303,Veterans Florida — Career Services,veterans,Tallahassee / Leon County,"Veterans Florida — Career Services serves homeless and justice-involved veterans in Leon County with housing, benefits, and peer support. Staff connect justice-involved adults from FDC custody and Leon County jails to MyACCESS benefits, CareerSource employment, and local reentry partners across Tallahassee / Leon County. Direct program services—not emergency cash assistance or a general probation reporting office unless noted.","Veterans Florida — Career Services sirve a veteranos sin hogar y con antecedentes penales en el condado Leon con vivienda, beneficios y apoyo entre pares. El personal conecta a adultos con antecedentes penales de custodia FDC y cárceles del condado Leon con beneficios MyACCESS, empleo CareerSource y aliados locales de reinserción en Tallahassee / Leon County.",400 S Monroe Street,Tallahassee,727-319-7440,,https://www.veteransflorida.org,Veterans in Leon County; DD-214 or veteran status required.,Veteranos en el condado Leon; se requiere estatus de veterano.,Call 727-319-7440 for veteran intake.,Llame al 727-319-7440.,Monday–Friday,leon|veterans|reentry,Veteran housing|VA benefits help|Peer support|Employment referrals|Case management,Leon,Leon,single,accepts_criminal_record
304,NVHS — Northeast Florida Veterans,veterans,Jacksonville / Duval County,"NVHS — Northeast Florida Veterans serves homeless and justice-involved veterans in Duval County with housing, benefits, and peer support. Staff connect justice-involved adults from FDC custody and Duval County jails to MyACCESS benefits, CareerSource employment, and local reentry partners across Jacksonville / Duval County. Direct program services—not emergency cash assistance or a general probation reporting office unless noted.","NVHS — Northeast Florida Veterans sirve a veteranos sin hogar y con antecedentes penales en el condado Duval con vivienda, beneficios y apoyo entre pares. El personal conecta a adultos con antecedentes penales de custodia FDC y cárceles del condado Duval con beneficios MyACCESS, empleo CareerSource y aliados locales de reinserción en Jacksonville / Duval County.",40 E Adams Street,Jacksonville,904-723-5950,,https://www.nvhs.org,Veterans in Duval County; DD-214 or veteran status required.,Veteranos en el condado Duval; se requiere estatus de veterano.,Call 904-723-5950 for veteran intake.,Llame al 904-723-5950.,Monday–Friday,duval|veterans|reentry,Veteran housing|VA benefits help|Peer support|Employment referrals|Case management,Duval,Duval,single,accepts_criminal_record
305,Pinellas Hope — Veteran Shelter,veterans,Clearwater / Pinellas County,"Pinellas Hope — Veteran Shelter serves homeless and justice-involved veterans in Pinellas County with housing, benefits, and peer support. Staff connect justice-involved adults from FDC custody and Pinellas County jails to MyACCESS benefits, CareerSource employment, and local reentry partners across Clearwater / Pinellas County. Direct program services—not emergency cash assistance or a general probation reporting office unless noted.","Pinellas Hope — Veteran Shelter sirve a veteranos sin hogar y con antecedentes penales en el condado Pinellas con vivienda, beneficios y apoyo entre pares. El personal conecta a adultos con antecedentes penales de custodia FDC y cárceles del condado Pinellas con beneficios MyACCESS, empleo CareerSource y aliados locales de reinserción en Clearwater / Pinellas County.",5726 126th Avenue North,Clearwater,727-442-5052,,https://www.catholiccharitiesdosp.org,Veterans in Pinellas County; DD-214 or veteran status required.,Veteranos en el condado Pinellas; se requiere estatus de veterano.,Call 727-442-5052 for veteran intake.,Llame al 727-442-5052.,Monday–Friday,pinellas|veterans|reentry,Veteran housing|VA benefits help|Peer support|Employment referrals|Case management,Pinellas,Pinellas,single,accepts_criminal_record
306,Veterans Alternative — Wellness,veterans,Holiday / Pasco County,"Veterans Alternative — Wellness serves homeless and justice-involved veterans in Pasco County with housing, benefits, and peer support. Staff connect justice-involved adults from FDC custody and Pasco County jails to MyACCESS benefits, CareerSource employment, and local reentry partners across Holiday / Pasco County. Direct program services—not emergency cash assistance or a general probation reporting office unless noted.","Veterans Alternative — Wellness sirve a veteranos sin hogar y con antecedentes penales en el condado Pasco con vivienda, beneficios y apoyo entre pares. El personal conecta a adultos con antecedentes penales de custodia FDC y cárceles del condado Pasco con beneficios MyACCESS, empleo CareerSource y aliados locales de reinserción en Holiday / Pasco County.",1750 Mile Stretch Drive,Holiday,727-939-4833,,https://www.veteransalternative.org,Veterans in Pasco County; DD-214 or veteran status required.,Veteranos en el condado Pasco; se requiere estatus de veterano.,Call 727-939-4833 for veteran intake.,Llame al 727-939-4833.,Monday–Friday,pasco|veterans|reentry,Veteran housing|VA benefits help|Peer support|Employment referrals|Case management,Pasco,Pasco,single,accepts_criminal_record
307,Wounded Warrior Project — Jacksonville,veterans,Jacksonville / Duval County,"Wounded Warrior Project — Jacksonville serves homeless and justice-involved veterans in Duval County with housing, benefits, and peer support. Staff connect justice-involved adults from FDC custody and Duval County jails to MyACCESS benefits, CareerSource employment, and local reentry partners across Jacksonville / Duval County. Direct program services—not emergency cash assistance or a general probation reporting office unless noted.","Wounded Warrior Project — Jacksonville sirve a veteranos sin hogar y con antecedentes penales en el condado Duval con vivienda, beneficios y apoyo entre pares. El personal conecta a adultos con antecedentes penales de custodia FDC y cárceles del condado Duval con beneficios MyACCESS, empleo CareerSource y aliados locales de reinserción en Jacksonville / Duval County.",4855 Town Center Parkway,Jacksonville,904-296-7350,,https://www.woundedwarriorproject.org,Veterans in Duval County; DD-214 or veteran status required.,Veteranos en el condado Duval; se requiere estatus de veterano.,Call 904-296-7350 for veteran intake.,Llame al 904-296-7350.,Monday–Friday,duval|veterans|reentry,Veteran housing|VA benefits help|Peer support|Employment referrals|Case management,Duval,Duval,single,accepts_criminal_record
308,Catholic Charities — St. Petersburg,basic-needs,St. Petersburg / Pinellas County,"Catholic Charities — St. Petersburg provides emergency food, utility assistance, and crisis navigation for low-income Pinellas County families including returning citizens. Staff connect justice-involved adults from FDC custody and Pinellas County jails to MyACCESS benefits, CareerSource employment, and local reentry partners across St. Petersburg / Pinellas County. Direct program services—not emergency cash assistance or a general probation reporting office unless noted.","Catholic Charities — St. Petersburg proporciona alimentos de emergencia, asistencia de servicios públicos y navegación de crisis para familias de bajos ingresos del condado Pinellas incluidos ciudadanos que regresan. El personal conecta a adultos con antecedentes penales de custodia FDC y cárceles del condado Pinellas con beneficios MyACCESS, empleo CareerSource y aliados locales de reinserción en St. Petersburg / Pinellas County.",14041 Icot Boulevard,St. Petersburg,727-893-1313,,https://www.ccdosp.org,Low-income Pinellas County residents; walk-in and referral intake.,Residentes de bajos ingresos del condado Pinellas.,Call 727-893-1313 for assistance.,Llame al 727-893-1313.,Monday–Friday,pinellas|basic-needs|reentry,Emergency food|Utility help|Crisis navigation|Referrals|Resource coordination,Pinellas,Pinellas,single,accepts_criminal_record
309,United Way Suncoast — Emergency,basic-needs,Tampa / Hillsborough County,"United Way Suncoast — Emergency provides emergency food, utility assistance, and crisis navigation for low-income Hillsborough County families including returning citizens. Staff connect justice-involved adults from FDC custody and Hillsborough County jails to MyACCESS benefits, CareerSource employment, and local reentry partners across Tampa / Hillsborough County. Direct program services—not emergency cash assistance or a general probation reporting office unless noted.","United Way Suncoast — Emergency proporciona alimentos de emergencia, asistencia de servicios públicos y navegación de crisis para familias de bajos ingresos del condado Hillsborough incluidos ciudadanos que regresan. El personal conecta a adultos con antecedentes penales de custodia FDC y cárceles del condado Hillsborough con beneficios MyACCESS, empleo CareerSource y aliados locales de reinserción en Tampa / Hillsborough County.",4925 Independence Parkway,Tampa,813-274-0900,,https://www.uwsuncoast.org,Low-income Hillsborough County residents; walk-in and referral intake.,Residentes de bajos ingresos del condado Hillsborough.,Call 813-274-0900 for assistance.,Llame al 813-274-0900.,Monday–Friday,hillsborough|basic-needs|reentry,Emergency food|Utility help|Crisis navigation|Referrals|Resource coordination,Hillsborough,Hillsborough,single,accepts_criminal_record
310,United Way of Broward — 211,basic-needs,Fort Lauderdale / Broward County,"United Way of Broward — 211 provides emergency food, utility assistance, and crisis navigation for low-income Broward County families including returning citizens. Staff connect justice-involved adults from FDC custody and Broward County jails to MyACCESS benefits, CareerSource employment, and local reentry partners across Fort Lauderdale / Broward County. Direct program services—not emergency cash assistance or a general probation reporting office unless noted.","United Way of Broward — 211 proporciona alimentos de emergencia, asistencia de servicios públicos y navegación de crisis para familias de bajos ingresos del condado Broward incluidos ciudadanos que regresan. El personal conecta a adultos con antecedentes penales de custodia FDC y cárceles del condado Broward con beneficios MyACCESS, empleo CareerSource y aliados locales de reinserción en Fort Lauderdale / Broward County.",1300 S Andrews Avenue,Fort Lauderdale,954-462-4850,,https://www.unitedwaybroward.org,Low-income Broward County residents; walk-in and referral intake.,Residentes de bajos ingresos del condado Broward.,Call 954-462-4850 for assistance.,Llame al 954-462-4850.,Monday–Friday,broward|basic-needs|reentry,Emergency food|Utility help|Crisis navigation|Referrals|Resource coordination,Broward,Broward,single,accepts_criminal_record
311,United Way of Miami-Dade,basic-needs,Miami / Miami-Dade County,"United Way of Miami-Dade provides emergency food, utility assistance, and crisis navigation for low-income Miami-Dade County families including returning citizens. Staff connect justice-involved adults from FDC custody and Miami-Dade County jails to MyACCESS benefits, CareerSource employment, and local reentry partners across Miami / Miami-Dade County. Direct program services—not emergency cash assistance or a general probation reporting office unless noted.","United Way of Miami-Dade proporciona alimentos de emergencia, asistencia de servicios públicos y navegación de crisis para familias de bajos ingresos del condado Miami-Dade incluidos ciudadanos que regresan. El personal conecta a adultos con antecedentes penales de custodia FDC y cárceles del condado Miami-Dade con beneficios MyACCESS, empleo CareerSource y aliados locales de reinserción en Miami / Miami-Dade County.",3250 SW 3rd Avenue,Miami,305-646-7000,,https://www.unitedwaymiami.org,Low-income Miami-Dade County residents; walk-in and referral intake.,Residentes de bajos ingresos del condado Miami-Dade.,Call 305-646-7000 for assistance.,Llame al 305-646-7000.,Monday–Friday,miami-dade|basic-needs|reentry,Emergency food|Utility help|Crisis navigation|Referrals|Resource coordination,Miami-Dade,Miami-Dade,single,accepts_criminal_record
312,We Care Jacksonville,basic-needs,Jacksonville / Duval County,"We Care Jacksonville provides emergency food, utility assistance, and crisis navigation for low-income Duval County families including returning citizens. Staff connect justice-involved adults from FDC custody and Duval County jails to MyACCESS benefits, CareerSource employment, and local reentry partners across Jacksonville / Duval County. Direct program services—not emergency cash assistance or a general probation reporting office unless noted.","We Care Jacksonville proporciona alimentos de emergencia, asistencia de servicios públicos y navegación de crisis para familias de bajos ingresos del condado Duval incluidos ciudadanos que regresan. El personal conecta a adultos con antecedentes penales de custodia FDC y cárceles del condado Duval con beneficios MyACCESS, empleo CareerSource y aliados locales de reinserción en Jacksonville / Duval County.",3563 Philips Highway,Jacksonville,904-281-3438,,https://www.wecarejacksonville.org,Low-income Duval County residents; walk-in and referral intake.,Residentes de bajos ingresos del condado Duval.,Call 904-281-3438 for assistance.,Llame al 904-281-3438.,Monday–Friday,duval|basic-needs|reentry,Emergency food|Utility help|Crisis navigation|Referrals|Resource coordination,Duval,Duval,single,accepts_criminal_record
313,Harry Chapin Food Bank — SWFL,basic-needs,Fort Myers / Lee County,"Harry Chapin Food Bank — SWFL provides emergency food, utility assistance, and crisis navigation for low-income Lee County families including returning citizens. Staff connect justice-involved adults from FDC custody and Lee County jails to MyACCESS benefits, CareerSource employment, and local reentry partners across Fort Myers / Lee County. Direct program services—not emergency cash assistance or a general probation reporting office unless noted.","Harry Chapin Food Bank — SWFL proporciona alimentos de emergencia, asistencia de servicios públicos y navegación de crisis para familias de bajos ingresos del condado Lee incluidos ciudadanos que regresan. El personal conecta a adultos con antecedentes penales de custodia FDC y cárceles del condado Lee con beneficios MyACCESS, empleo CareerSource y aliados locales de reinserción en Fort Myers / Lee County.",3760 Fowler Street,Fort Myers,239-334-7007,,https://www.harrychapinfoodbank.org,Low-income Lee County residents; walk-in and referral intake.,Residentes de bajos ingresos del condado Lee.,Call 239-334-7007 for assistance.,Llame al 239-334-7007.,Monday–Friday,lee|basic-needs|reentry,Emergency food|Utility help|Crisis navigation|Referrals|Resource coordination,Lee,Lee,single,accepts_criminal_record
314,Project Return — Peer Reentry,peer-support,Miami / Miami-Dade County,"Project Return provides peer-led reentry support groups for justice-involved Miami-Dade adults after FDC release. Staff connect justice-involved adults from FDC custody and Miami-Dade County jails to MyACCESS benefits, CareerSource employment, and local reentry partners across Miami / Miami-Dade County. Direct program services—not emergency cash assistance or a general probation reporting office unless noted.","Project Return ofrece grupos de apoyo de reinserción dirigidos por pares para adultos con antecedentes penales de Miami-Dade. El personal conecta a adultos con antecedentes penales de custodia FDC y cárceles del condado Miami-Dade con beneficios MyACCESS, empleo CareerSource y aliados locales de reinserción en Miami / Miami-Dade County. Contact the program directly to confirm current hours, eligibility, and intake requirements before visiting in person.",1000 NW 7th Avenue,Miami,305-633-2031,,https://www.projectreturnfl.org,Justice-involved Miami-Dade adults in reentry.,Adultos con antecedentes penales de Miami-Dade en reinserción.,Call 305-633-2031.,Llame al 305-633-2031.,Group schedule varies,miami|peer-support|reentry,Peer support|Reentry groups|Mentoring|Resource navigation|Crisis support,Miami-Dade,Miami-Dade,single,accepts_criminal_record
315,Bridges of America,reentry-organizations,Orlando / Orange County,"Bridges of America is Florida's largest private provider of FDC-contracted substance abuse treatment and community reentry programming, operating residential treatment and work-release bridge centers across the state for justice-involved adults preparing to transition from incarceration. The Orlando headquarters coordinates referrals to bridge centers in Gainesville, Jacksonville, Bradenton, Lake City, Cocoa, and Pompano Beach—not a walk-in emergency shelter or general probation office.","Bridges of America es el mayor proveedor privado de Florida de tratamiento de abuso de sustancias contratado por FDC y programación de reinserción comunitaria, operando centros puente de tratamiento residencial y liberación condicional de trabajo en todo el estado para adultos con antecedentes penales que se preparan para la transición desde la encarcelación. La sede de Orlando coordina referencias a centros puente en Gainesville, Jacksonville, Bradenton, Lake City, Cocoa y Pompano Beach—no es refugio de emergencia ni oficina general de libertad condicional.",2001 Mercy Drive,Orlando,407-218-4800,,https://bridgesinternational.net,Justice-involved adults in FDC custody referred to Bridges treatment or work-release programs; family inquiries welcome by phone.,Adultos con antecedentes penales en custodia FDC referidos a programas de tratamiento o liberación condicional de trabajo de Bridges; consultas familiares por teléfono.,Call 407-218-4800; program placement is through FDC classification and sentencing.,Llame al 407-218-4800; la colocación en el programa es a través de clasificación y sentencia de FDC.,Monday–Friday business hours,orlando|orange|reentry-organizations|substance-use|work-release,Substance abuse treatment|Work-release programming|Job skills training|Reentry preparation|FDC bridge center network,Orange,,statewide,accepts_criminal_record
316,Florida Supportive Housing Coalition,reentry-organizations,Tallahassee / Leon County,"Florida Supportive Housing Coalition connects returning citizens to supportive housing providers statewide. Staff connect justice-involved adults from FDC custody and Leon County jails to MyACCESS benefits, CareerSource employment, and local reentry partners across Tallahassee / Leon County. Direct program services—not emergency cash assistance or a general probation reporting office unless noted.","La Coalición de Vivienda de Apoyo de Florida conecta a ciudadanos que regresan con proveedores de vivienda de apoyo en todo el estado. El personal conecta a adultos con antecedentes penales de custodia FDC y cárceles del condado Leon con beneficios MyACCESS, empleo CareerSource y aliados locales de reinserción en Tallahassee / Leon County. Contact the program directly to confirm current hours, eligibility, and intake requirements before visiting in person.",227 N Bronough Street,Tallahassee,850-488-4197,,https://www.floridahousing.org,Returning citizens seeking supportive housing referrals.,Ciudadanos que regresan que buscan referencias de vivienda de apoyo.,Visit floridahousing.org.,Visite floridahousing.org.,Monday–Friday,statewide|reentry-organizations|housing,Housing referrals|Provider network|Policy resources|Training|Advocacy,Leon,Leon,statewide,accepts_criminal_record
317,Feeding Tampa Bay,food-nutrition,Tampa / Hillsborough County,"Feeding Tampa Bay distributes groceries to partner pantries across Hillsborough, Pinellas, Pasco, and Polk counties for food-insecure families including returning citizens. Staff connect justice-involved adults from FDC custody and Hillsborough County jails to MyACCESS benefits, CareerSource employment, and local reentry partners across Tampa / Hillsborough County. Direct program services—not emergency cash assistance or a general probation reporting office unless noted.","Feeding Tampa Bay distribuye comestibles a despensas asociadas en Hillsborough, Pinellas, Pasco y Polk para familias con inseguridad alimentaria incluidos ciudadanos que regresan. El personal conecta a adultos con antecedentes penales de custodia FDC y cárceles del condado Hillsborough con beneficios MyACCESS, empleo CareerSource y aliados locales de reinserción en Tampa / Hillsborough County.",4702 Transport Drive,Tampa,813-254-1190,,https://www.feedingtampabay.org,Food-insecure Tampa Bay residents via partner pantries.,Residentes del área de Tampa Bay con inseguridad alimentaria.,Find pantries at feedingtampabay.org.,Encuentre despensas en feedingtampabay.org.,Monday–Friday,tampa|hillsborough|food-nutrition|food-bank|reentry,Food distribution|Pantry network|SNAP guidance|Mobile pantries|Partner referrals,Hillsborough,Hillsborough,single,accepts_criminal_record
318,Gulfcoast Legal Services — St. Petersburg,legal-aid,St. Petersburg / Pinellas County,"Gulfcoast Legal Services provides free civil legal aid in Pinellas, Manatee, and Sarasota counties for low-income residents including returning citizens. Staff connect justice-involved adults from FDC custody and Pinellas County jails to MyACCESS benefits, CareerSource employment, and local reentry partners across St. Petersburg / Pinellas County. Direct program services—not emergency cash assistance or a general probation reporting office unless noted.","Gulfcoast Legal Services brinda ayuda legal civil gratuita en Pinellas, Manatee y Sarasota para residentes de bajos ingresos incluidos ciudadanos que regresan. El personal conecta a adultos con antecedentes penales de custodia FDC y cárceles del condado Pinellas con beneficios MyACCESS, empleo CareerSource y aliados locales de reinserción en St. Petersburg / Pinellas County.",501 1st Avenue North,St. Petersburg,727-821-0726,,https://www.gulfcoastlegal.org,"Low-income Pinellas, Manatee, Sarasota residents with civil legal needs.","Residentes de bajos ingresos de Pinellas, Manatee y Sarasota.",Call 727-821-0726 for intake.,Llame al 727-821-0726.,Monday–Friday,st-petersburg|pinellas|legal-aid|civil|reentry,Housing legal aid|Benefits appeals|Consumer law|Family law|Expungement guidance,Pinellas,Pinellas,single,accepts_criminal_record
319,Florida Peer Support Coalition,peer-support,Tallahassee / Leon County,"Florida Peer Support Coalition trains and connects certified peer specialists supporting justice-involved adults in recovery and reentry across Florida. Staff connect justice-involved adults from FDC custody and Leon County jails to MyACCESS benefits, CareerSource employment, and local reentry partners across Tallahassee / Leon County. Direct program services—not emergency cash assistance or a general probation reporting office unless noted.","Florida Peer Support Coalition capacita y conecta especialistas certificados entre pares que apoyan a adultos con antecedentes penales en recuperación y reinserción en Florida. El personal conecta a adultos con antecedentes penales de custodia FDC y cárceles del condado Leon con beneficios MyACCESS, empleo CareerSource y aliados locales de reinserción en Tallahassee / Leon County.",1311 N Paul Russell Road,Tallahassee,850-671-1025,,https://www.floridapeersupport.org,Justice-involved adults seeking peer support; certified peer specialists.,Adultos con antecedentes penales que buscan apoyo entre pares.,Visit floridapeersupport.org for local peers.,Visite floridapeersupport.org.,Monday–Friday,tallahassee|leon|peer-support|recovery|reentry,Certified peer support|Recovery coaching|Mentoring|Warm handoffs|Training,Leon,Leon,single,accepts_criminal_record
320,Florida Department of Law Enforcement — Criminal History,state-agency,Tallahassee / Leon County,"FDLE provides criminal history record checks and seal/expunge eligibility information needed by returning citizens seeking employment, housing, and occupational licensing across Florida. Staff connect justice-involved adults from FDC custody and Leon County jails to MyACCESS benefits, CareerSource employment, and local reentry partners across Tallahassee / Leon County. Direct program services—not emergency cash assistance or a general probation reporting office unless noted.","FDLE proporciona verificaciones de historial criminal e información de elegibilidad para sellar o eliminar antecedentes necesaria para ciudadanos que regresan que buscan empleo, vivienda y licencias ocupacionales en Florida. El personal conecta a adultos con antecedentes penales de custodia FDC y cárceles del condado Leon con beneficios MyACCESS, empleo CareerSource y aliados locales de reinserción en Tallahassee / Leon County.",2331 Phillips Road,Tallahassee,850-410-7000,,https://www.fdle.state.fl.us,Florida residents requesting criminal history records or seal/expunge information.,Residentes de Florida que solicitan registros de historial criminal o información de sellado.,Visit fdle.state.fl.us for record requests and seal/expunge guides.,Visite fdle.state.fl.us.,Monday–Friday,tallahassee|leon|state-agency|records|reentry,Criminal history checks|Seal and expunge info|Background check guidance|Record review|Licensing resources,Leon,Leon,single,accepts_criminal_record
321,Florida Department of Commerce — Reentry Employment,state-agency,Tallahassee / Leon County,"The Florida Department of Commerce coordinates statewide workforce and reentry employment initiatives linking returning citizens to CareerSource boards, apprenticeships, and fair-chance hiring programs. Staff connect justice-involved adults from FDC custody and Leon County jails to MyACCESS benefits, CareerSource employment, and local reentry partners across Tallahassee / Leon County. Direct program services—not emergency cash assistance or a general probation reporting office unless noted.","El Departamento de Comercio de Florida coordina iniciativas estatales de fuerza laboral y empleo de reinserción vinculando a ciudadanos que regresan con juntas CareerSource, aprendizajes y programas de contratación de segunda oportunidad. El personal conecta a adultos con antecedentes penales de custodia FDC y cárceles del condado Leon con beneficios MyACCESS, empleo CareerSource y aliados locales de reinserción en Tallahassee / Leon County.",2601 Blair Stone Road,Tallahassee,850-717-0442,,https://www.floridajobs.org,Returning citizens and employers seeking state reentry workforce programs.,Ciudadanos que regresan y empleadores que buscan programas estatales de reinserción laboral.,Visit floridajobs.org/reentry resources.,Visite floridajobs.org.,Monday–Friday,statewide|state-agency|employment|reentry|careersource,Workforce policy|Reentry employment programs|Apprenticeship referrals|Employer incentives|CareerSource linkage,Leon,Leon,statewide,accepts_criminal_record
322,CareerSource Suncoast — Manatee County,employment,Bradenton / Manatee County,"CareerSource Suncoast connects Manatee County job seekers—including justice-involved adults after FDC release or Manatee County Jail—to WIOA-funded career coaching, training referrals, and fair-chance employment navigation. Staff connect participants to MyACCESS benefits, local healthcare, and reentry partners—not emergency cash or probation reporting unless noted.","Servicios para residentes del condado Manatee incluidos adultos con antecedentes penales; el personal conecta con beneficios MyACCESS, salud local y aliados de reinserción.",3660 63rd Avenue East,Bradenton,941-358-4200,,https://careersourcesuncoast.com,Manatee County residents including justice-involved adults; core services free where noted.,Residentes del condado Manatee incluidos adultos con antecedentes penales.,Call 941-358-4200 for intake and hours.,Llame al 941-358-4200 para admisión y horario.,Monday–Friday business hours; call for current schedule,manatee|employment|reentry|fair-chance|florida,Employment assistance|Partner referrals|Benefits navigation,Manatee,Manatee,single,accepts_criminal_record
323,CareerSource Central Florida — Osceola County,employment,Kissimmee / Osceola County,"CareerSource Central Florida — Osceola County serves justice-involved adults and families rebuilding stability after incarceration in Osceola County. CareerSource Central Florida serves Osceola County with free career services linking returning citizens to training, job placement, and MyACCESS benefits navigation partners. Staff connect participants to MyACCESS benefits, local healthcare, and reentry partners—not emergency cash or probation reporting unless noted. Staff help justice-involved job seekers build work history, remove record-related barriers, and connect to fair-chance employers in the region. Contact this resource to confirm current intake steps, required documents, and whether walk-ins or referrals are accepted.","CareerSource Central Florida — Osceola County sirve a adultos con antecedentes penales y familias que reconstruyen estabilidad después de la encarcelación en condado de Osceola. El personal ayuda a quienes buscan empleo con antecedentes penales a construir historial laboral, reducir barreras por antecedentes y conectarse con empleadores de segunda oportunidad. Contacte este recurso para confirmar pasos de admisión, documentos requeridos y si aceptan visitas sin cita o referencias.",3501 W Vine Street,Kissimmee,407-531-1222,,https://careersourcecf.com,Osceola County residents including justice-involved adults; core services free where noted.,Residentes del condado Osceola incluidos adultos con antecedentes penales.,Call 407-531-1222 for intake and hours.,Llame al 407-531-1222 para admisión y horario.,Monday–Friday business hours; call for current schedule,osceola|employment|reentry|fair-chance|florida,Employment assistance|Partner referrals|Benefits navigation,Osceola,Osceola,single,accepts_criminal_record
324,AdventHealth Kissimmee (serves Osceola County),healthcare,Kissimmee / Osceola County,"AdventHealth Kissimmee (serves Osceola County) serves justice-involved adults and families rebuilding stability after incarceration in Osceola County. AdventHealth Kissimmee provides emergency and primary care for Osceola County residents including uninsured and Medicaid patients such as returning citizens establishing medical care. Staff connect participants to MyACCESS benefits, local healthcare, and reentry partners—not emergency cash or probation reporting unless noted. Services are available on a sliding fee or Medicaid basis for eligible patients; bring ID and release paperwork when establishing care after incarceration. Contact this resource to confirm current intake steps, required documents, and whether walk-ins or referrals are accepted.","AdventHealth Kissimmee (serves Osceola County) sirve a adultos con antecedentes penales y familias que reconstruyen estabilidad después de la encarcelación en condado de Osceola. Los servicios están disponibles con tarifa móvil o Medicaid para pacientes elegibles; lleve identificación y documentos de liberación al establecer atención después de la encarcelación. Contacte este recurso para confirmar pasos de admisión, documentos requeridos y si aceptan visitas sin cita o referencias.",2450 N Orange Blossom Trail,Kissimmee,407-847-9355,,https://www.adventhealth.com,Osceola County residents including justice-involved adults; core services free where noted.,Residentes del condado Osceola incluidos adultos con antecedentes penales.,Call 407-847-9355 for intake and hours.,Llame al 407-847-9355 para admisión y horario.,Monday–Friday business hours; call for current schedule,osceola|healthcare|reentry|fair-chance|florida,Employment assistance|Partner referrals|Benefits navigation,Osceola,Osceola,single,accepts_criminal_record
325,CareerSource Central Florida — Seminole County,employment,Sanford / Seminole County,"CareerSource Central Florida — Seminole County is a statewide or regional referral resource for Floridians affected by the criminal justice system. CareerSource Central Florida Seminole location connects justice-involved job seekers to WIOA career coaching, training, and fair-chance employer referrals across Sanford and Seminole County. Staff connect participants to MyACCESS benefits, local healthcare, and reentry partners—not emergency cash or probation reporting unless noted. Users can search by location, service type, or need to find active providers in Seminole County. Specialists or online tools help match people to housing, treatment, employment, legal aid, or benefits resources operated by other organizations. This entry describes a navigation hub—staff here do not replace direct services at partner agencies.","CareerSource Central Florida — Seminole County es un recurso de referencia estatal o regional para floridanos afectados por el sistema de justicia penal. Los usuarios pueden buscar por ubicación, tipo de servicio o necesidad para encontrar proveedores activos en condado de Seminole. Herramientas en línea o especialistas ayudan a conectar con vivienda, tratamiento, empleo, asistencia legal o beneficios operados por otras organizaciones. Esta entrada describe un centro de navegación—el personal no reemplaza servicios directos en agencias aliadas.",7450 Futures Drive,Sanford,407-531-1222,,https://careersourcecf.com,Seminole County residents including justice-involved adults; core services free where noted.,Residentes del condado Seminole incluidos adultos con antecedentes penales.,Call 407-531-1222 for intake and hours.,Llame al 407-531-1222 para admisión y horario.,Monday–Friday business hours; call for current schedule,seminole|employment|reentry|fair-chance|florida,Employment assistance|Partner referrals|Benefits navigation,Seminole,Seminole,single,
326,CareerSource Flagler Volusia — Volusia County,employment,Daytona Beach / Volusia County,"CareerSource Flagler Volusia provides free employment services for Volusia County residents including returning citizens from FDC custody and Volusia County corrections seeking job placement and training. Staff connect participants to MyACCESS benefits, local healthcare, and reentry partners—not emergency cash or probation reporting unless noted.","Servicios para residentes del condado Volusia incluidos adultos con antecedentes penales; el personal conecta con beneficios MyACCESS, salud local y aliados de reinserción.",3598 Forest Hill Boulevard,Daytona Beach,386-323-7071,,https://www.careersourcefv.com,Volusia County residents including justice-involved adults; core services free where noted.,Residentes del condado Volusia incluidos adultos con antecedentes penales.,Call 386-323-7071 for intake and hours.,Llame al 386-323-7071 para admisión y horario.,Monday–Friday business hours; call for current schedule,volusia|employment|reentry|fair-chance|florida,Employment assistance|Partner referrals|Benefits navigation,Volusia,Volusia,single,accepts_criminal_record
