id,name,category,region,description,description_es,address,city,phone,email,website,eligibility,eligibility_es,notes,notes_es,hours,tags,services,county,served_counties,coverage,intake_signals
1,MDOC — Reentry & Community Corrections,state-agency,Statewide,"The Mississippi Department of Corrections coordinates statewide reentry planning, pre-release programming, and community corrections supervision for individuals preparing to leave MDOC custody or under probation and parole across all 82 counties. Reentry staff connect returning citizens to MDHS benefits through access.ms.gov, Mississippi Works job centers, Division of Medicaid enrollment, and local treatment and housing partners before and after release. This office provides planning and referrals—not a walk-in crisis line or emergency cash provider.","El Departamento de Correcciones de Mississippi coordina la planificación estatal de reinserción, programación previa a la liberación y supervisión de correcciones comunitarias para personas que se preparan para salir de custodia de MDOC o bajo probatoria y libertad condicional en los 82 condados. El personal de reinserción conecta a ciudadanos que regresan con beneficios MDHS a través de access.ms.gov, centros Mississippi Works e inscripción en Medicaid. Esta oficina ofrece planificación y referencias, no es una línea de crisis ni proveedor de efectivo de emergencia.",633 North State Street,Jackson,601-359-5600,,https://www.mdoc.ms.gov,Individuals in MDOC custody preparing for release or under community supervision; community partners seeking MDOC reentry engagement.,Personas en custodia de MDOC que se preparan para la liberación o bajo supervisión comunitaria; aliados comunitarios que buscan coordinación de reinserción.,Visit mdoc.ms.gov for reentry resources; coordinate through facility reentry staff and assigned probation or parole officer after release.,Visite mdoc.ms.gov para recursos de reinserción; coordine a través del personal de reinserción de la instalación y el oficial de probatoria asignado.,State office Monday–Friday business hours,statewide|reentry|MDOC|DOC|pre-release|community-corrections,Pre-release planning|Community corrections coordination|Partner referrals|Reentry resource navigation|Supervision linkage,Hinds,,statewide,accepts_criminal_record
2,MDOC — Probation & Parole Field Operations,probation-parole,Statewide,"MDOC Probation and Parole Field Operations supervises adults on probation and parole through regional field offices across Mississippi, connecting supervisees to employment, treatment, and housing referrals as conditions of release. Field officers coordinate with Mississippi Works, MDHS benefits offices, DMH community mental health centers, and local reentry nonprofits in every region. Contact your assigned officer—not a walk-in benefits or emergency housing intake center.","Operaciones de Campo de Probatoria y Libertad Condicional de MDOC supervisa adultos en probatoria y libertad condicional a través de oficinas regionales en Mississippi, conectando supervisados con empleo, tratamiento y vivienda según condiciones de liberación. Los oficiales coordinan con Mississippi Works, oficinas MDHS y centros comunitarios de salud mental DMH. Contacte a su oficial asignado; no es un centro de admisión de beneficios o vivienda de emergencia.",633 North State Street,Jackson,601-359-5601,,https://www.mdoc.ms.gov/ProbationParole,Adults under MDOC probation or parole supervision in Mississippi; report to assigned field officer.,Adultos bajo supervisión probatoria o de libertad condicional de MDOC en Mississippi; reporte al oficial de campo asignado.,Find regional field office contacts at mdoc.ms.gov; statewide information 601-359-5601; ask your officer about local reentry referrals.,Encuentre contactos de oficinas regionales en mdoc.ms.gov; información estatal 601-359-5601; pregunte a su oficial sobre referencias locales.,Field offices typically Monday–Friday business hours,statewide|probation-parole|MDOC|parole|community-supervision|reentry,Probation supervision|Parole supervision|Community reporting|Treatment referrals|Reentry partner coordination,Hinds,,statewide,accepts_criminal_record
3,access.ms.gov — MDHS Benefits Portal,financial-assistance,Statewide,"access.ms.gov is Mississippi's official online portal for applying for and managing SNAP food assistance, Temporary Assistance for Needy Families (TANF) cash benefits, child care subsidies, and Medicaid application referrals through county MDHS Economic Assistance offices. Justice-involved Mississippians can apply for food and cash support after release from MDOC custody or county jails using the same account used by all 82 county MDHS offices statewide.","access.ms.gov es el portal en línea oficial de Mississippi para solicitar y administrar asistencia alimentaria SNAP, beneficios en efectivo TANF, subsidios de cuidado infantil y referencias de solicitud de Medicaid a través de oficinas de Asistencia Económica MDHS del condado. Los mississippianos en reinserción pueden solicitar apoyo alimentario y en efectivo después de la liberación.",,,800-948-3050,,https://access.ms.gov,"Mississippi residents meeting income and household-size requirements for SNAP, TANF, or child care assistance; criminal record generally not a barrier to SNAP eligibility.","Residentes de Mississippi que cumplan requisitos de ingresos y tamaño del hogar para SNAP, TANF o asistencia de cuidado infantil; los antecedentes penales generalmente no son barrera para SNAP.",Apply online at access.ms.gov; call 800-948-3050 for SNAP/TANF customer service; visit your county MDHS office for in-person verification.,Solicite en access.ms.gov; llame al 800-948-3050; visite su oficina MDHS del condado para verificación presencial.,Online 24/7; county MDHS office hours vary,statewide|benefits|SNAP|TANF|access-ms-gov|reentry,SNAP enrollment|TANF application|Child care subsidy applications|Medicaid referral|County MDHS office locator,,,statewide,accepts_criminal_record
4,Mississippi Division of Medicaid,healthcare,Statewide,"The Mississippi Division of Medicaid administers Medicaid and CHIP health coverage for eligible low-income residents statewide, including pregnant women, children, disabled adults, and certain low-income parents through managed care plans. Returning citizens can apply for Medicaid before or immediately after release to secure prescription and primary care coverage; recipient services staff help with enrollment questions and eligibility appeals by phone.","La División de Medicaid de Mississippi administra la cobertura Medicaid y CHIP para residentes elegibles de bajos ingresos en todo el estado, incluidas mujeres embarazadas, niños, adultos discapacitados y ciertos padres de bajos ingresos. Los ciudadanos que regresan pueden solicitar Medicaid antes o inmediatamente después de la liberación para asegurar cobertura de recetas y atención primaria.","550 High Street, Suite 1604",Jackson,800-421-2408,,https://medicaid.ms.gov,Mississippi residents meeting income and category requirements; Mississippi has not expanded Medicaid to all low-income adults.,Residentes de Mississippi que cumplan requisitos de ingresos y categoría; Mississippi no ha expandido Medicaid a todos los adultos de bajos ingresos.,Apply through access.ms.gov or call 800-421-2408; ask about disability-based categories and presumptive eligibility for pregnant applicants.,Solicite a través de access.ms.gov o llame al 800-421-2408; pregunte sobre categorías por discapacidad y elegibilidad presuntiva para embarazadas.,"Recipient call center Monday–Friday, 8:00 a.m.–5:00 p.m. CT",statewide|healthcare|Medicaid|health-insurance|reentry,Medicaid application assistance|Eligibility determination|Managed care plan navigation|Recipient services helpline|Appeals support,Hinds,,statewide,accepts_criminal_record
5,211 Mississippi,state-agency,Statewide,"211 Mississippi is a free statewide information and referral service connecting residents to health and human services including housing, food, utilities, employment, and crisis support across all 82 counties. United Way-supported navigators help callers find local programs by need and ZIP code through ms211.org and by dialing 211 from any Mississippi phone. 211 Mississippi is a referral service—not a direct-service provider.","211 Mississippi es un servicio gratuito de información y referencia estatal que conecta a residentes con servicios de salud y humanos incluyendo vivienda, alimentos, servicios públicos, empleo y apoyo en crisis en los 82 condados. Navegadores apoyados por United Way ayudan a encontrar programas locales por necesidad y código postal. Es un servicio de referencia, no un proveedor directo.",,,211,,https://www.ms211.org,Open to all Mississippi residents; no criminal-record restrictions stated.,Abierto a todos los residentes de Mississippi; sin restricciones de antecedentes indicadas.,Dial 211 from any Mississippi phone; search resources online at ms211.org; text your ZIP code to 898-211 where available.,Marque 211 desde cualquier teléfono de Mississippi; busque recursos en ms211.org; envíe su código postal al 898-211 donde esté disponible.,Available during published service hours; check ms211.org,statewide|hotline|211|referral-only|basic-needs,Information and referral|Housing resource navigation|Benefits referrals|Crisis resource connections|Local program search,,,statewide,
6,Mississippi Center for Legal Services — Statewide Intake,legal-aid,Statewide,"Mississippi Center for Legal Services is the state's primary nonprofit civil legal aid provider serving low-income Mississippians with housing, public benefits, family law, and criminal record relief including expungement under Mississippi law. Centralized statewide intake at 1-800-498-1804 routes callers to regional offices in Jackson, Hattiesburg, Gulfport, Tupelo, and Greenwood—not criminal defense representation.","Mississippi Center for Legal Services es el principal proveedor sin fines de lucro de asistencia legal civil del estado que sirve a personas de bajos ingresos con vivienda, beneficios públicos, derecho familiar y alivio de antecedentes penales incluida la expungación bajo la ley de Mississippi. La admisión centralizada enruta a oficinas regionales, no defensa penal.","206 East Capitol Street, Suite 700",Jackson,800-498-1804,,https://www.mslegalservices.org,Low-income Mississippi residents with non-criminal legal problems; LSC income limits apply; offense-type restrictions may apply for record relief eligibility.,Residentes de Mississippi de bajos ingresos con problemas legales no penales; aplican límites de ingresos LSC; pueden aplicar restricciones por tipo de delito para alivio de antecedentes.,Apply online at mslegalservices.org or call 1-800-498-1804; regional offices serve specific counties listed on the website.,Solicite en mslegalservices.org o llame al 1-800-498-1804; las oficinas regionales sirven condados específicos listados en el sitio web.,Intake Monday–Friday business hours; online application 24/7,statewide|legal-aid|low-income|expungement|hotline,Civil legal representation|Expungement assistance|Housing legal aid|Benefits advocacy|Regional office referrals,Hinds,,statewide,
7,Mississippi Works — WIN Job Center Network,employment,Statewide,"Mississippi Works is the statewide workforce development network operated through the Mississippi Department of Employment Security, connecting job seekers in all 82 counties to WIN Job Centers, career coaching, WIOA training referrals, and fair-chance employment navigation. Justice-involved adults leaving MDOC custody or county jails can register at msworks.ms.gov for free core services at local one-stop centers. Workforce services—not emergency cash or housing placement.","Mississippi Works es la red estatal de desarrollo de la fuerza laboral operada por el Departamento de Seguridad del Empleo de Mississippi, conectando buscadores de empleo en los 82 condados con centros WIN Job Center, coaching de carrera y referencias de capacitación WIOA. Los adultos con antecedentes penales pueden registrarse en msworks.ms.gov para servicios básicos gratuitos.",1230 Raymond Road,Jackson,601-321-6000,,https://msworks.ms.gov,Open to Mississippi job seekers including justice-involved individuals; core Mississippi Works services are free.,Abierto a buscadores de empleo de Mississippi incluidas personas con antecedentes penales; servicios básicos gratuitos.,Register at msworks.ms.gov; find your nearest WIN Job Center by ZIP code; pairs with MDHS benefits and MDRS vocational rehabilitation.,Regístrese en msworks.ms.gov; encuentre su WIN Job Center más cercano por código postal; se vincula con beneficios MDHS y rehabilitación vocacional MDRS.,WIN Job Centers typically Monday–Friday business hours,statewide|employment|mississippi-works|WIN|WIOA|fair-chance|reentry,Career coaching|Resume assistance|WIOA training referrals|Job search tools|Fair-chance employment navigation,Hinds,,statewide,accepts_criminal_record
8,MDRS — Vocational Rehabilitation Services,employment,Statewide,"The Mississippi Department of Rehabilitation Services helps Mississippians with disabilities—including justice-involved individuals with qualifying disabilities—prepare for, obtain, and maintain employment through vocational counseling, assistive technology, training, and job placement at district offices statewide. VR counselors coordinate with Mississippi Works, Division of Medicaid behavioral health providers, and MDOC reentry staff on individualized employment plans. VR eligibility requires a documented disability affecting employment—not general reentry case management.","El Departamento de Servicios de Rehabilitación de Mississippi ayuda a mississippianos con discapacidades—incluidas personas con antecedentes penales con discapacidades calificadas—a prepararse, obtener y mantener empleo mediante consejería vocacional, tecnología de asistencia y colocación laboral. La elegibilidad VR requiere una discapacidad documentada que afecte el empleo.",1270 Eastover Drive,Jackson,800-443-1000,,https://www.mdrs.ms.gov,Mississippi residents with a physical or mental disability that is a substantial barrier to employment; justice-involved applicants welcome if VR eligible.,Residentes de Mississippi con una discapacidad física o mental que sea una barrera sustancial al empleo; solicitantes con antecedentes penales bienvenidos si son elegibles para VR.,Apply at mdrs.ms.gov or call 800-443-1000; district office locations listed on the MDRS website.,Solicite en mdrs.ms.gov o llame al 800-443-1000; las ubicaciones de oficinas de distrito están en el sitio web de MDRS.,District offices Monday–Friday business hours,statewide|employment|MDRS|vocational-rehabilitation|disability|reentry,Vocational counseling|Job placement|Assistive technology|Skills training|Disability employment supports,Hinds,,statewide,accepts_criminal_record
9,Mississippi Veterans Affairs,veterans,Statewide,"The Mississippi Veterans Affairs Board helps justice-involved veterans access VA benefits, disability claims, education benefits, and housing resources through county veterans service officers across all 82 counties. Veterans released from incarceration may qualify for VA health care, vocational rehabilitation, and veterans treatment court supports. Benefits navigation and claims advocacy—not emergency shelter.","La Junta de Asuntos de Veteranos de Mississippi ayuda a veteranos con antecedentes penales a acceder a beneficios del VA, reclamaciones de discapacidad, beneficios educativos y recursos de vivienda a través de oficiales de servicios para veteranos del condado en los 82 condados. Los veteranos liberados pueden calificar para atención médica del VA y tribunales de tratamiento para veteranos.",3463 Northside Drive,Jackson,601-576-4850,,https://www.msva.ms.gov,Honorably discharged or qualifying Mississippi veterans and their dependents; service documentation required.,Veteranos de Mississippi con baja honorable o calificados y sus dependientes; se requiere documentación de servicio.,Find your county veterans service officer at msva.ms.gov; free benefits claims assistance available at county offices statewide.,Encuentre su oficial de servicios para veteranos del condado en msva.ms.gov; asistencia gratuita con reclamaciones disponible en oficinas del condado.,County offices Monday–Friday business hours,statewide|veterans|VA-benefits|reentry|justice-involved-veterans,VA benefits claims assistance|Disability claims navigation|Education benefits guidance|Veterans treatment court support|County VSO referrals,Hinds,,statewide,accepts_criminal_record
10,Mississippi DPS — Driver License Division,id-documentation,Statewide,"The Mississippi Department of Public Safety Driver License Division issues state ID cards and driver's licenses required for employment, housing, and benefits enrollment after release. Returning citizens can apply for a Mississippi ID at driver license offices statewide with proof of identity and residency. Not a vital records office—contact MSDH Vital Records for birth certificates.","La División de Licencias de Conducir del Departamento de Seguridad Pública de Mississippi emite tarjetas de identificación estatal y licencias de conducir necesarias para empleo, vivienda e inscripción en beneficios después de la liberación. Los ciudadanos que regresan pueden solicitar una identificación de Mississippi en oficinas de licencias con prueba de identidad y residencia. No es oficina de registros vitales.",1900 East Woodrow Wilson Avenue,Jackson,601-987-1272,,https://www.dps.ms.gov/driver-services,Mississippi residents with required identity and residency documentation; fees apply for ID cards and licenses.,Residentes de Mississippi con documentación requerida de identidad y residencia; aplican tarifas para tarjetas de identificación.,Find driver license offices at dps.ms.gov; bring certified birth certificate or passport plus proof of Mississippi residency.,Encuentre oficinas en dps.ms.gov; traiga certificado de nacimiento o pasaporte más prueba de residencia en Mississippi.,Driver license office hours vary; check dps.ms.gov,statewide|id-documentation|DPS|drivers-license|state-id|reentry,State ID card issuance|Driver's license services|ID renewal|Driver license office locator,Hinds,,statewide,accepts_criminal_record
11,MSDH — Vital Records,id-documentation,Statewide,"The Mississippi State Department of Health Vital Records office issues certified birth certificates, death certificates, and marriage records needed for state ID applications, benefits enrollment, and employment verification after release. Returning citizens can order records online, by mail, or in person at the Jackson office with valid identification. Vital records issuance—not a driver license or probation office.","La oficina de Registros Vitales del Departamento de Salud del Estado de Mississippi emite certificados de nacimiento, defunción y matrimonio necesarios para solicitudes de identificación estatal, inscripción en beneficios y verificación de empleo después de la liberación. Los ciudadanos que regresan pueden solicitar registros en línea, por correo o en persona.",222 Marketridge Drive,Ridgeland,601-576-7981,,https://msdh.ms.gov/vitalrecords,Individuals with valid ID requesting their own vital records or authorized family members; fees apply per certificate.,Personas con identificación válida que soliciten sus propios registros vitales o familiares autorizados; aplican tarifas por certificado.,Order online at msdh.ms.gov/vitalrecords; walk-in service at Ridgeland office; bring government-issued photo ID.,Solicite en línea en msdh.ms.gov/vitalrecords; servicio presencial en la oficina de Ridgeland; traiga identificación con foto emitida por el gobierno.,Monday–Friday business hours,statewide|id-documentation|vital-records|birth-certificate|reentry,Birth certificate issuance|Death certificate issuance|Marriage record copies|Online ordering|In-person vital records service,Madison,,statewide,accepts_criminal_record
12,988 Suicide & Crisis Lifeline — Mississippi,healthcare,Statewide,"Free confidential 24/7 crisis support for people experiencing mental health emergencies, suicidal thoughts, or substance use crises in Mississippi. Trained specialists provide immediate support and can connect callers to local mobile crisis teams through DMH Community Mental Health Center partners statewide. Available to anyone—not reentry-specific but essential for justice-involved individuals in crisis.","Apoyo gratuito y confidencial 24/7 para emergencias de salud mental, pensamientos suicidas o crisis por uso de sustancias en Mississippi. Especialistas capacitados ofrecen apoyo inmediato y conexión a equipos de crisis móviles a través de aliados de Centros Comunitarios de Salud Mental DMH. Disponible para cualquier persona, esencial para personas con antecedentes penales en crisis.",,,988,,https://988lifeline.org,Open to anyone in Mississippi experiencing a mental health or suicide crisis; no eligibility restrictions.,Abierto a cualquier persona en Mississippi en crisis de salud mental o suicidio; sin restricciones.,Call or text 988; Spanish-language support available. For immediate physical danger call 911.,Llame o envíe texto al 988; soporte en español disponible. Para peligro físico inmediato llame al 911.,Available 24/7,statewide|hotline|crisis|mental-health|988,Crisis counseling|Suicide prevention support|Mental health referrals|Substance use crisis support,,,statewide,
13,SAMHSA National Helpline,substance-use-treatment,Statewide,Free confidential 24/7 treatment referral and information service for individuals and families facing mental health or substance use disorders. Provides referrals to local treatment facilities and community organizations in Mississippi and nationwide. Spanish-language support available through trained specialists for justice-involved individuals seeking SUD or mental health treatment after release.,Servicio gratuito y confidencial 24/7 de referencia e información para personas y familias con trastornos de salud mental o uso de sustancias. Proporciona referencias a centros de tratamiento locales en Mississippi y a nivel nacional. Soporte en español disponible para personas con antecedentes penales que buscan tratamiento después de la liberación.,,,800-662-4357,,https://www.samhsa.gov/find-help/national-helpline,Open to anyone in the United States seeking substance use or mental health treatment information and referrals.,Abierto a cualquier persona en Estados Unidos que busque información y referencias de tratamiento.,TTY 800-487-4889; also use FindTreatment.gov to search Mississippi providers online.,TTY 800-487-4889; también use FindTreatment.gov para buscar proveedores en Mississippi.,Available 24/7,statewide|hotline|substance-use|treatment-referral|national,Treatment referrals|Substance use information|Mental health resource navigation,,,statewide,
14,FindTreatment.gov — Mississippi Provider Search,substance-use-treatment,Statewide,"SAMHSA's online treatment locator helping Mississippi residents find substance use and mental health treatment providers by location, service type, and payment options including Medicaid. Justice-involved individuals can search outpatient, residential, and MAT providers before or after release from MDOC custody or county jails across all 82 counties.","Localizador en línea de SAMHSA que ayuda a residentes de Mississippi a encontrar proveedores de tratamiento de uso de sustancias y salud mental por ubicación, tipo de servicio y opciones de pago incluido Medicaid. Personas con antecedentes penales pueden buscar proveedores ambulatorios, residenciales y TMO antes o después de la liberación.",,,,,https://findtreatment.gov,Open to anyone searching for treatment; provider admission rules vary.,Abierto a cualquier persona que busque tratamiento; las reglas de admisión varían según el proveedor.,"Search findtreatment.gov by Mississippi county or city; filter for MAT, outpatient, or residential services.","Busque en findtreatment.gov por condado o ciudad de Mississippi; filtre por TMO, ambulatorio o residencial.",Website 24/7,statewide|substance-use|online|MAT|treatment-locator,Treatment provider search|MAT locator|Outpatient program finder|Residential program finder,,,statewide,
15,Mississippi Department of Mental Health (DMH),healthcare,Statewide,"The Mississippi Department of Mental Health oversees the statewide network of Community Mental Health Centers and substance use treatment providers serving Mississippians with mental illness, substance use disorders, and developmental disabilities. DMH funds crisis services, peer support programs, and treatment coordination for justice-involved individuals through regional centers—not a direct crisis hotline itself.","El Departamento de Salud Mental de Mississippi supervisa la red estatal de Centros Comunitarios de Salud Mental y proveedores de tratamiento de uso de sustancias que sirven a mississippianos con enfermedades mentales, trastornos por uso de sustancias y discapacidades del desarrollo. DMH financia servicios de crisis y coordinación de tratamiento para personas con antecedentes penales.",1101 North West Street,Jackson,601-359-1288,,https://dmh.ms.gov,"Mississippi residents seeking mental health, substance use, or developmental disability services; individual center eligibility and fees vary by income.","Residentes de Mississippi que buscan servicios de salud mental, uso de sustancias o discapacidad del desarrollo; la elegibilidad y tarifas varían por centro e ingresos.",Find your local Community Mental Health Center at dmh.ms.gov; call 988 for immediate crisis support statewide.,Encuentre su Centro Comunitario de Salud Mental local en dmh.ms.gov; llame al 988 para apoyo inmediato en crisis en todo el estado.,State office Monday–Friday business hours; local centers vary,statewide|healthcare|DMH|mental-health|substance-use|reentry,Community mental health center referrals|Substance use treatment coordination|Crisis services funding|Peer support program oversight|Developmental disability services,Hinds,,statewide,
16,Mississippi Reentry Council,reentry-organizations,Statewide,"The Mississippi Reentry Council coordinates state agencies, faith communities, and community-based providers around a shared statewide reentry strategy, connecting justice-involved Mississippians and local reentry coalitions to housing, employment, and treatment partners. The council convenes policy and coalition-building work through MDOC and community partners—not direct emergency services or a walk-in office for individuals seeking immediate help.","El Consejo de Reinserción de Mississippi coordina agencias estatales, comunidades de fe y proveedores comunitarios en torno a una estrategia estatal compartida de reinserción, conectando a mississippianos con antecedentes penales y coaliciones locales de reinserción con aliados de vivienda, empleo y tratamiento. El consejo convoca trabajo de política y coalición, no servicios de emergencia directos.",633 North State Street,Jackson,601-359-5600,,https://www.mdoc.ms.gov,"Justice-involved Mississippi residents, agencies, and community partners seeking reentry coalition connections and statewide policy information.","Residentes de Mississippi con antecedentes penales, agencias y aliados comunitarios que buscan conexiones con coaliciones de reinserción e información de políticas estatales.",Contact MDOC Community Corrections for reentry partner directories; coordinate through local WIN Job Centers and county MDHS offices for direct services.,Contacte Correcciones Comunitarias de MDOC para directorios de aliados de reinserción; coordine a través de WIN Job Centers locales y oficinas MDHS del condado.,Contact for current meeting schedule,statewide|reentry|coalition|policy|referral-only,Coalition coordination|Reentry policy advocacy|Local reentry partner directory|Interagency collaboration,Hinds,,statewide,accepts_criminal_record
17,Stewpot Community Services — Jackson,basic-needs,Jackson / Hinds County,"Stewpot Community Services operates a daytime community center, soup kitchen, and emergency assistance programs for people experiencing homelessness and poverty in Jackson and Hinds County, including returning citizens recently released from Hinds County Detention Center or MDOC custody without a fixed address. Staff help guests connect to shelter beds, access.ms.gov benefits, and Mississippi Works employment services.","Stewpot Community Services opera un centro comunitario diurno, comedor comunitario y programas de asistencia de emergencia para personas que enfrentan falta de vivienda y pobreza en Jackson y el condado Hinds, incluidos ciudadanos recién liberados de la cárcel del condado Hinds o custodia MDOC sin dirección fija. El personal ayuda a conectarse con refugio, beneficios access.ms.gov y servicios de empleo Mississippi Works.",1100 West Capitol Street,Jackson,601-353-2759,,https://www.stewpot.org,Adults experiencing homelessness or food insecurity in the Jackson area; walk-in day services available.,Adultos sin hogar o con inseguridad alimentaria en el área de Jackson; servicios diurnos sin cita disponibles.,Walk in during posted hours for meals and referrals; call 601-353-2759 to confirm current hours and services.,Ingrese durante el horario publicado para comidas y referencias; llame al 601-353-2759 para confirmar el horario actual.,Weekday daytime hours; call to confirm,jackson|hinds|basic-needs|day-center|homelessness|reentry,Soup kitchen|Day center services|Emergency assistance referrals|Mail service|Benefits navigation,Hinds,Hinds|Madison|Rankin,multi,accepts_criminal_record
18,Gateway Rescue Mission — Jackson,housing,Jackson / Hinds County,"Gateway Rescue Mission provides emergency shelter, meals, addiction recovery, and workforce programs for homeless men and women in the Jackson metro including justice-involved adults through faith-based life transformation programming. Graduates connect to Mississippi Works, Hinds Behavioral Health Services, and Catholic Charities housing partners. Faith-based shelter—not county probation.","Gateway Rescue Mission ofrece refugio de emergencia, comidas, recuperación de adicciones y programas laborales para hombres y mujeres sin hogar en el metro de Jackson incluidos adultos con antecedentes penales a través de programación de transformación de vida basada en la fe.",2717 Livingston Road,Jackson,601-353-2751,,https://www.gatewaymission.org,Homeless adults in the Jackson metro; justice-involved participants in recovery and shelter programs.,Adultos sin hogar en el metro de Jackson; participantes con antecedentes penales en programas de refugio.,Call 601-353-2751 for intake; recovery and shelter campus on Livingston Road.,Llame al 601-353-2751 para admisión; campus de refugio y recuperación en Livingston Road.,Shelter 24/7; intake during business hours,jackson|hinds|housing|shelter|recovery|reentry,Emergency shelter|Substance use treatment|Workforce programs|Job readiness training|Spiritual support,Hinds,Hinds,single,accepts_criminal_record
19,Hinds Behavioral Health Services,healthcare,Jackson / Hinds County,"Hinds Behavioral Health Services is the designated Community Mental Health Center for Hinds County, providing outpatient psychiatric care, substance use treatment, crisis intervention, and case management for justice-involved adults released from Hinds County Detention Center or MDOC custody. Sliding-fee services and Medicaid billing help ensure continuity of care after release.","Hinds Behavioral Health Services es el Centro Comunitario de Salud Mental designado para el condado Hinds, que ofrece atención psiquiátrica ambulatoria, tratamiento de uso de sustancias, intervención en crisis y manejo de casos para adultos con antecedentes penales liberados de la cárcel del condado Hinds o custodia MDOC.",3450 Highway 80 West,Jackson,601-373-2147,,https://www.hindsbh.org,Hinds County residents seeking mental health or substance use services; sliding-fee scale based on income; Medicaid accepted.,Residentes del condado Hinds que buscan servicios de salud mental o uso de sustancias; escala de tarifas móviles según ingresos; se acepta Medicaid.,Call 601-373-2147 for intake; ask about same-day crisis intervention for individuals recently released from custody.,Llame al 601-373-2147 para admisión; pregunte sobre intervención en crisis el mismo día para personas recién liberadas.,"Monday–Friday, 8:00 a.m.–5:00 p.m.; crisis services vary",jackson|hinds|healthcare|CMHC|mental-health|substance-use|reentry,Outpatient psychiatric care|Substance use treatment|Crisis intervention|Case management|Sliding-fee scale enrollment,Hinds,Hinds,single,accepts_criminal_record
20,Catholic Charities — Jackson Housing & Reentry,housing,Jackson / Hinds County,"Catholic Charities Jackson provides emergency rental assistance, rapid rehousing, and case management for low-income Hinds County households including returning citizens establishing stable tenancy after incarceration. Housing specialists coordinate with access.ms.gov benefits, Mississippi Works, and Hinds Behavioral Health for whole-person reentry support.","Catholic Charities Jackson ofrece asistencia de alquiler de emergencia, realojamiento rápido y manejo de casos para hogares de bajos ingresos del condado Hinds incluidos ciudadanos que regresan que establecen arrendamiento estable después de la encarcelación.",850 East River Place,Jackson,601-355-8634,,https://www.catholiccharitiesjackson.org,Low-income Hinds County residents facing housing instability; justice-involved adults may qualify for emergency rental and rehousing programs.,Residentes de bajos ingresos del condado Hinds que enfrentan inestabilidad de vivienda; adultos con antecedentes penales pueden calificar para programas de alquiler de emergencia.,Call 601-355-8634 for housing intake; not a walk-in emergency men's shelter.,Llame al 601-355-8634 para admisión de vivienda; no es refugio de emergencia para hombres sin cita.,Monday–Friday business hours,jackson|hinds|housing|rapid-rehousing|reentry,Rent and utility assistance|Housing navigation|Reentry navigation|Benefits navigation|Partner referrals,Hinds,Hinds,single,accepts_criminal_record
21,Open Doors Homeless Coalition — Gulf Coast,basic-needs,Gulfport / Harrison County,"Open Doors Homeless Coalition leads the Gulf Coast Continuum of Care, operating coordinated entry, the regional Homeless Management Information System, and rapid rehousing programs for people experiencing homelessness across Harrison, Hancock, and Jackson counties. Returning citizens without stable housing can access a single point of entry connecting them to emergency shelter and permanent housing partners.","Open Doors Homeless Coalition lidera el Continuo de Cuidado de la Costa del Golfo, operando entrada coordinada y programas de realojamiento rápido para personas sin hogar en los condados Harrison, Hancock y Jackson. Los ciudadanos que regresan sin vivienda estable pueden acceder a un punto único de entrada.","11975 Seaway Road, Suite B220",Gulfport,228-896-3355,,https://www.opendoorshomeless.org,Individuals and families experiencing or at risk of homelessness on the Gulf Coast; coordinated entry assessment determines referral priority.,Personas y familias que enfrentan o están en riesgo de falta de vivienda en la Costa del Golfo; la evaluación de entrada coordinada determina la prioridad.,Call 228-896-3355 or visit opendoorshomeless.org to find a coordinated entry access point.,Llame al 228-896-3355 o visite opendoorshomeless.org para encontrar un punto de acceso de entrada coordinada.,Coordinated entry access points vary; check website,gulfport|harrison|basic-needs|coordinated-entry|homelessness|reentry,Coordinated entry assessment|Rapid rehousing referrals|Homeless Management Information System|Regional provider network coordination,Harrison,Harrison|Hancock|Jackson,multi,accepts_criminal_record
22,Coastal Family Health Center — Gulfport,healthcare,Gulfport / Harrison County,"Coastal Family Health Center operates Federally Qualified Health Center clinics across the Mississippi Gulf Coast providing primary care, behavioral health, dental services, and sliding-fee care for uninsured and Medicaid patients including justice-involved adults reestablishing healthcare after release from Harrison County Jail or MDOC custody.","Coastal Family Health Center opera clínicas FQHC en la Costa del Golfo de Mississippi que ofrecen atención primaria, salud conductual, servicios dentales y atención con tarifa móvil para pacientes sin seguro y Medicaid incluidos adultos con antecedentes penales.",4500 14th Street,Gulfport,228-392-1633,,https://www.coastalfamilyhealth.org,Gulf Coast residents of all ages; sliding scale with proof of income; Medicaid and Medicare accepted.,Residentes de la Costa del Golfo de todas las edades; escala móvil con prueba de ingresos; se aceptan Medicaid y Medicare.,Call 228-392-1633 for nearest clinic; multiple Gulf Coast locations; same-day sick visits at select sites.,Llame al 228-392-1633 para la clínica más cercana; múltiples ubicaciones en la Costa del Golfo.,Monday–Friday clinic hours; varies by location,gulfport|harrison|healthcare|FQHC|primary-care|reentry,Primary medical care|Behavioral health services,Harrison,Harrison|Hancock|Jackson|Stone|George,multi,accepts_criminal_record
23,Back Bay Mission — Biloxi,housing,Biloxi / Harrison County,"Back Bay Mission provides emergency shelter, food pantry services, and case management for homeless and low-income residents on the Mississippi Gulf Coast including justice-involved adults returning from incarceration. Case managers connect clients to Open Doors coordinated entry, Coastal Family Health Center, and Mississippi Works Gulf Coast job centers.","Back Bay Mission ofrece refugio de emergencia, despensa de alimentos y manejo de casos para residentes sin hogar y de bajos ingresos en la Costa del Golfo de Mississippi incluidos adultos con antecedentes penales que regresan de la encarcelación.",319 Division Street,Biloxi,228-432-0301,,https://www.backbaymission.org,Homeless and low-income adults on the Gulf Coast; justice-involved clients welcome per program policy.,Adultos sin hogar y de bajos ingresos en la Costa del Golfo; clientes con antecedentes penales bienvenidos según política.,Call 228-432-0301 for shelter and food pantry intake; pairs with Open Doors and Coastal Family Health Center.,Llame al 228-432-0301 para admisión de refugio y despensa; se vincula con Open Doors y Coastal Family Health Center.,Shelter and pantry hours vary; call ahead,biloxi|harrison|housing|shelter|food|reentry,Emergency shelter|Food pantry access|Reentry navigation|Benefits navigation|Partner referrals,Harrison,Harrison|Jackson,multi,accepts_criminal_record
24,Region II Mental Health Services — Tupelo,healthcare,Tupelo / Lee County,"Region II Mental Health Services is the designated Community Mental Health Center for Lee, Pontotoc, and surrounding northeast Mississippi counties, providing outpatient psychiatric care, substance use treatment, and crisis intervention for justice-involved adults under MDOC supervision. Medicaid and sliding-fee services help returning citizens stabilize behavioral health after release.","Region II Mental Health Services es el Centro Comunitario de Salud Mental designado para Lee, Pontotoc y condados del noreste de Mississippi, que ofrece atención psiquiátrica ambulatoria, tratamiento de uso de sustancias e intervención en crisis para adultos con antecedentes penales bajo supervisión MDOC.",507 East Main Street,Tupelo,662-841-8959,,https://www.regionii.org,Lee County and Region II service area residents seeking mental health or substance use services; Medicaid and sliding-fee accepted.,Residentes del condado Lee y área de servicio Region II que buscan servicios de salud mental o uso de sustancias; se aceptan Medicaid y tarifa móvil.,Call 662-841-8959 for intake; crisis line available; pairs with MDOC Tupelo field office and WIN Job Center Tupelo.,Llame al 662-841-8959 para admisión; línea de crisis disponible; se vincula con oficina MDOC Tupelo y WIN Job Center.,Monday–Friday clinic hours; crisis services vary,tupelo|lee|healthcare|CMHC|mental-health|substance-use|reentry,Outpatient psychiatric care|Substance use treatment|Crisis intervention|Case management|Probation referrals,Lee,Lee|Pontotoc|Itawamba|Prentiss|Alcorn|Tishomingo,multi,accepts_criminal_record
25,Pine Belt Mental Healthcare Resources — Hattiesburg,healthcare,Hattiesburg / Forrest County,"Pine Belt Mental Healthcare Resources serves Forrest, Lamar, and surrounding south Mississippi counties with outpatient mental health, substance use treatment, and crisis services for justice-involved adults referred by MDOC probation and drug courts. The Hattiesburg campus coordinates with Mississippi Works and Forrest County MDHS for reentry stabilization.","Pine Belt Mental Healthcare Resources sirve a Forrest, Lamar y condados del sur de Mississippi con salud mental ambulatoria, tratamiento de uso de sustancias y servicios de crisis para adultos con antecedentes penales referidos por probatoria MDOC y tribunales de drogas.",103 South 19th Avenue,Hattiesburg,601-544-4641,,https://www.pbmhr.org,Forrest County and Pine Belt service area residents; Medicaid and sliding-fee accepted; justice-involved clients welcome.,Residentes del condado Forrest y área de servicio Pine Belt; se aceptan Medicaid y tarifa móvil; clientes con antecedentes penales bienvenidos.,Call 601-544-4641 for intake; multiple Pine Belt locations; pairs with MDOC Hattiesburg field office.,Llame al 601-544-4641 para admisión; múltiples ubicaciones Pine Belt; se vincula con oficina MDOC Hattiesburg.,Monday–Friday clinic hours,hattiesburg|forrest|healthcare|CMHC|mental-health|reentry,Substance use treatment|Crisis services|Reentry navigation|Probation and parole supervision,Forrest,Forrest|Lamar|Marion|Covington|Jefferson Davis|Perry,multi,accepts_criminal_record
26,Weems Community Mental Health Center — Meridian,healthcare,Meridian / Lauderdale County,"Weems Community Mental Health Center provides outpatient psychiatric care, substance use treatment, and crisis intervention for Lauderdale, Clarke, and east-central Mississippi counties including justice-involved adults released from MDOC custody or Lauderdale County Jail. Sliding-fee and Medicaid services support behavioral health continuity after release.","Weems Community Mental Health Center ofrece atención psiquiátrica ambulatoria, tratamiento de uso de sustancias e intervención en crisis para los condados Lauderdale, Clarke y el centro-este de Mississippi incluidos adultos con antecedentes penales liberados de custodia MDOC o cárcel del condado Lauderdale.",1415 College Drive,Meridian,601-483-4821,,https://www.weemsmh.com,Lauderdale County and Weems service area residents; Medicaid and sliding-fee accepted.,Residentes del condado Lauderdale y área de servicio Weems; se aceptan Medicaid y tarifa móvil.,Call 601-483-4821 for intake; crisis services available; pairs with MDOC Meridian field office.,Llame al 601-483-4821 para admisión; servicios de crisis disponibles; se vincula con oficina MDOC Meridian.,Monday–Friday clinic hours,meridian|lauderdale|healthcare|CMHC|mental-health|reentry,Outpatient psychiatric care|Substance use treatment|Crisis intervention|Case management|Probation referrals,Lauderdale,Lauderdale|Clarke|Kemper|Neshoba|Newton,multi,accepts_criminal_record
27,Community Counseling Services — Columbus,healthcare,Columbus / Lowndes County,"Community Counseling Services is the designated Community Mental Health Center for Lowndes, Oktibbeha, and surrounding Golden Triangle counties, providing outpatient mental health and substance use treatment for justice-involved adults under MDOC supervision. The Columbus office coordinates with Mississippi Works and local reentry partners for employment and benefits navigation.","Community Counseling Services es el Centro Comunitario de Salud Mental designado para Lowndes, Oktibbeha y condados del Triángulo Dorado, que ofrece salud mental ambulatoria y tratamiento de uso de sustancias para adultos con antecedentes penales bajo supervisión MDOC.",611 North Columbus Street,Columbus,662-328-0023,,https://www.ccsms.org,Lowndes County and Golden Triangle service area residents; Medicaid and sliding-fee accepted.,Residentes del condado Lowndes y área del Triángulo Dorado; se aceptan Medicaid y tarifa móvil.,Call 662-328-0023 for intake; also serves Starkville and West Point; pairs with MDOC Columbus field office.,Llame al 662-328-0023 para admisión; también sirve Starkville y West Point; se vincula con oficina MDOC Columbus.,Monday–Friday clinic hours,columbus|lowndes|healthcare|CMHC|mental-health|reentry,Substance use treatment|Crisis services|Reentry navigation|Partner referrals,Lowndes,Lowndes|Oktibbeha|Clay|Noxubee,multi,accepts_criminal_record
28,Delta Health Alliance — Greenville,healthcare,Greenville / Washington County,"Delta Health Alliance operates community health programs and clinic partnerships across the Mississippi Delta including Washington County, providing primary care access, chronic disease management, and health navigation for uninsured and Medicaid patients such as returning citizens establishing medical care after release from MDOC custody or county jails. This resource supports Mississippians navigating reentry in 7 Mississippi counties.","Delta Health Alliance opera programas de salud comunitaria y alianzas con clínicas en el Delta de Mississippi incluyendo el condado Washington, proporcionando acceso a atención primaria y navegación de salud para pacientes sin seguro y Medicaid como ciudadanos que regresan. Este recurso apoya a misisipianos en reinserción en 7 condados de Mississippi.",141 South Main Street,Greenville,662-335-0456,,https://www.deltahealthalliance.org,Delta region residents including Washington County; sliding-fee and Medicaid patients welcome including justice-involved adults.,Residentes de la región Delta incluyendo el condado Washington; pacientes con tarifa móvil y Medicaid bienvenidos incluidos adultos con antecedentes penales.,Call 662-335-0456 for program information; pairs with Delta Regional Medical Center and WIN Job Center Greenville.,Llame al 662-335-0456 para información del programa; se vincula con Delta Regional Medical Center y WIN Job Center Greenville.,Monday–Friday business hours,greenville|washington|healthcare|delta|rural|reentry,Primary medical care|Health navigation|Community health programs|Medicaid enrollment,Washington,Washington|Bolivar|Sunflower|Leflore|Humphreys|Sharkey|Issaquena,multi,accepts_criminal_record
29,Communicare — Oxford,healthcare,Oxford / Lafayette County,"Communicare is the designated Community Mental Health Center for Lafayette, Marshall, and north Mississippi counties, providing outpatient psychiatric care, substance use treatment, and crisis intervention for justice-involved adults including those released from MDOC custody. The Oxford campus coordinates with Mississippi Works and University of Mississippi adult education partners.","Communicare es el Centro Comunitario de Salud Mental designado para Lafayette, Marshall y condados del norte de Mississippi, que ofrece atención psiquiátrica ambulatoria, tratamiento de uso de sustancias e intervención en crisis para adultos con antecedentes penales incluidos los liberados de custodia MDOC.",152 Highway 7 South,Oxford,662-234-7521,,https://www.communicare.org,Lafayette County and Communicare service area residents; Medicaid and sliding-fee accepted.,Residentes del condado Lafayette y área de servicio Communicare; se aceptan Medicaid y tarifa móvil.,Call 662-234-7521 for intake; multiple north Mississippi locations; pairs with MDOC Oxford field office.,Llame al 662-234-7521 para admisión; múltiples ubicaciones del norte de Mississippi; se vincula con oficina MDOC Oxford.,Monday–Friday clinic hours,oxford|lafayette|healthcare|CMHC|mental-health|reentry,Outpatient psychiatric care|Substance use treatment|Crisis intervention|Case management|Probation referrals,Lafayette,Lafayette|Marshall|Benton|Tippah|Union|Panola,multi,accepts_criminal_record
30,Mississippi WIN Job Center — Jackson Metro,employment,Jackson / Hinds County,"The Jackson Metro WIN Job Center connects Hinds, Madison, and Rankin county job seekers—including justice-involved adults from Hinds County Detention Center and MDOC release—to resume coaching, WIOA training referrals, and fair-chance employer navigation. Staff link returning citizens to Hinds Behavioral Health, access.ms.gov benefits, and local reentry partners.","El WIN Job Center del Metro Jackson conecta buscadores de empleo de los condados Hinds, Madison y Rankin—incluidos adultos con antecedentes penales de la cárcel del condado Hinds y liberación MDOC—con coaching de currículum, referencias WIOA y navegación de empleo de segunda oportunidad.",1230 Raymond Road,Jackson,601-321-6000,,https://msworks.ms.gov,Open to metro Jackson job seekers including justice-involved individuals; core Mississippi Works services are free.,Abierto a buscadores de empleo del metro Jackson incluidas personas con antecedentes penales; servicios básicos gratuitos.,Register at msworks.ms.gov; call 601-321-6000; main state headquarters also serves as Jackson metro one-stop.,Regístrese en msworks.ms.gov; llame al 601-321-6000; la sede estatal también sirve como one-stop del metro Jackson.,Monday–Friday business hours,jackson|hinds|employment|WIN|WIOA|fair-chance|reentry,Job search assistance|Resume coaching|WIOA training referrals|Fair-chance employment|Career workshops,Hinds,Hinds|Madison|Rankin,multi,accepts_criminal_record
31,Mississippi WIN Job Center — Gulf Coast,employment,Gulfport / Harrison County,"Mississippi WIN Job Center — Gulf Coast serves justice-involved adults and families rebuilding stability after incarceration in 5 Mississippi counties. The Gulf Coast WIN Job Center in Gulfport connects Harrison, Hancock, and Jackson county job seekers including justice-involved adults to WIOA-funded training, resume assistance, and fair-chance employment navigation. Staff coordinate with Open Doors Homeless Coalition, Coastal Family Health Center, and MDOC Gulf Coast field offices. Staff help justice-involved job seekers build work history, remove record-related barriers, and connect to fair-chance employers in the region. Contact this resource to confirm current intake steps, required documents, and whether walk-ins or referrals are accepted.","Mississippi WIN Job Center — Gulf Coast sirve a adultos con antecedentes penales y familias que reconstruyen estabilidad después de la encarcelación en 5 condados de Mississippi. El personal ayuda a quienes buscan empleo con antecedentes penales a construir historial laboral, reducir barreras por antecedentes y conectarse con empleadores de segunda oportunidad. Contacte este recurso para confirmar pasos de admisión, documentos requeridos y si aceptan visitas sin cita o referencias.",10205 Seaman Road,Gulfport,228-864-4477,,https://msworks.ms.gov,Open to Gulf Coast job seekers including justice-involved individuals; core services free.,Abierto a buscadores de empleo de la Costa del Golfo incluidas personas con antecedentes penales; servicios básicos gratuitos.,Register at msworks.ms.gov; call 228-864-4477; pairs with Back Bay Mission and Coastal Family Health Center.,Regístrese en msworks.ms.gov; llame al 228-864-4477; se vincula con Back Bay Mission y Coastal Family Health Center.,Monday–Friday business hours,gulfport|harrison|employment|WIN|WIOA|reentry,Job readiness training|Workforce development|Employment assistance|Career workshops,Harrison,Harrison|Hancock|Jackson|Stone|George,multi,accepts_criminal_record
32,Mississippi WIN Job Center — Tupelo,employment,Tupelo / Lee County,"Mississippi WIN Job Center — Tupelo serves justice-involved adults and families rebuilding stability after incarceration in Lee, Prentiss, Itawamba, and Pontotoc counties. The Tupelo WIN Job Center connects northeast Mississippi job seekers including justice-involved adults from Lee County Jail and MDOC release to WIOA training, resume assistance, and fair-chance employment navigation. Staff link returning citizens to Region II Mental Health Services and county MDHS offices. Staff help justice-involved job seekers build work history, remove record-related barriers, and connect to fair-chance employers in the region. Contact this resource to confirm current intake steps, required documents, and whether walk-ins or referrals are accepted.","Mississippi WIN Job Center — Tupelo sirve a adultos con antecedentes penales y familias que reconstruyen estabilidad después de la encarcelación en los condados Lee, Prentiss, Itawamba y Pontotoc. El personal ayuda a quienes buscan empleo con antecedentes penales a construir historial laboral, reducir barreras por antecedentes y conectarse con empleadores de segunda oportunidad. Contacte este recurso para confirmar pasos de admisión, documentos requeridos y si aceptan visitas sin cita o referencias.",950 Industrial Park Road,Tupelo,662-844-3333,,https://msworks.ms.gov,Open to Lee County and northeast Mississippi job seekers including justice-involved individuals.,Abierto a buscadores de empleo del condado Lee y noreste de Mississippi incluidas personas con antecedentes penales.,Register at msworks.ms.gov; call 662-844-3333; pairs with Region II Mental Health and MDOC Tupelo field office.,Regístrese en msworks.ms.gov; llame al 662-844-3333; se vincula con Region II Mental Health y oficina MDOC Tupelo.,Monday–Friday business hours,tupelo|lee|employment|WIN|WIOA|reentry,Job readiness training|Workforce development|Employment assistance,Lee,Lee|Prentiss|Itawamba|Pontotoc,multi,accepts_criminal_record
33,Mississippi WIN Job Center — Hattiesburg,employment,Hattiesburg / Forrest County,"Mississippi WIN Job Center — Hattiesburg serves justice-involved adults and families rebuilding stability after incarceration in Forrest, Lamar, Marion, and Covington counties. The Hattiesburg WIN Job Center connects Pine Belt job seekers including justice-involved adults to WIOA-funded training, resume assistance, and fair-chance employer connections. Staff coordinate with Pine Belt Mental Healthcare Resources and Forrest County MDHS for reentry stabilization. Staff help justice-involved job seekers build work history, remove record-related barriers, and connect to fair-chance employers in the region. Contact this resource to confirm current intake steps, required documents, and whether walk-ins or referrals are accepted.","Mississippi WIN Job Center — Hattiesburg sirve a adultos con antecedentes penales y familias que reconstruyen estabilidad después de la encarcelación en los condados Forrest, Lamar, Marion y Covington. El personal ayuda a quienes buscan empleo con antecedentes penales a construir historial laboral, reducir barreras por antecedentes y conectarse con empleadores de segunda oportunidad. Contacte este recurso para confirmar pasos de admisión, documentos requeridos y si aceptan visitas sin cita o referencias.",1911 Arcadia Street,Hattiesburg,601-544-1661,,https://msworks.ms.gov,Open to Forrest County and Pine Belt job seekers including justice-involved individuals.,Abierto a buscadores de empleo del condado Forrest y Pine Belt incluidas personas con antecedentes penales.,Register at msworks.ms.gov; call 601-544-1661; pairs with Pine Belt Mental Healthcare and MDOC Hattiesburg field office.,Regístrese en msworks.ms.gov; llame al 601-544-1661; se vincula con Pine Belt Mental Healthcare y oficina MDOC Hattiesburg.,Monday–Friday business hours,hattiesburg|forrest|employment|WIN|WIOA|reentry,Job readiness training|Workforce development|Employment assistance|Career workshops,Forrest,Forrest|Lamar|Marion|Covington,multi,accepts_criminal_record
34,Mississippi WIN Job Center — Meridian,employment,Meridian / Lauderdale County,"Mississippi WIN Job Center — Meridian serves justice-involved adults and families rebuilding stability after incarceration in Lauderdale, Clarke, Kemper, and Neshoba counties. The Meridian WIN Job Center connects east-central Mississippi job seekers including justice-involved adults to WIOA training, resume assistance, and fair-chance employment navigation. Staff link returning citizens to Weems Community Mental Health Center and Lauderdale County MDHS. Staff help justice-involved job seekers build work history, remove record-related barriers, and connect to fair-chance employers in the region. Contact this resource to confirm current intake steps, required documents, and whether walk-ins or referrals are accepted.","Mississippi WIN Job Center — Meridian sirve a adultos con antecedentes penales y familias que reconstruyen estabilidad después de la encarcelación en los condados Lauderdale, Clarke, Kemper y Neshoba. El personal ayuda a quienes buscan empleo con antecedentes penales a construir historial laboral, reducir barreras por antecedentes y conectarse con empleadores de segunda oportunidad. Contacte este recurso para confirmar pasos de admisión, documentos requeridos y si aceptan visitas sin cita o referencias.",1200 22nd Avenue,Meridian,601-484-0202,,https://msworks.ms.gov,Open to Lauderdale County and east-central Mississippi job seekers including justice-involved individuals.,Abierto a buscadores de empleo del condado Lauderdale y centro-este de Mississippi incluidas personas con antecedentes penales.,Register at msworks.ms.gov; call 601-484-0202; pairs with Weems CMHC and MDOC Meridian field office.,Regístrese en msworks.ms.gov; llame al 601-484-0202; se vincula con Weems CMHC y oficina MDOC Meridian.,Monday–Friday business hours,meridian|lauderdale|employment|WIN|WIOA|reentry,Job readiness training|Workforce development|Employment assistance,Lauderdale,Lauderdale|Clarke|Kemper|Neshoba,multi,accepts_criminal_record
35,Mississippi WIN Job Center — Columbus,employment,Columbus / Lowndes County,"Mississippi WIN Job Center — Columbus serves justice-involved adults and families rebuilding stability after incarceration in Lowndes, Oktibbeha, and Clay counties. The Columbus WIN Job Center connects Golden Triangle job seekers including justice-involved adults from Lowndes County Jail and MDOC release to WIOA training, resume assistance, and fair-chance employment navigation. Staff coordinate with Community Counseling Services and local reentry partners. Staff help justice-involved job seekers build work history, remove record-related barriers, and connect to fair-chance employers in the region. Contact this resource to confirm current intake steps, required documents, and whether walk-ins or referrals are accepted.","Mississippi WIN Job Center — Columbus sirve a adultos con antecedentes penales y familias que reconstruyen estabilidad después de la encarcelación en los condados Lowndes, Oktibbeha y Clay. El personal ayuda a quienes buscan empleo con antecedentes penales a construir historial laboral, reducir barreras por antecedentes y conectarse con empleadores de segunda oportunidad. Contacte este recurso para confirmar pasos de admisión, documentos requeridos y si aceptan visitas sin cita o referencias.",2330 Main Street,Columbus,662-328-6876,,https://msworks.ms.gov,Open to Lowndes County and Golden Triangle job seekers including justice-involved individuals.,Abierto a buscadores de empleo del condado Lowndes y Triángulo Dorado incluidas personas con antecedentes penales.,Register at msworks.ms.gov; call 662-328-6876; pairs with Community Counseling Services and MDOC Columbus field office.,Regístrese en msworks.ms.gov; llame al 662-328-6876; se vincula con Community Counseling Services y oficina MDOC Columbus.,Monday–Friday business hours,columbus|lowndes|employment|WIN|WIOA|reentry,Job readiness training|Workforce development|Employment assistance|Career workshops,Lowndes,Lowndes|Oktibbeha|Clay,multi,accepts_criminal_record
36,Mississippi WIN Job Center — Greenville,employment,Greenville / Washington County,"Mississippi WIN Job Center — Greenville serves justice-involved adults and families rebuilding stability after incarceration in Washington, Bolivar, Sunflower, and Leflore counties. The Greenville WIN Job Center connects Delta region job seekers including justice-involved adults to WIOA-funded training, resume assistance, and fair-chance employment navigation in Washington and surrounding Delta counties. Staff link returning citizens to Delta Health Alliance and county MDHS offices. Staff help justice-involved job seekers build work history, remove record-related barriers, and connect to fair-chance employers in the region. Contact this resource to confirm current intake steps, required documents, and whether walk-ins or referrals are accepted.","Mississippi WIN Job Center — Greenville sirve a adultos con antecedentes penales y familias que reconstruyen estabilidad después de la encarcelación en los condados Washington, Bolivar, Sunflower y Leflore. El personal ayuda a quienes buscan empleo con antecedentes penales a construir historial laboral, reducir barreras por antecedentes y conectarse con empleadores de segunda oportunidad. Contacte este recurso para confirmar pasos de admisión, documentos requeridos y si aceptan visitas sin cita o referencias.",800 South Washington Avenue,Greenville,662-335-3361,,https://msworks.ms.gov,Open to Washington County and Delta region job seekers including justice-involved individuals.,Abierto a buscadores de empleo del condado Washington y región Delta incluidas personas con antecedentes penales.,Register at msworks.ms.gov; call 662-335-3361; pairs with Delta Health Alliance and Delta Regional Medical Center.,Regístrese en msworks.ms.gov; llame al 662-335-3361; se vincula con Delta Health Alliance y Delta Regional Medical Center.,Monday–Friday business hours,greenville|washington|employment|WIN|WIOA|reentry|delta,Job readiness training|Workforce development|Employment assistance,Washington,Washington|Bolivar|Sunflower|Leflore,multi,accepts_criminal_record
37,Mississippi WIN Job Center — Oxford,employment,Oxford / Lafayette County,"Mississippi WIN Job Center — Oxford serves justice-involved adults and families rebuilding stability after incarceration in Lafayette, Marshall, Benton, and Panola counties. The Oxford WIN Job Center connects north Mississippi job seekers including justice-involved adults to WIOA training, resume assistance, and fair-chance employer navigation. Staff coordinate with Communicare, Mississippi Center for Legal Services Tupelo region, and Lafayette County MDHS. Staff help justice-involved job seekers build work history, remove record-related barriers, and connect to fair-chance employers in the region. Contact this resource to confirm current intake steps, required documents, and whether walk-ins or referrals are accepted.","Mississippi WIN Job Center — Oxford sirve a adultos con antecedentes penales y familias que reconstruyen estabilidad después de la encarcelación en los condados Lafayette, Marshall, Benton y Panola. El personal ayuda a quienes buscan empleo con antecedentes penales a construir historial laboral, reducir barreras por antecedentes y conectarse con empleadores de segunda oportunidad. Contacte este recurso para confirmar pasos de admisión, documentos requeridos y si aceptan visitas sin cita o referencias.",1037 Jackson Avenue West,Oxford,662-234-2911,,https://msworks.ms.gov,Open to Lafayette County and north Mississippi job seekers including justice-involved individuals.,Abierto a buscadores de empleo del condado Lafayette y norte de Mississippi incluidas personas con antecedentes penales.,Register at msworks.ms.gov; call 662-234-2911; pairs with Communicare and MDOC Oxford field office.,Regístrese en msworks.ms.gov; llame al 662-234-2911; se vincula con Communicare y oficina MDOC Oxford.,Monday–Friday business hours,oxford|lafayette|employment|WIN|WIOA|reentry,Job readiness training|Workforce development|Employment assistance,Lafayette,Lafayette|Marshall|Benton|Panola,multi,accepts_criminal_record
38,Adams County MDHS — Benefits & Family Support,financial-assistance,Natchez / Adams County,"The Adams County MDHS Economic Assistance office in Natchez processes SNAP nutrition assistance, Temporary Assistance for Needy Families (TANF), and Medicaid application referrals for Mississippi residents including returning citizens reestablishing food and health benefits after release from Adams County Jail or MDOC custody. County MDHS staff help verify identity and income and accept applications submitted through access.ms.gov.","La oficina de Asistencia Económica MDHS del condado Adams en Natchez procesa asistencia nutricional SNAP, Asistencia Temporal para Familias Necesitadas (TANF) y referencias de solicitud de Medicaid para residentes de Mississippi, incluidos ciudadanos que regresan que restablecen beneficios alimentarios y de salud después de salir de la cárcel del condado Adams o de la custodia de MDOC. El personal del condado ayuda a verificar identidad e ingresos y acepta solicitudes presentadas a través de access.ms.gov.",150 East Franklin,Natchez,(601) 442-1482,,https://www.mdhs.ms.gov/contact/,"Adams County residents meeting income and household-size requirements for SNAP, TANF, and Medicaid; criminal record generally not a barrier to SNAP.","Residentes del condado Adams que cumplan requisitos de ingresos y tamaño de hogar para SNAP, TANF y Medicaid; los antecedentes penales generalmente no son barrera para SNAP.",Apply online at access.ms.gov; call 800-948-3050 for SNAP/TANF customer service; visit the county MDHS office for in-person verification; Medicaid enrollment through DOM.,Solicite en access.ms.gov; llame al 800-948-3050; visite la oficina MDHS del condado para verificación presencial; inscripción de Medicaid a través de DOM.,Typically Monday–Friday business hours; call ahead,adams|mississippi|benefits|SNAP|MDHS|reentry,SNAP enrollment|TANF application help|Medicaid referral|Document verification|access.ms.gov assistance,Adams,Adams,single,accepts_criminal_record
39,Alcorn County MDHS — Benefits & Family Support,financial-assistance,Corinth / Alcorn County,"The Alcorn County MDHS Economic Assistance office in Corinth processes SNAP nutrition assistance, Temporary Assistance for Needy Families (TANF), and Medicaid application referrals for Mississippi residents including returning citizens reestablishing food and health benefits after release from Alcorn County Jail or MDOC custody. County MDHS staff help verify identity and income and accept applications submitted through access.ms.gov.","La oficina de Asistencia Económica MDHS del condado Alcorn en Corinth procesa asistencia nutricional SNAP, Asistencia Temporal para Familias Necesitadas (TANF) y referencias de solicitud de Medicaid para residentes de Mississippi, incluidos ciudadanos que regresan que restablecen beneficios alimentarios y de salud después de salir de la cárcel del condado Alcorn o de la custodia de MDOC. El personal del condado ayuda a verificar identidad e ingresos y acepta solicitudes presentadas a través de access.ms.gov.",2690 S Harper Road,Corinth,(662) 286-2205,,https://www.mdhs.ms.gov/contact/,"Alcorn County residents meeting income and household-size requirements for SNAP, TANF, and Medicaid; criminal record generally not a barrier to SNAP.","Residentes del condado Alcorn que cumplan requisitos de ingresos y tamaño de hogar para SNAP, TANF y Medicaid; los antecedentes penales generalmente no son barrera para SNAP.",Apply online at access.ms.gov; call 800-948-3050 for SNAP/TANF customer service; visit the county MDHS office for in-person verification; Medicaid enrollment through DOM.,Solicite en access.ms.gov; llame al 800-948-3050; visite la oficina MDHS del condado para verificación presencial; inscripción de Medicaid a través de DOM.,Typically Monday–Friday business hours; call ahead,alcorn|mississippi|benefits|SNAP|MDHS|reentry,SNAP enrollment|TANF application help|Medicaid referral|Document verification|access.ms.gov assistance,Alcorn,Alcorn,single,accepts_criminal_record
40,Amite County MDHS — Benefits & Family Support,financial-assistance,Liberty / Amite County,"The Amite County MDHS Economic Assistance office in Liberty processes SNAP nutrition assistance, Temporary Assistance for Needy Families (TANF), and Medicaid application referrals for Mississippi residents including returning citizens reestablishing food and health benefits after release from Amite County Jail or MDOC custody. County MDHS staff help verify identity and income and accept applications submitted through access.ms.gov.","La oficina de Asistencia Económica MDHS del condado Amite en Liberty procesa asistencia nutricional SNAP, Asistencia Temporal para Familias Necesitadas (TANF) y referencias de solicitud de Medicaid para residentes de Mississippi, incluidos ciudadanos que regresan que restablecen beneficios alimentarios y de salud después de salir de la cárcel del condado Amite o de la custodia de MDOC. El personal del condado ayuda a verificar identidad e ingresos y acepta solicitudes presentadas a través de access.ms.gov.",185 Irene St,Liberty,(601) 657-8066,,https://www.mdhs.ms.gov/contact/,"Amite County residents meeting income and household-size requirements for SNAP, TANF, and Medicaid; criminal record generally not a barrier to SNAP.","Residentes del condado Amite que cumplan requisitos de ingresos y tamaño de hogar para SNAP, TANF y Medicaid; los antecedentes penales generalmente no son barrera para SNAP.",Apply online at access.ms.gov; call 800-948-3050 for SNAP/TANF customer service; visit the county MDHS office for in-person verification; Medicaid enrollment through DOM.,Solicite en access.ms.gov; llame al 800-948-3050; visite la oficina MDHS del condado para verificación presencial; inscripción de Medicaid a través de DOM.,Typically Monday–Friday business hours; call ahead,amite|mississippi|benefits|SNAP|MDHS|reentry,SNAP enrollment|TANF application help|Medicaid referral|Document verification|access.ms.gov assistance,Amite,Amite,single,accepts_criminal_record
41,Attala County MDHS — Benefits & Family Support,financial-assistance,Kosciusko / Attala County,"The Attala County MDHS Economic Assistance office in Kosciusko processes SNAP nutrition assistance, Temporary Assistance for Needy Families (TANF), and Medicaid application referrals for Mississippi residents including returning citizens reestablishing food and health benefits after release from Attala County Jail or MDOC custody. County MDHS staff help verify identity and income and accept applications submitted through access.ms.gov.","La oficina de Asistencia Económica MDHS del condado Attala en Kosciusko procesa asistencia nutricional SNAP, Asistencia Temporal para Familias Necesitadas (TANF) y referencias de solicitud de Medicaid para residentes de Mississippi, incluidos ciudadanos que regresan que restablecen beneficios alimentarios y de salud después de salir de la cárcel del condado Attala o de la custodia de MDOC. El personal del condado ayuda a verificar identidad e ingresos y acepta solicitudes presentadas a través de access.ms.gov.",717 Fairground Rd,Kosciusko,(662) 289-4881,,https://www.mdhs.ms.gov/contact/,"Attala County residents meeting income and household-size requirements for SNAP, TANF, and Medicaid; criminal record generally not a barrier to SNAP.","Residentes del condado Attala que cumplan requisitos de ingresos y tamaño de hogar para SNAP, TANF y Medicaid; los antecedentes penales generalmente no son barrera para SNAP.",Apply online at access.ms.gov; call 800-948-3050 for SNAP/TANF customer service; visit the county MDHS office for in-person verification; Medicaid enrollment through DOM.,Solicite en access.ms.gov; llame al 800-948-3050; visite la oficina MDHS del condado para verificación presencial; inscripción de Medicaid a través de DOM.,Typically Monday–Friday business hours; call ahead,attala|mississippi|benefits|SNAP|MDHS|reentry,SNAP enrollment|TANF application help|Medicaid referral|Document verification|access.ms.gov assistance,Attala,Attala,single,accepts_criminal_record
42,Benton County MDHS — Benefits & Family Support,financial-assistance,Ashland / Benton County,"The Benton County MDHS Economic Assistance office in Ashland processes SNAP nutrition assistance, Temporary Assistance for Needy Families (TANF), and Medicaid application referrals for Mississippi residents including returning citizens reestablishing food and health benefits after release from Benton County Jail or MDOC custody. County MDHS staff help verify identity and income and accept applications submitted through access.ms.gov.","La oficina de Asistencia Económica MDHS del condado Benton en Ashland procesa asistencia nutricional SNAP, Asistencia Temporal para Familias Necesitadas (TANF) y referencias de solicitud de Medicaid para residentes de Mississippi, incluidos ciudadanos que regresan que restablecen beneficios alimentarios y de salud después de salir de la cárcel del condado Benton o de la custodia de MDOC. El personal del condado ayuda a verificar identidad e ingresos y acepta solicitudes presentadas a través de access.ms.gov.",183 Court St,Ashland,(662) 224-6245,,https://www.mdhs.ms.gov/contact/,"Benton County residents meeting income and household-size requirements for SNAP, TANF, and Medicaid; criminal record generally not a barrier to SNAP.","Residentes del condado Benton que cumplan requisitos de ingresos y tamaño de hogar para SNAP, TANF y Medicaid; los antecedentes penales generalmente no son barrera para SNAP.",Apply online at access.ms.gov; call 800-948-3050 for SNAP/TANF customer service; visit the county MDHS office for in-person verification; Medicaid enrollment through DOM.,Solicite en access.ms.gov; llame al 800-948-3050; visite la oficina MDHS del condado para verificación presencial; inscripción de Medicaid a través de DOM.,Typically Monday–Friday business hours; call ahead,benton|mississippi|benefits|SNAP|MDHS|reentry,SNAP enrollment|TANF application help|Medicaid referral|Document verification|access.ms.gov assistance,Benton,Benton,single,accepts_criminal_record
43,Bolivar County MDHS — Benefits & Family Support,financial-assistance,Cleveland / Bolivar County,"The Bolivar County MDHS Economic Assistance office in Cleveland processes SNAP nutrition assistance, Temporary Assistance for Needy Families (TANF), and Medicaid application referrals for Mississippi residents including returning citizens reestablishing food and health benefits after release from Bolivar County Jail or MDOC custody. County MDHS staff help verify identity and income and accept applications submitted through access.ms.gov.","La oficina de Asistencia Económica MDHS del condado Bolivar en Cleveland procesa asistencia nutricional SNAP, Asistencia Temporal para Familias Necesitadas (TANF) y referencias de solicitud de Medicaid para residentes de Mississippi, incluidos ciudadanos que regresan que restablecen beneficios alimentarios y de salud después de salir de la cárcel del condado Bolivar o de la custodia de MDOC. El personal del condado ayuda a verificar identidad e ingresos y acepta solicitudes presentadas a través de access.ms.gov.",212 North Pearman Ave,Cleveland,(662) 843-8311,,https://www.mdhs.ms.gov/contact/,"Bolivar County residents meeting income and household-size requirements for SNAP, TANF, and Medicaid; criminal record generally not a barrier to SNAP.","Residentes del condado Bolivar que cumplan requisitos de ingresos y tamaño de hogar para SNAP, TANF y Medicaid; los antecedentes penales generalmente no son barrera para SNAP.",Apply online at access.ms.gov; call 800-948-3050 for SNAP/TANF customer service; visit the county MDHS office for in-person verification; Medicaid enrollment through DOM.,Solicite en access.ms.gov; llame al 800-948-3050; visite la oficina MDHS del condado para verificación presencial; inscripción de Medicaid a través de DOM.,Typically Monday–Friday business hours; call ahead,bolivar|mississippi|benefits|SNAP|MDHS|reentry,SNAP enrollment|TANF application help|Medicaid referral|Document verification|access.ms.gov assistance,Bolivar,Bolivar,single,accepts_criminal_record
44,Calhoun County MDHS — Benefits & Family Support,financial-assistance,Pittsboro / Calhoun County,"The Calhoun County MDHS Economic Assistance office in Pittsboro processes SNAP nutrition assistance, Temporary Assistance for Needy Families (TANF), and Medicaid application referrals for Mississippi residents including returning citizens reestablishing food and health benefits after release from Calhoun County Jail or MDOC custody. County MDHS staff help verify identity and income and accept applications submitted through access.ms.gov.","La oficina de Asistencia Económica MDHS del condado Calhoun en Pittsboro procesa asistencia nutricional SNAP, Asistencia Temporal para Familias Necesitadas (TANF) y referencias de solicitud de Medicaid para residentes de Mississippi, incluidos ciudadanos que regresan que restablecen beneficios alimentarios y de salud después de salir de la cárcel del condado Calhoun o de la custodia de MDOC. El personal del condado ayuda a verificar identidad e ingresos y acepta solicitudes presentadas a través de access.ms.gov.",237 South Murphree St,Pittsboro,(662) 412-3169,,https://www.mdhs.ms.gov/contact/,"Calhoun County residents meeting income and household-size requirements for SNAP, TANF, and Medicaid; criminal record generally not a barrier to SNAP.","Residentes del condado Calhoun que cumplan requisitos de ingresos y tamaño de hogar para SNAP, TANF y Medicaid; los antecedentes penales generalmente no son barrera para SNAP.",Apply online at access.ms.gov; call 800-948-3050 for SNAP/TANF customer service; visit the county MDHS office for in-person verification; Medicaid enrollment through DOM.,Solicite en access.ms.gov; llame al 800-948-3050; visite la oficina MDHS del condado para verificación presencial; inscripción de Medicaid a través de DOM.,Typically Monday–Friday business hours; call ahead,calhoun|mississippi|benefits|SNAP|MDHS|reentry,SNAP enrollment|TANF application help|Medicaid referral|Document verification|access.ms.gov assistance,Calhoun,Calhoun,single,accepts_criminal_record
45,Carroll County MDHS — Benefits & Family Support,financial-assistance,Carrollton / Carroll County,"The Carroll County MDHS Economic Assistance office in Carrollton processes SNAP nutrition assistance, Temporary Assistance for Needy Families (TANF), and Medicaid application referrals for Mississippi residents including returning citizens reestablishing food and health benefits after release from Carroll County Jail or MDOC custody. County MDHS staff help verify identity and income and accept applications submitted through access.ms.gov.","La oficina de Asistencia Económica MDHS del condado Carroll en Carrollton procesa asistencia nutricional SNAP, Asistencia Temporal para Familias Necesitadas (TANF) y referencias de solicitud de Medicaid para residentes de Mississippi, incluidos ciudadanos que regresan que restablecen beneficios alimentarios y de salud después de salir de la cárcel del condado Carroll o de la custodia de MDOC. El personal del condado ayuda a verificar identidad e ingresos y acepta solicitudes presentadas a través de access.ms.gov.",205 Lee St,Carrollton,(662) 464-5961,,https://www.mdhs.ms.gov/contact/,"Carroll County residents meeting income and household-size requirements for SNAP, TANF, and Medicaid; criminal record generally not a barrier to SNAP.","Residentes del condado Carroll que cumplan requisitos de ingresos y tamaño de hogar para SNAP, TANF y Medicaid; los antecedentes penales generalmente no son barrera para SNAP.",Apply online at access.ms.gov; call 800-948-3050 for SNAP/TANF customer service; visit the county MDHS office for in-person verification; Medicaid enrollment through DOM.,Solicite en access.ms.gov; llame al 800-948-3050; visite la oficina MDHS del condado para verificación presencial; inscripción de Medicaid a través de DOM.,Typically Monday–Friday business hours; call ahead,carroll|mississippi|benefits|SNAP|MDHS|reentry,SNAP enrollment|TANF application help|Medicaid referral|Document verification|access.ms.gov assistance,Carroll,Carroll,single,accepts_criminal_record
46,Chickasaw County MDHS — Benefits & Family Support,financial-assistance,Houston / Chickasaw County,"The Chickasaw County MDHS Economic Assistance office in Houston processes SNAP nutrition assistance, Temporary Assistance for Needy Families (TANF), and Medicaid application referrals for Mississippi residents including returning citizens reestablishing food and health benefits after release from Chickasaw County Jail or MDOC custody. County MDHS staff help verify identity and income and accept applications submitted through access.ms.gov.","La oficina de Asistencia Económica MDHS del condado Chickasaw en Houston procesa asistencia nutricional SNAP, Asistencia Temporal para Familias Necesitadas (TANF) y referencias de solicitud de Medicaid para residentes de Mississippi, incluidos ciudadanos que regresan que restablecen beneficios alimentarios y de salud después de salir de la cárcel del condado Chickasaw o de la custodia de MDOC. El personal del condado ayuda a verificar identidad e ingresos y acepta solicitudes presentadas a través de access.ms.gov.",210 South Monroe St,Houston,(662) 456-3724,,https://www.mdhs.ms.gov/contact/,"Chickasaw County residents meeting income and household-size requirements for SNAP, TANF, and Medicaid; criminal record generally not a barrier to SNAP.","Residentes del condado Chickasaw que cumplan requisitos de ingresos y tamaño de hogar para SNAP, TANF y Medicaid; los antecedentes penales generalmente no son barrera para SNAP.",Apply online at access.ms.gov; call 800-948-3050 for SNAP/TANF customer service; visit the county MDHS office for in-person verification; Medicaid enrollment through DOM.,Solicite en access.ms.gov; llame al 800-948-3050; visite la oficina MDHS del condado para verificación presencial; inscripción de Medicaid a través de DOM.,Typically Monday–Friday business hours; call ahead,chickasaw|mississippi|benefits|SNAP|MDHS|reentry,SNAP enrollment|TANF application help|Medicaid referral|Document verification|access.ms.gov assistance,Chickasaw,Chickasaw,single,accepts_criminal_record
47,Choctaw County MDHS — Benefits & Family Support,financial-assistance,Ackerman / Choctaw County,"The Choctaw County MDHS Economic Assistance office in Ackerman processes SNAP nutrition assistance, Temporary Assistance for Needy Families (TANF), and Medicaid application referrals for Mississippi residents including returning citizens reestablishing food and health benefits after release from Choctaw County Jail or MDOC custody. County MDHS staff help verify identity and income and accept applications submitted through access.ms.gov.","La oficina de Asistencia Económica MDHS del condado Choctaw en Ackerman procesa asistencia nutricional SNAP, Asistencia Temporal para Familias Necesitadas (TANF) y referencias de solicitud de Medicaid para residentes de Mississippi, incluidos ciudadanos que regresan que restablecen beneficios alimentarios y de salud después de salir de la cárcel del condado Choctaw o de la custodia de MDOC. El personal del condado ayuda a verificar identidad e ingresos y acepta solicitudes presentadas a través de access.ms.gov.",583 West Main St,Ackerman,(662) 285-6269,,https://www.mdhs.ms.gov/contact/,"Choctaw County residents meeting income and household-size requirements for SNAP, TANF, and Medicaid; criminal record generally not a barrier to SNAP.","Residentes del condado Choctaw que cumplan requisitos de ingresos y tamaño de hogar para SNAP, TANF y Medicaid; los antecedentes penales generalmente no son barrera para SNAP.",Apply online at access.ms.gov; call 800-948-3050 for SNAP/TANF customer service; visit the county MDHS office for in-person verification; Medicaid enrollment through DOM.,Solicite en access.ms.gov; llame al 800-948-3050; visite la oficina MDHS del condado para verificación presencial; inscripción de Medicaid a través de DOM.,Typically Monday–Friday business hours; call ahead,choctaw|mississippi|benefits|SNAP|MDHS|reentry,SNAP enrollment|TANF application help|Medicaid referral|Document verification|access.ms.gov assistance,Choctaw,Choctaw,single,accepts_criminal_record
48,Claiborne County MDHS — Benefits & Family Support,financial-assistance,Port Gibson / Claiborne County,"The Claiborne County MDHS Economic Assistance office in Port Gibson processes SNAP nutrition assistance, Temporary Assistance for Needy Families (TANF), and Medicaid application referrals for Mississippi residents including returning citizens reestablishing food and health benefits after release from Claiborne County Jail or MDOC custody. County MDHS staff help verify identity and income and accept applications submitted through access.ms.gov.","La oficina de Asistencia Económica MDHS del condado Claiborne en Port Gibson procesa asistencia nutricional SNAP, Asistencia Temporal para Familias Necesitadas (TANF) y referencias de solicitud de Medicaid para residentes de Mississippi, incluidos ciudadanos que regresan que restablecen beneficios alimentarios y de salud después de salir de la cárcel del condado Claiborne o de la custodia de MDOC. El personal del condado ayuda a verificar identidad e ingresos y acepta solicitudes presentadas a través de access.ms.gov.",417 Industrial Dr,Port Gibson,(601) 437-5115,,https://www.mdhs.ms.gov/contact/,"Claiborne County residents meeting income and household-size requirements for SNAP, TANF, and Medicaid; criminal record generally not a barrier to SNAP.","Residentes del condado Claiborne que cumplan requisitos de ingresos y tamaño de hogar para SNAP, TANF y Medicaid; los antecedentes penales generalmente no son barrera para SNAP.",Apply online at access.ms.gov; call 800-948-3050 for SNAP/TANF customer service; visit the county MDHS office for in-person verification; Medicaid enrollment through DOM.,Solicite en access.ms.gov; llame al 800-948-3050; visite la oficina MDHS del condado para verificación presencial; inscripción de Medicaid a través de DOM.,Typically Monday–Friday business hours; call ahead,claiborne|mississippi|benefits|SNAP|MDHS|reentry,SNAP enrollment|TANF application help|Medicaid referral|Document verification|access.ms.gov assistance,Claiborne,Claiborne,single,accepts_criminal_record
49,Clarke County MDHS — Benefits & Family Support,financial-assistance,Quitman / Clarke County,"The Clarke County MDHS Economic Assistance office in Quitman processes SNAP nutrition assistance, Temporary Assistance for Needy Families (TANF), and Medicaid application referrals for Mississippi residents including returning citizens reestablishing food and health benefits after release from Clarke County Jail or MDOC custody. County MDHS staff help verify identity and income and accept applications submitted through access.ms.gov.","La oficina de Asistencia Económica MDHS del condado Clarke en Quitman procesa asistencia nutricional SNAP, Asistencia Temporal para Familias Necesitadas (TANF) y referencias de solicitud de Medicaid para residentes de Mississippi, incluidos ciudadanos que regresan que restablecen beneficios alimentarios y de salud después de salir de la cárcel del condado Clarke o de la custodia de MDOC. El personal del condado ayuda a verificar identidad e ingresos y acepta solicitudes presentadas a través de access.ms.gov.",29 Harris Ave,Quitman,(601) 776-3756,,https://www.mdhs.ms.gov/contact/,"Clarke County residents meeting income and household-size requirements for SNAP, TANF, and Medicaid; criminal record generally not a barrier to SNAP.","Residentes del condado Clarke que cumplan requisitos de ingresos y tamaño de hogar para SNAP, TANF y Medicaid; los antecedentes penales generalmente no son barrera para SNAP.",Apply online at access.ms.gov; call 800-948-3050 for SNAP/TANF customer service; visit the county MDHS office for in-person verification; Medicaid enrollment through DOM.,Solicite en access.ms.gov; llame al 800-948-3050; visite la oficina MDHS del condado para verificación presencial; inscripción de Medicaid a través de DOM.,Typically Monday–Friday business hours; call ahead,clarke|mississippi|benefits|SNAP|MDHS|reentry,SNAP enrollment|TANF application help|Medicaid referral|Document verification|access.ms.gov assistance,Clarke,Clarke,single,accepts_criminal_record
50,Clay County MDHS — Benefits & Family Support,financial-assistance,West Point / Clay County,"The Clay County MDHS Economic Assistance office in West Point processes SNAP nutrition assistance, Temporary Assistance for Needy Families (TANF), and Medicaid application referrals for Mississippi residents including returning citizens reestablishing food and health benefits after release from Clay County Jail or MDOC custody. County MDHS staff help verify identity and income and accept applications submitted through access.ms.gov.","La oficina de Asistencia Económica MDHS del condado Clay en West Point procesa asistencia nutricional SNAP, Asistencia Temporal para Familias Necesitadas (TANF) y referencias de solicitud de Medicaid para residentes de Mississippi, incluidos ciudadanos que regresan que restablecen beneficios alimentarios y de salud después de salir de la cárcel del condado Clay o de la custodia de MDOC. El personal del condado ayuda a verificar identidad e ingresos y acepta solicitudes presentadas a través de access.ms.gov.",266 Washington St,West Point,(662) 494-3843,,https://www.mdhs.ms.gov/contact/,"Clay County residents meeting income and household-size requirements for SNAP, TANF, and Medicaid; criminal record generally not a barrier to SNAP.","Residentes del condado Clay que cumplan requisitos de ingresos y tamaño de hogar para SNAP, TANF y Medicaid; los antecedentes penales generalmente no son barrera para SNAP.",Apply online at access.ms.gov; call 800-948-3050 for SNAP/TANF customer service; visit the county MDHS office for in-person verification; Medicaid enrollment through DOM.,Solicite en access.ms.gov; llame al 800-948-3050; visite la oficina MDHS del condado para verificación presencial; inscripción de Medicaid a través de DOM.,Typically Monday–Friday business hours; call ahead,clay|mississippi|benefits|SNAP|MDHS|reentry,SNAP enrollment|TANF application help|Medicaid referral|Document verification|access.ms.gov assistance,Clay,Clay,single,accepts_criminal_record
51,Coahoma County MDHS — Benefits & Family Support,financial-assistance,Clarksdale / Coahoma County,"The Coahoma County MDHS Economic Assistance office in Clarksdale processes SNAP nutrition assistance, Temporary Assistance for Needy Families (TANF), and Medicaid application referrals for Mississippi residents including returning citizens reestablishing food and health benefits after release from Coahoma County Jail or MDOC custody. County MDHS staff help verify identity and income and accept applications submitted through access.ms.gov.","La oficina de Asistencia Económica MDHS del condado Coahoma en Clarksdale procesa asistencia nutricional SNAP, Asistencia Temporal para Familias Necesitadas (TANF) y referencias de solicitud de Medicaid para residentes de Mississippi, incluidos ciudadanos que regresan que restablecen beneficios alimentarios y de salud después de salir de la cárcel del condado Coahoma o de la custodia de MDOC. El personal del condado ayuda a verificar identidad e ingresos y acepta solicitudes presentadas a través de access.ms.gov.",923 Ohio Ave,Clarksdale,(662) 624-3050,,https://www.mdhs.ms.gov/contact/,"Coahoma County residents meeting income and household-size requirements for SNAP, TANF, and Medicaid; criminal record generally not a barrier to SNAP.","Residentes del condado Coahoma que cumplan requisitos de ingresos y tamaño de hogar para SNAP, TANF y Medicaid; los antecedentes penales generalmente no son barrera para SNAP.",Apply online at access.ms.gov; call 800-948-3050 for SNAP/TANF customer service; visit the county MDHS office for in-person verification; Medicaid enrollment through DOM.,Solicite en access.ms.gov; llame al 800-948-3050; visite la oficina MDHS del condado para verificación presencial; inscripción de Medicaid a través de DOM.,Typically Monday–Friday business hours; call ahead,coahoma|mississippi|benefits|SNAP|MDHS|reentry,SNAP enrollment|TANF application help|Medicaid referral|Document verification|access.ms.gov assistance,Coahoma,Coahoma,single,accepts_criminal_record
52,Copiah County MDHS — Benefits & Family Support,financial-assistance,Hazlehurst / Copiah County,"The Copiah County MDHS Economic Assistance office in Hazlehurst processes SNAP nutrition assistance, Temporary Assistance for Needy Families (TANF), and Medicaid application referrals for Mississippi residents including returning citizens reestablishing food and health benefits after release from Copiah County Jail or MDOC custody. County MDHS staff help verify identity and income and accept applications submitted through access.ms.gov.","La oficina de Asistencia Económica MDHS del condado Copiah en Hazlehurst procesa asistencia nutricional SNAP, Asistencia Temporal para Familias Necesitadas (TANF) y referencias de solicitud de Medicaid para residentes de Mississippi, incluidos ciudadanos que regresan que restablecen beneficios alimentarios y de salud después de salir de la cárcel del condado Copiah o de la custodia de MDOC. El personal del condado ayuda a verificar identidad e ingresos y acepta solicitudes presentadas a través de access.ms.gov.","640 Georgetown St, Suite 2",Hazlehurst,(601) 894-2321,,https://www.mdhs.ms.gov/contact/,"Copiah County residents meeting income and household-size requirements for SNAP, TANF, and Medicaid; criminal record generally not a barrier to SNAP.","Residentes del condado Copiah que cumplan requisitos de ingresos y tamaño de hogar para SNAP, TANF y Medicaid; los antecedentes penales generalmente no son barrera para SNAP.",Apply online at access.ms.gov; call 800-948-3050 for SNAP/TANF customer service; visit the county MDHS office for in-person verification; Medicaid enrollment through DOM.,Solicite en access.ms.gov; llame al 800-948-3050; visite la oficina MDHS del condado para verificación presencial; inscripción de Medicaid a través de DOM.,Typically Monday–Friday business hours; call ahead,copiah|mississippi|benefits|SNAP|MDHS|reentry,SNAP enrollment|TANF application help|Medicaid referral|Document verification|access.ms.gov assistance,Copiah,Copiah,single,accepts_criminal_record
53,Covington County MDHS — Benefits & Family Support,financial-assistance,Collins / Covington County,"The Covington County MDHS Economic Assistance office in Collins processes SNAP nutrition assistance, Temporary Assistance for Needy Families (TANF), and Medicaid application referrals for Mississippi residents including returning citizens reestablishing food and health benefits after release from Covington County Jail or MDOC custody. County MDHS staff help verify identity and income and accept applications submitted through access.ms.gov.","La oficina de Asistencia Económica MDHS del condado Covington en Collins procesa asistencia nutricional SNAP, Asistencia Temporal para Familias Necesitadas (TANF) y referencias de solicitud de Medicaid para residentes de Mississippi, incluidos ciudadanos que regresan que restablecen beneficios alimentarios y de salud después de salir de la cárcel del condado Covington o de la custodia de MDOC. El personal del condado ayuda a verificar identidad e ingresos y acepta solicitudes presentadas a través de access.ms.gov.",107 Arrington Ave,Collins,(601) 765-6585,,https://www.mdhs.ms.gov/contact/,"Covington County residents meeting income and household-size requirements for SNAP, TANF, and Medicaid; criminal record generally not a barrier to SNAP.","Residentes del condado Covington que cumplan requisitos de ingresos y tamaño de hogar para SNAP, TANF y Medicaid; los antecedentes penales generalmente no son barrera para SNAP.",Apply online at access.ms.gov; call 800-948-3050 for SNAP/TANF customer service; visit the county MDHS office for in-person verification; Medicaid enrollment through DOM.,Solicite en access.ms.gov; llame al 800-948-3050; visite la oficina MDHS del condado para verificación presencial; inscripción de Medicaid a través de DOM.,Typically Monday–Friday business hours; call ahead,covington|mississippi|benefits|SNAP|MDHS|reentry,SNAP enrollment|TANF application help|Medicaid referral|Document verification|access.ms.gov assistance,Covington,Covington,single,accepts_criminal_record
54,DeSoto County MDHS — Benefits & Family Support,financial-assistance,Hernando / DeSoto County,"The DeSoto County MDHS Economic Assistance office in Hernando processes SNAP nutrition assistance, Temporary Assistance for Needy Families (TANF), and Medicaid application referrals for Mississippi residents including returning citizens reestablishing food and health benefits after release from DeSoto County Jail or MDOC custody. County MDHS staff help verify identity and income and accept applications submitted through access.ms.gov.","La oficina de Asistencia Económica MDHS del condado DeSoto en Hernando procesa asistencia nutricional SNAP, Asistencia Temporal para Familias Necesitadas (TANF) y referencias de solicitud de Medicaid para residentes de Mississippi, incluidos ciudadanos que regresan que restablecen beneficios alimentarios y de salud después de salir de la cárcel del condado DeSoto o de la custodia de MDOC. El personal del condado ayuda a verificar identidad e ingresos y acepta solicitudes presentadas a través de access.ms.gov.",3210 HWY 51 South,Hernando,(662) 449-9396,,https://www.mdhs.ms.gov/contact/,"DeSoto County residents meeting income and household-size requirements for SNAP, TANF, and Medicaid; criminal record generally not a barrier to SNAP.","Residentes del condado DeSoto que cumplan requisitos de ingresos y tamaño de hogar para SNAP, TANF y Medicaid; los antecedentes penales generalmente no son barrera para SNAP.",Apply online at access.ms.gov; call 800-948-3050 for SNAP/TANF customer service; visit the county MDHS office for in-person verification; Medicaid enrollment through DOM.,Solicite en access.ms.gov; llame al 800-948-3050; visite la oficina MDHS del condado para verificación presencial; inscripción de Medicaid a través de DOM.,Typically Monday–Friday business hours; call ahead,desoto|mississippi|benefits|SNAP|MDHS|reentry,SNAP enrollment|TANF application help|Medicaid referral|Document verification|access.ms.gov assistance,DeSoto,DeSoto,single,accepts_criminal_record
55,Forrest County MDHS — Benefits & Family Support,financial-assistance,Hattiesburg / Forrest County,"The Forrest County MDHS Economic Assistance office in Hattiesburg processes SNAP nutrition assistance, Temporary Assistance for Needy Families (TANF), and Medicaid application referrals for Mississippi residents including returning citizens reestablishing food and health benefits after release from Forrest County Jail or MDOC custody. County MDHS staff help verify identity and income and accept applications submitted through access.ms.gov.","La oficina de Asistencia Económica MDHS del condado Forrest en Hattiesburg procesa asistencia nutricional SNAP, Asistencia Temporal para Familias Necesitadas (TANF) y referencias de solicitud de Medicaid para residentes de Mississippi, incluidos ciudadanos que regresan que restablecen beneficios alimentarios y de salud después de salir de la cárcel del condado Forrest o de la custodia de MDOC. El personal del condado ayuda a verificar identidad e ingresos y acepta solicitudes presentadas a través de access.ms.gov.",1604 W Pine St,Hattiesburg,(601) 554-4350,,https://www.mdhs.ms.gov/contact/,"Forrest County residents meeting income and household-size requirements for SNAP, TANF, and Medicaid; criminal record generally not a barrier to SNAP.","Residentes del condado Forrest que cumplan requisitos de ingresos y tamaño de hogar para SNAP, TANF y Medicaid; los antecedentes penales generalmente no son barrera para SNAP.",Apply online at access.ms.gov; call 800-948-3050 for SNAP/TANF customer service; visit the county MDHS office for in-person verification; Medicaid enrollment through DOM.,Solicite en access.ms.gov; llame al 800-948-3050; visite la oficina MDHS del condado para verificación presencial; inscripción de Medicaid a través de DOM.,Typically Monday–Friday business hours; call ahead,forrest|mississippi|benefits|SNAP|MDHS|reentry,SNAP enrollment|TANF application help|Medicaid referral|Document verification|access.ms.gov assistance,Forrest,Forrest,single,accepts_criminal_record
56,Franklin County MDHS — Benefits & Family Support,financial-assistance,Meadville / Franklin County,"The Franklin County MDHS Economic Assistance office in Meadville processes SNAP nutrition assistance, Temporary Assistance for Needy Families (TANF), and Medicaid application referrals for Mississippi residents including returning citizens reestablishing food and health benefits after release from Franklin County Jail or MDOC custody. County MDHS staff help verify identity and income and accept applications submitted through access.ms.gov.","La oficina de Asistencia Económica MDHS del condado Franklin en Meadville procesa asistencia nutricional SNAP, Asistencia Temporal para Familias Necesitadas (TANF) y referencias de solicitud de Medicaid para residentes de Mississippi, incluidos ciudadanos que regresan que restablecen beneficios alimentarios y de salud después de salir de la cárcel del condado Franklin o de la custodia de MDOC. El personal del condado ayuda a verificar identidad e ingresos y acepta solicitudes presentadas a través de access.ms.gov.",90 Mill Rd,Meadville,(601) 384-5837,,https://www.mdhs.ms.gov/contact/,"Franklin County residents meeting income and household-size requirements for SNAP, TANF, and Medicaid; criminal record generally not a barrier to SNAP.","Residentes del condado Franklin que cumplan requisitos de ingresos y tamaño de hogar para SNAP, TANF y Medicaid; los antecedentes penales generalmente no son barrera para SNAP.",Apply online at access.ms.gov; call 800-948-3050 for SNAP/TANF customer service; visit the county MDHS office for in-person verification; Medicaid enrollment through DOM.,Solicite en access.ms.gov; llame al 800-948-3050; visite la oficina MDHS del condado para verificación presencial; inscripción de Medicaid a través de DOM.,Typically Monday–Friday business hours; call ahead,franklin|mississippi|benefits|SNAP|MDHS|reentry,SNAP enrollment|TANF application help|Medicaid referral|Document verification|access.ms.gov assistance,Franklin,Franklin,single,accepts_criminal_record
57,George County MDHS — Benefits & Family Support,financial-assistance,Lucedale / George County,"The George County MDHS Economic Assistance office in Lucedale processes SNAP nutrition assistance, Temporary Assistance for Needy Families (TANF), and Medicaid application referrals for Mississippi residents including returning citizens reestablishing food and health benefits after release from George County Jail or MDOC custody. County MDHS staff help verify identity and income and accept applications submitted through access.ms.gov.","La oficina de Asistencia Económica MDHS del condado George en Lucedale procesa asistencia nutricional SNAP, Asistencia Temporal para Familias Necesitadas (TANF) y referencias de solicitud de Medicaid para residentes de Mississippi, incluidos ciudadanos que regresan que restablecen beneficios alimentarios y de salud después de salir de la cárcel del condado George o de la custodia de MDOC. El personal del condado ayuda a verificar identidad e ingresos y acepta solicitudes presentadas a través de access.ms.gov.","38 London St, Suite B",Lucedale,(601) 947-7551,,https://www.mdhs.ms.gov/contact/,"George County residents meeting income and household-size requirements for SNAP, TANF, and Medicaid; criminal record generally not a barrier to SNAP.","Residentes del condado George que cumplan requisitos de ingresos y tamaño de hogar para SNAP, TANF y Medicaid; los antecedentes penales generalmente no son barrera para SNAP.",Apply online at access.ms.gov; call 800-948-3050 for SNAP/TANF customer service; visit the county MDHS office for in-person verification; Medicaid enrollment through DOM.,Solicite en access.ms.gov; llame al 800-948-3050; visite la oficina MDHS del condado para verificación presencial; inscripción de Medicaid a través de DOM.,Typically Monday–Friday business hours; call ahead,george|mississippi|benefits|SNAP|MDHS|reentry,SNAP enrollment|TANF application help|Medicaid referral|Document verification|access.ms.gov assistance,George,George,single,accepts_criminal_record
58,Greene County MDHS — Benefits & Family Support,financial-assistance,Leakesville / Greene County,"The Greene County MDHS Economic Assistance office in Leakesville processes SNAP nutrition assistance, Temporary Assistance for Needy Families (TANF), and Medicaid application referrals for Mississippi residents including returning citizens reestablishing food and health benefits after release from Greene County Jail or MDOC custody. County MDHS staff help verify identity and income and accept applications submitted through access.ms.gov.","La oficina de Asistencia Económica MDHS del condado Greene en Leakesville procesa asistencia nutricional SNAP, Asistencia Temporal para Familias Necesitadas (TANF) y referencias de solicitud de Medicaid para residentes de Mississippi, incluidos ciudadanos que regresan que restablecen beneficios alimentarios y de salud después de salir de la cárcel del condado Greene o de la custodia de MDOC. El personal del condado ayuda a verificar identidad e ingresos y acepta solicitudes presentadas a través de access.ms.gov.",1008 Jackson Ave,Leakesville,(601) 394-2362,,https://www.mdhs.ms.gov/contact/,"Greene County residents meeting income and household-size requirements for SNAP, TANF, and Medicaid; criminal record generally not a barrier to SNAP.","Residentes del condado Greene que cumplan requisitos de ingresos y tamaño de hogar para SNAP, TANF y Medicaid; los antecedentes penales generalmente no son barrera para SNAP.",Apply online at access.ms.gov; call 800-948-3050 for SNAP/TANF customer service; visit the county MDHS office for in-person verification; Medicaid enrollment through DOM.,Solicite en access.ms.gov; llame al 800-948-3050; visite la oficina MDHS del condado para verificación presencial; inscripción de Medicaid a través de DOM.,Typically Monday–Friday business hours; call ahead,greene|mississippi|benefits|SNAP|MDHS|reentry,SNAP enrollment|TANF application help|Medicaid referral|Document verification|access.ms.gov assistance,Greene,Greene,single,accepts_criminal_record
59,Grenada County MDHS — Benefits & Family Support,financial-assistance,Grenada / Grenada County,"The Grenada County MDHS Economic Assistance office in Grenada processes SNAP nutrition assistance, Temporary Assistance for Needy Families (TANF), and Medicaid application referrals for Mississippi residents including returning citizens reestablishing food and health benefits after release from Grenada County Jail or MDOC custody. County MDHS staff help verify identity and income and accept applications submitted through access.ms.gov.","La oficina de Asistencia Económica MDHS del condado Grenada en Grenada procesa asistencia nutricional SNAP, Asistencia Temporal para Familias Necesitadas (TANF) y referencias de solicitud de Medicaid para residentes de Mississippi, incluidos ciudadanos que regresan que restablecen beneficios alimentarios y de salud después de salir de la cárcel del condado Grenada o de la custodia de MDOC. El personal del condado ayuda a verificar identidad e ingresos y acepta solicitudes presentadas a través de access.ms.gov.","1240 Fairground Rd, Suite B",Grenada,(662) 226-1971,,https://www.mdhs.ms.gov/contact/,"Grenada County residents meeting income and household-size requirements for SNAP, TANF, and Medicaid; criminal record generally not a barrier to SNAP.","Residentes del condado Grenada que cumplan requisitos de ingresos y tamaño de hogar para SNAP, TANF y Medicaid; los antecedentes penales generalmente no son barrera para SNAP.",Apply online at access.ms.gov; call 800-948-3050 for SNAP/TANF customer service; visit the county MDHS office for in-person verification; Medicaid enrollment through DOM.,Solicite en access.ms.gov; llame al 800-948-3050; visite la oficina MDHS del condado para verificación presencial; inscripción de Medicaid a través de DOM.,Typically Monday–Friday business hours; call ahead,grenada|mississippi|benefits|SNAP|MDHS|reentry,SNAP enrollment|TANF application help|Medicaid referral|Document verification|access.ms.gov assistance,Grenada,Grenada,single,accepts_criminal_record
60,Hancock County MDHS — Benefits & Family Support,financial-assistance,Bay St. Louis / Hancock County,"The Hancock County MDHS Economic Assistance office in Bay St. Louis processes SNAP nutrition assistance, Temporary Assistance for Needy Families (TANF), and Medicaid application referrals for Mississippi residents including returning citizens reestablishing food and health benefits after release from Hancock County Jail or MDOC custody. County MDHS staff help verify identity and income and accept applications submitted through access.ms.gov.","La oficina de Asistencia Económica MDHS del condado Hancock en Bay St. Louis procesa asistencia nutricional SNAP, Asistencia Temporal para Familias Necesitadas (TANF) y referencias de solicitud de Medicaid para residentes de Mississippi, incluidos ciudadanos que regresan que restablecen beneficios alimentarios y de salud después de salir de la cárcel del condado Hancock o de la custodia de MDOC. El personal del condado ayuda a verificar identidad e ingresos y acepta solicitudes presentadas a través de access.ms.gov.","856 Hwy 90, Suite D",Bay St. Louis,(228) 467-4565,,https://www.mdhs.ms.gov/contact/,"Hancock County residents meeting income and household-size requirements for SNAP, TANF, and Medicaid; criminal record generally not a barrier to SNAP.","Residentes del condado Hancock que cumplan requisitos de ingresos y tamaño de hogar para SNAP, TANF y Medicaid; los antecedentes penales generalmente no son barrera para SNAP.",Apply online at access.ms.gov; call 800-948-3050 for SNAP/TANF customer service; visit the county MDHS office for in-person verification; Medicaid enrollment through DOM.,Solicite en access.ms.gov; llame al 800-948-3050; visite la oficina MDHS del condado para verificación presencial; inscripción de Medicaid a través de DOM.,Typically Monday–Friday business hours; call ahead,hancock|mississippi|benefits|SNAP|MDHS|reentry,SNAP enrollment|TANF application help|Medicaid referral|Document verification|access.ms.gov assistance,Hancock,Hancock,single,accepts_criminal_record
61,Harrison County MDHS — Benefits & Family Support,financial-assistance,Gulfport / Harrison County,"The Harrison County MDHS Economic Assistance office in Gulfport processes SNAP nutrition assistance, Temporary Assistance for Needy Families (TANF), and Medicaid application referrals for Mississippi residents including returning citizens reestablishing food and health benefits after release from Harrison County Jail or MDOC custody. County MDHS staff help verify identity and income and accept applications submitted through access.ms.gov.","La oficina de Asistencia Económica MDHS del condado Harrison en Gulfport procesa asistencia nutricional SNAP, Asistencia Temporal para Familias Necesitadas (TANF) y referencias de solicitud de Medicaid para residentes de Mississippi, incluidos ciudadanos que regresan que restablecen beneficios alimentarios y de salud después de salir de la cárcel del condado Harrison o de la custodia de MDOC. El personal del condado ayuda a verificar identidad e ingresos y acepta solicitudes presentadas a través de access.ms.gov.",10260 Larkin Smith Dr,Gulfport,(228) 897-5600,,https://www.mdhs.ms.gov/contact/,"Harrison County residents meeting income and household-size requirements for SNAP, TANF, and Medicaid; criminal record generally not a barrier to SNAP.","Residentes del condado Harrison que cumplan requisitos de ingresos y tamaño de hogar para SNAP, TANF y Medicaid; los antecedentes penales generalmente no son barrera para SNAP.",Apply online at access.ms.gov; call 800-948-3050 for SNAP/TANF customer service; visit the county MDHS office for in-person verification; Medicaid enrollment through DOM.,Solicite en access.ms.gov; llame al 800-948-3050; visite la oficina MDHS del condado para verificación presencial; inscripción de Medicaid a través de DOM.,Typically Monday–Friday business hours; call ahead,harrison|mississippi|benefits|SNAP|MDHS|reentry,SNAP enrollment|TANF application help|Medicaid referral|Document verification|access.ms.gov assistance,Harrison,Harrison,single,accepts_criminal_record
62,Hinds County MDHS — Benefits & Family Support,financial-assistance,Jackson / Hinds County,"The Hinds County MDHS Economic Assistance office in Jackson processes SNAP nutrition assistance, Temporary Assistance for Needy Families (TANF), and Medicaid application referrals for Mississippi residents including returning citizens reestablishing food and health benefits after release from Hinds County Jail or MDOC custody. County MDHS staff help verify identity and income and accept applications submitted through access.ms.gov.","La oficina de Asistencia Económica MDHS del condado Hinds en Jackson procesa asistencia nutricional SNAP, Asistencia Temporal para Familias Necesitadas (TANF) y referencias de solicitud de Medicaid para residentes de Mississippi, incluidos ciudadanos que regresan que restablecen beneficios alimentarios y de salud después de salir de la cárcel del condado Hinds o de la custodia de MDOC. El personal del condado ayuda a verificar identidad e ingresos y acepta solicitudes presentadas a través de access.ms.gov.",4777 Medgar Evers Blvd,Jackson,(601) 362-9892,,https://www.mdhs.ms.gov/contact/,"Hinds County residents meeting income and household-size requirements for SNAP, TANF, and Medicaid; criminal record generally not a barrier to SNAP.","Residentes del condado Hinds que cumplan requisitos de ingresos y tamaño de hogar para SNAP, TANF y Medicaid; los antecedentes penales generalmente no son barrera para SNAP.",Apply online at access.ms.gov; call 800-948-3050 for SNAP/TANF customer service; visit the county MDHS office for in-person verification; Medicaid enrollment through DOM.,Solicite en access.ms.gov; llame al 800-948-3050; visite la oficina MDHS del condado para verificación presencial; inscripción de Medicaid a través de DOM.,Typically Monday–Friday business hours; call ahead,hinds|mississippi|benefits|SNAP|MDHS|reentry,SNAP enrollment|TANF application help|Medicaid referral|Document verification|access.ms.gov assistance,Hinds,Hinds,single,accepts_criminal_record
63,Holmes County MDHS — Benefits & Family Support,financial-assistance,Lexington / Holmes County,"The Holmes County MDHS Economic Assistance office in Lexington processes SNAP nutrition assistance, Temporary Assistance for Needy Families (TANF), and Medicaid application referrals for Mississippi residents including returning citizens reestablishing food and health benefits after release from Holmes County Jail or MDOC custody. County MDHS staff help verify identity and income and accept applications submitted through access.ms.gov.","La oficina de Asistencia Económica MDHS del condado Holmes en Lexington procesa asistencia nutricional SNAP, Asistencia Temporal para Familias Necesitadas (TANF) y referencias de solicitud de Medicaid para residentes de Mississippi, incluidos ciudadanos que regresan que restablecen beneficios alimentarios y de salud después de salir de la cárcel del condado Holmes o de la custodia de MDOC. El personal del condado ayuda a verificar identidad e ingresos y acepta solicitudes presentadas a través de access.ms.gov.",22419 Depot St,Lexington,(662) 834-1221,,https://www.mdhs.ms.gov/contact/,"Holmes County residents meeting income and household-size requirements for SNAP, TANF, and Medicaid; criminal record generally not a barrier to SNAP.","Residentes del condado Holmes que cumplan requisitos de ingresos y tamaño de hogar para SNAP, TANF y Medicaid; los antecedentes penales generalmente no son barrera para SNAP.",Apply online at access.ms.gov; call 800-948-3050 for SNAP/TANF customer service; visit the county MDHS office for in-person verification; Medicaid enrollment through DOM.,Solicite en access.ms.gov; llame al 800-948-3050; visite la oficina MDHS del condado para verificación presencial; inscripción de Medicaid a través de DOM.,Typically Monday–Friday business hours; call ahead,holmes|mississippi|benefits|SNAP|MDHS|reentry,SNAP enrollment|TANF application help|Medicaid referral|Document verification|access.ms.gov assistance,Holmes,Holmes,single,accepts_criminal_record
64,Humphreys County MDHS — Benefits & Family Support,financial-assistance,Belzoni / Humphreys County,"The Humphreys County MDHS Economic Assistance office in Belzoni processes SNAP nutrition assistance, Temporary Assistance for Needy Families (TANF), and Medicaid application referrals for Mississippi residents including returning citizens reestablishing food and health benefits after release from Humphreys County Jail or MDOC custody. County MDHS staff help verify identity and income and accept applications submitted through access.ms.gov.","La oficina de Asistencia Económica MDHS del condado Humphreys en Belzoni procesa asistencia nutricional SNAP, Asistencia Temporal para Familias Necesitadas (TANF) y referencias de solicitud de Medicaid para residentes de Mississippi, incluidos ciudadanos que regresan que restablecen beneficios alimentarios y de salud después de salir de la cárcel del condado Humphreys o de la custodia de MDOC. El personal del condado ayuda a verificar identidad e ingresos y acepta solicitudes presentadas a través de access.ms.gov.","16463 US Hwy 49, Suite C",Belzoni,(662) 247-2323,,https://www.mdhs.ms.gov/contact/,"Humphreys County residents meeting income and household-size requirements for SNAP, TANF, and Medicaid; criminal record generally not a barrier to SNAP.","Residentes del condado Humphreys que cumplan requisitos de ingresos y tamaño de hogar para SNAP, TANF y Medicaid; los antecedentes penales generalmente no son barrera para SNAP.",Apply online at access.ms.gov; call 800-948-3050 for SNAP/TANF customer service; visit the county MDHS office for in-person verification; Medicaid enrollment through DOM.,Solicite en access.ms.gov; llame al 800-948-3050; visite la oficina MDHS del condado para verificación presencial; inscripción de Medicaid a través de DOM.,Typically Monday–Friday business hours; call ahead,humphreys|mississippi|benefits|SNAP|MDHS|reentry,SNAP enrollment|TANF application help|Medicaid referral|Document verification|access.ms.gov assistance,Humphreys,Humphreys,single,accepts_criminal_record
65,Issaquena County MDHS — Benefits & Family Support,financial-assistance,Mayersville / Issaquena County,"The Issaquena County MDHS Economic Assistance office in Mayersville processes SNAP nutrition assistance, Temporary Assistance for Needy Families (TANF), and Medicaid application referrals for Mississippi residents including returning citizens reestablishing food and health benefits after release from Issaquena County Jail or MDOC custody. County MDHS staff help verify identity and income and accept applications submitted through access.ms.gov.","La oficina de Asistencia Económica MDHS del condado Issaquena en Mayersville procesa asistencia nutricional SNAP, Asistencia Temporal para Familias Necesitadas (TANF) y referencias de solicitud de Medicaid para residentes de Mississippi, incluidos ciudadanos que regresan que restablecen beneficios alimentarios y de salud después de salir de la cárcel del condado Issaquena o de la custodia de MDOC. El personal del condado ayuda a verificar identidad e ingresos y acepta solicitudes presentadas a través de access.ms.gov.",129 Court St,Mayersville,(662) 873-6296,,https://www.mdhs.ms.gov/contact/,"Issaquena County residents meeting income and household-size requirements for SNAP, TANF, and Medicaid; criminal record generally not a barrier to SNAP.","Residentes del condado Issaquena que cumplan requisitos de ingresos y tamaño de hogar para SNAP, TANF y Medicaid; los antecedentes penales generalmente no son barrera para SNAP.",Apply online at access.ms.gov; call 800-948-3050 for SNAP/TANF customer service; visit the county MDHS office for in-person verification; Medicaid enrollment through DOM.,Solicite en access.ms.gov; llame al 800-948-3050; visite la oficina MDHS del condado para verificación presencial; inscripción de Medicaid a través de DOM.,Typically Monday–Friday business hours; call ahead,issaquena|mississippi|benefits|SNAP|MDHS|reentry,SNAP enrollment|TANF application help|Medicaid referral|Document verification|access.ms.gov assistance,Issaquena,Issaquena,single,accepts_criminal_record
66,Itawamba County MDHS — Benefits & Family Support,financial-assistance,Fulton / Itawamba County,"The Itawamba County MDHS Economic Assistance office in Fulton processes SNAP nutrition assistance, Temporary Assistance for Needy Families (TANF), and Medicaid application referrals for Mississippi residents including returning citizens reestablishing food and health benefits after release from Itawamba County Jail or MDOC custody. County MDHS staff help verify identity and income and accept applications submitted through access.ms.gov.","La oficina de Asistencia Económica MDHS del condado Itawamba en Fulton procesa asistencia nutricional SNAP, Asistencia Temporal para Familias Necesitadas (TANF) y referencias de solicitud de Medicaid para residentes de Mississippi, incluidos ciudadanos que regresan que restablecen beneficios alimentarios y de salud después de salir de la cárcel del condado Itawamba o de la custodia de MDOC. El personal del condado ayuda a verificar identidad e ingresos y acepta solicitudes presentadas a través de access.ms.gov.",305 West Cedar St,Fulton,(662) 862-9781,,https://www.mdhs.ms.gov/contact/,"Itawamba County residents meeting income and household-size requirements for SNAP, TANF, and Medicaid; criminal record generally not a barrier to SNAP.","Residentes del condado Itawamba que cumplan requisitos de ingresos y tamaño de hogar para SNAP, TANF y Medicaid; los antecedentes penales generalmente no son barrera para SNAP.",Apply online at access.ms.gov; call 800-948-3050 for SNAP/TANF customer service; visit the county MDHS office for in-person verification; Medicaid enrollment through DOM.,Solicite en access.ms.gov; llame al 800-948-3050; visite la oficina MDHS del condado para verificación presencial; inscripción de Medicaid a través de DOM.,Typically Monday–Friday business hours; call ahead,itawamba|mississippi|benefits|SNAP|MDHS|reentry,SNAP enrollment|TANF application help|Medicaid referral|Document verification|access.ms.gov assistance,Itawamba,Itawamba,single,accepts_criminal_record
67,Jackson County MDHS — Benefits & Family Support,financial-assistance,Pascagoula / Jackson County,"The Jackson County MDHS Economic Assistance office in Pascagoula processes SNAP nutrition assistance, Temporary Assistance for Needy Families (TANF), and Medicaid application referrals for Mississippi residents including returning citizens reestablishing food and health benefits after release from Jackson County Jail or MDOC custody. County MDHS staff help verify identity and income and accept applications submitted through access.ms.gov.","La oficina de Asistencia Económica MDHS del condado Jackson en Pascagoula procesa asistencia nutricional SNAP, Asistencia Temporal para Familias Necesitadas (TANF) y referencias de solicitud de Medicaid para residentes de Mississippi, incluidos ciudadanos que regresan que restablecen beneficios alimentarios y de salud después de salir de la cárcel del condado Jackson o de la custodia de MDOC. El personal del condado ayuda a verificar identidad e ingresos y acepta solicitudes presentadas a través de access.ms.gov.","5343 Jefferson Ave, Suite 7",Pascagoula,(228) 769-3275,,https://www.mdhs.ms.gov/contact/,"Jackson County residents meeting income and household-size requirements for SNAP, TANF, and Medicaid; criminal record generally not a barrier to SNAP.","Residentes del condado Jackson que cumplan requisitos de ingresos y tamaño de hogar para SNAP, TANF y Medicaid; los antecedentes penales generalmente no son barrera para SNAP.",Apply online at access.ms.gov; call 800-948-3050 for SNAP/TANF customer service; visit the county MDHS office for in-person verification; Medicaid enrollment through DOM.,Solicite en access.ms.gov; llame al 800-948-3050; visite la oficina MDHS del condado para verificación presencial; inscripción de Medicaid a través de DOM.,Typically Monday–Friday business hours; call ahead,jackson|mississippi|benefits|SNAP|MDHS|reentry,SNAP enrollment|TANF application help|Medicaid referral|Document verification|access.ms.gov assistance,Jackson,Jackson,single,accepts_criminal_record
68,Jasper County MDHS — Benefits & Family Support,financial-assistance,Bay Springs / Jasper County,"The Jasper County MDHS Economic Assistance office in Bay Springs processes SNAP nutrition assistance, Temporary Assistance for Needy Families (TANF), and Medicaid application referrals for Mississippi residents including returning citizens reestablishing food and health benefits after release from Jasper County Jail or MDOC custody. County MDHS staff help verify identity and income and accept applications submitted through access.ms.gov.","La oficina de Asistencia Económica MDHS del condado Jasper en Bay Springs procesa asistencia nutricional SNAP, Asistencia Temporal para Familias Necesitadas (TANF) y referencias de solicitud de Medicaid para residentes de Mississippi, incluidos ciudadanos que regresan que restablecen beneficios alimentarios y de salud después de salir de la cárcel del condado Jasper o de la custodia de MDOC. El personal del condado ayuda a verificar identidad e ingresos y acepta solicitudes presentadas a través de access.ms.gov.",37 West 8th Ave,Bay Springs,(601) 764-2151,,https://www.mdhs.ms.gov/contact/,"Jasper County residents meeting income and household-size requirements for SNAP, TANF, and Medicaid; criminal record generally not a barrier to SNAP.","Residentes del condado Jasper que cumplan requisitos de ingresos y tamaño de hogar para SNAP, TANF y Medicaid; los antecedentes penales generalmente no son barrera para SNAP.",Apply online at access.ms.gov; call 800-948-3050 for SNAP/TANF customer service; visit the county MDHS office for in-person verification; Medicaid enrollment through DOM.,Solicite en access.ms.gov; llame al 800-948-3050; visite la oficina MDHS del condado para verificación presencial; inscripción de Medicaid a través de DOM.,Typically Monday–Friday business hours; call ahead,jasper|mississippi|benefits|SNAP|MDHS|reentry,SNAP enrollment|TANF application help|Medicaid referral|Document verification|access.ms.gov assistance,Jasper,Jasper,single,accepts_criminal_record
69,Jefferson County MDHS — Benefits & Family Support,financial-assistance,Fayette / Jefferson County,"The Jefferson County MDHS Economic Assistance office in Fayette processes SNAP nutrition assistance, Temporary Assistance for Needy Families (TANF), and Medicaid application referrals for Mississippi residents including returning citizens reestablishing food and health benefits after release from Jefferson County Jail or MDOC custody. County MDHS staff help verify identity and income and accept applications submitted through access.ms.gov.","La oficina de Asistencia Económica MDHS del condado Jefferson en Fayette procesa asistencia nutricional SNAP, Asistencia Temporal para Familias Necesitadas (TANF) y referencias de solicitud de Medicaid para residentes de Mississippi, incluidos ciudadanos que regresan que restablecen beneficios alimentarios y de salud después de salir de la cárcel del condado Jefferson o de la custodia de MDOC. El personal del condado ayuda a verificar identidad e ingresos y acepta solicitudes presentadas a través de access.ms.gov.",235 Medgar Evers Blvd,Fayette,(601) 786-3571,,https://www.mdhs.ms.gov/contact/,"Jefferson County residents meeting income and household-size requirements for SNAP, TANF, and Medicaid; criminal record generally not a barrier to SNAP.","Residentes del condado Jefferson que cumplan requisitos de ingresos y tamaño de hogar para SNAP, TANF y Medicaid; los antecedentes penales generalmente no son barrera para SNAP.",Apply online at access.ms.gov; call 800-948-3050 for SNAP/TANF customer service; visit the county MDHS office for in-person verification; Medicaid enrollment through DOM.,Solicite en access.ms.gov; llame al 800-948-3050; visite la oficina MDHS del condado para verificación presencial; inscripción de Medicaid a través de DOM.,Typically Monday–Friday business hours; call ahead,jefferson|mississippi|benefits|SNAP|MDHS|reentry,SNAP enrollment|TANF application help|Medicaid referral|Document verification|access.ms.gov assistance,Jefferson,Jefferson,single,accepts_criminal_record
70,Jefferson Davis County MDHS — Benefits & Family Support,financial-assistance,Prentiss / Jefferson Davis County,"The Jefferson Davis County MDHS Economic Assistance office in Prentiss processes SNAP nutrition assistance, Temporary Assistance for Needy Families (TANF), and Medicaid application referrals for Mississippi residents including returning citizens reestablishing food and health benefits after release from Jefferson Davis County Jail or MDOC custody. County MDHS staff help verify identity and income and accept applications submitted through access.ms.gov.","La oficina de Asistencia Económica MDHS del condado Jefferson Davis en Prentiss procesa asistencia nutricional SNAP, Asistencia Temporal para Familias Necesitadas (TANF) y referencias de solicitud de Medicaid para residentes de Mississippi, incluidos ciudadanos que regresan que restablecen beneficios alimentarios y de salud después de salir de la cárcel del condado Jefferson Davis o de la custodia de MDOC. El personal del condado ayuda a verificar identidad e ingresos y acepta solicitudes presentadas a través de access.ms.gov.",1185 Frontage Rd,Prentiss,(601) 792-4206,,https://www.mdhs.ms.gov/contact/,"Jefferson Davis County residents meeting income and household-size requirements for SNAP, TANF, and Medicaid; criminal record generally not a barrier to SNAP.","Residentes del condado Jefferson Davis que cumplan requisitos de ingresos y tamaño de hogar para SNAP, TANF y Medicaid; los antecedentes penales generalmente no son barrera para SNAP.",Apply online at access.ms.gov; call 800-948-3050 for SNAP/TANF customer service; visit the county MDHS office for in-person verification; Medicaid enrollment through DOM.,Solicite en access.ms.gov; llame al 800-948-3050; visite la oficina MDHS del condado para verificación presencial; inscripción de Medicaid a través de DOM.,Typically Monday–Friday business hours; call ahead,jefferson-davis|mississippi|benefits|SNAP|MDHS|reentry,SNAP enrollment|TANF application help|Medicaid referral|Document verification|access.ms.gov assistance,Jefferson Davis,Jefferson Davis,single,accepts_criminal_record
71,Jones County MDHS — Benefits & Family Support,financial-assistance,Laurel / Jones County,"The Jones County MDHS Economic Assistance office in Laurel processes SNAP nutrition assistance, Temporary Assistance for Needy Families (TANF), and Medicaid application referrals for Mississippi residents including returning citizens reestablishing food and health benefits after release from Jones County Jail or MDOC custody. County MDHS staff help verify identity and income and accept applications submitted through access.ms.gov.","La oficina de Asistencia Económica MDHS del condado Jones en Laurel procesa asistencia nutricional SNAP, Asistencia Temporal para Familias Necesitadas (TANF) y referencias de solicitud de Medicaid para residentes de Mississippi, incluidos ciudadanos que regresan que restablecen beneficios alimentarios y de salud después de salir de la cárcel del condado Jones o de la custodia de MDOC. El personal del condado ayuda a verificar identidad e ingresos y acepta solicitudes presentadas a través de access.ms.gov.",5110 Hwy 11 North,Laurel,(601) 426-1200,,https://www.mdhs.ms.gov/contact/,"Jones County residents meeting income and household-size requirements for SNAP, TANF, and Medicaid; criminal record generally not a barrier to SNAP.","Residentes del condado Jones que cumplan requisitos de ingresos y tamaño de hogar para SNAP, TANF y Medicaid; los antecedentes penales generalmente no son barrera para SNAP.",Apply online at access.ms.gov; call 800-948-3050 for SNAP/TANF customer service; visit the county MDHS office for in-person verification; Medicaid enrollment through DOM.,Solicite en access.ms.gov; llame al 800-948-3050; visite la oficina MDHS del condado para verificación presencial; inscripción de Medicaid a través de DOM.,Typically Monday–Friday business hours; call ahead,jones|mississippi|benefits|SNAP|MDHS|reentry,SNAP enrollment|TANF application help|Medicaid referral|Document verification|access.ms.gov assistance,Jones,Jones,single,accepts_criminal_record
72,Kemper County MDHS — Benefits & Family Support,financial-assistance,De Kalb / Kemper County,"The Kemper County MDHS Economic Assistance office in De Kalb processes SNAP nutrition assistance, Temporary Assistance for Needy Families (TANF), and Medicaid application referrals for Mississippi residents including returning citizens reestablishing food and health benefits after release from Kemper County Jail or MDOC custody. County MDHS staff help verify identity and income and accept applications submitted through access.ms.gov.","La oficina de Asistencia Económica MDHS del condado Kemper en De Kalb procesa asistencia nutricional SNAP, Asistencia Temporal para Familias Necesitadas (TANF) y referencias de solicitud de Medicaid para residentes de Mississippi, incluidos ciudadanos que regresan que restablecen beneficios alimentarios y de salud después de salir de la cárcel del condado Kemper o de la custodia de MDOC. El personal del condado ayuda a verificar identidad e ingresos y acepta solicitudes presentadas a través de access.ms.gov.",110 Ponderosa Ave,De Kalb,(601) 743-5826,,https://www.mdhs.ms.gov/contact/,"Kemper County residents meeting income and household-size requirements for SNAP, TANF, and Medicaid; criminal record generally not a barrier to SNAP.","Residentes del condado Kemper que cumplan requisitos de ingresos y tamaño de hogar para SNAP, TANF y Medicaid; los antecedentes penales generalmente no son barrera para SNAP.",Apply online at access.ms.gov; call 800-948-3050 for SNAP/TANF customer service; visit the county MDHS office for in-person verification; Medicaid enrollment through DOM.,Solicite en access.ms.gov; llame al 800-948-3050; visite la oficina MDHS del condado para verificación presencial; inscripción de Medicaid a través de DOM.,Typically Monday–Friday business hours; call ahead,kemper|mississippi|benefits|SNAP|MDHS|reentry,SNAP enrollment|TANF application help|Medicaid referral|Document verification|access.ms.gov assistance,Kemper,Kemper,single,accepts_criminal_record
73,Lafayette County MDHS — Benefits & Family Support,financial-assistance,Oxford / Lafayette County,"The Lafayette County MDHS Economic Assistance office in Oxford processes SNAP nutrition assistance, Temporary Assistance for Needy Families (TANF), and Medicaid application referrals for Mississippi residents including returning citizens reestablishing food and health benefits after release from Lafayette County Jail or MDOC custody. County MDHS staff help verify identity and income and accept applications submitted through access.ms.gov.","La oficina de Asistencia Económica MDHS del condado Lafayette en Oxford procesa asistencia nutricional SNAP, Asistencia Temporal para Familias Necesitadas (TANF) y referencias de solicitud de Medicaid para residentes de Mississippi, incluidos ciudadanos que regresan que restablecen beneficios alimentarios y de salud después de salir de la cárcel del condado Lafayette o de la custodia de MDOC. El personal del condado ayuda a verificar identidad e ingresos y acepta solicitudes presentadas a través de access.ms.gov.","72 F.D. Buddy East Parkway, Suite 301",Oxford,(662) 234-1861,,https://www.mdhs.ms.gov/contact/,"Lafayette County residents meeting income and household-size requirements for SNAP, TANF, and Medicaid; criminal record generally not a barrier to SNAP.","Residentes del condado Lafayette que cumplan requisitos de ingresos y tamaño de hogar para SNAP, TANF y Medicaid; los antecedentes penales generalmente no son barrera para SNAP.",Apply online at access.ms.gov; call 800-948-3050 for SNAP/TANF customer service; visit the county MDHS office for in-person verification; Medicaid enrollment through DOM.,Solicite en access.ms.gov; llame al 800-948-3050; visite la oficina MDHS del condado para verificación presencial; inscripción de Medicaid a través de DOM.,Typically Monday–Friday business hours; call ahead,lafayette|mississippi|benefits|SNAP|MDHS|reentry,SNAP enrollment|TANF application help|Medicaid referral|Document verification|access.ms.gov assistance,Lafayette,Lafayette,single,accepts_criminal_record
74,Lamar County MDHS — Benefits & Family Support,financial-assistance,Purvis / Lamar County,"The Lamar County MDHS Economic Assistance office in Purvis processes SNAP nutrition assistance, Temporary Assistance for Needy Families (TANF), and Medicaid application referrals for Mississippi residents including returning citizens reestablishing food and health benefits after release from Lamar County Jail or MDOC custody. County MDHS staff help verify identity and income and accept applications submitted through access.ms.gov.","La oficina de Asistencia Económica MDHS del condado Lamar en Purvis procesa asistencia nutricional SNAP, Asistencia Temporal para Familias Necesitadas (TANF) y referencias de solicitud de Medicaid para residentes de Mississippi, incluidos ciudadanos que regresan que restablecen beneficios alimentarios y de salud después de salir de la cárcel del condado Lamar o de la custodia de MDOC. El personal del condado ayuda a verificar identidad e ingresos y acepta solicitudes presentadas a través de access.ms.gov.",207 Main St,Purvis,(601) 794-1050,,https://www.mdhs.ms.gov/contact/,"Lamar County residents meeting income and household-size requirements for SNAP, TANF, and Medicaid; criminal record generally not a barrier to SNAP.","Residentes del condado Lamar que cumplan requisitos de ingresos y tamaño de hogar para SNAP, TANF y Medicaid; los antecedentes penales generalmente no son barrera para SNAP.",Apply online at access.ms.gov; call 800-948-3050 for SNAP/TANF customer service; visit the county MDHS office for in-person verification; Medicaid enrollment through DOM.,Solicite en access.ms.gov; llame al 800-948-3050; visite la oficina MDHS del condado para verificación presencial; inscripción de Medicaid a través de DOM.,Typically Monday–Friday business hours; call ahead,lamar|mississippi|benefits|SNAP|MDHS|reentry,SNAP enrollment|TANF application help|Medicaid referral|Document verification|access.ms.gov assistance,Lamar,Lamar,single,accepts_criminal_record
75,Lauderdale County MDHS — Benefits & Family Support,financial-assistance,Meridian / Lauderdale County,"The Lauderdale County MDHS Economic Assistance office in Meridian processes SNAP nutrition assistance, Temporary Assistance for Needy Families (TANF), and Medicaid application referrals for Mississippi residents including returning citizens reestablishing food and health benefits after release from Lauderdale County Jail or MDOC custody. County MDHS staff help verify identity and income and accept applications submitted through access.ms.gov.","La oficina de Asistencia Económica MDHS del condado Lauderdale en Meridian procesa asistencia nutricional SNAP, Asistencia Temporal para Familias Necesitadas (TANF) y referencias de solicitud de Medicaid para residentes de Mississippi, incluidos ciudadanos que regresan que restablecen beneficios alimentarios y de salud después de salir de la cárcel del condado Lauderdale o de la custodia de MDOC. El personal del condado ayuda a verificar identidad e ingresos y acepta solicitudes presentadas a través de access.ms.gov.",5224 Valley St,Meridian,(601) 483-3337,,https://www.mdhs.ms.gov/contact/,"Lauderdale County residents meeting income and household-size requirements for SNAP, TANF, and Medicaid; criminal record generally not a barrier to SNAP.","Residentes del condado Lauderdale que cumplan requisitos de ingresos y tamaño de hogar para SNAP, TANF y Medicaid; los antecedentes penales generalmente no son barrera para SNAP.",Apply online at access.ms.gov; call 800-948-3050 for SNAP/TANF customer service; visit the county MDHS office for in-person verification; Medicaid enrollment through DOM.,Solicite en access.ms.gov; llame al 800-948-3050; visite la oficina MDHS del condado para verificación presencial; inscripción de Medicaid a través de DOM.,Typically Monday–Friday business hours; call ahead,lauderdale|mississippi|benefits|SNAP|MDHS|reentry,SNAP enrollment|TANF application help|Medicaid referral|Document verification|access.ms.gov assistance,Lauderdale,Lauderdale,single,accepts_criminal_record
76,Lawrence County MDHS — Benefits & Family Support,financial-assistance,Monticello / Lawrence County,"The Lawrence County MDHS Economic Assistance office in Monticello processes SNAP nutrition assistance, Temporary Assistance for Needy Families (TANF), and Medicaid application referrals for Mississippi residents including returning citizens reestablishing food and health benefits after release from Lawrence County Jail or MDOC custody. County MDHS staff help verify identity and income and accept applications submitted through access.ms.gov.","La oficina de Asistencia Económica MDHS del condado Lawrence en Monticello procesa asistencia nutricional SNAP, Asistencia Temporal para Familias Necesitadas (TANF) y referencias de solicitud de Medicaid para residentes de Mississippi, incluidos ciudadanos que regresan que restablecen beneficios alimentarios y de salud después de salir de la cárcel del condado Lawrence o de la custodia de MDOC. El personal del condado ayuda a verificar identidad e ingresos y acepta solicitudes presentadas a través de access.ms.gov.",1200 Nola Rd,Monticello,(601) 587-7632,,https://www.mdhs.ms.gov/contact/,"Lawrence County residents meeting income and household-size requirements for SNAP, TANF, and Medicaid; criminal record generally not a barrier to SNAP.","Residentes del condado Lawrence que cumplan requisitos de ingresos y tamaño de hogar para SNAP, TANF y Medicaid; los antecedentes penales generalmente no son barrera para SNAP.",Apply online at access.ms.gov; call 800-948-3050 for SNAP/TANF customer service; visit the county MDHS office for in-person verification; Medicaid enrollment through DOM.,Solicite en access.ms.gov; llame al 800-948-3050; visite la oficina MDHS del condado para verificación presencial; inscripción de Medicaid a través de DOM.,Typically Monday–Friday business hours; call ahead,lawrence|mississippi|benefits|SNAP|MDHS|reentry,SNAP enrollment|TANF application help|Medicaid referral|Document verification|access.ms.gov assistance,Lawrence,Lawrence,single,accepts_criminal_record
77,Leake County MDHS — Benefits & Family Support,financial-assistance,Carthage / Leake County,"The Leake County MDHS Economic Assistance office in Carthage processes SNAP nutrition assistance, Temporary Assistance for Needy Families (TANF), and Medicaid application referrals for Mississippi residents including returning citizens reestablishing food and health benefits after release from Leake County Jail or MDOC custody. County MDHS staff help verify identity and income and accept applications submitted through access.ms.gov.","La oficina de Asistencia Económica MDHS del condado Leake en Carthage procesa asistencia nutricional SNAP, Asistencia Temporal para Familias Necesitadas (TANF) y referencias de solicitud de Medicaid para residentes de Mississippi, incluidos ciudadanos que regresan que restablecen beneficios alimentarios y de salud después de salir de la cárcel del condado Leake o de la custodia de MDOC. El personal del condado ayuda a verificar identidad e ingresos y acepta solicitudes presentadas a través de access.ms.gov.","202 Co Brooks St, Suite 103",Carthage,(601) 267-3242,,https://www.mdhs.ms.gov/contact/,"Leake County residents meeting income and household-size requirements for SNAP, TANF, and Medicaid; criminal record generally not a barrier to SNAP.","Residentes del condado Leake que cumplan requisitos de ingresos y tamaño de hogar para SNAP, TANF y Medicaid; los antecedentes penales generalmente no son barrera para SNAP.",Apply online at access.ms.gov; call 800-948-3050 for SNAP/TANF customer service; visit the county MDHS office for in-person verification; Medicaid enrollment through DOM.,Solicite en access.ms.gov; llame al 800-948-3050; visite la oficina MDHS del condado para verificación presencial; inscripción de Medicaid a través de DOM.,Typically Monday–Friday business hours; call ahead,leake|mississippi|benefits|SNAP|MDHS|reentry,SNAP enrollment|TANF application help|Medicaid referral|Document verification|access.ms.gov assistance,Leake,Leake,single,accepts_criminal_record
78,Lee County MDHS — Benefits & Family Support,financial-assistance,Tupelo / Lee County,"The Lee County MDHS Economic Assistance office in Tupelo processes SNAP nutrition assistance, Temporary Assistance for Needy Families (TANF), and Medicaid application referrals for Mississippi residents including returning citizens reestablishing food and health benefits after release from Lee County Jail or MDOC custody. County MDHS staff help verify identity and income and accept applications submitted through access.ms.gov.","La oficina de Asistencia Económica MDHS del condado Lee en Tupelo procesa asistencia nutricional SNAP, Asistencia Temporal para Familias Necesitadas (TANF) y referencias de solicitud de Medicaid para residentes de Mississippi, incluidos ciudadanos que regresan que restablecen beneficios alimentarios y de salud después de salir de la cárcel del condado Lee o de la custodia de MDOC. El personal del condado ayuda a verificar identidad e ingresos y acepta solicitudes presentadas a través de access.ms.gov.","220 South Industrial Rd, Suite A",Tupelo,(662) 841-9050,,https://www.mdhs.ms.gov/contact/,"Lee County residents meeting income and household-size requirements for SNAP, TANF, and Medicaid; criminal record generally not a barrier to SNAP.","Residentes del condado Lee que cumplan requisitos de ingresos y tamaño de hogar para SNAP, TANF y Medicaid; los antecedentes penales generalmente no son barrera para SNAP.",Apply online at access.ms.gov; call 800-948-3050 for SNAP/TANF customer service; visit the county MDHS office for in-person verification; Medicaid enrollment through DOM.,Solicite en access.ms.gov; llame al 800-948-3050; visite la oficina MDHS del condado para verificación presencial; inscripción de Medicaid a través de DOM.,Typically Monday–Friday business hours; call ahead,lee|mississippi|benefits|SNAP|MDHS|reentry,SNAP enrollment|TANF application help|Medicaid referral|Document verification|access.ms.gov assistance,Lee,Lee,single,accepts_criminal_record
79,Leflore County MDHS — Benefits & Family Support,financial-assistance,Greenwood / Leflore County,"The Leflore County MDHS Economic Assistance office in Greenwood processes SNAP nutrition assistance, Temporary Assistance for Needy Families (TANF), and Medicaid application referrals for Mississippi residents including returning citizens reestablishing food and health benefits after release from Leflore County Jail or MDOC custody. County MDHS staff help verify identity and income and accept applications submitted through access.ms.gov.","La oficina de Asistencia Económica MDHS del condado Leflore en Greenwood procesa asistencia nutricional SNAP, Asistencia Temporal para Familias Necesitadas (TANF) y referencias de solicitud de Medicaid para residentes de Mississippi, incluidos ciudadanos que regresan que restablecen beneficios alimentarios y de salud después de salir de la cárcel del condado Leflore o de la custodia de MDOC. El personal del condado ayuda a verificar identidad e ingresos y acepta solicitudes presentadas a través de access.ms.gov.",216 Hwy 7 South,Greenwood,(662) 453-3124,,https://www.mdhs.ms.gov/contact/,"Leflore County residents meeting income and household-size requirements for SNAP, TANF, and Medicaid; criminal record generally not a barrier to SNAP.","Residentes del condado Leflore que cumplan requisitos de ingresos y tamaño de hogar para SNAP, TANF y Medicaid; los antecedentes penales generalmente no son barrera para SNAP.",Apply online at access.ms.gov; call 800-948-3050 for SNAP/TANF customer service; visit the county MDHS office for in-person verification; Medicaid enrollment through DOM.,Solicite en access.ms.gov; llame al 800-948-3050; visite la oficina MDHS del condado para verificación presencial; inscripción de Medicaid a través de DOM.,Typically Monday–Friday business hours; call ahead,leflore|mississippi|benefits|SNAP|MDHS|reentry,SNAP enrollment|TANF application help|Medicaid referral|Document verification|access.ms.gov assistance,Leflore,Leflore,single,accepts_criminal_record
80,Lincoln County MDHS — Benefits & Family Support,financial-assistance,Brookhaven / Lincoln County,"The Lincoln County MDHS Economic Assistance office in Brookhaven processes SNAP nutrition assistance, Temporary Assistance for Needy Families (TANF), and Medicaid application referrals for Mississippi residents including returning citizens reestablishing food and health benefits after release from Lincoln County Jail or MDOC custody. County MDHS staff help verify identity and income and accept applications submitted through access.ms.gov.","La oficina de Asistencia Económica MDHS del condado Lincoln en Brookhaven procesa asistencia nutricional SNAP, Asistencia Temporal para Familias Necesitadas (TANF) y referencias de solicitud de Medicaid para residentes de Mississippi, incluidos ciudadanos que regresan que restablecen beneficios alimentarios y de salud después de salir de la cárcel del condado Lincoln o de la custodia de MDOC. El personal del condado ayuda a verificar identidad e ingresos y acepta solicitudes presentadas a través de access.ms.gov.",300 East Chickasaw St,Brookhaven,(601) 833-3311,,https://www.mdhs.ms.gov/contact/,"Lincoln County residents meeting income and household-size requirements for SNAP, TANF, and Medicaid; criminal record generally not a barrier to SNAP.","Residentes del condado Lincoln que cumplan requisitos de ingresos y tamaño de hogar para SNAP, TANF y Medicaid; los antecedentes penales generalmente no son barrera para SNAP.",Apply online at access.ms.gov; call 800-948-3050 for SNAP/TANF customer service; visit the county MDHS office for in-person verification; Medicaid enrollment through DOM.,Solicite en access.ms.gov; llame al 800-948-3050; visite la oficina MDHS del condado para verificación presencial; inscripción de Medicaid a través de DOM.,Typically Monday–Friday business hours; call ahead,lincoln|mississippi|benefits|SNAP|MDHS|reentry,SNAP enrollment|TANF application help|Medicaid referral|Document verification|access.ms.gov assistance,Lincoln,Lincoln,single,accepts_criminal_record
81,Lowndes County MDHS — Benefits & Family Support,financial-assistance,Columbus / Lowndes County,"The Lowndes County MDHS Economic Assistance office in Columbus processes SNAP nutrition assistance, Temporary Assistance for Needy Families (TANF), and Medicaid application referrals for Mississippi residents including returning citizens reestablishing food and health benefits after release from Lowndes County Jail or MDOC custody. County MDHS staff help verify identity and income and accept applications submitted through access.ms.gov.","La oficina de Asistencia Económica MDHS del condado Lowndes en Columbus procesa asistencia nutricional SNAP, Asistencia Temporal para Familias Necesitadas (TANF) y referencias de solicitud de Medicaid para residentes de Mississippi, incluidos ciudadanos que regresan que restablecen beneficios alimentarios y de salud después de salir de la cárcel del condado Lowndes o de la custodia de MDOC. El personal del condado ayuda a verificar identidad e ingresos y acepta solicitudes presentadas a través de access.ms.gov.",1604 College St,Columbus,(662) 328-5278,,https://www.mdhs.ms.gov/contact/,"Lowndes County residents meeting income and household-size requirements for SNAP, TANF, and Medicaid; criminal record generally not a barrier to SNAP.","Residentes del condado Lowndes que cumplan requisitos de ingresos y tamaño de hogar para SNAP, TANF y Medicaid; los antecedentes penales generalmente no son barrera para SNAP.",Apply online at access.ms.gov; call 800-948-3050 for SNAP/TANF customer service; visit the county MDHS office for in-person verification; Medicaid enrollment through DOM.,Solicite en access.ms.gov; llame al 800-948-3050; visite la oficina MDHS del condado para verificación presencial; inscripción de Medicaid a través de DOM.,Typically Monday–Friday business hours; call ahead,lowndes|mississippi|benefits|SNAP|MDHS|reentry,SNAP enrollment|TANF application help|Medicaid referral|Document verification|access.ms.gov assistance,Lowndes,Lowndes,single,accepts_criminal_record
82,Madison County MDHS — Benefits & Family Support,financial-assistance,Canton / Madison County,"The Madison County MDHS Economic Assistance office in Canton processes SNAP nutrition assistance, Temporary Assistance for Needy Families (TANF), and Medicaid application referrals for Mississippi residents including returning citizens reestablishing food and health benefits after release from Madison County Jail or MDOC custody. County MDHS staff help verify identity and income and accept applications submitted through access.ms.gov.","La oficina de Asistencia Económica MDHS del condado Madison en Canton procesa asistencia nutricional SNAP, Asistencia Temporal para Familias Necesitadas (TANF) y referencias de solicitud de Medicaid para residentes de Mississippi, incluidos ciudadanos que regresan que restablecen beneficios alimentarios y de salud después de salir de la cárcel del condado Madison o de la custodia de MDOC. El personal del condado ayuda a verificar identidad e ingresos y acepta solicitudes presentadas a través de access.ms.gov.",867 Martin Luther King,Canton,(601) 859-1276,,https://www.mdhs.ms.gov/contact/,"Madison County residents meeting income and household-size requirements for SNAP, TANF, and Medicaid; criminal record generally not a barrier to SNAP.","Residentes del condado Madison que cumplan requisitos de ingresos y tamaño de hogar para SNAP, TANF y Medicaid; los antecedentes penales generalmente no son barrera para SNAP.",Apply online at access.ms.gov; call 800-948-3050 for SNAP/TANF customer service; visit the county MDHS office for in-person verification; Medicaid enrollment through DOM.,Solicite en access.ms.gov; llame al 800-948-3050; visite la oficina MDHS del condado para verificación presencial; inscripción de Medicaid a través de DOM.,Typically Monday–Friday business hours; call ahead,madison|mississippi|benefits|SNAP|MDHS|reentry,SNAP enrollment|TANF application help|Medicaid referral|Document verification|access.ms.gov assistance,Madison,Madison,single,accepts_criminal_record
83,Marion County MDHS — Benefits & Family Support,financial-assistance,Columbia / Marion County,"The Marion County MDHS Economic Assistance office in Columbia processes SNAP nutrition assistance, Temporary Assistance for Needy Families (TANF), and Medicaid application referrals for Mississippi residents including returning citizens reestablishing food and health benefits after release from Marion County Jail or MDOC custody. County MDHS staff help verify identity and income and accept applications submitted through access.ms.gov.","La oficina de Asistencia Económica MDHS del condado Marion en Columbia procesa asistencia nutricional SNAP, Asistencia Temporal para Familias Necesitadas (TANF) y referencias de solicitud de Medicaid para residentes de Mississippi, incluidos ciudadanos que regresan que restablecen beneficios alimentarios y de salud después de salir de la cárcel del condado Marion o de la custodia de MDOC. El personal del condado ayuda a verificar identidad e ingresos y acepta solicitudes presentadas a través de access.ms.gov.","1111 Hwy 98 Bypass, Suite C",Columbia,(601) 736-6383,,https://www.mdhs.ms.gov/contact/,"Marion County residents meeting income and household-size requirements for SNAP, TANF, and Medicaid; criminal record generally not a barrier to SNAP.","Residentes del condado Marion que cumplan requisitos de ingresos y tamaño de hogar para SNAP, TANF y Medicaid; los antecedentes penales generalmente no son barrera para SNAP.",Apply online at access.ms.gov; call 800-948-3050 for SNAP/TANF customer service; visit the county MDHS office for in-person verification; Medicaid enrollment through DOM.,Solicite en access.ms.gov; llame al 800-948-3050; visite la oficina MDHS del condado para verificación presencial; inscripción de Medicaid a través de DOM.,Typically Monday–Friday business hours; call ahead,marion|mississippi|benefits|SNAP|MDHS|reentry,SNAP enrollment|TANF application help|Medicaid referral|Document verification|access.ms.gov assistance,Marion,Marion,single,accepts_criminal_record
84,Marshall County MDHS — Benefits & Family Support,financial-assistance,Holly Springs / Marshall County,"The Marshall County MDHS Economic Assistance office in Holly Springs processes SNAP nutrition assistance, Temporary Assistance for Needy Families (TANF), and Medicaid application referrals for Mississippi residents including returning citizens reestablishing food and health benefits after release from Marshall County Jail or MDOC custody. County MDHS staff help verify identity and income and accept applications submitted through access.ms.gov.","La oficina de Asistencia Económica MDHS del condado Marshall en Holly Springs procesa asistencia nutricional SNAP, Asistencia Temporal para Familias Necesitadas (TANF) y referencias de solicitud de Medicaid para residentes de Mississippi, incluidos ciudadanos que regresan que restablecen beneficios alimentarios y de salud después de salir de la cárcel del condado Marshall o de la custodia de MDOC. El personal del condado ayuda a verificar identidad e ingresos y acepta solicitudes presentadas a través de access.ms.gov.",230 East College St,Holly Springs,(662) 252-4511,,https://www.mdhs.ms.gov/contact/,"Marshall County residents meeting income and household-size requirements for SNAP, TANF, and Medicaid; criminal record generally not a barrier to SNAP.","Residentes del condado Marshall que cumplan requisitos de ingresos y tamaño de hogar para SNAP, TANF y Medicaid; los antecedentes penales generalmente no son barrera para SNAP.",Apply online at access.ms.gov; call 800-948-3050 for SNAP/TANF customer service; visit the county MDHS office for in-person verification; Medicaid enrollment through DOM.,Solicite en access.ms.gov; llame al 800-948-3050; visite la oficina MDHS del condado para verificación presencial; inscripción de Medicaid a través de DOM.,Typically Monday–Friday business hours; call ahead,marshall|mississippi|benefits|SNAP|MDHS|reentry,SNAP enrollment|TANF application help|Medicaid referral|Document verification|access.ms.gov assistance,Marshall,Marshall,single,accepts_criminal_record
85,Monroe County MDHS — Benefits & Family Support,financial-assistance,Aberdeen / Monroe County,"The Monroe County MDHS Economic Assistance office in Aberdeen processes SNAP nutrition assistance, Temporary Assistance for Needy Families (TANF), and Medicaid application referrals for Mississippi residents including returning citizens reestablishing food and health benefits after release from Monroe County Jail or MDOC custody. County MDHS staff help verify identity and income and accept applications submitted through access.ms.gov.","La oficina de Asistencia Económica MDHS del condado Monroe en Aberdeen procesa asistencia nutricional SNAP, Asistencia Temporal para Familias Necesitadas (TANF) y referencias de solicitud de Medicaid para residentes de Mississippi, incluidos ciudadanos que regresan que restablecen beneficios alimentarios y de salud después de salir de la cárcel del condado Monroe o de la custodia de MDOC. El personal del condado ayuda a verificar identidad e ingresos y acepta solicitudes presentadas a través de access.ms.gov.",104 1/2 N Mattuba St,Aberdeen,(662) 369-2872,,https://www.mdhs.ms.gov/contact/,"Monroe County residents meeting income and household-size requirements for SNAP, TANF, and Medicaid; criminal record generally not a barrier to SNAP.","Residentes del condado Monroe que cumplan requisitos de ingresos y tamaño de hogar para SNAP, TANF y Medicaid; los antecedentes penales generalmente no son barrera para SNAP.",Apply online at access.ms.gov; call 800-948-3050 for SNAP/TANF customer service; visit the county MDHS office for in-person verification; Medicaid enrollment through DOM.,Solicite en access.ms.gov; llame al 800-948-3050; visite la oficina MDHS del condado para verificación presencial; inscripción de Medicaid a través de DOM.,Typically Monday–Friday business hours; call ahead,monroe|mississippi|benefits|SNAP|MDHS|reentry,SNAP enrollment|TANF application help|Medicaid referral|Document verification|access.ms.gov assistance,Monroe,Monroe,single,accepts_criminal_record
86,Montgomery County MDHS — Benefits & Family Support,financial-assistance,Winona / Montgomery County,"The Montgomery County MDHS Economic Assistance office in Winona processes SNAP nutrition assistance, Temporary Assistance for Needy Families (TANF), and Medicaid application referrals for Mississippi residents including returning citizens reestablishing food and health benefits after release from Montgomery County Jail or MDOC custody. County MDHS staff help verify identity and income and accept applications submitted through access.ms.gov.","La oficina de Asistencia Económica MDHS del condado Montgomery en Winona procesa asistencia nutricional SNAP, Asistencia Temporal para Familias Necesitadas (TANF) y referencias de solicitud de Medicaid para residentes de Mississippi, incluidos ciudadanos que regresan que restablecen beneficios alimentarios y de salud después de salir de la cárcel del condado Montgomery o de la custodia de MDOC. El personal del condado ayuda a verificar identidad e ingresos y acepta solicitudes presentadas a través de access.ms.gov.",705 Alberta Dr,Winona,(662) 283-2922,,https://www.mdhs.ms.gov/contact/,"Montgomery County residents meeting income and household-size requirements for SNAP, TANF, and Medicaid; criminal record generally not a barrier to SNAP.","Residentes del condado Montgomery que cumplan requisitos de ingresos y tamaño de hogar para SNAP, TANF y Medicaid; los antecedentes penales generalmente no son barrera para SNAP.",Apply online at access.ms.gov; call 800-948-3050 for SNAP/TANF customer service; visit the county MDHS office for in-person verification; Medicaid enrollment through DOM.,Solicite en access.ms.gov; llame al 800-948-3050; visite la oficina MDHS del condado para verificación presencial; inscripción de Medicaid a través de DOM.,Typically Monday–Friday business hours; call ahead,montgomery|mississippi|benefits|SNAP|MDHS|reentry,SNAP enrollment|TANF application help|Medicaid referral|Document verification|access.ms.gov assistance,Montgomery,Montgomery,single,accepts_criminal_record
87,Neshoba County MDHS — Benefits & Family Support,financial-assistance,Philadelphia / Neshoba County,"The Neshoba County MDHS Economic Assistance office in Philadelphia processes SNAP nutrition assistance, Temporary Assistance for Needy Families (TANF), and Medicaid application referrals for Mississippi residents including returning citizens reestablishing food and health benefits after release from Neshoba County Jail or MDOC custody. County MDHS staff help verify identity and income and accept applications submitted through access.ms.gov.","La oficina de Asistencia Económica MDHS del condado Neshoba en Philadelphia procesa asistencia nutricional SNAP, Asistencia Temporal para Familias Necesitadas (TANF) y referencias de solicitud de Medicaid para residentes de Mississippi, incluidos ciudadanos que regresan que restablecen beneficios alimentarios y de salud después de salir de la cárcel del condado Neshoba o de la custodia de MDOC. El personal del condado ayuda a verificar identidad e ingresos y acepta solicitudes presentadas a través de access.ms.gov.",1016 Holland Ave,Philadelphia,(601) 656-1451,,https://www.mdhs.ms.gov/contact/,"Neshoba County residents meeting income and household-size requirements for SNAP, TANF, and Medicaid; criminal record generally not a barrier to SNAP.","Residentes del condado Neshoba que cumplan requisitos de ingresos y tamaño de hogar para SNAP, TANF y Medicaid; los antecedentes penales generalmente no son barrera para SNAP.",Apply online at access.ms.gov; call 800-948-3050 for SNAP/TANF customer service; visit the county MDHS office for in-person verification; Medicaid enrollment through DOM.,Solicite en access.ms.gov; llame al 800-948-3050; visite la oficina MDHS del condado para verificación presencial; inscripción de Medicaid a través de DOM.,Typically Monday–Friday business hours; call ahead,neshoba|mississippi|benefits|SNAP|MDHS|reentry,SNAP enrollment|TANF application help|Medicaid referral|Document verification|access.ms.gov assistance,Neshoba,Neshoba,single,accepts_criminal_record
88,Newton County MDHS — Benefits & Family Support,financial-assistance,Decatur / Newton County,"The Newton County MDHS Economic Assistance office in Decatur processes SNAP nutrition assistance, Temporary Assistance for Needy Families (TANF), and Medicaid application referrals for Mississippi residents including returning citizens reestablishing food and health benefits after release from Newton County Jail or MDOC custody. County MDHS staff help verify identity and income and accept applications submitted through access.ms.gov.","La oficina de Asistencia Económica MDHS del condado Newton en Decatur procesa asistencia nutricional SNAP, Asistencia Temporal para Familias Necesitadas (TANF) y referencias de solicitud de Medicaid para residentes de Mississippi, incluidos ciudadanos que regresan que restablecen beneficios alimentarios y de salud después de salir de la cárcel del condado Newton o de la custodia de MDOC. El personal del condado ayuda a verificar identidad e ingresos y acepta solicitudes presentadas a través de access.ms.gov.",14712 Hwy 15 South,Decatur,(601) 635-4490,,https://www.mdhs.ms.gov/contact/,"Newton County residents meeting income and household-size requirements for SNAP, TANF, and Medicaid; criminal record generally not a barrier to SNAP.","Residentes del condado Newton que cumplan requisitos de ingresos y tamaño de hogar para SNAP, TANF y Medicaid; los antecedentes penales generalmente no son barrera para SNAP.",Apply online at access.ms.gov; call 800-948-3050 for SNAP/TANF customer service; visit the county MDHS office for in-person verification; Medicaid enrollment through DOM.,Solicite en access.ms.gov; llame al 800-948-3050; visite la oficina MDHS del condado para verificación presencial; inscripción de Medicaid a través de DOM.,Typically Monday–Friday business hours; call ahead,newton|mississippi|benefits|SNAP|MDHS|reentry,SNAP enrollment|TANF application help|Medicaid referral|Document verification|access.ms.gov assistance,Newton,Newton,single,accepts_criminal_record
89,Noxubee County MDHS — Benefits & Family Support,financial-assistance,Macon / Noxubee County,"The Noxubee County MDHS Economic Assistance office in Macon processes SNAP nutrition assistance, Temporary Assistance for Needy Families (TANF), and Medicaid application referrals for Mississippi residents including returning citizens reestablishing food and health benefits after release from Noxubee County Jail or MDOC custody. County MDHS staff help verify identity and income and accept applications submitted through access.ms.gov.","La oficina de Asistencia Económica MDHS del condado Noxubee en Macon procesa asistencia nutricional SNAP, Asistencia Temporal para Familias Necesitadas (TANF) y referencias de solicitud de Medicaid para residentes de Mississippi, incluidos ciudadanos que regresan que restablecen beneficios alimentarios y de salud después de salir de la cárcel del condado Noxubee o de la custodia de MDOC. El personal del condado ayuda a verificar identidad e ingresos y acepta solicitudes presentadas a través de access.ms.gov.",601 West Pearl St,Macon,(662) 726-5884,,https://www.mdhs.ms.gov/contact/,"Noxubee County residents meeting income and household-size requirements for SNAP, TANF, and Medicaid; criminal record generally not a barrier to SNAP.","Residentes del condado Noxubee que cumplan requisitos de ingresos y tamaño de hogar para SNAP, TANF y Medicaid; los antecedentes penales generalmente no son barrera para SNAP.",Apply online at access.ms.gov; call 800-948-3050 for SNAP/TANF customer service; visit the county MDHS office for in-person verification; Medicaid enrollment through DOM.,Solicite en access.ms.gov; llame al 800-948-3050; visite la oficina MDHS del condado para verificación presencial; inscripción de Medicaid a través de DOM.,Typically Monday–Friday business hours; call ahead,noxubee|mississippi|benefits|SNAP|MDHS|reentry,SNAP enrollment|TANF application help|Medicaid referral|Document verification|access.ms.gov assistance,Noxubee,Noxubee,single,accepts_criminal_record
90,Oktibbeha County MDHS — Benefits & Family Support,financial-assistance,Starkville / Oktibbeha County,"The Oktibbeha County MDHS Economic Assistance office in Starkville processes SNAP nutrition assistance, Temporary Assistance for Needy Families (TANF), and Medicaid application referrals for Mississippi residents including returning citizens reestablishing food and health benefits after release from Oktibbeha County Jail or MDOC custody. County MDHS staff help verify identity and income and accept applications submitted through access.ms.gov.","La oficina de Asistencia Económica MDHS del condado Oktibbeha en Starkville procesa asistencia nutricional SNAP, Asistencia Temporal para Familias Necesitadas (TANF) y referencias de solicitud de Medicaid para residentes de Mississippi, incluidos ciudadanos que regresan que restablecen beneficios alimentarios y de salud después de salir de la cárcel del condado Oktibbeha o de la custodia de MDOC. El personal del condado ayuda a verificar identidad e ingresos y acepta solicitudes presentadas a través de access.ms.gov.",48 Lynn Lane,Starkville,(662) 323-1566,,https://www.mdhs.ms.gov/contact/,"Oktibbeha County residents meeting income and household-size requirements for SNAP, TANF, and Medicaid; criminal record generally not a barrier to SNAP.","Residentes del condado Oktibbeha que cumplan requisitos de ingresos y tamaño de hogar para SNAP, TANF y Medicaid; los antecedentes penales generalmente no son barrera para SNAP.",Apply online at access.ms.gov; call 800-948-3050 for SNAP/TANF customer service; visit the county MDHS office for in-person verification; Medicaid enrollment through DOM.,Solicite en access.ms.gov; llame al 800-948-3050; visite la oficina MDHS del condado para verificación presencial; inscripción de Medicaid a través de DOM.,Typically Monday–Friday business hours; call ahead,oktibbeha|mississippi|benefits|SNAP|MDHS|reentry,SNAP enrollment|TANF application help|Medicaid referral|Document verification|access.ms.gov assistance,Oktibbeha,Oktibbeha,single,accepts_criminal_record
91,Panola County MDHS — Benefits & Family Support,financial-assistance,Batesville / Panola County,"The Panola County MDHS Economic Assistance office in Batesville processes SNAP nutrition assistance, Temporary Assistance for Needy Families (TANF), and Medicaid application referrals for Mississippi residents including returning citizens reestablishing food and health benefits after release from Panola County Jail or MDOC custody. County MDHS staff help verify identity and income and accept applications submitted through access.ms.gov.","La oficina de Asistencia Económica MDHS del condado Panola en Batesville procesa asistencia nutricional SNAP, Asistencia Temporal para Familias Necesitadas (TANF) y referencias de solicitud de Medicaid para residentes de Mississippi, incluidos ciudadanos que regresan que restablecen beneficios alimentarios y de salud después de salir de la cárcel del condado Panola o de la custodia de MDOC. El personal del condado ayuda a verificar identidad e ingresos y acepta solicitudes presentadas a través de access.ms.gov.",240 Tower Dr,Batesville,(662) 563-6292,,https://www.mdhs.ms.gov/contact/,"Panola County residents meeting income and household-size requirements for SNAP, TANF, and Medicaid; criminal record generally not a barrier to SNAP.","Residentes del condado Panola que cumplan requisitos de ingresos y tamaño de hogar para SNAP, TANF y Medicaid; los antecedentes penales generalmente no son barrera para SNAP.",Apply online at access.ms.gov; call 800-948-3050 for SNAP/TANF customer service; visit the county MDHS office for in-person verification; Medicaid enrollment through DOM.,Solicite en access.ms.gov; llame al 800-948-3050; visite la oficina MDHS del condado para verificación presencial; inscripción de Medicaid a través de DOM.,Typically Monday–Friday business hours; call ahead,panola|mississippi|benefits|SNAP|MDHS|reentry,SNAP enrollment|TANF application help|Medicaid referral|Document verification|access.ms.gov assistance,Panola,Panola,single,accepts_criminal_record
92,Pearl River County MDHS — Benefits & Family Support,financial-assistance,Poplarville / Pearl River County,"The Pearl River County MDHS Economic Assistance office in Poplarville processes SNAP nutrition assistance, Temporary Assistance for Needy Families (TANF), and Medicaid application referrals for Mississippi residents including returning citizens reestablishing food and health benefits after release from Pearl River County Jail or MDOC custody. County MDHS staff help verify identity and income and accept applications submitted through access.ms.gov.","La oficina de Asistencia Económica MDHS del condado Pearl River en Poplarville procesa asistencia nutricional SNAP, Asistencia Temporal para Familias Necesitadas (TANF) y referencias de solicitud de Medicaid para residentes de Mississippi, incluidos ciudadanos que regresan que restablecen beneficios alimentarios y de salud después de salir de la cárcel del condado Pearl River o de la custodia de MDOC. El personal del condado ayuda a verificar identidad e ingresos y acepta solicitudes presentadas a través de access.ms.gov.","153 Savannah Millard Rd, Suite C",Poplarville,(601) 403-2221,,https://www.mdhs.ms.gov/contact/,"Pearl River County residents meeting income and household-size requirements for SNAP, TANF, and Medicaid; criminal record generally not a barrier to SNAP.","Residentes del condado Pearl River que cumplan requisitos de ingresos y tamaño de hogar para SNAP, TANF y Medicaid; los antecedentes penales generalmente no son barrera para SNAP.",Apply online at access.ms.gov; call 800-948-3050 for SNAP/TANF customer service; visit the county MDHS office for in-person verification; Medicaid enrollment through DOM.,Solicite en access.ms.gov; llame al 800-948-3050; visite la oficina MDHS del condado para verificación presencial; inscripción de Medicaid a través de DOM.,Typically Monday–Friday business hours; call ahead,pearl-river|mississippi|benefits|SNAP|MDHS|reentry,SNAP enrollment|TANF application help|Medicaid referral|Document verification|access.ms.gov assistance,Pearl River,Pearl River,single,accepts_criminal_record
93,Perry County MDHS — Benefits & Family Support,financial-assistance,New Augusta / Perry County,"The Perry County MDHS Economic Assistance office in New Augusta processes SNAP nutrition assistance, Temporary Assistance for Needy Families (TANF), and Medicaid application referrals for Mississippi residents including returning citizens reestablishing food and health benefits after release from Perry County Jail or MDOC custody. County MDHS staff help verify identity and income and accept applications submitted through access.ms.gov.","La oficina de Asistencia Económica MDHS del condado Perry en New Augusta procesa asistencia nutricional SNAP, Asistencia Temporal para Familias Necesitadas (TANF) y referencias de solicitud de Medicaid para residentes de Mississippi, incluidos ciudadanos que regresan que restablecen beneficios alimentarios y de salud después de salir de la cárcel del condado Perry o de la custodia de MDOC. El personal del condado ayuda a verificar identidad e ingresos y acepta solicitudes presentadas a través de access.ms.gov.",201 1st West,New Augusta,(601) 964-8374,,https://www.mdhs.ms.gov/contact/,"Perry County residents meeting income and household-size requirements for SNAP, TANF, and Medicaid; criminal record generally not a barrier to SNAP.","Residentes del condado Perry que cumplan requisitos de ingresos y tamaño de hogar para SNAP, TANF y Medicaid; los antecedentes penales generalmente no son barrera para SNAP.",Apply online at access.ms.gov; call 800-948-3050 for SNAP/TANF customer service; visit the county MDHS office for in-person verification; Medicaid enrollment through DOM.,Solicite en access.ms.gov; llame al 800-948-3050; visite la oficina MDHS del condado para verificación presencial; inscripción de Medicaid a través de DOM.,Typically Monday–Friday business hours; call ahead,perry|mississippi|benefits|SNAP|MDHS|reentry,SNAP enrollment|TANF application help|Medicaid referral|Document verification|access.ms.gov assistance,Perry,Perry,single,accepts_criminal_record
94,Pike County MDHS — Benefits & Family Support,financial-assistance,Magnolia / Pike County,"The Pike County MDHS Economic Assistance office in Magnolia processes SNAP nutrition assistance, Temporary Assistance for Needy Families (TANF), and Medicaid application referrals for Mississippi residents including returning citizens reestablishing food and health benefits after release from Pike County Jail or MDOC custody. County MDHS staff help verify identity and income and accept applications submitted through access.ms.gov.","La oficina de Asistencia Económica MDHS del condado Pike en Magnolia procesa asistencia nutricional SNAP, Asistencia Temporal para Familias Necesitadas (TANF) y referencias de solicitud de Medicaid para residentes de Mississippi, incluidos ciudadanos que regresan que restablecen beneficios alimentarios y de salud después de salir de la cárcel del condado Pike o de la custodia de MDOC. El personal del condado ayuda a verificar identidad e ingresos y acepta solicitudes presentadas a través de access.ms.gov.",1002 Warren Krout Rd,Magnolia,(601) 684-7100,,https://www.mdhs.ms.gov/contact/,"Pike County residents meeting income and household-size requirements for SNAP, TANF, and Medicaid; criminal record generally not a barrier to SNAP.","Residentes del condado Pike que cumplan requisitos de ingresos y tamaño de hogar para SNAP, TANF y Medicaid; los antecedentes penales generalmente no son barrera para SNAP.",Apply online at access.ms.gov; call 800-948-3050 for SNAP/TANF customer service; visit the county MDHS office for in-person verification; Medicaid enrollment through DOM.,Solicite en access.ms.gov; llame al 800-948-3050; visite la oficina MDHS del condado para verificación presencial; inscripción de Medicaid a través de DOM.,Typically Monday–Friday business hours; call ahead,pike|mississippi|benefits|SNAP|MDHS|reentry,SNAP enrollment|TANF application help|Medicaid referral|Document verification|access.ms.gov assistance,Pike,Pike,single,accepts_criminal_record
95,Pontotoc County MDHS — Benefits & Family Support,financial-assistance,Pontotoc / Pontotoc County,"The Pontotoc County MDHS Economic Assistance office in Pontotoc processes SNAP nutrition assistance, Temporary Assistance for Needy Families (TANF), and Medicaid application referrals for Mississippi residents including returning citizens reestablishing food and health benefits after release from Pontotoc County Jail or MDOC custody. County MDHS staff help verify identity and income and accept applications submitted through access.ms.gov.","La oficina de Asistencia Económica MDHS del condado Pontotoc en Pontotoc procesa asistencia nutricional SNAP, Asistencia Temporal para Familias Necesitadas (TANF) y referencias de solicitud de Medicaid para residentes de Mississippi, incluidos ciudadanos que regresan que restablecen beneficios alimentarios y de salud después de salir de la cárcel del condado Pontotoc o de la custodia de MDOC. El personal del condado ayuda a verificar identidad e ingresos y acepta solicitudes presentadas a través de access.ms.gov.",341 C Center Ridge Dr,Pontotoc,(662) 489-3923,,https://www.mdhs.ms.gov/contact/,"Pontotoc County residents meeting income and household-size requirements for SNAP, TANF, and Medicaid; criminal record generally not a barrier to SNAP.","Residentes del condado Pontotoc que cumplan requisitos de ingresos y tamaño de hogar para SNAP, TANF y Medicaid; los antecedentes penales generalmente no son barrera para SNAP.",Apply online at access.ms.gov; call 800-948-3050 for SNAP/TANF customer service; visit the county MDHS office for in-person verification; Medicaid enrollment through DOM.,Solicite en access.ms.gov; llame al 800-948-3050; visite la oficina MDHS del condado para verificación presencial; inscripción de Medicaid a través de DOM.,Typically Monday–Friday business hours; call ahead,pontotoc|mississippi|benefits|SNAP|MDHS|reentry,SNAP enrollment|TANF application help|Medicaid referral|Document verification|access.ms.gov assistance,Pontotoc,Pontotoc,single,accepts_criminal_record
96,Prentiss County MDHS — Benefits & Family Support,financial-assistance,Booneville / Prentiss County,"The Prentiss County MDHS Economic Assistance office in Booneville processes SNAP nutrition assistance, Temporary Assistance for Needy Families (TANF), and Medicaid application referrals for Mississippi residents including returning citizens reestablishing food and health benefits after release from Prentiss County Jail or MDOC custody. County MDHS staff help verify identity and income and accept applications submitted through access.ms.gov.","La oficina de Asistencia Económica MDHS del condado Prentiss en Booneville procesa asistencia nutricional SNAP, Asistencia Temporal para Familias Necesitadas (TANF) y referencias de solicitud de Medicaid para residentes de Mississippi, incluidos ciudadanos que regresan que restablecen beneficios alimentarios y de salud después de salir de la cárcel del condado Prentiss o de la custodia de MDOC. El personal del condado ayuda a verificar identidad e ingresos y acepta solicitudes presentadas a través de access.ms.gov.",200 Bridge Street,Booneville,(662) 728-3118,,https://www.mdhs.ms.gov/contact/,"Prentiss County residents meeting income and household-size requirements for SNAP, TANF, and Medicaid; criminal record generally not a barrier to SNAP.","Residentes del condado Prentiss que cumplan requisitos de ingresos y tamaño de hogar para SNAP, TANF y Medicaid; los antecedentes penales generalmente no son barrera para SNAP.",Apply online at access.ms.gov; call 800-948-3050 for SNAP/TANF customer service; visit the county MDHS office for in-person verification; Medicaid enrollment through DOM.,Solicite en access.ms.gov; llame al 800-948-3050; visite la oficina MDHS del condado para verificación presencial; inscripción de Medicaid a través de DOM.,Typically Monday–Friday business hours; call ahead,prentiss|mississippi|benefits|SNAP|MDHS|reentry,SNAP enrollment|TANF application help|Medicaid referral|Document verification|access.ms.gov assistance,Prentiss,Prentiss,single,accepts_criminal_record
97,Quitman County MDHS — Benefits & Family Support,financial-assistance,Marks / Quitman County,"The Quitman County MDHS Economic Assistance office in Marks processes SNAP nutrition assistance, Temporary Assistance for Needy Families (TANF), and Medicaid application referrals for Mississippi residents including returning citizens reestablishing food and health benefits after release from Quitman County Jail or MDOC custody. County MDHS staff help verify identity and income and accept applications submitted through access.ms.gov.","La oficina de Asistencia Económica MDHS del condado Quitman en Marks procesa asistencia nutricional SNAP, Asistencia Temporal para Familias Necesitadas (TANF) y referencias de solicitud de Medicaid para residentes de Mississippi, incluidos ciudadanos que regresan que restablecen beneficios alimentarios y de salud después de salir de la cárcel del condado Quitman o de la custodia de MDOC. El personal del condado ayuda a verificar identidad e ingresos y acepta solicitudes presentadas a través de access.ms.gov.",1054 Martin Luther King Dr,Marks,(662) 326-8021,,https://www.mdhs.ms.gov/contact/,"Quitman County residents meeting income and household-size requirements for SNAP, TANF, and Medicaid; criminal record generally not a barrier to SNAP.","Residentes del condado Quitman que cumplan requisitos de ingresos y tamaño de hogar para SNAP, TANF y Medicaid; los antecedentes penales generalmente no son barrera para SNAP.",Apply online at access.ms.gov; call 800-948-3050 for SNAP/TANF customer service; visit the county MDHS office for in-person verification; Medicaid enrollment through DOM.,Solicite en access.ms.gov; llame al 800-948-3050; visite la oficina MDHS del condado para verificación presencial; inscripción de Medicaid a través de DOM.,Typically Monday–Friday business hours; call ahead,quitman|mississippi|benefits|SNAP|MDHS|reentry,SNAP enrollment|TANF application help|Medicaid referral|Document verification|access.ms.gov assistance,Quitman,Quitman,single,accepts_criminal_record
98,Rankin County MDHS — Benefits & Family Support,financial-assistance,Brandon / Rankin County,"The Rankin County MDHS Economic Assistance office in Brandon processes SNAP nutrition assistance, Temporary Assistance for Needy Families (TANF), and Medicaid application referrals for Mississippi residents including returning citizens reestablishing food and health benefits after release from Rankin County Jail or MDOC custody. County MDHS staff help verify identity and income and accept applications submitted through access.ms.gov.","La oficina de Asistencia Económica MDHS del condado Rankin en Brandon procesa asistencia nutricional SNAP, Asistencia Temporal para Familias Necesitadas (TANF) y referencias de solicitud de Medicaid para residentes de Mississippi, incluidos ciudadanos que regresan que restablecen beneficios alimentarios y de salud después de salir de la cárcel del condado Rankin o de la custodia de MDOC. El personal del condado ayuda a verificar identidad e ingresos y acepta solicitudes presentadas a través de access.ms.gov.",603 Marquette Rd,Brandon,(601) 825-8820,,https://www.mdhs.ms.gov/contact/,"Rankin County residents meeting income and household-size requirements for SNAP, TANF, and Medicaid; criminal record generally not a barrier to SNAP.","Residentes del condado Rankin que cumplan requisitos de ingresos y tamaño de hogar para SNAP, TANF y Medicaid; los antecedentes penales generalmente no son barrera para SNAP.",Apply online at access.ms.gov; call 800-948-3050 for SNAP/TANF customer service; visit the county MDHS office for in-person verification; Medicaid enrollment through DOM.,Solicite en access.ms.gov; llame al 800-948-3050; visite la oficina MDHS del condado para verificación presencial; inscripción de Medicaid a través de DOM.,Typically Monday–Friday business hours; call ahead,rankin|mississippi|benefits|SNAP|MDHS|reentry,SNAP enrollment|TANF application help|Medicaid referral|Document verification|access.ms.gov assistance,Rankin,Rankin,single,accepts_criminal_record
99,Scott County MDHS — Benefits & Family Support,financial-assistance,Forest / Scott County,"The Scott County MDHS Economic Assistance office in Forest processes SNAP nutrition assistance, Temporary Assistance for Needy Families (TANF), and Medicaid application referrals for Mississippi residents including returning citizens reestablishing food and health benefits after release from Scott County Jail or MDOC custody. County MDHS staff help verify identity and income and accept applications submitted through access.ms.gov.","La oficina de Asistencia Económica MDHS del condado Scott en Forest procesa asistencia nutricional SNAP, Asistencia Temporal para Familias Necesitadas (TANF) y referencias de solicitud de Medicaid para residentes de Mississippi, incluidos ciudadanos que regresan que restablecen beneficios alimentarios y de salud después de salir de la cárcel del condado Scott o de la custodia de MDOC. El personal del condado ayuda a verificar identidad e ingresos y acepta solicitudes presentadas a través de access.ms.gov.",521 Airport Rd,Forest,(601) 469-1628,,https://www.mdhs.ms.gov/contact/,"Scott County residents meeting income and household-size requirements for SNAP, TANF, and Medicaid; criminal record generally not a barrier to SNAP.","Residentes del condado Scott que cumplan requisitos de ingresos y tamaño de hogar para SNAP, TANF y Medicaid; los antecedentes penales generalmente no son barrera para SNAP.",Apply online at access.ms.gov; call 800-948-3050 for SNAP/TANF customer service; visit the county MDHS office for in-person verification; Medicaid enrollment through DOM.,Solicite en access.ms.gov; llame al 800-948-3050; visite la oficina MDHS del condado para verificación presencial; inscripción de Medicaid a través de DOM.,Typically Monday–Friday business hours; call ahead,scott|mississippi|benefits|SNAP|MDHS|reentry,SNAP enrollment|TANF application help|Medicaid referral|Document verification|access.ms.gov assistance,Scott,Scott,single,accepts_criminal_record
100,Sharkey County MDHS — Benefits & Family Support,financial-assistance,Rolling Fork / Sharkey County,"The Sharkey County MDHS Economic Assistance office in Rolling Fork processes SNAP nutrition assistance, Temporary Assistance for Needy Families (TANF), and Medicaid application referrals for Mississippi residents including returning citizens reestablishing food and health benefits after release from Sharkey County Jail or MDOC custody. County MDHS staff help verify identity and income and accept applications submitted through access.ms.gov.","La oficina de Asistencia Económica MDHS del condado Sharkey en Rolling Fork procesa asistencia nutricional SNAP, Asistencia Temporal para Familias Necesitadas (TANF) y referencias de solicitud de Medicaid para residentes de Mississippi, incluidos ciudadanos que regresan que restablecen beneficios alimentarios y de salud después de salir de la cárcel del condado Sharkey o de la custodia de MDOC. El personal del condado ayuda a verificar identidad e ingresos y acepta solicitudes presentadas a través de access.ms.gov.",613 Martin Luther King Jr St,Rolling Fork,(662) 873-2655,,https://www.mdhs.ms.gov/contact/,"Sharkey County residents meeting income and household-size requirements for SNAP, TANF, and Medicaid; criminal record generally not a barrier to SNAP.","Residentes del condado Sharkey que cumplan requisitos de ingresos y tamaño de hogar para SNAP, TANF y Medicaid; los antecedentes penales generalmente no son barrera para SNAP.",Apply online at access.ms.gov; call 800-948-3050 for SNAP/TANF customer service; visit the county MDHS office for in-person verification; Medicaid enrollment through DOM.,Solicite en access.ms.gov; llame al 800-948-3050; visite la oficina MDHS del condado para verificación presencial; inscripción de Medicaid a través de DOM.,Typically Monday–Friday business hours; call ahead,sharkey|mississippi|benefits|SNAP|MDHS|reentry,SNAP enrollment|TANF application help|Medicaid referral|Document verification|access.ms.gov assistance,Sharkey,Sharkey,single,accepts_criminal_record
101,Simpson County MDHS — Benefits & Family Support,financial-assistance,Mendenhall / Simpson County,"The Simpson County MDHS Economic Assistance office in Mendenhall processes SNAP nutrition assistance, Temporary Assistance for Needy Families (TANF), and Medicaid application referrals for Mississippi residents including returning citizens reestablishing food and health benefits after release from Simpson County Jail or MDOC custody. County MDHS staff help verify identity and income and accept applications submitted through access.ms.gov.","La oficina de Asistencia Económica MDHS del condado Simpson en Mendenhall procesa asistencia nutricional SNAP, Asistencia Temporal para Familias Necesitadas (TANF) y referencias de solicitud de Medicaid para residentes de Mississippi, incluidos ciudadanos que regresan que restablecen beneficios alimentarios y de salud después de salir de la cárcel del condado Simpson o de la custodia de MDOC. El personal del condado ayuda a verificar identidad e ingresos y acepta solicitudes presentadas a través de access.ms.gov.","109 West Pine, Suite 1",Mendenhall,(601) 847-3815,,https://www.mdhs.ms.gov/contact/,"Simpson County residents meeting income and household-size requirements for SNAP, TANF, and Medicaid; criminal record generally not a barrier to SNAP.","Residentes del condado Simpson que cumplan requisitos de ingresos y tamaño de hogar para SNAP, TANF y Medicaid; los antecedentes penales generalmente no son barrera para SNAP.",Apply online at access.ms.gov; call 800-948-3050 for SNAP/TANF customer service; visit the county MDHS office for in-person verification; Medicaid enrollment through DOM.,Solicite en access.ms.gov; llame al 800-948-3050; visite la oficina MDHS del condado para verificación presencial; inscripción de Medicaid a través de DOM.,Typically Monday–Friday business hours; call ahead,simpson|mississippi|benefits|SNAP|MDHS|reentry,SNAP enrollment|TANF application help|Medicaid referral|Document verification|access.ms.gov assistance,Simpson,Simpson,single,accepts_criminal_record
102,Smith County MDHS — Benefits & Family Support,financial-assistance,Raleigh / Smith County,"The Smith County MDHS Economic Assistance office in Raleigh processes SNAP nutrition assistance, Temporary Assistance for Needy Families (TANF), and Medicaid application referrals for Mississippi residents including returning citizens reestablishing food and health benefits after release from Smith County Jail or MDOC custody. County MDHS staff help verify identity and income and accept applications submitted through access.ms.gov.","La oficina de Asistencia Económica MDHS del condado Smith en Raleigh procesa asistencia nutricional SNAP, Asistencia Temporal para Familias Necesitadas (TANF) y referencias de solicitud de Medicaid para residentes de Mississippi, incluidos ciudadanos que regresan que restablecen beneficios alimentarios y de salud después de salir de la cárcel del condado Smith o de la custodia de MDOC. El personal del condado ayuda a verificar identidad e ingresos y acepta solicitudes presentadas a través de access.ms.gov.",353 Hwy 37,Raleigh,(601) 782-4505,,https://www.mdhs.ms.gov/contact/,"Smith County residents meeting income and household-size requirements for SNAP, TANF, and Medicaid; criminal record generally not a barrier to SNAP.","Residentes del condado Smith que cumplan requisitos de ingresos y tamaño de hogar para SNAP, TANF y Medicaid; los antecedentes penales generalmente no son barrera para SNAP.",Apply online at access.ms.gov; call 800-948-3050 for SNAP/TANF customer service; visit the county MDHS office for in-person verification; Medicaid enrollment through DOM.,Solicite en access.ms.gov; llame al 800-948-3050; visite la oficina MDHS del condado para verificación presencial; inscripción de Medicaid a través de DOM.,Typically Monday–Friday business hours; call ahead,smith|mississippi|benefits|SNAP|MDHS|reentry,SNAP enrollment|TANF application help|Medicaid referral|Document verification|access.ms.gov assistance,Smith,Smith,single,accepts_criminal_record
103,Stone County MDHS — Benefits & Family Support,financial-assistance,Wiggins / Stone County,"The Stone County MDHS Economic Assistance office in Wiggins processes SNAP nutrition assistance, Temporary Assistance for Needy Families (TANF), and Medicaid application referrals for Mississippi residents including returning citizens reestablishing food and health benefits after release from Stone County Jail or MDOC custody. County MDHS staff help verify identity and income and accept applications submitted through access.ms.gov.","La oficina de Asistencia Económica MDHS del condado Stone en Wiggins procesa asistencia nutricional SNAP, Asistencia Temporal para Familias Necesitadas (TANF) y referencias de solicitud de Medicaid para residentes de Mississippi, incluidos ciudadanos que regresan que restablecen beneficios alimentarios y de salud después de salir de la cárcel del condado Stone o de la custodia de MDOC. El personal del condado ayuda a verificar identidad e ingresos y acepta solicitudes presentadas a través de access.ms.gov.",648 Fairgrounds St,Wiggins,(601) 928-4996,,https://www.mdhs.ms.gov/contact/,"Stone County residents meeting income and household-size requirements for SNAP, TANF, and Medicaid; criminal record generally not a barrier to SNAP.","Residentes del condado Stone que cumplan requisitos de ingresos y tamaño de hogar para SNAP, TANF y Medicaid; los antecedentes penales generalmente no son barrera para SNAP.",Apply online at access.ms.gov; call 800-948-3050 for SNAP/TANF customer service; visit the county MDHS office for in-person verification; Medicaid enrollment through DOM.,Solicite en access.ms.gov; llame al 800-948-3050; visite la oficina MDHS del condado para verificación presencial; inscripción de Medicaid a través de DOM.,Typically Monday–Friday business hours; call ahead,stone|mississippi|benefits|SNAP|MDHS|reentry,SNAP enrollment|TANF application help|Medicaid referral|Document verification|access.ms.gov assistance,Stone,Stone,single,accepts_criminal_record
104,Sunflower County MDHS — Benefits & Family Support,financial-assistance,Indianola / Sunflower County,"The Sunflower County MDHS Economic Assistance office in Indianola processes SNAP nutrition assistance, Temporary Assistance for Needy Families (TANF), and Medicaid application referrals for Mississippi residents including returning citizens reestablishing food and health benefits after release from Sunflower County Jail or MDOC custody. County MDHS staff help verify identity and income and accept applications submitted through access.ms.gov.","La oficina de Asistencia Económica MDHS del condado Sunflower en Indianola procesa asistencia nutricional SNAP, Asistencia Temporal para Familias Necesitadas (TANF) y referencias de solicitud de Medicaid para residentes de Mississippi, incluidos ciudadanos que regresan que restablecen beneficios alimentarios y de salud después de salir de la cárcel del condado Sunflower o de la custodia de MDOC. El personal del condado ayuda a verificar identidad e ingresos y acepta solicitudes presentadas a través de access.ms.gov.",225 Martin Luther King Dr,Indianola,(662) 887-2051,,https://www.mdhs.ms.gov/contact/,"Sunflower County residents meeting income and household-size requirements for SNAP, TANF, and Medicaid; criminal record generally not a barrier to SNAP.","Residentes del condado Sunflower que cumplan requisitos de ingresos y tamaño de hogar para SNAP, TANF y Medicaid; los antecedentes penales generalmente no son barrera para SNAP.",Apply online at access.ms.gov; call 800-948-3050 for SNAP/TANF customer service; visit the county MDHS office for in-person verification; Medicaid enrollment through DOM.,Solicite en access.ms.gov; llame al 800-948-3050; visite la oficina MDHS del condado para verificación presencial; inscripción de Medicaid a través de DOM.,Typically Monday–Friday business hours; call ahead,sunflower|mississippi|benefits|SNAP|MDHS|reentry,SNAP enrollment|TANF application help|Medicaid referral|Document verification|access.ms.gov assistance,Sunflower,Sunflower,single,accepts_criminal_record
105,Tallahatchie County MDHS — Benefits & Family Support,financial-assistance,Charleston / Tallahatchie County,"The Tallahatchie County MDHS Economic Assistance office in Charleston processes SNAP nutrition assistance, Temporary Assistance for Needy Families (TANF), and Medicaid application referrals for Mississippi residents including returning citizens reestablishing food and health benefits after release from Tallahatchie County Jail or MDOC custody. County MDHS staff help verify identity and income and accept applications submitted through access.ms.gov.","La oficina de Asistencia Económica MDHS del condado Tallahatchie en Charleston procesa asistencia nutricional SNAP, Asistencia Temporal para Familias Necesitadas (TANF) y referencias de solicitud de Medicaid para residentes de Mississippi, incluidos ciudadanos que regresan que restablecen beneficios alimentarios y de salud después de salir de la cárcel del condado Tallahatchie o de la custodia de MDOC. El personal del condado ayuda a verificar identidad e ingresos y acepta solicitudes presentadas a través de access.ms.gov.",181 South Market St,Charleston,(662) 647-5571,,https://www.mdhs.ms.gov/contact/,"Tallahatchie County residents meeting income and household-size requirements for SNAP, TANF, and Medicaid; criminal record generally not a barrier to SNAP.","Residentes del condado Tallahatchie que cumplan requisitos de ingresos y tamaño de hogar para SNAP, TANF y Medicaid; los antecedentes penales generalmente no son barrera para SNAP.",Apply online at access.ms.gov; call 800-948-3050 for SNAP/TANF customer service; visit the county MDHS office for in-person verification; Medicaid enrollment through DOM.,Solicite en access.ms.gov; llame al 800-948-3050; visite la oficina MDHS del condado para verificación presencial; inscripción de Medicaid a través de DOM.,Typically Monday–Friday business hours; call ahead,tallahatchie|mississippi|benefits|SNAP|MDHS|reentry,SNAP enrollment|TANF application help|Medicaid referral|Document verification|access.ms.gov assistance,Tallahatchie,Tallahatchie,single,accepts_criminal_record
106,Tate County MDHS — Benefits & Family Support,financial-assistance,Senatobia / Tate County,"The Tate County MDHS Economic Assistance office in Senatobia processes SNAP nutrition assistance, Temporary Assistance for Needy Families (TANF), and Medicaid application referrals for Mississippi residents including returning citizens reestablishing food and health benefits after release from Tate County Jail or MDOC custody. County MDHS staff help verify identity and income and accept applications submitted through access.ms.gov.","La oficina de Asistencia Económica MDHS del condado Tate en Senatobia procesa asistencia nutricional SNAP, Asistencia Temporal para Familias Necesitadas (TANF) y referencias de solicitud de Medicaid para residentes de Mississippi, incluidos ciudadanos que regresan que restablecen beneficios alimentarios y de salud después de salir de la cárcel del condado Tate o de la custodia de MDOC. El personal del condado ayuda a verificar identidad e ingresos y acepta solicitudes presentadas a través de access.ms.gov.",1428 Browns Ferry Rd,Senatobia,(662) 562-4478,,https://www.mdhs.ms.gov/contact/,"Tate County residents meeting income and household-size requirements for SNAP, TANF, and Medicaid; criminal record generally not a barrier to SNAP.","Residentes del condado Tate que cumplan requisitos de ingresos y tamaño de hogar para SNAP, TANF y Medicaid; los antecedentes penales generalmente no son barrera para SNAP.",Apply online at access.ms.gov; call 800-948-3050 for SNAP/TANF customer service; visit the county MDHS office for in-person verification; Medicaid enrollment through DOM.,Solicite en access.ms.gov; llame al 800-948-3050; visite la oficina MDHS del condado para verificación presencial; inscripción de Medicaid a través de DOM.,Typically Monday–Friday business hours; call ahead,tate|mississippi|benefits|SNAP|MDHS|reentry,SNAP enrollment|TANF application help|Medicaid referral|Document verification|access.ms.gov assistance,Tate,Tate,single,accepts_criminal_record
107,Tippah County MDHS — Benefits & Family Support,financial-assistance,Ripley / Tippah County,"The Tippah County MDHS Economic Assistance office in Ripley processes SNAP nutrition assistance, Temporary Assistance for Needy Families (TANF), and Medicaid application referrals for Mississippi residents including returning citizens reestablishing food and health benefits after release from Tippah County Jail or MDOC custody. County MDHS staff help verify identity and income and accept applications submitted through access.ms.gov.","La oficina de Asistencia Económica MDHS del condado Tippah en Ripley procesa asistencia nutricional SNAP, Asistencia Temporal para Familias Necesitadas (TANF) y referencias de solicitud de Medicaid para residentes de Mississippi, incluidos ciudadanos que regresan que restablecen beneficios alimentarios y de salud después de salir de la cárcel del condado Tippah o de la custodia de MDOC. El personal del condado ayuda a verificar identidad e ingresos y acepta solicitudes presentadas a través de access.ms.gov.",159 Bails Rd,Ripley,(662) 837-9307,,https://www.mdhs.ms.gov/contact/,"Tippah County residents meeting income and household-size requirements for SNAP, TANF, and Medicaid; criminal record generally not a barrier to SNAP.","Residentes del condado Tippah que cumplan requisitos de ingresos y tamaño de hogar para SNAP, TANF y Medicaid; los antecedentes penales generalmente no son barrera para SNAP.",Apply online at access.ms.gov; call 800-948-3050 for SNAP/TANF customer service; visit the county MDHS office for in-person verification; Medicaid enrollment through DOM.,Solicite en access.ms.gov; llame al 800-948-3050; visite la oficina MDHS del condado para verificación presencial; inscripción de Medicaid a través de DOM.,Typically Monday–Friday business hours; call ahead,tippah|mississippi|benefits|SNAP|MDHS|reentry,SNAP enrollment|TANF application help|Medicaid referral|Document verification|access.ms.gov assistance,Tippah,Tippah,single,accepts_criminal_record
108,Tishomingo County MDHS — Benefits & Family Support,financial-assistance,Iuka / Tishomingo County,"The Tishomingo County MDHS Economic Assistance office in Iuka processes SNAP nutrition assistance, Temporary Assistance for Needy Families (TANF), and Medicaid application referrals for Mississippi residents including returning citizens reestablishing food and health benefits after release from Tishomingo County Jail or MDOC custody. County MDHS staff help verify identity and income and accept applications submitted through access.ms.gov.","La oficina de Asistencia Económica MDHS del condado Tishomingo en Iuka procesa asistencia nutricional SNAP, Asistencia Temporal para Familias Necesitadas (TANF) y referencias de solicitud de Medicaid para residentes de Mississippi, incluidos ciudadanos que regresan que restablecen beneficios alimentarios y de salud después de salir de la cárcel del condado Tishomingo o de la custodia de MDOC. El personal del condado ayuda a verificar identidad e ingresos y acepta solicitudes presentadas a través de access.ms.gov.","1008 Battleground Dr, Room 104",Iuka,(662) 423-7020,,https://www.mdhs.ms.gov/contact/,"Tishomingo County residents meeting income and household-size requirements for SNAP, TANF, and Medicaid; criminal record generally not a barrier to SNAP.","Residentes del condado Tishomingo que cumplan requisitos de ingresos y tamaño de hogar para SNAP, TANF y Medicaid; los antecedentes penales generalmente no son barrera para SNAP.",Apply online at access.ms.gov; call 800-948-3050 for SNAP/TANF customer service; visit the county MDHS office for in-person verification; Medicaid enrollment through DOM.,Solicite en access.ms.gov; llame al 800-948-3050; visite la oficina MDHS del condado para verificación presencial; inscripción de Medicaid a través de DOM.,Typically Monday–Friday business hours; call ahead,tishomingo|mississippi|benefits|SNAP|MDHS|reentry,SNAP enrollment|TANF application help|Medicaid referral|Document verification|access.ms.gov assistance,Tishomingo,Tishomingo,single,accepts_criminal_record
109,Tunica County MDHS — Benefits & Family Support,financial-assistance,Tunica / Tunica County,"The Tunica County MDHS Economic Assistance office in Tunica processes SNAP nutrition assistance, Temporary Assistance for Needy Families (TANF), and Medicaid application referrals for Mississippi residents including returning citizens reestablishing food and health benefits after release from Tunica County Jail or MDOC custody. County MDHS staff help verify identity and income and accept applications submitted through access.ms.gov.","La oficina de Asistencia Económica MDHS del condado Tunica en Tunica procesa asistencia nutricional SNAP, Asistencia Temporal para Familias Necesitadas (TANF) y referencias de solicitud de Medicaid para residentes de Mississippi, incluidos ciudadanos que regresan que restablecen beneficios alimentarios y de salud después de salir de la cárcel del condado Tunica o de la custodia de MDOC. El personal del condado ayuda a verificar identidad e ingresos y acepta solicitudes presentadas a través de access.ms.gov.",1490 Edwards Ave,Tunica,(662) 363-1771,,https://www.mdhs.ms.gov/contact/,"Tunica County residents meeting income and household-size requirements for SNAP, TANF, and Medicaid; criminal record generally not a barrier to SNAP.","Residentes del condado Tunica que cumplan requisitos de ingresos y tamaño de hogar para SNAP, TANF y Medicaid; los antecedentes penales generalmente no son barrera para SNAP.",Apply online at access.ms.gov; call 800-948-3050 for SNAP/TANF customer service; visit the county MDHS office for in-person verification; Medicaid enrollment through DOM.,Solicite en access.ms.gov; llame al 800-948-3050; visite la oficina MDHS del condado para verificación presencial; inscripción de Medicaid a través de DOM.,Typically Monday–Friday business hours; call ahead,tunica|mississippi|benefits|SNAP|MDHS|reentry,SNAP enrollment|TANF application help|Medicaid referral|Document verification|access.ms.gov assistance,Tunica,Tunica,single,accepts_criminal_record
110,Union County MDHS — Benefits & Family Support,financial-assistance,New Albany / Union County,"The Union County MDHS Economic Assistance office in New Albany processes SNAP nutrition assistance, Temporary Assistance for Needy Families (TANF), and Medicaid application referrals for Mississippi residents including returning citizens reestablishing food and health benefits after release from Union County Jail or MDOC custody. County MDHS staff help verify identity and income and accept applications submitted through access.ms.gov.","La oficina de Asistencia Económica MDHS del condado Union en New Albany procesa asistencia nutricional SNAP, Asistencia Temporal para Familias Necesitadas (TANF) y referencias de solicitud de Medicaid para residentes de Mississippi, incluidos ciudadanos que regresan que restablecen beneficios alimentarios y de salud después de salir de la cárcel del condado Union o de la custodia de MDOC. El personal del condado ayuda a verificar identidad e ingresos y acepta solicitudes presentadas a través de access.ms.gov.",923 Fairground Spur Rd,New Albany,(662) 534-1984,,https://www.mdhs.ms.gov/contact/,"Union County residents meeting income and household-size requirements for SNAP, TANF, and Medicaid; criminal record generally not a barrier to SNAP.","Residentes del condado Union que cumplan requisitos de ingresos y tamaño de hogar para SNAP, TANF y Medicaid; los antecedentes penales generalmente no son barrera para SNAP.",Apply online at access.ms.gov; call 800-948-3050 for SNAP/TANF customer service; visit the county MDHS office for in-person verification; Medicaid enrollment through DOM.,Solicite en access.ms.gov; llame al 800-948-3050; visite la oficina MDHS del condado para verificación presencial; inscripción de Medicaid a través de DOM.,Typically Monday–Friday business hours; call ahead,union|mississippi|benefits|SNAP|MDHS|reentry,SNAP enrollment|TANF application help|Medicaid referral|Document verification|access.ms.gov assistance,Union,Union,single,accepts_criminal_record
111,Walthall County MDHS — Benefits & Family Support,financial-assistance,Tylertown / Walthall County,"The Walthall County MDHS Economic Assistance office in Tylertown processes SNAP nutrition assistance, Temporary Assistance for Needy Families (TANF), and Medicaid application referrals for Mississippi residents including returning citizens reestablishing food and health benefits after release from Walthall County Jail or MDOC custody. County MDHS staff help verify identity and income and accept applications submitted through access.ms.gov.","La oficina de Asistencia Económica MDHS del condado Walthall en Tylertown procesa asistencia nutricional SNAP, Asistencia Temporal para Familias Necesitadas (TANF) y referencias de solicitud de Medicaid para residentes de Mississippi, incluidos ciudadanos que regresan que restablecen beneficios alimentarios y de salud después de salir de la cárcel del condado Walthall o de la custodia de MDOC. El personal del condado ayuda a verificar identidad e ingresos y acepta solicitudes presentadas a través de access.ms.gov.",901 Union Rd,Tylertown,(601) 876-2191,,https://www.mdhs.ms.gov/contact/,"Walthall County residents meeting income and household-size requirements for SNAP, TANF, and Medicaid; criminal record generally not a barrier to SNAP.","Residentes del condado Walthall que cumplan requisitos de ingresos y tamaño de hogar para SNAP, TANF y Medicaid; los antecedentes penales generalmente no son barrera para SNAP.",Apply online at access.ms.gov; call 800-948-3050 for SNAP/TANF customer service; visit the county MDHS office for in-person verification; Medicaid enrollment through DOM.,Solicite en access.ms.gov; llame al 800-948-3050; visite la oficina MDHS del condado para verificación presencial; inscripción de Medicaid a través de DOM.,Typically Monday–Friday business hours; call ahead,walthall|mississippi|benefits|SNAP|MDHS|reentry,SNAP enrollment|TANF application help|Medicaid referral|Document verification|access.ms.gov assistance,Walthall,Walthall,single,accepts_criminal_record
112,Warren County MDHS — Benefits & Family Support,financial-assistance,Vicksburg / Warren County,"The Warren County MDHS Economic Assistance office in Vicksburg processes SNAP nutrition assistance, Temporary Assistance for Needy Families (TANF), and Medicaid application referrals for Mississippi residents including returning citizens reestablishing food and health benefits after release from Warren County Jail or MDOC custody. County MDHS staff help verify identity and income and accept applications submitted through access.ms.gov.","La oficina de Asistencia Económica MDHS del condado Warren en Vicksburg procesa asistencia nutricional SNAP, Asistencia Temporal para Familias Necesitadas (TANF) y referencias de solicitud de Medicaid para residentes de Mississippi, incluidos ciudadanos que regresan que restablecen beneficios alimentarios y de salud después de salir de la cárcel del condado Warren o de la custodia de MDOC. El personal del condado ayuda a verificar identidad e ingresos y acepta solicitudes presentadas a través de access.ms.gov.",1316 Openwood St,Vicksburg,(601) 636-1512,,https://www.mdhs.ms.gov/contact/,"Warren County residents meeting income and household-size requirements for SNAP, TANF, and Medicaid; criminal record generally not a barrier to SNAP.","Residentes del condado Warren que cumplan requisitos de ingresos y tamaño de hogar para SNAP, TANF y Medicaid; los antecedentes penales generalmente no son barrera para SNAP.",Apply online at access.ms.gov; call 800-948-3050 for SNAP/TANF customer service; visit the county MDHS office for in-person verification; Medicaid enrollment through DOM.,Solicite en access.ms.gov; llame al 800-948-3050; visite la oficina MDHS del condado para verificación presencial; inscripción de Medicaid a través de DOM.,Typically Monday–Friday business hours; call ahead,warren|mississippi|benefits|SNAP|MDHS|reentry,SNAP enrollment|TANF application help|Medicaid referral|Document verification|access.ms.gov assistance,Warren,Warren,single,accepts_criminal_record
113,Washington County MDHS — Benefits & Family Support,financial-assistance,Greenville / Washington County,"The Washington County MDHS Economic Assistance office in Greenville processes SNAP nutrition assistance, Temporary Assistance for Needy Families (TANF), and Medicaid application referrals for Mississippi residents including returning citizens reestablishing food and health benefits after release from Washington County Jail or MDOC custody. County MDHS staff help verify identity and income and accept applications submitted through access.ms.gov.","La oficina de Asistencia Económica MDHS del condado Washington en Greenville procesa asistencia nutricional SNAP, Asistencia Temporal para Familias Necesitadas (TANF) y referencias de solicitud de Medicaid para residentes de Mississippi, incluidos ciudadanos que regresan que restablecen beneficios alimentarios y de salud después de salir de la cárcel del condado Washington o de la custodia de MDOC. El personal del condado ayuda a verificar identidad e ingresos y acepta solicitudes presentadas a través de access.ms.gov.",925 Main St,Greenville,(662) 335-6051,,https://www.mdhs.ms.gov/contact/,"Washington County residents meeting income and household-size requirements for SNAP, TANF, and Medicaid; criminal record generally not a barrier to SNAP.","Residentes del condado Washington que cumplan requisitos de ingresos y tamaño de hogar para SNAP, TANF y Medicaid; los antecedentes penales generalmente no son barrera para SNAP.",Apply online at access.ms.gov; call 800-948-3050 for SNAP/TANF customer service; visit the county MDHS office for in-person verification; Medicaid enrollment through DOM.,Solicite en access.ms.gov; llame al 800-948-3050; visite la oficina MDHS del condado para verificación presencial; inscripción de Medicaid a través de DOM.,Typically Monday–Friday business hours; call ahead,washington|mississippi|benefits|SNAP|MDHS|reentry,SNAP enrollment|TANF application help|Medicaid referral|Document verification|access.ms.gov assistance,Washington,Washington,single,accepts_criminal_record
114,Wayne County MDHS — Benefits & Family Support,financial-assistance,Waynesboro / Wayne County,"The Wayne County MDHS Economic Assistance office in Waynesboro processes SNAP nutrition assistance, Temporary Assistance for Needy Families (TANF), and Medicaid application referrals for Mississippi residents including returning citizens reestablishing food and health benefits after release from Wayne County Jail or MDOC custody. County MDHS staff help verify identity and income and accept applications submitted through access.ms.gov.","La oficina de Asistencia Económica MDHS del condado Wayne en Waynesboro procesa asistencia nutricional SNAP, Asistencia Temporal para Familias Necesitadas (TANF) y referencias de solicitud de Medicaid para residentes de Mississippi, incluidos ciudadanos que regresan que restablecen beneficios alimentarios y de salud después de salir de la cárcel del condado Wayne o de la custodia de MDOC. El personal del condado ayuda a verificar identidad e ingresos y acepta solicitudes presentadas a través de access.ms.gov.",1104-A Cedar St,Waynesboro,(601) 735-4752,,https://www.mdhs.ms.gov/contact/,"Wayne County residents meeting income and household-size requirements for SNAP, TANF, and Medicaid; criminal record generally not a barrier to SNAP.","Residentes del condado Wayne que cumplan requisitos de ingresos y tamaño de hogar para SNAP, TANF y Medicaid; los antecedentes penales generalmente no son barrera para SNAP.",Apply online at access.ms.gov; call 800-948-3050 for SNAP/TANF customer service; visit the county MDHS office for in-person verification; Medicaid enrollment through DOM.,Solicite en access.ms.gov; llame al 800-948-3050; visite la oficina MDHS del condado para verificación presencial; inscripción de Medicaid a través de DOM.,Typically Monday–Friday business hours; call ahead,wayne|mississippi|benefits|SNAP|MDHS|reentry,SNAP enrollment|TANF application help|Medicaid referral|Document verification|access.ms.gov assistance,Wayne,Wayne,single,accepts_criminal_record
115,Webster County MDHS — Benefits & Family Support,financial-assistance,Eupora / Webster County,"The Webster County MDHS Economic Assistance office in Eupora processes SNAP nutrition assistance, Temporary Assistance for Needy Families (TANF), and Medicaid application referrals for Mississippi residents including returning citizens reestablishing food and health benefits after release from Webster County Jail or MDOC custody. County MDHS staff help verify identity and income and accept applications submitted through access.ms.gov.","La oficina de Asistencia Económica MDHS del condado Webster en Eupora procesa asistencia nutricional SNAP, Asistencia Temporal para Familias Necesitadas (TANF) y referencias de solicitud de Medicaid para residentes de Mississippi, incluidos ciudadanos que regresan que restablecen beneficios alimentarios y de salud después de salir de la cárcel del condado Webster o de la custodia de MDOC. El personal del condado ayuda a verificar identidad e ingresos y acepta solicitudes presentadas a través de access.ms.gov.",53 Government Ave,Eupora,(662) 258-4771,,https://www.mdhs.ms.gov/contact/,"Webster County residents meeting income and household-size requirements for SNAP, TANF, and Medicaid; criminal record generally not a barrier to SNAP.","Residentes del condado Webster que cumplan requisitos de ingresos y tamaño de hogar para SNAP, TANF y Medicaid; los antecedentes penales generalmente no son barrera para SNAP.",Apply online at access.ms.gov; call 800-948-3050 for SNAP/TANF customer service; visit the county MDHS office for in-person verification; Medicaid enrollment through DOM.,Solicite en access.ms.gov; llame al 800-948-3050; visite la oficina MDHS del condado para verificación presencial; inscripción de Medicaid a través de DOM.,Typically Monday–Friday business hours; call ahead,webster|mississippi|benefits|SNAP|MDHS|reentry,SNAP enrollment|TANF application help|Medicaid referral|Document verification|access.ms.gov assistance,Webster,Webster,single,accepts_criminal_record
116,Wilkinson County MDHS — Benefits & Family Support,financial-assistance,Woodville / Wilkinson County,"The Wilkinson County MDHS Economic Assistance office in Woodville processes SNAP nutrition assistance, Temporary Assistance for Needy Families (TANF), and Medicaid application referrals for Mississippi residents including returning citizens reestablishing food and health benefits after release from Wilkinson County Jail or MDOC custody. County MDHS staff help verify identity and income and accept applications submitted through access.ms.gov.","La oficina de Asistencia Económica MDHS del condado Wilkinson en Woodville procesa asistencia nutricional SNAP, Asistencia Temporal para Familias Necesitadas (TANF) y referencias de solicitud de Medicaid para residentes de Mississippi, incluidos ciudadanos que regresan que restablecen beneficios alimentarios y de salud después de salir de la cárcel del condado Wilkinson o de la custodia de MDOC. El personal del condado ayuda a verificar identidad e ingresos y acepta solicitudes presentadas a través de access.ms.gov.",1391 Hwy 61 South,Woodville,(601) 888-4311,,https://www.mdhs.ms.gov/contact/,"Wilkinson County residents meeting income and household-size requirements for SNAP, TANF, and Medicaid; criminal record generally not a barrier to SNAP.","Residentes del condado Wilkinson que cumplan requisitos de ingresos y tamaño de hogar para SNAP, TANF y Medicaid; los antecedentes penales generalmente no son barrera para SNAP.",Apply online at access.ms.gov; call 800-948-3050 for SNAP/TANF customer service; visit the county MDHS office for in-person verification; Medicaid enrollment through DOM.,Solicite en access.ms.gov; llame al 800-948-3050; visite la oficina MDHS del condado para verificación presencial; inscripción de Medicaid a través de DOM.,Typically Monday–Friday business hours; call ahead,wilkinson|mississippi|benefits|SNAP|MDHS|reentry,SNAP enrollment|TANF application help|Medicaid referral|Document verification|access.ms.gov assistance,Wilkinson,Wilkinson,single,accepts_criminal_record
117,Winston County MDHS — Benefits & Family Support,financial-assistance,Louisville / Winston County,"The Winston County MDHS Economic Assistance office in Louisville processes SNAP nutrition assistance, Temporary Assistance for Needy Families (TANF), and Medicaid application referrals for Mississippi residents including returning citizens reestablishing food and health benefits after release from Winston County Jail or MDOC custody. County MDHS staff help verify identity and income and accept applications submitted through access.ms.gov.","La oficina de Asistencia Económica MDHS del condado Winston en Louisville procesa asistencia nutricional SNAP, Asistencia Temporal para Familias Necesitadas (TANF) y referencias de solicitud de Medicaid para residentes de Mississippi, incluidos ciudadanos que regresan que restablecen beneficios alimentarios y de salud después de salir de la cárcel del condado Winston o de la custodia de MDOC. El personal del condado ayuda a verificar identidad e ingresos y acepta solicitudes presentadas a través de access.ms.gov.",165 Vance St,Louisville,(662) 773-8034,,https://www.mdhs.ms.gov/contact/,"Winston County residents meeting income and household-size requirements for SNAP, TANF, and Medicaid; criminal record generally not a barrier to SNAP.","Residentes del condado Winston que cumplan requisitos de ingresos y tamaño de hogar para SNAP, TANF y Medicaid; los antecedentes penales generalmente no son barrera para SNAP.",Apply online at access.ms.gov; call 800-948-3050 for SNAP/TANF customer service; visit the county MDHS office for in-person verification; Medicaid enrollment through DOM.,Solicite en access.ms.gov; llame al 800-948-3050; visite la oficina MDHS del condado para verificación presencial; inscripción de Medicaid a través de DOM.,Typically Monday–Friday business hours; call ahead,winston|mississippi|benefits|SNAP|MDHS|reentry,SNAP enrollment|TANF application help|Medicaid referral|Document verification|access.ms.gov assistance,Winston,Winston,single,accepts_criminal_record
118,Yalobusha County MDHS — Benefits & Family Support,financial-assistance,Coffeeville / Yalobusha County,"The Yalobusha County MDHS Economic Assistance office in Coffeeville processes SNAP nutrition assistance, Temporary Assistance for Needy Families (TANF), and Medicaid application referrals for Mississippi residents including returning citizens reestablishing food and health benefits after release from Yalobusha County Jail or MDOC custody. County MDHS staff help verify identity and income and accept applications submitted through access.ms.gov.","La oficina de Asistencia Económica MDHS del condado Yalobusha en Coffeeville procesa asistencia nutricional SNAP, Asistencia Temporal para Familias Necesitadas (TANF) y referencias de solicitud de Medicaid para residentes de Mississippi, incluidos ciudadanos que regresan que restablecen beneficios alimentarios y de salud después de salir de la cárcel del condado Yalobusha o de la custodia de MDOC. El personal del condado ayuda a verificar identidad e ingresos y acepta solicitudes presentadas a través de access.ms.gov.",217 Frostland Dr,Coffeeville,(662) 473-2951,,https://www.mdhs.ms.gov/contact/,"Yalobusha County residents meeting income and household-size requirements for SNAP, TANF, and Medicaid; criminal record generally not a barrier to SNAP.","Residentes del condado Yalobusha que cumplan requisitos de ingresos y tamaño de hogar para SNAP, TANF y Medicaid; los antecedentes penales generalmente no son barrera para SNAP.",Apply online at access.ms.gov; call 800-948-3050 for SNAP/TANF customer service; visit the county MDHS office for in-person verification; Medicaid enrollment through DOM.,Solicite en access.ms.gov; llame al 800-948-3050; visite la oficina MDHS del condado para verificación presencial; inscripción de Medicaid a través de DOM.,Typically Monday–Friday business hours; call ahead,yalobusha|mississippi|benefits|SNAP|MDHS|reentry,SNAP enrollment|TANF application help|Medicaid referral|Document verification|access.ms.gov assistance,Yalobusha,Yalobusha,single,accepts_criminal_record
119,Yazoo County MDHS — Benefits & Family Support,financial-assistance,Yazoo City / Yazoo County,"The Yazoo County MDHS Economic Assistance office in Yazoo City processes SNAP nutrition assistance, Temporary Assistance for Needy Families (TANF), and Medicaid application referrals for Mississippi residents including returning citizens reestablishing food and health benefits after release from Yazoo County Jail or MDOC custody. County MDHS staff help verify identity and income and accept applications submitted through access.ms.gov.","La oficina de Asistencia Económica MDHS del condado Yazoo en Yazoo City procesa asistencia nutricional SNAP, Asistencia Temporal para Familias Necesitadas (TANF) y referencias de solicitud de Medicaid para residentes de Mississippi, incluidos ciudadanos que regresan que restablecen beneficios alimentarios y de salud después de salir de la cárcel del condado Yazoo o de la custodia de MDOC. El personal del condado ayuda a verificar identidad e ingresos y acepta solicitudes presentadas a través de access.ms.gov.",1315 Grady Ave,Yazoo City,(662) 746-5821,,https://www.mdhs.ms.gov/contact/,"Yazoo County residents meeting income and household-size requirements for SNAP, TANF, and Medicaid; criminal record generally not a barrier to SNAP.","Residentes del condado Yazoo que cumplan requisitos de ingresos y tamaño de hogar para SNAP, TANF y Medicaid; los antecedentes penales generalmente no son barrera para SNAP.",Apply online at access.ms.gov; call 800-948-3050 for SNAP/TANF customer service; visit the county MDHS office for in-person verification; Medicaid enrollment through DOM.,Solicite en access.ms.gov; llame al 800-948-3050; visite la oficina MDHS del condado para verificación presencial; inscripción de Medicaid a través de DOM.,Typically Monday–Friday business hours; call ahead,yazoo|mississippi|benefits|SNAP|MDHS|reentry,SNAP enrollment|TANF application help|Medicaid referral|Document verification|access.ms.gov assistance,Yazoo,Yazoo,single,accepts_criminal_record
120,Doors of Hope — Transitional Housing,housing,Jackson / Hinds County,"Doors of Hope provides structured transitional housing and case management for justice-involved women and mothers reunifying with children after release from MDOC custody or Hinds County Jail in the Jackson metro. Housing specialists connect residents to access.ms.gov benefits, Mississippi Works, and Hinds Behavioral Health while stabilizing leases and family reunification plans.",Doors of Hope ofrece vivienda transicional estructurada y manejo de casos para mujeres con antecedentes penales y madres que se reunifican con sus hijos después de la liberación de custodia MDOC o la cárcel del condado Hinds en el metro de Jackson.,4500 Terry Road,Jackson,601-362-4999,,https://www.doorsofhopems.org,Justice-involved women and mothers in the Jackson metro; referral or application required; sobriety requirements may apply.,Mujeres con antecedentes penales y madres en el metro de Jackson; se requiere referencia o solicitud; pueden aplicar requisitos de sobriedad.,Call 601-362-4999 for intake; pairs with Catholic Charities Jackson and Gateway Rescue Mission.,Llame al 601-362-4999 para admisión; se vincula con Catholic Charities Jackson y Gateway Rescue Mission.,Contact for intake hours,jackson|hinds|housing|transitional|women|reentry,Transitional housing|Reentry navigation|Family reunification support|Benefits navigation|Partner referrals,Hinds,Hinds|Madison|Rankin,multi,accepts_criminal_record
121,Salvation Army — Center of Hope Jackson,housing,Jackson / Hinds County,"The Salvation Army Center of Hope in Jackson provides emergency shelter, meals, and case management for men, women, and families experiencing homelessness in the Jackson metro including returning citizens with nowhere else to go after release. Case managers connect residents to Mississippi Works, access.ms.gov benefits, and permanent housing programs. This resource supports Mississippians navigating reentry in Hinds County.","El Center of Hope del Ejército de Salvación en Jackson proporciona refugio de emergencia, comidas y manejo de casos para hombres, mujeres y familias sin hogar en el metro de Jackson incluidos ciudadanos que regresan sin otro lugar adonde ir. Este recurso apoya a misisipianos en reinserción en condado de Hinds.",110 Prentiss Street,Jackson,601-969-5258,,https://salvationarmyalm.org/jackson,"Men, women, and families experiencing homelessness in the Jackson area; walk in or call for intake assessment.","Hombres, mujeres y familias sin hogar en el área de Jackson; ingrese sin cita o llame para evaluación de admisión.",Call 601-969-5258 for shelter intake; case management connects to WIN Job Center and MDHS benefits.,Llame al 601-969-5258 para admisión al refugio; el manejo de casos conecta con WIN Job Center y beneficios MDHS.,Shelter 24/7; intake during business hours,jackson|hinds|housing|emergency-shelter|families|reentry,Emergency shelter|Food pantry access|Reentry navigation|Partner referrals|Benefits navigation,Hinds,Hinds,single,accepts_criminal_record
122,Salvation Army — Gulf Coast Shelter,housing,Gulfport / Harrison County,"Salvation Army — Gulf Coast Shelter serves justice-involved adults and families rebuilding stability after incarceration in Harrison, and Hancock counties. The Salvation Army Gulf Coast provides emergency shelter, meals, and disaster and homelessness case management for Harrison and Hancock county residents including justice-involved adults returning from incarceration on the Mississippi Gulf Coast. Staff connect clients to Open Doors coordinated entry and Coastal Family Health Center. Resources may include case management, sobriety requirements, or referral from corrections partners—confirm admission steps before visiting. Contact this resource to confirm current intake steps, required documents, and whether walk-ins or referrals are accepted.","Salvation Army — Gulf Coast Shelter sirve a adultos con antecedentes penales y familias que reconstruyen estabilidad después de la encarcelación en los condados Harrison y Hancock. Los recursos pueden incluir manejo de casos, requisitos de sobriedad o referencia de socios correccionales—confirme los pasos de admisión antes de visitar. Contacte este recurso para confirmar pasos de admisión, documentos requeridos y si aceptan visitas sin cita o referencias.",2019 22nd Street,Gulfport,228-863-6192,,https://salvationarmyalm.org/gulfport,Homeless adults and families on the Gulf Coast; justice-involved clients welcome per intake.,Adultos y familias sin hogar en la Costa del Golfo; clientes con antecedentes penales bienvenidos según admisión.,Call 228-863-6192 for shelter intake; pairs with Back Bay Mission and Open Doors.,Llame al 228-863-6192 para admisión; se vincula con Back Bay Mission y Open Doors.,Shelter 24/7; office Monday–Friday,gulfport|harrison|housing|emergency-shelter|reentry,Emergency shelter|Food pantry access|Reentry navigation|Disaster relief|Benefits navigation,Harrison,Harrison|Hancock,multi,accepts_criminal_record|referral_required
123,Harbor House Family Violence Center,housing,Hattiesburg / Forrest County,"Harbor House Family Violence Center provides emergency shelter, a 24-hour crisis line, counseling, and legal advocacy for survivors of domestic violence and their children in the Pine Belt including justice-involved survivors navigating both safety planning and court obligations. Advocates connect families to Pine Belt Mental Healthcare and Mississippi Center for Legal Services.","Harbor House Family Violence Center ofrece refugio de emergencia, línea de crisis 24 horas, consejería y defensa legal para sobrevivientes de violencia doméstica y sus hijos en el Pine Belt incluidas sobrevivientes con antecedentes penales.",PO Box 1568,Hattiesburg,601-582-2111,,https://www.harborhousems.org,Survivors of domestic violence and their children in the Pine Belt; justice-involved survivors eligible per safety assessment.,Sobrevivientes de violencia doméstica y sus hijos en el Pine Belt; sobrevivientes con antecedentes penales elegibles según evaluación de seguridad.,24/7 crisis line 601-582-2111; confidential intake; shelter location confidential for resident safety.,Línea de crisis 24/7 601-582-2111; admisión confidencial; ubicación del refugio confidencial.,Crisis line 24/7; shelter intake around the clock,hattiesburg|forrest|housing|domestic-violence|shelter|reentry,Emergency DV shelter|Crisis services|Civil rights advocacy|Counseling|Children's services,Forrest,Forrest|Lamar|Marion|Covington|Perry|Jefferson Davis,multi,accepts_criminal_record
124,Salvation Army Red Shield Lodge — Tupelo,housing,Tupelo / Lee County,"Salvation Army Red Shield Lodge — Tupelo serves justice-involved adults and families rebuilding stability after incarceration in Lee, Prentiss, Itawamba, and Pontotoc counties. The Salvation Army Red Shield Lodge in Tupelo provides emergency overnight shelter, meals, and laundry for homeless adults in northeast Mississippi including returning citizens recently released from MDOC custody or Lee County Jail. Check-in begins at 5:00 p.m.; photo ID and background check required—not a long-term housing program. Resources may include case management, sobriety requirements, or referral from corrections partners—confirm admission steps before visiting. Contact this resource to confirm current intake steps, required documents, and whether walk-ins or referrals are accepted.","Salvation Army Red Shield Lodge — Tupelo sirve a adultos con antecedentes penales y familias que reconstruyen estabilidad después de la encarcelación en los condados Lee, Prentiss, Itawamba y Pontotoc. Los recursos pueden incluir manejo de casos, requisitos de sobriedad o referencia de socios correccionales—confirme los pasos de admisión antes de visitar. Contacte este recurso para confirmar pasos de admisión, documentos requeridos y si aceptan visitas sin cita o referencias.",527 Carnation Street,Tupelo,662-842-9222,,https://centralusa.salvationarmy.org/tupelo,Homeless adults in the Tupelo area; justice-involved guests accepted per intake screening; photo ID required.,Adultos sin hogar en el área de Tupelo; huéspedes con antecedentes penales aceptados según evaluación de admisión; se requiere identificación con foto.,Call 662-842-9222; check-in from 5:00 p.m.; pairs with Region II Mental Health and WIN Job Center Tupelo.,Llame al 662-842-9222; registro desde las 5:00 p.m.; se vincula con Region II Mental Health y WIN Job Center Tupelo.,Check-in from 5:00 p.m.; call for current availability,tupelo|lee|housing|emergency-shelter|reentry,Emergency shelter|Food pantry access|Basic needs assistance|Partner referrals|Employment assistance,Lee,Lee|Prentiss|Itawamba|Pontotoc,multi,accepts_criminal_record|referral_required
125,Elizabeth Gwin Village — Supportive Housing,housing,Jackson / Hinds County,"Elizabeth Gwin Village provides affordable and supportive rental housing for low-income Jackson metro households including returning citizens rebuilding stable tenancy after incarceration. Property management connects residents to Mississippi Works, Hinds Behavioral Health, and Mississippi Center for Legal Services for employment and tenant-rights support. This resource supports Mississippians navigating reentry in Hinds County.",Elizabeth Gwin Village ofrece vivienda de alquiler asequible y de apoyo para hogares de bajos ingresos del metro de Jackson incluidos ciudadanos que regresan que reconstruyen arrendamiento estable después de la encarcelación. Este recurso apoya a misisipianos en reinserción en condado de Hinds.,1400 University Boulevard,Jackson,601-362-0909,,https://www.housingcorp.org,Low-income Hinds County households; justice-involved applicants may qualify for supportive housing units per screening.,Hogares de bajos ingresos del condado Hinds; solicitantes con antecedentes penales pueden calificar para unidades de vivienda de apoyo según evaluación.,Call 601-362-0909 for availability; managed by Mississippi Home Corporation partners; not an emergency shelter.,Llame al 601-362-0909 para disponibilidad; no es refugio de emergencia.,Monday–Friday business hours,jackson|hinds|housing|affordable|supportive|reentry,Affordable rental housing|Supportive housing|Tenant support|Partner referrals,Hinds,Hinds,single,accepts_criminal_record
126,Jackson Free Clinic,healthcare,Jackson / Hinds County,"Jackson Free Clinic is a student-run free clinic providing primary care, chronic disease management, and prescription assistance for uninsured low-income Hinds County residents including returning citizens establishing a medical home after release. Volunteer physicians and nurses coordinate referrals to Hinds Behavioral Health and Division of Medicaid enrollment.","Jackson Free Clinic sirve a adultos con antecedentes penales y familias que reconstruyen estabilidad en condado de Hinds. Los servicios están disponibles con tarifa móvil o Medicaid para pacientes elegibles; lleve identificación y documentos de liberación al establecer atención después de la encarcelación. Contacte este recurso para confirmar pasos de admisión, documentos requeridos y si aceptan visitas sin cita o referencias.",925 Martin Luther King Jr. Drive,Jackson,601-355-5160,,https://www.jacksonfreeclinic.org,Uninsured low-income Hinds County residents; income screening required; justice-involved patients welcome.,Residentes del condado Hinds sin seguro y de bajos ingresos; se requiere evaluación de ingresos; pacientes con antecedentes penales bienvenidos.,Call 601-355-5160 for appointments; evening clinic hours; not an emergency room.,Llame al 601-355-5160 para citas; horario de clínica nocturna; no es sala de emergencias.,Evening clinic hours; call for schedule,jackson|hinds|healthcare|free-clinic|primary-care|reentry,Primary medical care|Medicaid enrollment|Partner referrals,Hinds,Hinds,single,accepts_criminal_record
127,G.A. Carmichael Family Health Center,healthcare,Canton / Madison County,"G.A. Carmichael Family Health Center serves justice-involved adults and families rebuilding stability after incarceration in 5 Mississippi counties. G.A. Carmichael Family Health Center operates Federally Qualified Health Center clinics across central Mississippi providing primary care, behavioral health, dental services, and sliding-fee care for uninsured and Medicaid patients including justice-involved adults in the Jackson metro and Madison County. Services are available on a sliding fee or Medicaid basis for eligible patients; bring ID and release paperwork when establishing care after incarceration. Contact this resource to confirm current intake steps, required documents, and whether walk-ins or referrals are accepted.","G.A. Carmichael Family Health Center sirve a adultos con antecedentes penales y familias que reconstruyen estabilidad después de la encarcelación en 5 condados de Mississippi. Los servicios están disponibles con tarifa móvil o Medicaid para pacientes elegibles; lleve identificación y documentos de liberación al establecer atención después de la encarcelación. Contacte este recurso para confirmar pasos de admisión, documentos requeridos y si aceptan visitas sin cita o referencias.",909 East North Street,Canton,601-859-5213,,https://www.carmichaelhealth.org,Central Mississippi residents of all ages; sliding scale with proof of income; Medicaid accepted.,Residentes del centro de Mississippi de todas las edades; escala móvil con prueba de ingresos; se acepta Medicaid.,Call 601-859-5213 for nearest clinic; multiple central Mississippi locations including Canton and Jackson area.,Llame al 601-859-5213 para la clínica más cercana; múltiples ubicaciones en el centro de Mississippi.,Monday–Friday clinic hours; varies by location,canton|madison|healthcare|FQHC|primary-care|reentry,Primary medical care|Behavioral health services,Madison,Madison|Leake|Attala|Holmes|Yazoo,multi,accepts_criminal_record
128,North Mississippi Medical Center — Tupelo,healthcare,Tupelo / Lee County,"North Mississippi Medical Center is the region's largest hospital providing emergency, inpatient, and outpatient care with financial assistance and Medicaid coordination for uninsured and justice-involved patients including those leaving MDOC custody or Lee County Jail. Social workers connect discharged patients to Region II Mental Health and access.ms.gov enrollment.","North Mississippi Medical Center es el hospital más grande de la región que ofrece atención de emergencia, hospitalaria y ambulatoria con asistencia financiera y coordinación Medicaid para pacientes sin seguro y con antecedentes penales.",830 South Gloster Street,Tupelo,662-377-3000,,https://www.nmhs.net,Lee County and northeast Mississippi patients; financial assistance available; Medicaid accepted.,Pacientes del condado Lee y noreste de Mississippi; asistencia financiera disponible; se acepta Medicaid.,Call 662-377-3000; emergency 24/7; financial counseling for uninsured patients.,Llame al 662-377-3000; emergencias 24/7; consejería financiera para pacientes sin seguro.,Emergency 24/7; offices Monday–Friday,tupelo|lee|healthcare|hospital|reentry,Basic needs assistance|Substance use treatment|Rent and utility assistance|Discharge planning,Lee,Lee|Prentiss|Itawamba|Pontotoc|Tishomingo,multi,accepts_criminal_record
129,Delta Regional Medical Center — Greenville,healthcare,Greenville / Washington County,"Delta Regional Medical Center provides emergency, inpatient, and outpatient care for Washington County and Delta region residents including uninsured and Medicaid patients such as returning citizens establishing local medical access after release. Charity care and financial assistance programs help justice-involved patients without coverage.","Delta Regional Medical Center brinda atención de emergencia, hospitalaria y ambulatoria para residentes del condado Washington y la región Delta incluidos pacientes sin seguro y Medicaid como ciudadanos que regresan.",1400 East Union Street,Greenville,662-334-4100,,https://www.deltregional.com,Delta region patients; emergency care regardless of ability to pay; charity care application for eligible uninsured.,Pacientes de la región Delta; atención de emergencia independientemente de capacidad de pago; solicitud de atención caritativa para sin seguro elegibles.,Emergency 662-334-4100; pairs with Delta Health Alliance and WIN Job Center Greenville.,Emergencias 662-334-4100; se vincula con Delta Health Alliance y WIN Job Center Greenville.,Emergency 24/7; clinic hours vary,greenville|washington|healthcare|hospital|delta|reentry,Basic needs assistance|Substance use treatment|Primary medical care|Discharge planning,Washington,Washington|Bolivar|Sunflower|Issaquena|Sharkey,multi,accepts_criminal_record
130,Merit Health River Region — Meridian,healthcare,Meridian / Lauderdale County,"Merit Health River Region — Meridian is a statewide or regional referral resource for Mississippians affected by the criminal justice system. Merit Health River Region operates hospital and outpatient services in Meridian providing emergency care, primary care referrals, and financial assistance for Lauderdale County residents including uninsured justice-involved adults reestablishing healthcare after release from MDOC custody or county jail. Users can search by location, service type, or need to find active providers in Lauderdale, Clarke, and Kemper counties. Specialists or online tools help match people to housing, treatment, employment, legal aid, or benefits resources operated by other organizations. This entry describes a navigation hub—staff here do not replace direct services at partner agencies.","Merit Health River Region — Meridian es un recurso de referencia estatal o regional para misisipianos afectados por el sistema de justicia penal. Los usuarios pueden buscar por ubicación, tipo de servicio o necesidad para encontrar proveedores activos en los condados Lauderdale, Clarke y Kemper. Herramientas en línea o especialistas ayudan a conectar con vivienda, tratamiento, empleo, asistencia legal o beneficios operados por otras organizaciones. Esta entrada describe un centro de navegación—el personal no reemplaza servicios directos en agencias aliadas.",2100 13th Street,Meridian,601-483-0011,,https://merithealthriverregion.com,Lauderdale County patients; emergency care available; financial assistance for eligible uninsured.,Pacientes del condado Lauderdale; atención de emergencia disponible; asistencia financiera para sin seguro elegibles.,Call 601-483-0011; emergency 24/7; pairs with Weems CMHC and WIN Job Center Meridian.,Llame al 601-483-0011; emergencias 24/7; se vincula con Weems CMHC y WIN Job Center Meridian.,Emergency 24/7; offices Monday–Friday,meridian|lauderdale|healthcare|hospital|reentry,Basic needs assistance|Substance use treatment|Rent and utility assistance|Discharge planning,Lauderdale,Lauderdale|Clarke|Kemper,multi,
131,Baptist Memorial Hospital — Oxford,healthcare,Oxford / Lafayette County,"Baptist Memorial Hospital — Oxford serves justice-involved adults and families rebuilding stability after incarceration in Lafayette, Marshall, Benton, and Panola counties. Baptist Memorial Hospital-North Mississippi in Oxford provides emergency, inpatient, and outpatient care with financial assistance for uninsured and Medicaid patients in Lafayette and north Mississippi counties including returning citizens from MDOC custody establishing local medical care. Services are available on a sliding fee or Medicaid basis for eligible patients; bring ID and release paperwork when establishing care after incarceration. Contact this resource to confirm current intake steps, required documents, and whether walk-ins or referrals are accepted.","Baptist Memorial Hospital — Oxford sirve a adultos con antecedentes penales y familias que reconstruyen estabilidad después de la encarcelación en los condados Lafayette, Marshall, Benton y Panola. Los servicios están disponibles con tarifa móvil o Medicaid para pacientes elegibles; lleve identificación y documentos de liberación al establecer atención después de la encarcelación. Contacte este recurso para confirmar pasos de admisión, documentos requeridos y si aceptan visitas sin cita o referencias.",1100 Belk Boulevard,Oxford,662-636-1000,,https://www.baptistonline.org,North Mississippi patients; financial assistance available; Medicaid accepted.,Pacientes del norte de Mississippi; asistencia financiera disponible; se acepta Medicaid.,Call 662-636-1000; emergency 24/7; pairs with Communicare and WIN Job Center Oxford.,Llame al 662-636-1000; emergencias 24/7; se vincula con Communicare y WIN Job Center Oxford.,Emergency 24/7; offices Monday–Friday,oxford|lafayette|healthcare|hospital|reentry,Basic needs assistance|Substance use treatment|Rent and utility assistance|Partner referrals,Lafayette,Lafayette|Marshall|Benton|Panola,multi,accepts_criminal_record
132,Goodwill Industries of Mississippi — Jackson,employment,Jackson / Hinds County,"Goodwill Industries of Mississippi operates career centers in Jackson offering job readiness training, resume assistance, and fair-chance employer connections for adults facing employment barriers including returning citizens. Program staff coordinate with Mississippi Works and MDOC probation officers to place participants in retail, warehouse, and service-sector jobs. This resource supports Mississippians navigating reentry in Hinds, Madison, and Rankin counties.","Goodwill Industries of Mississippi opera centros de carrera en Jackson que ofrecen capacitación de preparación laboral, asistencia con currículum y conexiones con empleadores de segunda oportunidad para adultos que enfrentan barreras de empleo incluidos ciudadanos que regresan. Este recurso apoya a misisipianos en reinserción en los condados Hinds, Madison y Rankin.",1500 West Capitol Street,Jackson,601-948-3949,,https://www.goodwillms.org,Adults in the Jackson area facing employment barriers including justice-involved individuals; program enrollment through career center intake.,Adultos en el área de Jackson que enfrentan barreras de empleo incluidas personas con antecedentes penales; inscripción a través de admisión del centro de carrera.,Call 601-948-3949 to schedule intake; job coaching continues after placement.,Llame al 601-948-3949 para programar admisión; el coaching laboral continúa después de la colocación.,Monday–Friday business hours,jackson|hinds|employment|goodwill|job-readiness|fair-chance|reentry,Job readiness training|Workforce development|Employment assistance|Retail and warehouse placement,Hinds,Hinds|Madison|Rankin,multi,accepts_criminal_record
133,Mississippi Job Corps — Jackson Center,employment,Jackson / Hinds County,"Mississippi Job Corps at the Jackson center provides free residential and non-residential career technical training, GED preparation, and job placement for eligible young adults ages 16–24 including justice-involved youth seeking credentials for sustainable employment. Training connects graduates to Mississippi Works and employer partners statewide.","Mississippi Job Corps en el centro de Jackson ofrece capacitación técnica profesional residencial y no residencial gratuita, preparación GED y colocación laboral para adultos jóvenes elegibles de 16 a 24 años incluidos jóvenes con antecedentes penales que buscan credenciales para empleo sostenible.",7644 Old Canton Road,Ridgeland,601-956-5681,,https://www.jobcorps.gov,Mississippi residents ages 16–24 meeting Job Corps income and eligibility requirements; justice-involved youth may qualify.,Residentes de Mississippi de 16 a 24 años que cumplan requisitos de ingresos y elegibilidad de Job Corps; jóvenes con antecedentes penales pueden calificar.,Call 601-956-5681 for enrollment; residential program available; GED and trade credentials offered.,Llame al 601-956-5681 para inscripción; programa residencial disponible; se ofrecen credenciales GED y oficios.,Residential program; contact admissions,ridgeland|madison|employment|job-corps|GED|youth|reentry,Career technical training|GED preparation|Job placement|Residential program|Employer partnerships,Madison,Madison|Hinds|Rankin,multi,accepts_criminal_record
134,Mississippi Construction Education Foundation,employment,Jackson / Hinds County,"The Mississippi Construction Education Foundation provides NCCER-certified construction skills training, apprenticeship pathways, and employer connections for justice-involved Mississippians seeking trades careers in carpentry, electrical, plumbing, and HVAC across the state. Training partners with Mississippi Works and MDOC reentry programs for credential building after release.","Mississippi Construction Education Foundation ofrece capacitación certificada NCCER en habilidades de construcción, vías de aprendizaje y conexiones con empleadores para mississippianos con antecedentes penales que buscan carreras en carpintería, electricidad, plomería y HVAC.",6725 South Siwell Road,Byram,601-932-9100,,https://www.mcef.net,Mississippi residents seeking construction trades training; some programs require employer sponsorship or WIN Job Center referral.,Residentes de Mississippi que buscan capacitación en oficios de construcción; algunos programas requieren patrocinio del empleador o referencia de WIN Job Center.,Call 601-932-9100; NCCER credentials recognized statewide; pairs with Mississippi Works.,Llame al 601-932-9100; credenciales NCCER reconocidas en todo el estado; se vincula con Mississippi Works.,Training schedules vary by program,byram|hinds|employment|construction|NCCER|apprenticeship|reentry,Workforce development|NCCER certification|Partner referrals|Employment assistance,Hinds,,statewide,accepts_criminal_record
135,Southern Mississippi Planning and Development District — Workforce,employment,Hattiesburg / Forrest County,"Southern Mississippi Planning and Development District operates workforce development programs connecting Pine Belt job seekers including justice-involved adults to WIOA training, employer partnerships, and career navigation in Forrest, Lamar, and surrounding south Mississippi counties. Staff coordinate with Pine Belt Mental Healthcare and MDOC field offices.","Southern Mississippi Planning and Development District opera programas de desarrollo de la fuerza laboral que conectan buscadores de empleo del Pine Belt incluidos adultos con antecedentes penales con capacitación WIOA, alianzas con empleadores y navegación de carrera.",709 James Street,Hattiesburg,601-545-2137,,https://www.smpdd.com,South Mississippi residents seeking workforce services; justice-involved adults eligible for WIOA programs.,Residentes del sur de Mississippi que buscan servicios de fuerza laboral; adultos con antecedentes penales elegibles para programas WIOA.,Call 601-545-2137; regional workforce board partner; pairs with WIN Job Center Hattiesburg.,Llame al 601-545-2137; aliado de la junta regional de fuerza laboral; se vincula con WIN Job Center Hattiesburg.,Monday–Friday business hours,hattiesburg|forrest|employment|WIOA|workforce|reentry,Workforce development|Partner referrals|Employment assistance,Forrest,Forrest|Lamar|Marion|Covington|Jefferson Davis|Perry|Wayne,multi,accepts_criminal_record
136,Three Rivers Planning and Development District — Workforce,employment,Columbus / Lowndes County,"Three Rivers Planning and Development District — Workforce serves justice-involved adults and families rebuilding stability after incarceration in Lowndes, Oktibbeha, Clay, and Noxubee counties. Three Rivers Planning and Development District connects Golden Triangle job seekers including justice-involved adults to WIOA-funded training, resume assistance, and fair-chance employment navigation in Lowndes, Oktibbeha, and Clay counties. Staff link returning citizens to Community Counseling Services and MDOC Columbus field office. Staff help justice-involved job seekers build work history, remove record-related barriers, and connect to fair-chance employers in the region. Contact this resource to confirm current intake steps, required documents, and whether walk-ins or referrals are accepted.","Three Rivers Planning and Development District — Workforce sirve a adultos con antecedentes penales y familias que reconstruyen estabilidad después de la encarcelación en los condados Lowndes, Oktibbeha, Clay y Noxubee. El personal ayuda a quienes buscan empleo con antecedentes penales a construir historial laboral, reducir barreras por antecedentes y conectarse con empleadores de segunda oportunidad. Contacte este recurso para confirmar pasos de admisión, documentos requeridos y si aceptan visitas sin cita o referencias.",248 South Lafayette Street,Starkville,662-324-7860,,https://www.trpdd.com,Golden Triangle residents seeking workforce services; justice-involved adults eligible for WIOA programs.,Residentes del Triángulo Dorado que buscan servicios de fuerza laboral; adultos con antecedentes penales elegibles para programas WIOA.,"Call 662-324-7860; serves Columbus, Starkville, and West Point; pairs with WIN Job Center Columbus.","Llame al 662-324-7860; sirve Columbus, Starkville y West Point; se vincula con WIN Job Center Columbus.",Monday–Friday business hours,starkville|oktibbeha|employment|WIOA|golden-triangle|reentry,Workforce development|Job readiness training|Employment assistance|Partner referrals,Oktibbeha,Lowndes|Oktibbeha|Clay|Noxubee,multi,accepts_criminal_record
137,Mississippi Center for Legal Services — Hattiesburg Office,legal-aid,Hattiesburg / Forrest County,"The Mississippi Center for Legal Services Hattiesburg regional office provides free civil legal aid to low-income residents of south Mississippi counties including housing eviction defense, public benefits appeals, family law, and expungement assistance under Mississippi law. Justice-involved clients can apply for record relief—not criminal defense.","La oficina regional de Mississippi Center for Legal Services en Hattiesburg brinda asistencia legal civil gratuita a residentes de bajos ingresos de condados del sur de Mississippi incluyendo defensa contra desalojo, apelaciones de beneficios y asistencia con expungación.",601 North Main Street,Hattiesburg,601-582-2080,,https://www.mslegalservices.org,Low-income residents of MCLS Hattiesburg service counties with civil legal problems; LSC income limits apply.,Residentes de bajos ingresos de los condados de servicio MCLS Hattiesburg con problemas legales civiles; aplican límites de ingresos LSC.,Call 601-582-2080 or statewide helpline 1-800-498-1804; apply online at mslegalservices.org.,Llame al 601-582-2080 o línea estatal 1-800-498-1804; solicite en mslegalservices.org.,Intake Monday–Friday business hours,hattiesburg|legal-aid|low-income|expungement|reentry,Civil legal representation|Expungement assistance|Housing legal aid|Benefits navigation,Forrest,Forrest|Lamar|Marion|Covington|Jefferson Davis|Perry|Wayne|Jones|Greene,multi,accepts_criminal_record
138,Mississippi Center for Legal Services — Gulfport Office,legal-aid,Gulfport / Harrison County,"The Mississippi Center for Legal Services Gulfport regional office provides free civil legal aid to low-income Gulf Coast residents including housing, public benefits, family law, and expungement assistance. Justice-involved clients in Harrison, Hancock, and Jackson counties can apply for record relief and benefits denials—not criminal defense.","La oficina regional de Mississippi Center for Legal Services en Gulfport brinda asistencia legal civil gratuita a residentes de bajos ingresos de la Costa del Golfo incluyendo vivienda, beneficios públicos y asistencia con expungación.","14209 Seaway Road, Suite B1",Gulfport,228-896-9144,,https://www.mslegalservices.org,Low-income residents of MCLS Gulfport service counties with civil legal problems; LSC income limits apply.,Residentes de bajos ingresos de los condados de servicio MCLS Gulfport con problemas legales civiles; aplican límites de ingresos LSC.,Call 228-896-9144 or statewide helpline 1-800-498-1804; apply online at mslegalservices.org.,Llame al 228-896-9144 o línea estatal 1-800-498-1804; solicite en mslegalservices.org.,Intake Monday–Friday business hours,gulfport|legal-aid|low-income|expungement|reentry,Civil legal representation|Expungement assistance|Housing legal aid|Benefits navigation,Harrison,Harrison|Hancock|Jackson|Stone|George|Pearl River,multi,accepts_criminal_record
139,Mississippi Center for Legal Services — Tupelo Office,legal-aid,Tupelo / Lee County,"Mississippi Center for Legal Services — Tupelo Office serves justice-involved adults and families rebuilding stability after incarceration in 7 Mississippi counties. The Mississippi Center for Legal Services Tupelo regional office provides free civil legal aid to low-income northeast Mississippi residents including housing eviction defense, public benefits appeals, and expungement assistance. Justice-involved clients in Lee, Prentiss, and surrounding counties can apply for help with record relief. Representation is limited to civil legal matters—not active criminal cases. Income, household size, and offense type determine eligibility for record relief. Contact this resource to confirm current intake steps, required documents, and whether walk-ins or referrals are accepted.","Mississippi Center for Legal Services — Tupelo Office ofrece asistencia legal civil gratuita o de bajo costo para residentes de bajos ingresos en 7 condados de Mississippi. Los abogados ayudan con sellado o eliminación de antecedentes, desalojos, beneficios y otros asuntos civiles—no casos penales activos. La representación se limita a asuntos legales civiles—no casos penales activos. Ingresos, tamaño del hogar y tipo de delito determinan la elegibilidad para alivio de antecedentes. Contacte la oficina para confirmar pasos de admisión, documentos requeridos y si aceptan visitas sin cita o referencias.","507 West Main Street, Suite 200",Tupelo,662-842-6751,,https://www.mslegalservices.org,Low-income residents of MCLS Tupelo service counties with civil legal problems; LSC income limits apply.,Residentes de bajos ingresos de los condados de servicio MCLS Tupelo con problemas legales civiles; aplican límites de ingresos LSC.,Call 662-842-6751 or statewide helpline 1-800-498-1804; apply online at mslegalservices.org.,Llame al 662-842-6751 o línea estatal 1-800-498-1804; solicite en mslegalservices.org.,Intake Monday–Friday business hours,tupelo|legal-aid|low-income|expungement|reentry,Civil legal representation|Expungement assistance|Housing legal aid|Benefits navigation,Lee,Lee|Prentiss|Itawamba|Pontotoc|Tishomingo|Alcorn|Union,multi,accepts_criminal_record
140,Mississippi Center for Legal Services — Greenwood Office,legal-aid,Greenwood / Leflore County,"The Mississippi Center for Legal Services Greenwood regional office provides free civil legal aid to low-income Delta and north-central Mississippi residents including housing, public benefits, and expungement assistance. Justice-involved clients in Washington, Leflore, and surrounding Delta counties can apply for record relief and benefits appeals.","La oficina regional de Mississippi Center for Legal Services en Greenwood brinda asistencia legal civil gratuita a residentes de bajos ingresos del Delta y centro-norte de Mississippi incluyendo vivienda, beneficios públicos y asistencia con expungación.","101 W. Washington Street, Suite 109",Greenwood,662-453-5631,,https://www.mslegalservices.org,Low-income residents of MCLS Greenwood service counties with civil legal problems; LSC income limits apply.,Residentes de bajos ingresos de los condados de servicio MCLS Greenwood con problemas legales civiles; aplican límites de ingresos LSC.,Call 662-453-5631 or statewide helpline 1-800-498-1804; serves Delta region counties.,Llame al 662-453-5631 o línea estatal 1-800-498-1804; sirve condados de la región Delta.,Intake Monday–Friday business hours,greenwood|legal-aid|low-income|expungement|delta|reentry,Civil legal representation|Expungement assistance|Housing legal aid|Benefits navigation,Leflore,Leflore|Washington|Bolivar|Sunflower|Humphreys|Carroll|Montgomery|Grenada,multi,accepts_criminal_record
141,Region 8 Mental Health Services — Jackson Substance Use,substance-use-treatment,Jackson / Hinds County,"Region 8 Mental Health Services — Jackson Substance Use serves justice-involved adults and families rebuilding stability after incarceration in Hinds, Rankin, and Madison counties. Region 8 Mental Health Services provides outpatient mental health and substance use treatment, crisis intervention, and case management for Hinds, Rankin, and Madison county residents including justice-involved adults referred by MDOC probation and drug courts. Medicaid and sliding-fee care accepted—not a residential detox facility. Treatment may require assessment, insurance or Medicaid enrollment, and referral from courts or corrections for some beds—call intake to confirm openings. Contact this resource to confirm current intake steps, required documents, and whether walk-ins or referrals are accepted.","Region 8 Mental Health Services — Jackson Substance Use sirve a adultos con antecedentes penales y familias que reconstruyen estabilidad después de la encarcelación en los condados Hinds, Rankin y Madison. El tratamiento puede requerir evaluación, seguro o Medicaid y referencia de tribunales o correcciones para algunas plazas—llame a admisión para confirmar disponibilidad. Contacte este recurso para confirmar pasos de admisión, documentos requeridos y si aceptan visitas sin cita o referencias.",613 Marquette Road,Brandon,601-825-6515,,https://www.region8mhs.org,Hinds metro residents seeking mental health or substance use services; Medicaid and sliding-fee accepted; justice-involved clients welcome.,Residentes del metro de Hinds que buscan servicios de salud mental o uso de sustancias; se aceptan Medicaid y tarifa móvil; clientes con antecedentes penales bienvenidos.,Call 601-825-6515 for intake; pairs with Hinds Behavioral Health and MDOC Jackson field offices.,Llame al 601-825-6515 para admisión; se vincula con Hinds Behavioral Health y oficinas MDOC Jackson.,Monday–Friday clinic hours; crisis services vary,jackson|substance-use-treatment|mental-health|reentry|mississippi|hinds,Substance use treatment|Counseling|Crisis services|Reentry navigation|Probation and parole supervision,Hinds,Hinds|Rankin|Madison,multi,accepts_criminal_record|referral_required
142,Region 8 Mental Health Services — Brandon,substance-use-treatment,Brandon / Rankin County,"Region 8 Mental Health Services — Brandon serves justice-involved adults and families rebuilding stability after incarceration in Rankin, Madison, Simpson, and Scott counties. Region 8 Mental Health Services provides outpatient mental health and substance use treatment, crisis intervention, and case management for Rankin, Madison, and Simpson county residents including justice-involved adults referred by MDOC probation and drug courts. Medicaid and sliding-fee care accepted. Treatment may require assessment, insurance or Medicaid enrollment, and referral from courts or corrections for some beds—call intake to confirm openings. Contact this resource to confirm current intake steps, required documents, and whether walk-ins or referrals are accepted.","Region 8 Mental Health Services — Brandon sirve a adultos con antecedentes penales y familias que reconstruyen estabilidad después de la encarcelación en los condados Rankin, Madison, Simpson y Scott. El tratamiento puede requerir evaluación, seguro o Medicaid y referencia de tribunales o correcciones para algunas plazas—llame a admisión para confirmar disponibilidad. Contacte este recurso para confirmar pasos de admisión, documentos requeridos y si aceptan visitas sin cita o referencias.",613 Marquette Road,Brandon,601-825-6515,,https://www.region8mhs.org,Rankin County and Region 8 service area residents; Medicaid and sliding-fee accepted; justice-involved clients welcome.,Residentes del condado Rankin y área de servicio Region 8; se aceptan Medicaid y tarifa móvil; clientes con antecedentes penales bienvenidos.,Call 601-825-6515 for intake; crisis line available; pairs with MDOC Jackson field offices.,Llame al 601-825-6515 para admisión; línea de crisis disponible; se vincula con oficinas MDOC Jackson.,Monday–Friday clinic hours; crisis services vary,brandon|rankin|substance-use-treatment|mental-health|reentry,Substance use treatment|Crisis services|Reentry navigation|Probation and parole supervision,Rankin,Rankin|Madison|Simpson|Scott,multi,accepts_criminal_record|referral_required
143,Region 10 Mental Health Services — Corinth,substance-use-treatment,Corinth / Alcorn County,"Region 10 Mental Health Services — Corinth serves justice-involved adults and families rebuilding stability after incarceration in Alcorn, Tishomingo, Prentiss, and Tippah counties. Region 10 Mental Health Services provides outpatient mental health and substance use treatment for northeast Mississippi counties including Alcorn, Tishomingo, and Prentiss, serving justice-involved adults referred by MDOC probation and local drug courts. Sliding-fee and Medicaid services support treatment continuity after release. Treatment may require assessment, insurance or Medicaid enrollment, and referral from courts or corrections for some beds—call intake to confirm openings. Contact this resource to confirm current intake steps, required documents, and whether walk-ins or referrals are accepted.","Region 10 Mental Health Services — Corinth sirve a adultos con antecedentes penales y familias que reconstruyen estabilidad después de la encarcelación en los condados Alcorn, Tishomingo, Prentiss y Tippah. El tratamiento puede requerir evaluación, seguro o Medicaid y referencia de tribunales o correcciones para algunas plazas—llame a admisión para confirmar disponibilidad. Contacte este recurso para confirmar pasos de admisión, documentos requeridos y si aceptan visitas sin cita o referencias.",611 West Corinth Street,Corinth,662-287-6171,,https://www.region10mhs.com,Region 10 service area residents seeking mental health or substance use services; Medicaid and sliding-fee accepted.,Residentes del área de servicio Region 10 que buscan servicios de salud mental o uso de sustancias; se aceptan Medicaid y tarifa móvil.,Call 662-287-6171 for intake; pairs with WIN Job Center Tupelo and Region II Mental Health.,Llame al 662-287-6171 para admisión; se vincula con WIN Job Center Tupelo y Region II Mental Health.,Monday–Friday clinic hours,corinth|alcorn|substance-use-treatment|mental-health|reentry,Substance use treatment|Crisis services|Reentry navigation|Probation and parole supervision,Alcorn,Alcorn|Tishomingo|Prentiss|Tippah,multi,accepts_criminal_record|referral_required
144,Region 12 Mental Health Services — Ellisville,substance-use-treatment,Ellisville / Jones County,"Region 12 Mental Health Services — Ellisville serves justice-involved adults and families rebuilding stability after incarceration in 5 Mississippi counties. Region 12 Mental Health Services provides outpatient psychiatric care, substance use treatment, and crisis services for Jones, Wayne, and south-central Mississippi counties including justice-involved adults under MDOC supervision. The Ellisville campus coordinates with Pine Belt Mental Healthcare and local reentry partners. Treatment may require assessment, insurance or Medicaid enrollment, and referral from courts or corrections for some beds—call intake to confirm openings. Contact this resource to confirm current intake steps, required documents, and whether walk-ins or referrals are accepted.","Region 12 Mental Health Services — Ellisville sirve a adultos con antecedentes penales y familias que reconstruyen estabilidad después de la encarcelación en 5 condados de Mississippi. El tratamiento puede requerir evaluación, seguro o Medicaid y referencia de tribunales o correcciones para algunas plazas—llame a admisión para confirmar disponibilidad. Contacte este recurso para confirmar pasos de admisión, documentos requeridos y si aceptan visitas sin cita o referencias.",1577 Highway 15 North,Ellisville,601-477-3644,,https://www.region12mhs.com,Region 12 service area residents; Medicaid and sliding-fee accepted; justice-involved clients welcome.,Residentes del área de servicio Region 12; se aceptan Medicaid y tarifa móvil; clientes con antecedentes penales bienvenidos.,Call 601-477-3644 for intake; multiple south Mississippi locations.,Llame al 601-477-3644 para admisión; múltiples ubicaciones del sur de Mississippi.,Monday–Friday clinic hours,ellisville|jones|substance-use-treatment|mental-health|reentry,Substance use treatment|Crisis services|Reentry navigation|Probation and parole supervision,Jones,Jones|Wayne|Greene|Perry|Forrest,multi,accepts_criminal_record|referral_required
145,Region 6 Mental Health Services — Clarksdale,substance-use-treatment,Clarksdale / Coahoma County,"Region 6 Mental Health Services provides outpatient mental health and substance use treatment for Delta counties including Coahoma, Quitman, and Tallahatchie, serving justice-involved adults referred by MDOC probation and drug courts. Medicaid and sliding-fee services help returning citizens stabilize treatment in rural Delta communities.","Region 6 Mental Health Services ofrece tratamiento ambulatorio de salud mental y uso de sustancias para condados Delta incluidos Coahoma, Quitman y Tallahatchie, sirviendo a adultos con antecedentes penales referidos por probatoria MDOC.",611 East Sunflower Road,Clarksdale,662-624-0131,,https://www.region6mhs.com,Delta region residents seeking mental health or substance use services; Medicaid and sliding-fee accepted.,Residentes de la región Delta que buscan servicios de salud mental o uso de sustancias; se aceptan Medicaid y tarifa móvil.,Call 662-624-0131 for intake; pairs with Delta Health Alliance and WIN Job Center Greenville.,Llame al 662-624-0131 para admisión; se vincula con Delta Health Alliance y WIN Job Center Greenville.,Monday–Friday clinic hours,clarksdale|coahoma|substance-use-treatment|delta|reentry,Substance use treatment|Crisis services|Reentry navigation|Probation and parole supervision,Coahoma,Coahoma|Quitman|Tallahatchie|Panola,multi,accepts_criminal_record
146,G.V. (Sonny) Montgomery VA Medical Center,veterans,Jackson / Hinds County,"The G.V. Sonny Montgomery VA Medical Center in Jackson provides primary care, mental health, substance use treatment, and housing assistance for eligible veterans including justice-involved veterans released from incarceration. VA social workers coordinate with Mississippi Veterans Affairs county service officers and MDOC reentry staff for benefits and treatment continuity.","El Centro Médico VA G.V. Sonny Montgomery en Jackson ofrece atención primaria, salud mental, tratamiento de uso de sustancias y asistencia de vivienda para veteranos elegibles incluidos veteranos con antecedentes penales liberados de la encarcelación.",1500 East Woodrow Wilson Avenue,Jackson,601-364-1200,,https://www.va.gov/jackson-health-care,Eligible veterans with DD-214 or qualifying service; justice-involved veterans may qualify for VA health care and housing programs.,Veteranos elegibles con DD-214 o servicio calificado; veteranos con antecedentes penales pueden calificar para atención médica VA y programas de vivienda.,Call 601-364-1200 for enrollment; HUD-VASH housing vouchers available for eligible homeless veterans.,Llame al 601-364-1200 para inscripción; vales de vivienda HUD-VASH disponibles para veteranos sin hogar elegibles.,Medical center Monday–Friday; emergency 24/7,jackson|veterans|VA|healthcare|housing|reentry,Primary medical care|Substance use treatment|HUD-VASH housing|Benefits navigation,Hinds,,statewide,accepts_criminal_record
147,VA Gulf Coast Veterans Health Care System — Biloxi,veterans,Biloxi / Harrison County,"The VA Gulf Coast Veterans Health Care System Biloxi campus provides primary care, mental health, substance use treatment, and homeless veteran services for eligible veterans on the Mississippi Gulf Coast including justice-involved veterans. VA staff coordinate with Mississippi Veterans Affairs and Open Doors for housing and employment support.","El sistema de atención médica VA Gulf Coast en el campus de Biloxi ofrece atención primaria, salud mental, tratamiento de uso de sustancias y servicios para veteranos sin hogar en la Costa del Golfo de Mississippi incluidos veteranos con antecedentes penales.",400 Veterans Avenue,Biloxi,228-523-5000,,https://www.va.gov/gulf-coast-health-care,Eligible Gulf Coast veterans; justice-involved veterans may qualify for VA health care and homeless veteran programs.,Veteranos elegibles de la Costa del Golfo; veteranos con antecedentes penales pueden calificar para atención médica VA y programas para veteranos sin hogar.,Call 228-523-5000 for enrollment; homeless veteran coordinator available; pairs with Back Bay Mission.,Llame al 228-523-5000 para inscripción; coordinador de veteranos sin hogar disponible; se vincula con Back Bay Mission.,Medical center Monday–Friday; emergency 24/7,biloxi|veterans|VA|healthcare|homeless|reentry,Primary medical care|Substance use treatment|Veterans services|Benefits navigation,Harrison,Harrison|Hancock|Jackson|Stone|George|Pearl River,multi,accepts_criminal_record
148,Veterans of Foreign Wars — Mississippi State Veterans Home,veterans,Collins / Covington County,"The Mississippi State Veterans Home in Collins provides long-term care, rehabilitation, and supportive services for eligible Mississippi veterans including justice-involved veterans who qualify for state veterans home placement. The facility coordinates with VA medical centers and Mississippi Veterans Affairs for benefits and discharge planning.","El Hogar Estatal para Veteranos de Mississippi en Collins ofrece cuidado a largo plazo, rehabilitación y servicios de apoyo para veteranos elegibles de Mississippi incluidos veteranos con antecedentes penales que califiquen para colocación en hogar estatal para veteranos.",670 Veterans Avenue,Collins,601-765-2351,,https://www.msva.ms.gov/veterans-homes,Eligible Mississippi veterans requiring long-term care; admission through Mississippi Veterans Affairs and VA coordination.,Veteranos elegibles de Mississippi que requieren cuidado a largo plazo; admisión a través de Mississippi Veterans Affairs y coordinación VA.,Call 601-765-2351 for admission information; also state veterans homes in Kosciusko and Oxford.,Llame al 601-765-2351 para información de admisión; también hogares estatales para veteranos en Kosciusko y Oxford.,Facility 24/7; admissions Monday–Friday,collins|veterans|long-term-care|state-veterans-home|reentry,Long-term veteran care|Rehabilitation|Supportive services|Benefits navigation|Discharge planning,Covington,,statewide,accepts_criminal_record
149,Delta Regional Medical Center — Veterans Outreach,veterans,Greenville / Washington County,"Delta Regional Medical Center — Veterans Outreach serves justice-involved adults and families rebuilding stability after incarceration in 5 Mississippi counties. Delta Regional Medical Center in Greenville provides healthcare services with veterans outreach coordination connecting Delta region veterans including justice-involved veterans to VA Gulf Coast and Jackson VA medical centers, Mississippi Veterans Affairs service officers, and local employment partners. VA eligibility and discharge status affect which benefits apply; ask specifically for justice-involved veteran or VJO/HCRV services when calling. Contact this resource to confirm current intake steps, required documents, and whether walk-ins or referrals are accepted.","Delta Regional Medical Center — Veterans Outreach sirve a adultos con antecedentes penales y familias que reconstruyen estabilidad después de la encarcelación en 5 condados de Mississippi. La elegibilidad del VA y el tipo de baja afectan qué beneficios aplican; pida específicamente servicios VJO/HCRV o para veteranos en el sistema de justicia al llamar. Contacte este recurso para confirmar pasos de admisión, documentos requeridos y si aceptan visitas sin cita o referencias.",1400 East Union Street,Greenville,662-334-4100,,https://www.deltregional.com,Delta region patients including veterans; VA referral coordination for eligible veterans.,Pacientes de la región Delta incluidos veteranos; coordinación de referencias VA para veteranos elegibles.,Call 662-334-4100; pairs with Delta Health Alliance and Greenville WIN Job Center.,Llame al 662-334-4100; se vincula con Delta Health Alliance y Greenville WIN Job Center.,Emergency 24/7; offices Monday–Friday,greenville|veterans|healthcare|delta|reentry,Primary medical care|Partner referrals|Community health programs,Washington,Washington|Bolivar|Sunflower|Issaquena|Sharkey,multi,accepts_criminal_record
150,Mississippi Food Network,food-nutrition,Jackson / Hinds County,"Mississippi Food Network is the state's largest food bank, distributing emergency food boxes and partnering with pantries across all 82 counties to serve food-insecure residents including returning citizens reestablishing food security after release from MDOC custody or county jails. Pantry locator at msfoodnet.org—not a walk-in benefits office. This resource supports Mississippians navigating reentry in throughout Mississippi.","Mississippi Food Network es el banco de alimentos más grande del estado, distribuyendo cajas de alimentos de emergencia y asociándose con despensas en los 82 condados para servir a residentes con inseguridad alimentaria incluidos ciudadanos que regresan. Este recurso apoya a misisipianos en reinserción en en todo Mississippi.",440 West Beatty Street,Jackson,601-973-3990,,https://www.msfoodnet.org,Food-insecure Mississippi residents; partner pantries may require income screening; justice-involved clients welcome.,Residentes de Mississippi con inseguridad alimentaria; las despensas asociadas pueden requerir evaluación de ingresos; clientes con antecedentes penales bienvenidos.,Find nearest pantry at msfoodnet.org; call 601-973-3990; pairs with access.ms.gov SNAP enrollment.,Encuentre la despensa más cercana en msfoodnet.org; llame al 601-973-3990; se vincula con inscripción SNAP access.ms.gov.,Warehouse Monday–Friday; pantry hours vary,jackson|food-nutrition|food-bank|statewide|reentry,Food pantry access|Partner referrals|SNAP enrollment|Food insecurity navigation,Hinds,,statewide,accepts_criminal_record
151,Gulf Coast Public Safety Feed the Needy,food-nutrition,Gulfport / Harrison County,The Gulf Coast Public Safety Feed the Needy program delivers holiday hot meals on Thanksgiving and Christmas to low-income Harrison County households through a partnership of local law enforcement agencies and community volunteers. Returning citizens and families in need can request meal delivery by calling participating police departments—not year-round pantry services. This resource supports Mississippians navigating reentry in Harrison County.,El programa Gulf Coast Public Safety Feed the Needy entrega comidas calientes en Acción de Gracias y Navidad a hogares de bajos ingresos del condado Harrison a través de una alianza de agencias locales de seguridad pública y voluntarios comunitarios. Este recurso apoya a misisipianos en reinserción en condado de Harrison.,2220 15th Street,Gulfport,228-868-5703,,https://www.gulfportpolice.com,Low-income Harrison County residents needing holiday meal delivery; contact sponsoring law enforcement agency before published deadline.,Residentes de bajos ingresos del condado Harrison que necesitan entrega de comida en días festivos; contacte la agencia de seguridad pública patrocinadora antes de la fecha límite publicada.,"Request meals through Gulfport Police 228-868-5703, Biloxi Police 228-385-3033, or Harrison County Sheriff 228-896-0606; holiday program only.","Solicite comidas a través de Gulfport Police 228-868-5703, Biloxi Police 228-385-3033 o Harrison County Sheriff 228-896-0606; solo programa de días festivos.",Holiday meal delivery only; call sponsoring agency for deadlines,gulfport|harrison|food-nutrition|holiday-meals|reentry,Holiday hot meal delivery|Partner referrals|Food pantry access,Harrison,Harrison,single,accepts_criminal_record
152,St. Vincent de Paul — Jackson Food Pantry,food-nutrition,Jackson / Hinds County,"St. Vincent de Paul — Jackson Food Pantry is a statewide or regional referral resource for Mississippians affected by the criminal justice system. Society of St. Vincent de Paul Jackson provides emergency food pantry services, utility assistance referrals, and basic needs support for low-income Hinds County households including returning citizens rebuilding stability after incarceration. Volunteers connect clients to access.ms.gov SNAP enrollment and Mississippi Works. Users can search by location, service type, or need to find active providers in Hinds County. Specialists or online tools help match people to housing, treatment, employment, legal aid, or benefits resources operated by other organizations. This entry describes a navigation hub—staff here do not replace direct services at partner agencies.","St. Vincent de Paul — Jackson Food Pantry es un recurso de referencia estatal o regional para misisipianos afectados por el sistema de justicia penal. Los usuarios pueden buscar por ubicación, tipo de servicio o necesidad para encontrar proveedores activos en condado de Hinds. Herramientas en línea o especialistas ayudan a conectar con vivienda, tratamiento, empleo, asistencia legal o beneficios operados por otras organizaciones. Esta entrada describe un centro de navegación—el personal no reemplaza servicios directos en agencias aliadas.",823 West Capitol Street,Jackson,601-969-3121,,https://www.svdpjackson.org,Low-income Hinds County residents facing food or utility insecurity; justice-involved clients welcome.,Residentes de bajos ingresos del condado Hinds que enfrentan inseguridad alimentaria o de servicios públicos; clientes con antecedentes penales bienvenidos.,Call 601-969-3121 for pantry hours; bring ID if available; pairs with Stewpot Community Services.,Llame al 601-969-3121 para horario de despensa; traiga identificación si está disponible; se vincula con Stewpot Community Services.,Pantry hours vary; call ahead,jackson|food-nutrition|food-pantry|basic-needs|reentry,Food pantry access|Rent and utility assistance|Basic needs assistance|SNAP enrollment,Hinds,Hinds,single,
153,Extra Table — Hattiesburg,food-nutrition,Hattiesburg / Forrest County,"Extra Table — Hattiesburg serves justice-involved adults and families rebuilding stability after incarceration in 5 Mississippi counties. Extra Table operates a food bank and pantry network serving Pine Belt counties including Forrest and Lamar, distributing emergency food to partner agencies serving food-insecure residents such as returning citizens from MDOC custody. Food distribution hub—not a walk-in SNAP office. Food assistance does not usually require a criminal-record disclosure; staff can help with SNAP applications and pantry locations by ZIP code. Contact this resource to confirm current intake steps, required documents, and whether walk-ins or referrals are accepted.","Extra Table — Hattiesburg sirve a adultos con antecedentes penales y familias que reconstruyen estabilidad después de la encarcelación en 5 condados de Mississippi. La asistencia alimentaria generalmente no requiere declarar antecedentes penales; el personal puede ayudar con solicitudes SNAP y ubicaciones de despensas por código postal. Contacte este recurso para confirmar pasos de admisión, documentos requeridos y si aceptan visitas sin cita o referencias.",312 South 38th Avenue,Hattiesburg,601-264-0672,,https://www.extratable.org,Partner agencies serve food-insecure Pine Belt residents; justice-involved clients access food through partner pantries.,Las agencias asociadas sirven a residentes del Pine Belt con inseguridad alimentaria; clientes con antecedentes penales acceden a alimentos a través de despensas asociadas.,Call 601-264-0672 for partner pantry locations; pairs with Pine Belt Mental Healthcare and WIN Job Center Hattiesburg.,Llame al 601-264-0672 para ubicaciones de despensas asociadas; se vincula con Pine Belt Mental Healthcare y WIN Job Center Hattiesburg.,Monday–Friday business hours,hattiesburg|food-nutrition|food-bank|pine-belt|reentry,Food bank distribution|Partner referrals|Food pantry access|Agency food supply,Forrest,Forrest|Lamar|Marion|Covington|Jones,multi,
154,Mid-South Food Bank — North Mississippi,food-nutrition,Oxford / Lafayette County,"Mid-South Food Bank — North Mississippi serves justice-involved adults and families rebuilding stability after incarceration in 6 Mississippi counties. Mid-South Food Bank serves north Mississippi and the Memphis metro region through partner pantries in Lafayette, Marshall, and surrounding counties, providing emergency food to food-insecure residents including returning citizens establishing food security after release. Pantry locator online—not direct SNAP intake. Food assistance does not usually require a criminal-record disclosure; staff can help with SNAP applications and pantry locations by ZIP code. Contact this resource to confirm current intake steps, required documents, and whether walk-ins or referrals are accepted.","Mid-South Food Bank — North Mississippi sirve a adultos con antecedentes penales y familias que reconstruyen estabilidad después de la encarcelación en 6 condados de Mississippi. La asistencia alimentaria generalmente no requiere declarar antecedentes penales; el personal puede ayudar con solicitudes SNAP y ubicaciones de despensas por código postal. Contacte este recurso para confirmar pasos de admisión, documentos requeridos y si aceptan visitas sin cita o referencias.",239 S. Dudley Street,Memphis,901-527-0841,,https://www.midsouthfoodbank.org,Food-insecure north Mississippi residents through partner pantries; justice-involved clients welcome.,Residentes del norte de Mississippi con inseguridad alimentaria a través de despensas asociadas; clientes con antecedentes penales bienvenidos.,"Find north Mississippi pantries at midsouthfoodbank.org; serves Lafayette, Marshall, Benton, and DeSoto counties.","Encuentre despensas del norte de Mississippi en midsouthfoodbank.org; sirve Lafayette, Marshall, Benton y DeSoto.",Partner pantry hours vary,oxford|food-nutrition|food-bank|north-mississippi|reentry,Food pantry access|Partner referrals|Agency food supply|Food insecurity navigation,Lafayette,Lafayette|Marshall|Benton|DeSoto|Tippah|Union,multi,
155,NAMI Mississippi,peer-support,Jackson / Hinds County,"NAMI Mississippi serves justice-involved adults and families rebuilding stability after incarceration in throughout Mississippi. NAMI Mississippi provides peer support groups, family education, and mental health advocacy for Mississippians with mental illness and their families including justice-involved individuals and families navigating reentry and treatment compliance. Support groups coordinate with DMH community mental health centers—not clinical treatment. Peer specialists with lived experience offer mentoring and recovery support; certification requirements vary by resource. Contact this resource to confirm current intake steps, required documents, and whether walk-ins or referrals are accepted.","NAMI Mississippi sirve a adultos con antecedentes penales y familias que reconstruyen estabilidad después de la encarcelación en en todo Mississippi. Especialistas pares con experiencia vivida ofrecen mentoría y apoyo en recuperación; los requisitos de certificación varían según el recurso. Contacte este recurso para confirmar pasos de admisión, documentos requeridos y si aceptan visitas sin cita o referencias.","411 Briarwood Drive, Suite 405",Jackson,601-899-2818,,https://www.namims.org,Open to individuals and families affected by mental illness in Mississippi; no criminal-record restrictions for support groups.,Abierto a personas y familias afectadas por enfermedades mentales en Mississippi; sin restricciones de antecedentes para grupos de apoyo.,Call 601-899-2818 for support group schedule; pairs with Hinds Behavioral Health and DMH centers.,Llame al 601-899-2818 para horario de grupos de apoyo; se vincula con Hinds Behavioral Health y centros DMH.,Support groups vary; call for schedule,jackson|peer-support|NAMI|mental-health|families|reentry,Support groups|Family education|Civil rights advocacy|Crisis services|Partner referrals,Hinds,,statewide,accepts_criminal_record
156,Alcoholics Anonymous — Central Mississippi Intergroup,peer-support,Jackson / Hinds County,"Alcoholics Anonymous Central Mississippi Intergroup connects individuals seeking recovery from alcohol use disorder to free peer-led meetings across the Jackson metro and central Mississippi including justice-involved adults referred by MDOC probation, drug courts, and treatment providers. AA is peer support—not a treatment or probation office.",Alcoholics Anonymous Intergrupo del Centro de Mississippi conecta a personas que buscan recuperación del trastorno por uso de alcohol con reuniones gratuitas lideradas por pares en el metro de Jackson y centro de Mississippi incluidos adultos con antecedentes penales referidos por probatoria MDOC.,PO Box 4274,Jackson,601-948-7373,,https://aacms.org,Open to anyone seeking recovery from alcohol use disorder; no fees; justice-involved participants welcome.,Abierto a cualquier persona que busque recuperación del trastorno por uso de alcohol; sin tarifas; participantes con antecedentes penales bienvenidos.,Call 601-948-7373 for meeting locator; meetings statewide; pairs with Born Free New Life and Hinds Behavioral Health.,Llame al 601-948-7373 para localizador de reuniones; reuniones en todo el estado; se vincula con Born Free New Life y Hinds Behavioral Health.,Meetings daily; schedule at aacms.org,jackson|peer-support|AA|recovery|substance-use|reentry,Peer-led recovery meetings|Sponsorship|Meeting locator|Recovery support|Community connections,Hinds,Hinds|Madison|Rankin,multi,accepts_criminal_record
157,Oxford House — Mississippi Chapters,peer-support,Jackson / Hinds County,Oxford House chapters across Mississippi provide democratic self-run sober living homes for individuals in recovery from substance use disorders including justice-involved adults transitioning from residential treatment or MDOC release. Residents share housing costs and support each other's recovery while connecting to Mississippi Works and local CMHC treatment.,Los capítulos de Oxford House en Mississippi ofrecen hogares sobrios autogestionados democráticos para personas en recuperación de trastornos por uso de sustancias incluidos adultos con antecedentes penales en transición desde tratamiento residencial o liberación MDOC.,"1010 Lakeland Drive, Suite 500",Jackson,601-366-8989,,https://www.oxfordhouse.org,Adults in recovery from substance use disorders; self-pay rent; justice-involved residents welcome per house policy.,Adultos en recuperación de trastornos por uso de sustancias; alquiler autopagado; residentes con antecedentes penales bienvenidos según política de la casa.,"Find Mississippi houses at oxfordhouse.org; call 601-366-8989; multiple locations in Jackson, Gulf Coast, and north Mississippi.","Encuentre casas de Mississippi en oxfordhouse.org; llame al 601-366-8989; múltiples ubicaciones en Jackson, Costa del Golfo y norte de Mississippi.",Residential 24/7; contact for vacancy,jackson|peer-support|oxford-house|sober-living|recovery|reentry,Sober living housing|Support groups|Democratic self-governance|Partner referrals,Hinds,,statewide,accepts_criminal_record
158,Mississippi Reentry Project — Peer Navigation,peer-support,Jackson / Hinds County,"The Mississippi Reentry Project provides peer navigation, mentoring, and community resource connections for justice-involved Mississippians returning from MDOC custody and county jails in the Jackson metro and statewide through partner organizations. Peer navigators connect clients to access.ms.gov, Mississippi Works, and Mississippi Center for Legal Services—not emergency cash or shelter.","Mississippi Reentry Project ofrece navegación entre pares, mentoría y conexiones con recursos comunitarios para mississippianos con antecedentes penales que regresan de custodia MDOC y cárceles del condado en el metro de Jackson y en todo el estado.",633 North State Street,Jackson,601-359-5600,,https://www.mdoc.ms.gov,"Justice-involved Mississippi residents seeking reentry navigation; referrals from MDOC, probation, and community partners.","Residentes de Mississippi con antecedentes penales que buscan navegación de reinserción; referencias de MDOC, probatoria y aliados comunitarios.",Coordinate through MDOC Community Corrections and assigned probation officer; pairs with WIN Job Center and county MDHS.,Coordine a través de Correcciones Comunitarias MDOC y oficial de probatoria asignado; se vincula con WIN Job Center y MDHS del condado.,Contact for referral hours,jackson|peer-support|reentry|navigation|mentoring,Peer navigation|Children's services|Partner referrals|Benefits navigation,Hinds,,statewide,accepts_criminal_record
159,Gulf Coast Center for Nonviolence — Peer Support,peer-support,Gulfport / Harrison County,"Gulf Coast Center for Nonviolence provides crisis intervention, peer support, and advocacy for survivors of domestic violence and human trafficking on the Mississippi Gulf Coast including justice-involved survivors navigating safety planning and court obligations. Advocates connect clients to Harbor House partners, legal aid, and housing resources.","Gulf Coast Center for Nonviolence ofrece intervención en crisis, apoyo entre pares y defensa para sobrevivientes de violencia doméstica y trata de personas en la Costa del Golfo de Mississippi incluidas sobrevivientes con antecedentes penales.",PO Box 333,Biloxi,228-436-3809,,https://www.gccfn.org,Survivors of domestic violence and human trafficking on the Gulf Coast; justice-involved survivors eligible per safety assessment.,Sobrevivientes de violencia doméstica y trata de personas en la Costa del Golfo; sobrevivientes con antecedentes penales elegibles según evaluación de seguridad.,24/7 crisis line 228-436-3809; confidential intake; pairs with Mississippi Center for Legal Services Gulfport.,Línea de crisis 24/7 228-436-3809; admisión confidencial; se vincula con Mississippi Center for Legal Services Gulfport.,Crisis line 24/7; office Monday–Friday,gulfport|peer-support|domestic-violence|crisis|reentry,Crisis services|Support groups|Domestic violence support|Civil rights advocacy|Partner referrals,Harrison,Harrison|Hancock|Jackson|Stone|George,multi,accepts_criminal_record
160,MDOC — Jackson Probation & Parole Field Office,probation-parole,Jackson / Hinds County,"The MDOC Jackson Probation and Parole field office supervises probationers and parolees in Hinds, Madison, and Rankin counties, connecting justice-involved adults to Hinds Behavioral Health, Mississippi Works, and Catholic Charities housing partners as conditions of release. Assigned officers handle compliance reporting and referrals—not emergency housing or SNAP intake.","La oficina de campo de Probatoria y Libertad Condicional MDOC en Jackson supervisa personas en probatoria y libertad condicional en los condados Hinds, Madison y Rankin, conectando adultos con antecedentes penales con aliados de reinserción locales.",633 North State Street,Jackson,601-359-5601,,https://www.mdoc.ms.gov/ProbationParole,Adults under MDOC probation or parole supervision in the Jackson district; report to assigned officer.,Adultos bajo supervisión probatoria o de libertad condicional MDOC en el distrito de Jackson; reporte al oficial asignado.,Call 601-359-5601; not a walk-in benefits or housing office; ask officer about local reentry referrals.,Llame al 601-359-5601; no es oficina de beneficios o vivienda; pregunte al oficial sobre referencias locales.,Monday–Friday business hours,jackson|hinds|probation-parole|MDOC|reentry,Probation and parole supervision|Partner referrals|Employment compliance|Reentry navigation,Hinds,Hinds|Madison|Rankin,multi,accepts_criminal_record
161,MDOC — Gulfport Probation & Parole Field Office,probation-parole,Gulfport / Harrison County,"MDOC — Gulfport Probation & Parole Field Office serves justice-involved adults and families rebuilding stability after incarceration in 5 Mississippi counties. The MDOC Gulfport Probation and Parole field office supervises probationers and parolees on the Mississippi Gulf Coast, connecting supervisees to Open Doors, Coastal Family Health Center, and WIN Job Center Gulf Coast as conditions of release. This office handles supervision compliance and reporting—not emergency reentry navigation; ask your officer for referrals to local reentry partners. Contact this resource to confirm current intake steps, required documents, and whether walk-ins or referrals are accepted.","MDOC — Gulfport Probation & Parole Field Office sirve a adultos con antecedentes penales y familias que reconstruyen estabilidad después de la encarcelación en 5 condados de Mississippi. Esta oficina maneja cumplimiento de supervisión e informes—no navegación de crisis de reinserción; pida a su oficial referencias a aliados locales de reinserción. Contacte este recurso para confirmar pasos de admisión, documentos requeridos y si aceptan visitas sin cita o referencias.","10205 Seaman Road, Suite 200",Gulfport,228-864-4470,,https://www.mdoc.ms.gov/ProbationParole,Adults under MDOC probation or parole supervision in the Gulf Coast district; report to assigned officer.,Adultos bajo supervisión probatoria o de libertad condicional MDOC en el distrito de la Costa del Golfo; reporte al oficial asignado.,Call 228-864-4470; coordinate through assigned officer for reentry referrals.,Llame al 228-864-4470; coordine a través del oficial asignado.,Monday–Friday business hours,gulfport|harrison|probation-parole|MDOC|reentry,Probation and parole supervision|Partner referrals|Reentry navigation,Harrison,Harrison|Hancock|Jackson|Stone|George,multi,accepts_criminal_record
162,MDOC — Tupelo Probation & Parole Field Office,probation-parole,Tupelo / Lee County,"MDOC — Tupelo Probation & Parole Field Office serves justice-involved adults and families rebuilding stability after incarceration in 5 Mississippi counties. The MDOC Tupelo Probation and Parole field office supervises probationers and parolees in northeast Mississippi, connecting supervisees to Region II Mental Health Services and WIN Job Center Tupelo as conditions of community supervision. This office handles supervision compliance and reporting—not emergency reentry navigation; ask your officer for referrals to local reentry partners. Contact this resource to confirm current intake steps, required documents, and whether walk-ins or referrals are accepted.","MDOC — Tupelo Probation & Parole Field Office sirve a adultos con antecedentes penales y familias que reconstruyen estabilidad después de la encarcelación en 5 condados de Mississippi. Esta oficina maneja cumplimiento de supervisión e informes—no navegación de crisis de reinserción; pida a su oficial referencias a aliados locales de reinserción. Contacte este recurso para confirmar pasos de admisión, documentos requeridos y si aceptan visitas sin cita o referencias.","950 Industrial Park Road, Suite 100",Tupelo,662-844-3330,,https://www.mdoc.ms.gov/ProbationParole,Adults under MDOC probation or parole supervision in the Tupelo district; report to assigned officer.,Adultos bajo supervisión probatoria o de libertad condicional MDOC en el distrito de Tupelo; reporte al oficial asignado.,"Call 662-844-3330; serves Lee, Prentiss, Itawamba, and surrounding counties.","Llame al 662-844-3330; sirve Lee, Prentiss, Itawamba y condados circundantes.",Monday–Friday business hours,tupelo|lee|probation-parole|MDOC|reentry,Probation and parole supervision|Partner referrals|Reentry navigation,Lee,Lee|Prentiss|Itawamba|Pontotoc|Tishomingo,multi,accepts_criminal_record
163,MDOC — Hattiesburg Probation & Parole Field Office,probation-parole,Hattiesburg / Forrest County,"MDOC — Hattiesburg Probation & Parole Field Office serves justice-involved adults and families rebuilding stability after incarceration in 6 Mississippi counties. The MDOC Hattiesburg Probation and Parole field office supervises probationers and parolees in the Pine Belt, connecting supervisees to Pine Belt Mental Healthcare Resources and WIN Job Center Hattiesburg as conditions of release. This office handles supervision compliance and reporting—not emergency reentry navigation; ask your officer for referrals to local reentry partners. Contact this resource to confirm current intake steps, required documents, and whether walk-ins or referrals are accepted.","MDOC — Hattiesburg Probation & Parole Field Office sirve a adultos con antecedentes penales y familias que reconstruyen estabilidad después de la encarcelación en 6 condados de Mississippi. Esta oficina maneja cumplimiento de supervisión e informes—no navegación de crisis de reinserción; pida a su oficial referencias a aliados locales de reinserción. Contacte este recurso para confirmar pasos de admisión, documentos requeridos y si aceptan visitas sin cita o referencias.","1911 Arcadia Street, Suite 200",Hattiesburg,601-544-1660,,https://www.mdoc.ms.gov/ProbationParole,Adults under MDOC probation or parole supervision in the Hattiesburg district; report to assigned officer.,Adultos bajo supervisión probatoria o de libertad condicional MDOC en el distrito de Hattiesburg; reporte al oficial asignado.,"Call 601-544-1660; serves Forrest, Lamar, Marion, and surrounding Pine Belt counties.","Llame al 601-544-1660; sirve Forrest, Lamar, Marion y condados Pine Belt circundantes.",Monday–Friday business hours,hattiesburg|forrest|probation-parole|MDOC|reentry,Probation and parole supervision|Partner referrals|Reentry navigation,Forrest,Forrest|Lamar|Marion|Covington|Jefferson Davis|Perry,multi,accepts_criminal_record
164,MDOC — Meridian Probation & Parole Field Office,probation-parole,Meridian / Lauderdale County,"MDOC — Meridian Probation & Parole Field Office serves justice-involved adults and families rebuilding stability after incarceration in 5 Mississippi counties. The MDOC Meridian Probation and Parole field office supervises probationers and parolees in east-central Mississippi, connecting supervisees to Weems Community Mental Health Center and WIN Job Center Meridian as conditions of community supervision. This office handles supervision compliance and reporting—not emergency reentry navigation; ask your officer for referrals to local reentry partners. Contact this resource to confirm current intake steps, required documents, and whether walk-ins or referrals are accepted.","MDOC — Meridian Probation & Parole Field Office sirve a adultos con antecedentes penales y familias que reconstruyen estabilidad después de la encarcelación en 5 condados de Mississippi. Esta oficina maneja cumplimiento de supervisión e informes—no navegación de crisis de reinserción; pida a su oficial referencias a aliados locales de reinserción. Contacte este recurso para confirmar pasos de admisión, documentos requeridos y si aceptan visitas sin cita o referencias.","1200 22nd Avenue, Suite 100",Meridian,601-484-0200,,https://www.mdoc.ms.gov/ProbationParole,Adults under MDOC probation or parole supervision in the Meridian district; report to assigned officer.,Adultos bajo supervisión probatoria o de libertad condicional MDOC en el distrito de Meridian; reporte al oficial asignado.,"Call 601-484-0200; serves Lauderdale, Clarke, Kemper, and surrounding counties.","Llame al 601-484-0200; sirve Lauderdale, Clarke, Kemper y condados circundantes.",Monday–Friday business hours,meridian|lauderdale|probation-parole|MDOC|reentry,Probation and parole supervision|Partner referrals|Reentry navigation,Lauderdale,Lauderdale|Clarke|Kemper|Neshoba|Newton,multi,accepts_criminal_record
165,MDOC — Columbus Probation & Parole Field Office,probation-parole,Columbus / Lowndes County,"MDOC — Columbus Probation & Parole Field Office serves justice-involved adults and families rebuilding stability after incarceration in Lowndes, Oktibbeha, Clay, and Noxubee counties. The MDOC Columbus Probation and Parole field office supervises probationers and parolees in the Golden Triangle, connecting supervisees to Community Counseling Services and WIN Job Center Columbus as conditions of release. This office handles supervision compliance and reporting—not emergency reentry navigation; ask your officer for referrals to local reentry partners. Contact this resource to confirm current intake steps, required documents, and whether walk-ins or referrals are accepted.","MDOC — Columbus Probation & Parole Field Office sirve a adultos con antecedentes penales y familias que reconstruyen estabilidad después de la encarcelación en los condados Lowndes, Oktibbeha, Clay y Noxubee. Esta oficina maneja cumplimiento de supervisión e informes—no navegación de crisis de reinserción; pida a su oficial referencias a aliados locales de reinserción. Contacte este recurso para confirmar pasos de admisión, documentos requeridos y si aceptan visitas sin cita o referencias.","2330 Main Street, Suite 100",Columbus,662-328-6870,,https://www.mdoc.ms.gov/ProbationParole,Adults under MDOC probation or parole supervision in the Columbus district; report to assigned officer.,Adultos bajo supervisión probatoria o de libertad condicional MDOC en el distrito de Columbus; reporte al oficial asignado.,"Call 662-328-6870; serves Lowndes, Oktibbeha, Clay, and surrounding Golden Triangle counties.","Llame al 662-328-6870; sirve Lowndes, Oktibbeha, Clay y condados del Triángulo Dorado.",Monday–Friday business hours,columbus|lowndes|probation-parole|MDOC|reentry,Probation and parole supervision|Partner referrals|Reentry navigation,Lowndes,Lowndes|Oktibbeha|Clay|Noxubee,multi,accepts_criminal_record
166,MDOC — Greenville Probation & Parole Field Office,probation-parole,Greenville / Washington County,"MDOC — Greenville Probation & Parole Field Office serves justice-involved adults and families rebuilding stability after incarceration in 6 Mississippi counties. The MDOC Greenville Probation and Parole field office supervises probationers and parolees in the Mississippi Delta, connecting supervisees to Delta Health Alliance and WIN Job Center Greenville as conditions of community supervision. This office handles supervision compliance and reporting—not emergency reentry navigation; ask your officer for referrals to local reentry partners. Contact this resource to confirm current intake steps, required documents, and whether walk-ins or referrals are accepted.","MDOC — Greenville Probation & Parole Field Office sirve a adultos con antecedentes penales y familias que reconstruyen estabilidad después de la encarcelación en 6 condados de Mississippi. Esta oficina maneja cumplimiento de supervisión e informes—no navegación de crisis de reinserción; pida a su oficial referencias a aliados locales de reinserción. Contacte este recurso para confirmar pasos de admisión, documentos requeridos y si aceptan visitas sin cita o referencias.","800 South Washington Avenue, Suite 100",Greenville,662-335-3360,,https://www.mdoc.ms.gov/ProbationParole,Adults under MDOC probation or parole supervision in the Greenville district; report to assigned officer.,Adultos bajo supervisión probatoria o de libertad condicional MDOC en el distrito de Greenville; reporte al oficial asignado.,"Call 662-335-3360; serves Washington, Bolivar, Sunflower, and surrounding Delta counties.","Llame al 662-335-3360; sirve Washington, Bolivar, Sunflower y condados Delta circundantes.",Monday–Friday business hours,greenville|washington|probation-parole|MDOC|reentry,Probation and parole supervision|Partner referrals|Reentry navigation,Washington,Washington|Bolivar|Sunflower|Issaquena|Sharkey|Humphreys,multi,accepts_criminal_record
167,MDOC — Oxford Probation & Parole Field Office,probation-parole,Oxford / Lafayette County,"MDOC — Oxford Probation & Parole Field Office serves justice-involved adults and families rebuilding stability after incarceration in 6 Mississippi counties. The MDOC Oxford Probation and Parole field office supervises probationers and parolees in north Mississippi, connecting supervisees to Communicare and WIN Job Center Oxford as conditions of release. This office handles supervision compliance and reporting—not emergency reentry navigation; ask your officer for referrals to local reentry partners. Contact this resource to confirm current intake steps, required documents, and whether walk-ins or referrals are accepted.","MDOC — Oxford Probation & Parole Field Office sirve a adultos con antecedentes penales y familias que reconstruyen estabilidad después de la encarcelación en 6 condados de Mississippi. Esta oficina maneja cumplimiento de supervisión e informes—no navegación de crisis de reinserción; pida a su oficial referencias a aliados locales de reinserción. Contacte este recurso para confirmar pasos de admisión, documentos requeridos y si aceptan visitas sin cita o referencias.","1037 Jackson Avenue West, Suite 100",Oxford,662-234-2910,,https://www.mdoc.ms.gov/ProbationParole,Adults under MDOC probation or parole supervision in the Oxford district; report to assigned officer.,Adultos bajo supervisión probatoria o de libertad condicional MDOC en el distrito de Oxford; reporte al oficial asignado.,"Call 662-234-2910; serves Lafayette, Marshall, Benton, and surrounding north Mississippi counties.","Llame al 662-234-2910; sirve Lafayette, Marshall, Benton y condados del norte de Mississippi.",Monday–Friday business hours,oxford|lafayette|probation-parole|MDOC|reentry,Probation and parole supervision|Partner referrals|Reentry navigation,Lafayette,Lafayette|Marshall|Benton|Panola|Tippah|Union,multi,accepts_criminal_record
168,MDOC — Parchman Probation & Parole Field Office,probation-parole,Sunflower / Sunflower County,"MDOC — Parchman Probation & Parole Field Office serves justice-involved adults and families rebuilding stability after incarceration in Sunflower, Leflore, Humphreys, and Carroll counties. The MDOC Parchman Probation and Parole field office supervises probationers and parolees in the central Delta and Sunflower County region near Mississippi State Penitentiary, connecting supervisees to Region 6 Mental Health and Delta Health Alliance partners as conditions of release. This office handles supervision compliance and reporting—not emergency reentry navigation; ask your officer for referrals to local reentry partners. Contact this resource to confirm current intake steps, required documents, and whether walk-ins or referrals are accepted.","MDOC — Parchman Probation & Parole Field Office sirve a adultos con antecedentes penales y familias que reconstruyen estabilidad después de la encarcelación en los condados Sunflower, Leflore, Humphreys y Carroll. Esta oficina maneja cumplimiento de supervisión e informes—no navegación de crisis de reinserción; pida a su oficial referencias a aliados locales de reinserción. Contacte este recurso para confirmar pasos de admisión, documentos requeridos y si aceptan visitas sin cita o referencias.",Highway 49 West,Parchman,662-745-6611,,https://www.mdoc.ms.gov/ProbationParole,Adults under MDOC probation or parole supervision in the Parchman district; report to assigned officer.,Adultos bajo supervisión probatoria o de libertad condicional MDOC en el distrito de Parchman; reporte al oficial asignado.,"Call 662-745-6611; serves Sunflower, Leflore, and surrounding Delta counties.","Llame al 662-745-6611; sirve Sunflower, Leflore y condados Delta circundantes.",Monday–Friday business hours,parchman|sunflower|probation-parole|MDOC|reentry,Probation and parole supervision|Partner referrals|Reentry navigation,Sunflower,Sunflower|Leflore|Humphreys|Carroll,multi,accepts_criminal_record
169,Hinds Community College — Adult Education,education,Jackson / Hinds County,"Hinds Community College — Adult Education serves justice-involved adults and families rebuilding stability after incarceration in 5 Mississippi counties. Hinds Community College Adult Education provides free GED and High School Equivalency preparation, English language classes, and citizenship instruction at campuses across Hinds County for returning citizens rebuilding credentials for Mississippi Works and employer requirements. Classes are typically free or low-cost for Mississippi adults; orientation may be required before enrollment in GED or vocational tracks. Contact this resource to confirm current intake steps, required documents, and whether walk-ins or referrals are accepted.","Hinds Community College — Adult Education sirve a adultos con antecedentes penales y familias que reconstruyen estabilidad después de la encarcelación en 5 condados de Mississippi. Las clases suelen ser gratuitas o de bajo costo para adultos en Mississippi; puede requerirse orientación antes de inscribirse en GED o capacitación vocacional. Contacte este recurso para confirmar pasos de admisión, documentos requeridos y si aceptan visitas sin cita o referencias.",3925 Sunset Drive,Jackson,601-857-3914,,https://www.hindscc.edu,Hinds County adults age 16+; free HSE classes; orientation required.,Adultos del condado Hinds de 16+ años; clases HSE gratuitas; se requiere orientación.,Call 601-857-3914; classes at multiple Hinds CC campuses; HSE test fees separate.,Llame al 601-857-3914; clases en múltiples campus Hinds CC.,Class schedules vary by campus,jackson|hinds|education|GED|ESL|reentry,GED and high school equivalency|Citizen instruction|Employment assistance,Hinds,Hinds|Madison|Rankin|Copiah|Simpson,multi,accepts_criminal_record
170,Mississippi Gulf Coast Community College — Adult Education,education,Gulfport / Harrison County,"Mississippi Gulf Coast Community College — Adult Education serves justice-involved adults and families rebuilding stability after incarceration in 5 Mississippi counties. Mississippi Gulf Coast Community College Adult Education offers free GED and High School Equivalency classes, English language instruction, and workforce credential pathways for Gulf Coast adults including justice-involved learners at the Jefferson Davis and Perkinston campuses. Classes are typically free or low-cost for Mississippi adults; orientation may be required before enrollment in GED or vocational tracks. Contact this resource to confirm current intake steps, required documents, and whether walk-ins or referrals are accepted.","Mississippi Gulf Coast Community College — Adult Education sirve a adultos con antecedentes penales y familias que reconstruyen estabilidad después de la encarcelación en 5 condados de Mississippi. Las clases suelen ser gratuitas o de bajo costo para adultos en Mississippi; puede requerirse orientación antes de inscribirse en GED o capacitación vocacional. Contacte este recurso para confirmar pasos de admisión, documentos requeridos y si aceptan visitas sin cita o referencias.",730 East Beach Boulevard,Long Beach,228-896-3350,,https://www.mgccc.edu,Gulf Coast adults age 16+; free ABE and HSE classes; orientation required.,Adultos de la Costa del Golfo de 16+ años; clases ABE y HSE gratuitas; se requiere orientación.,Call 228-896-3350; multiple Gulf Coast campus locations; pairs with WIN Job Center Gulf Coast.,Llame al 228-896-3350; múltiples campus en la Costa del Golfo; se vincula con WIN Job Center.,Class schedules vary,gulfport|harrison|education|GED|ESL|reentry,GED and high school equivalency|Workforce development,Harrison,Harrison|Hancock|Jackson|Stone|George,multi,accepts_criminal_record
171,Itawamba Community College — Adult Basic Education,education,Tupelo / Lee County,"Itawamba Community College — Adult Basic Education serves justice-involved adults and families rebuilding stability after incarceration in Itawamba, Lee, Monroe, and Chickasaw counties. Itawamba Community College Adult Basic Education provides free GED preparation and English language classes for northeast Mississippi adults including justice-involved residents at the Tupelo and Fulton campuses. Classes are typically free or low-cost for Mississippi adults; orientation may be required before enrollment in GED or vocational tracks. Contact this resource to confirm current intake steps, required documents, and whether walk-ins or referrals are accepted.","Itawamba Community College — Adult Basic Education sirve a adultos con antecedentes penales y familias que reconstruyen estabilidad después de la encarcelación en los condados Itawamba, Lee, Monroe y Chickasaw. Las clases suelen ser gratuitas o de bajo costo para adultos en Mississippi; puede requerirse orientación antes de inscribirse en GED o capacitación vocacional. Contacte este recurso para confirmar pasos de admisión, documentos requeridos y si aceptan visitas sin cita o referencias.",602 West Hill Street,Fulton,662-862-8000,,https://www.iccms.edu,Northeast Mississippi adults; free HSE classes; orientation required.,Adultos del noreste de Mississippi; clases HSE gratuitas; se requiere orientación.,Call 662-862-8000; Tupelo campus also offers ABE; pairs with WIN Job Center Tupelo.,Llame al 662-862-8000; campus Tupelo también ofrece ABE; se vincula con WIN Job Center Tupelo.,Class schedules vary,tupelo|lee|education|GED|ESL|reentry,GED and high school equivalency|Workforce development|Partner referrals,Itawamba,Itawamba|Lee|Monroe|Chickasaw,multi,accepts_criminal_record
172,Pearl River Community College — Adult Education,education,Hattiesburg / Forrest County,"Pearl River Community College — Adult Education serves justice-involved adults and families rebuilding stability after incarceration in 5 Mississippi counties. Pearl River Community College Adult Education offers free GED and High School Equivalency classes for Pine Belt adults including returning citizens at the Hattiesburg and Poplarville campuses. Classes are typically free or low-cost for Mississippi adults; orientation may be required before enrollment in GED or vocational tracks. Contact this resource to confirm current intake steps, required documents, and whether walk-ins or referrals are accepted.","Pearl River Community College — Adult Education sirve a adultos con antecedentes penales y familias que reconstruyen estabilidad después de la encarcelación en 5 condados de Mississippi. Las clases suelen ser gratuitas o de bajo costo para adultos en Mississippi; puede requerirse orientación antes de inscribirse en GED o capacitación vocacional. Contacte este recurso para confirmar pasos de admisión, documentos requeridos y si aceptan visitas sin cita o referencias.",5448 US Highway 49 South,Hattiesburg,601-554-5500,,https://www.prcc.edu,Pine Belt adults age 16+; free HSE classes; orientation required.,Adultos del Pine Belt de 16+ años; clases HSE gratuitas; se requiere orientación.,Call 601-554-5500; Hattiesburg campus main ABE site; pairs with WIN Job Center Hattiesburg.,Llame al 601-554-5500; campus Hattiesburg sitio principal ABE; se vincula con WIN Job Center Hattiesburg.,Class schedules vary,hattiesburg|forrest|education|GED|ESL|reentry,GED and high school equivalency|Workforce development|Partner referrals,Forrest,Forrest|Lamar|Marion|Covington|Jefferson Davis,multi,accepts_criminal_record
173,Meridian Community College — Adult Education,education,Meridian / Lauderdale County,"Meridian Community College — Adult Education serves justice-involved adults and families rebuilding stability after incarceration in Lauderdale, Clarke, Kemper, and Neshoba counties. Meridian Community College Adult Education provides free GED preparation and English language classes for east-central Mississippi adults including justice-involved residents rebuilding credentials for Mississippi Works. Classes are typically free or low-cost for Mississippi adults; orientation may be required before enrollment in GED or vocational tracks. Contact this resource to confirm current intake steps, required documents, and whether walk-ins or referrals are accepted.","Meridian Community College — Adult Education sirve a adultos con antecedentes penales y familias que reconstruyen estabilidad después de la encarcelación en los condados Lauderdale, Clarke, Kemper y Neshoba. Las clases suelen ser gratuitas o de bajo costo para adultos en Mississippi; puede requerirse orientación antes de inscribirse en GED o capacitación vocacional. Contacte este recurso para confirmar pasos de admisión, documentos requeridos y si aceptan visitas sin cita o referencias.",910 Highway 19 North,Meridian,601-483-8241,,https://www.mcc.cc.ms.us,Lauderdale County and east-central Mississippi adults; free HSE classes.,Adultos del condado Lauderdale y centro-este de Mississippi; clases HSE gratuitas.,Call 601-483-8241; pairs with WIN Job Center Meridian and Weems CMHC.,Llame al 601-483-8241; se vincula con WIN Job Center Meridian y Weems CMHC.,Class schedules vary,meridian|lauderdale|education|GED|ESL|reentry,GED and high school equivalency|Workforce development|Partner referrals,Lauderdale,Lauderdale|Clarke|Kemper|Neshoba,multi,accepts_criminal_record
174,East Mississippi Community College — Adult Education,education,Columbus / Lowndes County,"East Mississippi Community College — Adult Education serves justice-involved adults and families rebuilding stability after incarceration in Lowndes, Oktibbeha, Clay, and Noxubee counties. East Mississippi Community College Adult Education offers free GED and High School Equivalency classes for Golden Triangle adults including returning citizens at the Columbus and Scooba campuses. Classes are typically free or low-cost for Mississippi adults; orientation may be required before enrollment in GED or vocational tracks. Contact this resource to confirm current intake steps, required documents, and whether walk-ins or referrals are accepted.","East Mississippi Community College — Adult Education sirve a adultos con antecedentes penales y familias que reconstruyen estabilidad después de la encarcelación en los condados Lowndes, Oktibbeha, Clay y Noxubee. Las clases suelen ser gratuitas o de bajo costo para adultos en Mississippi; puede requerirse orientación antes de inscribirse en GED o capacitación vocacional. Contacte este recurso para confirmar pasos de admisión, documentos requeridos y si aceptan visitas sin cita o referencias.",1512 Kemper Street,Columbus,662-243-1900,,https://www.eastms.edu,Golden Triangle adults age 16+; free HSE classes; orientation required.,Adultos del Triángulo Dorado de 16+ años; clases HSE gratuitas; se requiere orientación.,Call 662-243-1900; Columbus campus main ABE site; pairs with WIN Job Center Columbus.,Llame al 662-243-1900; campus Columbus sitio principal ABE; se vincula con WIN Job Center Columbus.,Class schedules vary,columbus|lowndes|education|GED|ESL|reentry,GED and high school equivalency|Workforce development|Partner referrals,Lowndes,Lowndes|Oktibbeha|Clay|Noxubee,multi,accepts_criminal_record
175,Mississippi Delta Community College — Adult Education,education,Greenville / Washington County,"Mississippi Delta Community College — Adult Education serves justice-involved adults and families rebuilding stability after incarceration in 5 Mississippi counties. Mississippi Delta Community College Adult Education provides free GED preparation and English language classes for Delta region adults including returning citizens at the Greenville, Moorhead, and Holly Springs campuses. Classes are typically free or low-cost for Mississippi adults; orientation may be required before enrollment in GED or vocational tracks. Contact this resource to confirm current intake steps, required documents, and whether walk-ins or referrals are accepted.","Mississippi Delta Community College — Adult Education sirve a adultos con antecedentes penales y familias que reconstruyen estabilidad después de la encarcelación en 5 condados de Mississippi. Las clases suelen ser gratuitas o de bajo costo para adultos en Mississippi; puede requerirse orientación antes de inscribirse en GED o capacitación vocacional. Contacte este recurso para confirmar pasos de admisión, documentos requeridos y si aceptan visitas sin cita o referencias.",300 South West Street,Greenville,662-246-6322,,https://www.msdelta.edu,Delta region adults; free HSE classes; orientation required.,Adultos de la región Delta; clases HSE gratuitas; se requiere orientación.,Call 662-246-6322; Greenville campus main ABE site; pairs with WIN Job Center Greenville.,Llame al 662-246-6322; campus Greenville sitio principal ABE; se vincula con WIN Job Center Greenville.,Class schedules vary,greenville|washington|education|GED|delta|reentry,GED and high school equivalency|Workforce development|Partner referrals,Washington,Washington|Bolivar|Sunflower|Leflore|Humphreys,multi,accepts_criminal_record
176,Northwest Mississippi Community College — Adult Education,education,Oxford / Lafayette County,"Northwest Mississippi Community College — Adult Education serves justice-involved adults and families rebuilding stability after incarceration in 6 Mississippi counties. Northwest Mississippi Community College Adult Education offers free GED and High School Equivalency classes for north Mississippi adults including justice-involved learners at the Oxford, Senatobia, and DeSoto campuses. Classes are typically free or low-cost for Mississippi adults; orientation may be required before enrollment in GED or vocational tracks. Contact this resource to confirm current intake steps, required documents, and whether walk-ins or referrals are accepted.","Northwest Mississippi Community College — Adult Education sirve a adultos con antecedentes penales y familias que reconstruyen estabilidad después de la encarcelación en 6 condados de Mississippi. Las clases suelen ser gratuitas o de bajo costo para adultos en Mississippi; puede requerirse orientación antes de inscribirse en GED o capacitación vocacional. Contacte este recurso para confirmar pasos de admisión, documentos requeridos y si aceptan visitas sin cita o referencias.",1310 Belk Drive,Oxford,662-236-2023,,https://www.northwestms.edu,North Mississippi adults age 16+; free HSE classes; orientation required.,Adultos del norte de Mississippi de 16+ años; clases HSE gratuitas; se requiere orientación.,Call 662-236-2023; Oxford campus main ABE site; pairs with WIN Job Center Oxford.,Llame al 662-236-2023; campus Oxford sitio principal ABE; se vincula con WIN Job Center Oxford.,Class schedules vary,oxford|lafayette|education|GED|ESL|reentry,GED and high school equivalency|Workforce development|Partner referrals,Lafayette,Lafayette|Marshall|Benton|DeSoto|Panola|Tippah,multi,accepts_criminal_record
177,Mississippi Department of Child Protection Services — Reunification,family-children,Jackson / Hinds County,"The Mississippi Department of Child Protection Services coordinates family reunification, kinship caregiver support, and child welfare case management for parents working toward reunification after incarceration or CPS involvement. CPS staff connect justice-involved parents to housing, access.ms.gov benefits, and Mississippi Works—not emergency cash assistance.","El Departamento de Servicios de Protección Infantil de Mississippi coordina la reunificación familiar, apoyo a cuidadores de parentesco y manejo de casos de bienestar infantil para padres que trabajan hacia la reunificación después de la encarcelación o participación de CPS.",860 North State Street,Jackson,601-359-4171,,https://www.mdcps.ms.gov,Parents with active CPS cases or reunification plans; justice-involved parents must comply with court-ordered case plans.,Padres con casos activos de CPS o planes de reunificación; padres con antecedentes penales deben cumplir planes de casos ordenados por la corte.,Call 601-359-4171; not a walk-in emergency shelter; coordinate through assigned CPS caseworker.,Llame al 601-359-4171; no es refugio de emergencia sin cita; coordine a través del trabajador social CPS asignado.,County offices Monday–Friday business hours,jackson|family-children|CPS|reunification|reentry,Family reunification support|Parenting services|Reentry navigation|Partner referrals,Hinds,,statewide,accepts_criminal_record|referral_required
178,Canopy Children's Solutions — Jackson,family-children,Jackson / Hinds County,"Canopy Children's Solutions — Jackson serves justice-involved adults and families rebuilding stability after incarceration in Hinds, Madison, and Rankin counties. Canopy Children's Solutions provides behavioral health, foster care support, and family preservation services for vulnerable Hinds County children and families including justice-involved parents reunifying with children after release. Therapists coordinate with MDOC, CPS, and local housing partners. Family resources may require participation in treatment or parenting classes; custody status affects some reunification services. Contact this resource to confirm current intake steps, required documents, and whether walk-ins or referrals are accepted.","Canopy Children's Solutions — Jackson sirve a adultos con antecedentes penales y familias que reconstruyen estabilidad después de la encarcelación en los condados Hinds, Madison y Rankin. Los recursos familiares pueden requerir participación en tratamiento o clases de crianza; el estado de custodia afecta algunos servicios de reunificación. Contacte este recurso para confirmar pasos de admisión, documentos requeridos y si aceptan visitas sin cita o referencias.",1465 North State Street,Jackson,800-388-6247,,https://www.mycanopy.org,Hinds County families with child behavioral health or foster care needs; justice-involved parents per program policy.,Familias del condado Hinds con necesidades de salud conductual infantil o cuidado de crianza; padres con antecedentes penales según política.,Call 800-388-6247 for intake; statewide Canopy network; pairs with Catholic Charities housing.,Llame al 800-388-6247 para admisión; red Canopy estatal; se vincula con vivienda Catholic Charities.,Monday–Friday business hours,jackson|family-children|behavioral-health|foster-care|reentry,Behavioral health services|Family reunification support|Parenting services,Hinds,Hinds|Madison|Rankin,multi,accepts_criminal_record
179,Greenville WIN Job Center (serves Issaquena County),employment,Greenville / Washington County,"The Greenville WIN Job Center is the nearest Mississippi Department of Employment Security career center for Issaquena County job seekers—including justice-involved adults after MDOC release—offering resume coaching, WIOA training referrals, and fair-chance employment navigation. Issaquena residents travel to Greenville for in-person services; register online at mdes.ms.gov. Free core career services—not emergency cash or housing placement.",El Greenville WIN Job Center es el centro de carreras MDES más cercano para buscadores de empleo del condado Issaquena—incluidos adultos con antecedentes penales—con coaching de currículum y referencias WIOA. Los residentes de Issaquena viajan a Greenville para servicios en persona; regístrese en mdes.ms.gov.,"1746 Highway 1, Suite C",Greenville,662-379-7404,,https://mdes.ms.gov/win-job-centers/greenville-win-job-center/,Open to Issaquena County job seekers including justice-involved individuals; core Mississippi Works services are free.,Abierto a buscadores de empleo del condado Issaquena incluidas personas con antecedentes penales; servicios básicos gratuitos.,Issaquena County is served by the Greenville WIN Job Center; call 662-379-7404 or register at mdes.ms.gov.,El condado Issaquena es atendido por el Greenville WIN Job Center; llame al 662-379-7404 o regístrese en mdes.ms.gov.,Monday–Friday 8:00 a.m.–5:00 p.m.; Wednesday closes at 4:00 p.m.,issaquena|greenville|employment|WIN|WIOA|reentry|fair-chance,Job search assistance|Resume preparation|WIOA training referrals|Fair-chance employment|Career coaching,Issaquena,Issaquena,single,accepts_criminal_record
180,Delta Health Alliance — Issaquena Outreach,healthcare,Greenville / Washington County,"Delta Health Alliance — Issaquena Outreach is a statewide or regional referral resource for Mississippians affected by the criminal justice system. Delta Health Alliance operates community health outreach and clinic partnerships serving Issaquena County residents including uninsured and Medicaid patients such as returning citizens establishing medical care after release from MDOC custody. FQHC referral navigation—not a walk-in benefits or probation office. Users can search by location, service type, or need to find active providers in Issaquena, Sharkey, and Washington counties. Specialists or online tools help match people to housing, treatment, employment, legal aid, or benefits resources operated by other organizations. This entry describes a navigation hub—staff here do not replace direct services at partner agencies.","Delta Health Alliance — Issaquena Outreach es un recurso de referencia estatal o regional para misisipianos afectados por el sistema de justicia penal. Los usuarios pueden buscar por ubicación, tipo de servicio o necesidad para encontrar proveedores activos en los condados Issaquena, Sharkey y Washington. Herramientas en línea o especialistas ayudan a conectar con vivienda, tratamiento, empleo, asistencia legal o beneficios operados por otras organizaciones. Esta entrada describe un centro de navegación—el personal no reemplaza servicios directos en agencias aliadas.",141 South Main Street,Greenville,662-335-0456,,https://www.deltahealthalliance.org,Issaquena County residents; sliding-fee and Medicaid patients welcome including justice-involved adults.,Residentes del condado Issaquena; pacientes con tarifa móvil y Medicaid bienvenidos incluidos adultos con antecedentes penales.,Call 662-335-0456 for nearest clinic referral; Greenville hub serves Issaquena outreach.,Llame al 662-335-0456 para referencia a la clínica más cercana; centro Greenville sirve alcance Issaquena.,Monday–Friday business hours,issaquena|healthcare|delta|FQHC|primary-care|reentry,Partner referrals|Health navigation|Primary medical care|Medicaid enrollment,Issaquena,Issaquena|Sharkey|Washington,multi,
181,Greenville WIN Job Center (serves Sharkey County),employment,Greenville / Washington County,"Greenville WIN Job Center (serves Sharkey County) is a statewide or regional referral resource for Mississippians affected by the criminal justice system. The Greenville WIN Job Center serves Sharkey County job seekers—including justice-involved adults from Rolling Fork and MDOC release—with resume coaching, WIOA training referrals, and fair-chance employment navigation through Mississippi Works. Sharkey residents use the Greenville office at 1746 Highway 1; register at mdes.ms.gov. Users can search by location, service type, or need to find active providers in Sharkey County. Specialists or online tools help match people to housing, treatment, employment, legal aid, or benefits resources operated by other organizations. This entry describes a navigation hub—staff here do not replace direct services at partner agencies.","Greenville WIN Job Center (serves Sharkey County) es un recurso de referencia estatal o regional para misisipianos afectados por el sistema de justicia penal. Los usuarios pueden buscar por ubicación, tipo de servicio o necesidad para encontrar proveedores activos en condado de Sharkey. Herramientas en línea o especialistas ayudan a conectar con vivienda, tratamiento, empleo, asistencia legal o beneficios operados por otras organizaciones. Esta entrada describe un centro de navegación—el personal no reemplaza servicios directos en agencias aliadas.","1746 Highway 1, Suite C",Greenville,662-379-7404,,https://mdes.ms.gov/win-job-centers/greenville-win-job-center/,Open to Sharkey County job seekers including justice-involved individuals; core services free.,Abierto a buscadores de empleo del condado Sharkey incluidas personas con antecedentes penales; servicios básicos gratuitos.,Sharkey County is served by the Greenville WIN Job Center; call 662-379-7404.,El condado Sharkey es atendido por el Greenville WIN Job Center; llame al 662-379-7404.,Monday–Friday 8:00 a.m.–5:00 p.m.; Wednesday closes at 4:00 p.m.,sharkey|greenville|employment|WIN|WIOA|reentry,Job readiness training|Workforce development|Employment assistance|Career workshops,Sharkey,Sharkey,single,
182,WWISCAA — Sharkey-Issaquena Services,food-nutrition,Rolling Fork / Sharkey County,"WWISCAA — Sharkey-Issaquena Services serves justice-involved adults and families rebuilding stability after incarceration in Sharkey, and Issaquena counties. Warren-Washington-Issaquena-Sharkey Community Action Agency (WWISCAA) distributes emergency food boxes, LIHEAP energy assistance, and basic needs navigation for low-income Sharkey and Issaquena county residents including returning citizens reestablishing food security after release from MDOC custody or county jail. Food assistance does not usually require a criminal-record disclosure; staff can help with SNAP applications and pantry locations by ZIP code. Contact this resource to confirm current intake steps, required documents, and whether walk-ins or referrals are accepted.","WWISCAA — Sharkey-Issaquena Services sirve a adultos con antecedentes penales y familias que reconstruyen estabilidad después de la encarcelación en los condados Sharkey y Issaquena. La asistencia alimentaria generalmente no requiere declarar antecedentes penales; el personal puede ayudar con solicitudes SNAP y ubicaciones de despensas por código postal. Contacte este recurso para confirmar pasos de admisión, documentos requeridos y si aceptan visitas sin cita o referencias.",297 West Race Street,Rolling Fork,662-873-4031,,https://www.wwiscaa.net,Low-income Sharkey and Issaquena county residents; justice-involved clients welcome.,Residentes de bajos ingresos de los condados Sharkey e Issaquena; clientes con antecedentes penales bienvenidos.,"Call 662-873-4031 for food and utility assistance; admin office at 1538 Old Leland Road, Greenville.",Llame al 662-873-4031 para asistencia alimentaria y de servicios públicos; oficina administrativa en Greenville.,Monday–Friday business hours,sharkey|food-nutrition|community-action|basic-needs|reentry,Food pantry access|Rent and utility assistance|Basic needs assistance|SNAP enrollment,Sharkey,Sharkey|Issaquena,multi,
183,Natchez WIN Job Center (serves Jefferson County),employment,Natchez / Adams County,"Natchez WIN Job Center (serves Jefferson County) is a statewide or regional referral resource for Mississippians affected by the criminal justice system. The Natchez WIN Job Center serves Jefferson County job seekers—including justice-involved adults from Fayette and MDOC release—with resume coaching, WIOA training referrals, and fair-chance employment navigation. Jefferson County residents use the Natchez office; register at mdes.ms.gov. Users can search by location, service type, or need to find active providers in Jefferson County. Specialists or online tools help match people to housing, treatment, employment, legal aid, or benefits resources operated by other organizations. This entry describes a navigation hub—staff here do not replace direct services at partner agencies.","Natchez WIN Job Center (serves Jefferson County) es un recurso de referencia estatal o regional para misisipianos afectados por el sistema de justicia penal. Los usuarios pueden buscar por ubicación, tipo de servicio o necesidad para encontrar proveedores activos en condado de Jefferson. Herramientas en línea o especialistas ayudan a conectar con vivienda, tratamiento, empleo, asistencia legal o beneficios operados por otras organizaciones. Esta entrada describe un centro de navegación—el personal no reemplaza servicios directos en agencias aliadas.",107 Colonel John Pitchford Parkway,Natchez,601-442-0243,,https://mdes.ms.gov/win-job-centers/natchez-win-job-center/,Open to Jefferson County job seekers including justice-involved individuals; core services free.,Abierto a buscadores de empleo del condado Jefferson incluidas personas con antecedentes penales; servicios básicos gratuitos.,Jefferson County is served by the Natchez WIN Job Center; call 601-442-0243.,El condado Jefferson es atendido por el Natchez WIN Job Center; llame al 601-442-0243.,Monday–Friday 8:00 a.m.–5:00 p.m.; Wednesday closes at 4:00 p.m.,jefferson|natchez|employment|WIN|WIOA|reentry,Job readiness training|Workforce development|Employment assistance,Jefferson,Jefferson,single,
184,Southwest Mississippi Regional Medical Center,healthcare,McComb / Pike County,"Southwest Mississippi Regional Medical Center serves justice-involved adults and families rebuilding stability after incarceration in Jefferson, Franklin, Adams, and Wilkinson counties. Southwest Mississippi Regional Medical Center provides primary care, emergency services, and community health outreach for Jefferson, Franklin, and southwest Mississippi residents including uninsured and Medicaid patients such as returning citizens establishing local medical care after release from MDOC custody or county jails. Services are available on a sliding fee or Medicaid basis for eligible patients; bring ID and release paperwork when establishing care after incarceration. Contact this resource to confirm current intake steps, required documents, and whether walk-ins or referrals are accepted.","Southwest Mississippi Regional Medical Center sirve a adultos con antecedentes penales y familias que reconstruyen estabilidad después de la encarcelación en los condados Jefferson, Franklin, Adams y Wilkinson. Los servicios están disponibles con tarifa móvil o Medicaid para pacientes elegibles; lleve identificación y documentos de liberación al establecer atención después de la encarcelación. Contacte este recurso para confirmar pasos de admisión, documentos requeridos y si aceptan visitas sin cita o referencias.",1225 North Front Street,McComb,601-249-5500,,https://www.smrmc.com,Southwest Mississippi residents; sliding-fee and Medicaid patients welcome including justice-involved adults.,Residentes del suroeste de Mississippi; pacientes con tarifa móvil y Medicaid bienvenidos incluidos adultos con antecedentes penales.,Call 601-249-5500 for appointments; emergency 24/7; serves Jefferson County outreach from McComb hub.,Llame al 601-249-5500 para citas; emergencias 24/7; sirve alcance del condado Jefferson desde McComb.,Emergency 24/7; clinic hours vary,jefferson|healthcare|rural|reentry|mississippi,Primary medical care|Basic needs assistance|Partner referrals,Jefferson,Jefferson|Franklin|Adams|Wilkinson,multi,accepts_criminal_record
185,Natchez WIN Job Center (serves Wilkinson County),employment,Natchez / Adams County,"Natchez WIN Job Center (serves Wilkinson County) is a statewide or regional referral resource for Mississippians affected by the criminal justice system. The Natchez WIN Job Center serves Wilkinson County job seekers—including justice-involved adults from Woodville and MDOC release—with resume coaching, WIOA training referrals, and fair-chance employment navigation. Wilkinson residents use the Natchez office; register at mdes.ms.gov. Users can search by location, service type, or need to find active providers in Wilkinson County. Specialists or online tools help match people to housing, treatment, employment, legal aid, or benefits resources operated by other organizations. This entry describes a navigation hub—staff here do not replace direct services at partner agencies.","Natchez WIN Job Center (serves Wilkinson County) es un recurso de referencia estatal o regional para misisipianos afectados por el sistema de justicia penal. Los usuarios pueden buscar por ubicación, tipo de servicio o necesidad para encontrar proveedores activos en condado de Wilkinson. Herramientas en línea o especialistas ayudan a conectar con vivienda, tratamiento, empleo, asistencia legal o beneficios operados por otras organizaciones. Esta entrada describe un centro de navegación—el personal no reemplaza servicios directos en agencias aliadas.",107 Colonel John Pitchford Parkway,Natchez,601-442-0243,,https://mdes.ms.gov/win-job-centers/natchez-win-job-center/,Open to Wilkinson County job seekers including justice-involved individuals; core services free.,Abierto a buscadores de empleo del condado Wilkinson incluidas personas con antecedentes penales; servicios básicos gratuitos.,Wilkinson County is served by the Natchez WIN Job Center; call 601-442-0243.,El condado Wilkinson es atendido por el Natchez WIN Job Center; llame al 601-442-0243.,Monday–Friday 8:00 a.m.–5:00 p.m.; Wednesday closes at 4:00 p.m.,wilkinson|natchez|employment|WIN|WIOA|reentry,Job readiness training|Workforce development|Employment assistance|Career workshops,Wilkinson,Wilkinson,single,
186,Field Memorial Community Hospital,healthcare,Centreville / Wilkinson County,"Field Memorial Community Hospital is a 25-bed critical access hospital owned by Wilkinson and Amite counties, providing emergency, inpatient, and outpatient care for Wilkinson County residents including uninsured and Medicaid patients such as returning citizens establishing local medical access after release from MDOC custody. Clinics also operate in Woodville.","Field Memorial Community Hospital es un hospital de acceso crítico de 25 camas propiedad de los condados Wilkinson y Amite que ofrece atención de emergencia, hospitalaria y ambulatoria para residentes del condado Wilkinson incluidos pacientes sin seguro y Medicaid como ciudadanos que regresan.",178 Highway 24 East,Centreville,601-645-5221,,https://www.fieldhealth.org,Wilkinson and Amite county patients; emergency care regardless of ability to pay; Medicaid accepted.,Pacientes de los condados Wilkinson y Amite; atención de emergencia sin importar capacidad de pago; se acepta Medicaid.,Call 601-645-5221; emergency 24/7; Catchings Clinic serves Woodville.,Llame al 601-645-5221; emergencias 24/7; Catchings Clinic sirve Woodville.,Emergency 24/7; outpatient Monday–Friday,wilkinson|healthcare|rural|reentry,Emergency services|Primary care|Inpatient care|Outpatient clinics|Financial assistance,Wilkinson,Wilkinson|Amite,multi,accepts_criminal_record
187,Greenwood WIN Job Center (serves Quitman County),employment,Greenwood / Leflore County,"Greenwood WIN Job Center (serves Quitman County) is a statewide or regional referral resource for Mississippians affected by the criminal justice system. The Greenwood WIN Job Center serves Quitman County job seekers—including justice-involved adults from Marks and MDOC release—with resume coaching, WIOA training referrals, and fair-chance employment navigation. Quitman residents travel to Greenwood for in-person services; register at mdes.ms.gov. Users can search by location, service type, or need to find active providers in Quitman County. Specialists or online tools help match people to housing, treatment, employment, legal aid, or benefits resources operated by other organizations. This entry describes a navigation hub—staff here do not replace direct services at partner agencies.","Greenwood WIN Job Center (serves Quitman County) es un recurso de referencia estatal o regional para misisipianos afectados por el sistema de justicia penal. Los usuarios pueden buscar por ubicación, tipo de servicio o necesidad para encontrar proveedores activos en condado de Quitman. Herramientas en línea o especialistas ayudan a conectar con vivienda, tratamiento, empleo, asistencia legal o beneficios operados por otras organizaciones. Esta entrada describe un centro de navegación—el personal no reemplaza servicios directos en agencias aliadas.",812 West Park Avenue,Greenwood,662-459-4600,,https://mdes.ms.gov/win-job-centers/greenwood-win-job-center/,Open to Quitman County job seekers including justice-involved individuals; core services free.,Abierto a buscadores de empleo del condado Quitman incluidas personas con antecedentes penales; servicios básicos gratuitos.,Quitman County is served by the Greenwood WIN Job Center; call 662-459-4600.,El condado Quitman es atendido por el Greenwood WIN Job Center; llame al 662-459-4600.,Monday–Friday 8:00 a.m.–5:00 p.m.,quitman|greenwood|employment|WIN|WIOA|reentry,Job readiness training|Workforce development|Employment assistance,Quitman,Quitman,single,
188,Region I Mental Health Center — Quitman County Office,healthcare,Marks / Quitman County,"Region I Mental Health Center — Quitman County Office serves justice-involved adults and families rebuilding stability after incarceration in Quitman, Panola, and Tallahatchie counties. Region I Mental Health Center's Quitman County office in Marks provides outpatient mental health and substance use treatment for Quitman, Panola, and upper Delta residents including justice-involved adults referred by MDOC probation and drug courts. Medicaid and sliding-fee services support treatment continuity after release. Services are available on a sliding fee or Medicaid basis for eligible patients; bring ID and release paperwork when establishing care after incarceration. Contact this resource to confirm current intake steps, required documents, and whether walk-ins or referrals are accepted.","Region I Mental Health Center — Quitman County Office sirve a adultos con antecedentes penales y familias que reconstruyen estabilidad después de la encarcelación en los condados Quitman, Panola y Tallahatchie. Los servicios están disponibles con tarifa móvil o Medicaid para pacientes elegibles; lleve identificación y documentos de liberación al establecer atención después de la encarcelación. Contacte este recurso para confirmar pasos de admisión, documentos requeridos y si aceptan visitas sin cita o referencias.",400 Locust Street,Marks,662-326-4445,,https://www.region1mhc.org,Quitman County and Region 1 service area residents; Medicaid and sliding-fee accepted.,Residentes del condado Quitman y área de servicio Region 1; se aceptan Medicaid y tarifa móvil.,Call 662-326-4445 for intake; satellite of Region I Mental Health Center Clarksdale.,Llame al 662-326-4445 para admisión; satélite de Region I Mental Health Center Clarksdale.,Monday–Friday clinic hours,quitman|substance-use-treatment|mental-health|reentry|mississippi|healthcare,Substance use treatment|Crisis services|Reentry navigation|Probation and parole supervision,Quitman,Quitman|Panola|Tallahatchie,multi,accepts_criminal_record
189,Meridian WIN Job Center (serves Kemper County),employment,Meridian / Lauderdale County,"Meridian WIN Job Center (serves Kemper County) is a statewide or regional referral resource for Mississippians affected by the criminal justice system. The Meridian WIN Job Center serves Kemper County job seekers—including justice-involved adults from De Kalb and MDOC release—with resume coaching, WIOA training referrals, and fair-chance employment navigation. Kemper residents travel to Meridian for in-person services; register at mdes.ms.gov. Users can search by location, service type, or need to find active providers in Kemper County. Specialists or online tools help match people to housing, treatment, employment, legal aid, or benefits resources operated by other organizations. This entry describes a navigation hub—staff here do not replace direct services at partner agencies.","Meridian WIN Job Center (serves Kemper County) es un recurso de referencia estatal o regional para misisipianos afectados por el sistema de justicia penal. Los usuarios pueden buscar por ubicación, tipo de servicio o necesidad para encontrar proveedores activos en condado de Kemper. Herramientas en línea o especialistas ayudan a conectar con vivienda, tratamiento, empleo, asistencia legal o beneficios operados por otras organizaciones. Esta entrada describe un centro de navegación—el personal no reemplaza servicios directos en agencias aliadas.",1228 22nd Avenue,Meridian,601-483-5016,,https://mdes.ms.gov/win-job-centers/meridian-win-job-center/,Open to Kemper County job seekers including justice-involved individuals; core services free.,Abierto a buscadores de empleo del condado Kemper incluidas personas con antecedentes penales; servicios básicos gratuitos.,Kemper County is served by the Meridian WIN Job Center; call 601-483-5016.,El condado Kemper es atendido por el Meridian WIN Job Center; llame al 601-483-5016.,Monday–Friday 8:00 a.m.–5:00 p.m.,kemper|meridian|employment|WIN|WIOA|reentry,Job readiness training|Workforce development|Employment assistance|Career workshops,Kemper,Kemper,single,
190,Ochsner Stennis Hospital,healthcare,De Kalb / Kemper County,"Ochsner Stennis Hospital serves justice-involved adults and families rebuilding stability after incarceration in Kemper County. Ochsner Stennis Hospital is a 25-bed critical access hospital in De Kalb providing emergency, inpatient, and outpatient care for Kemper County residents including uninsured and Medicaid patients such as returning citizens establishing local medical care after release from MDOC custody. Services are available on a sliding fee or Medicaid basis for eligible patients; bring ID and release paperwork when establishing care after incarceration. Contact this resource to confirm current intake steps, required documents, and whether walk-ins or referrals are accepted.","Ochsner Stennis Hospital sirve a adultos con antecedentes penales y familias que reconstruyen estabilidad después de la encarcelación en condado de Kemper. Los servicios están disponibles con tarifa móvil o Medicaid para pacientes elegibles; lleve identificación y documentos de liberación al establecer atención después de la encarcelación. Contacte este recurso para confirmar pasos de admisión, documentos requeridos y si aceptan visitas sin cita o referencias.",14365 Highway 16 West,De Kalb,769-486-1000,,https://www.ochsner.org/locations/ochsner-stennis-hospital/,Kemper County patients; emergency care regardless of ability to pay; Medicaid accepted.,Pacientes del condado Kemper; atención de emergencia sin importar capacidad de pago; se acepta Medicaid.,"Call 769-486-1000; emergency 24/7; outpatient health center at 30 Ponderosa Avenue, De Kalb.",Llame al 769-486-1000; emergencias 24/7.,Emergency 24/7; outpatient hours vary,kemper|healthcare|rural|reentry|mississippi,Basic needs assistance|Primary medical care|Substance use treatment|Rent and utility assistance,Kemper,Kemper,single,accepts_criminal_record
191,Meridian WIN Job Center (serves Clarke County),employment,Meridian / Lauderdale County,"Meridian WIN Job Center (serves Clarke County) is a statewide or regional referral resource for Mississippians affected by the criminal justice system. The Meridian WIN Job Center serves Clarke County job seekers—including justice-involved adults from Quitman and MDOC release—with resume coaching, WIOA training referrals, and fair-chance employment navigation. Clarke residents travel to Meridian for in-person services; register at mdes.ms.gov. Users can search by location, service type, or need to find active providers in Clarke County. Specialists or online tools help match people to housing, treatment, employment, legal aid, or benefits resources operated by other organizations. This entry describes a navigation hub—staff here do not replace direct services at partner agencies.","Meridian WIN Job Center (serves Clarke County) es un recurso de referencia estatal o regional para misisipianos afectados por el sistema de justicia penal. Los usuarios pueden buscar por ubicación, tipo de servicio o necesidad para encontrar proveedores activos en condado de Clarke. Herramientas en línea o especialistas ayudan a conectar con vivienda, tratamiento, empleo, asistencia legal o beneficios operados por otras organizaciones. Esta entrada describe un centro de navegación—el personal no reemplaza servicios directos en agencias aliadas.",1228 22nd Avenue,Meridian,601-483-5016,,https://mdes.ms.gov/win-job-centers/meridian-win-job-center/,Open to Clarke County job seekers including justice-involved individuals; core services free.,Abierto a buscadores de empleo del condado Clarke incluidas personas con antecedentes penales; servicios básicos gratuitos.,Clarke County is served by the Meridian WIN Job Center; call 601-483-5016.,El condado Clarke es atendido por el Meridian WIN Job Center; llame al 601-483-5016.,Monday–Friday 8:00 a.m.–5:00 p.m.,clarke|meridian|employment|WIN|WIOA|reentry,Job readiness training|Workforce development|Employment assistance,Clarke,Clarke,single,
192,Ochsner Watkins Hospital,healthcare,Quitman / Clarke County,"Ochsner Watkins Hospital serves justice-involved adults and families rebuilding stability after incarceration in Clarke County. Ochsner Watkins Hospital is a 25-bed critical access hospital in Quitman providing emergency, inpatient, and outpatient care for Clarke County residents including uninsured and Medicaid patients such as returning citizens establishing local medical access after release from MDOC custody or county jail. Services are available on a sliding fee or Medicaid basis for eligible patients; bring ID and release paperwork when establishing care after incarceration. Contact this resource to confirm current intake steps, required documents, and whether walk-ins or referrals are accepted.","Ochsner Watkins Hospital sirve a adultos con antecedentes penales y familias que reconstruyen estabilidad después de la encarcelación en condado de Clarke. Los servicios están disponibles con tarifa móvil o Medicaid para pacientes elegibles; lleve identificación y documentos de liberación al establecer atención después de la encarcelación. Contacte este recurso para confirmar pasos de admisión, documentos requeridos y si aceptan visitas sin cita o referencias.",605 South Archusa Avenue,Quitman,601-776-6925,,https://www.ochsner.org/locations/ochsner-watkins-hospital/,Clarke County patients; emergency care regardless of ability to pay; Medicaid accepted.,Pacientes del condado Clarke; atención de emergencia sin importar capacidad de pago; se acepta Medicaid.,Call 601-776-6925; emergency 24/7.,Llame al 601-776-6925; emergencias 24/7.,Emergency 24/7; outpatient Monday–Friday,clarke|healthcare|rural|reentry|mississippi,Basic needs assistance|Primary medical care|Substance use treatment|Rent and utility assistance,Clarke,Clarke,single,accepts_criminal_record
193,Greenwood WIN Job Center (serves Humphreys County),employment,Greenwood / Leflore County,"Greenwood WIN Job Center (serves Humphreys County) is a statewide or regional referral resource for Mississippians affected by the criminal justice system. The Greenwood WIN Job Center serves Humphreys County job seekers—including justice-involved adults from Belzoni and MDOC release—with resume coaching, WIOA training referrals, and fair-chance employment navigation. Humphreys residents travel to Greenwood for in-person services; register at mdes.ms.gov. Users can search by location, service type, or need to find active providers in Humphreys County. Specialists or online tools help match people to housing, treatment, employment, legal aid, or benefits resources operated by other organizations. This entry describes a navigation hub—staff here do not replace direct services at partner agencies.","Greenwood WIN Job Center (serves Humphreys County) es un recurso de referencia estatal o regional para misisipianos afectados por el sistema de justicia penal. Los usuarios pueden buscar por ubicación, tipo de servicio o necesidad para encontrar proveedores activos en condado de Humphreys. Herramientas en línea o especialistas ayudan a conectar con vivienda, tratamiento, empleo, asistencia legal o beneficios operados por otras organizaciones. Esta entrada describe un centro de navegación—el personal no reemplaza servicios directos en agencias aliadas.",812 West Park Avenue,Greenwood,662-459-4600,,https://mdes.ms.gov/win-job-centers/greenwood-win-job-center/,Open to Humphreys County job seekers including justice-involved individuals; core services free.,Abierto a buscadores de empleo del condado Humphreys incluidas personas con antecedentes penales; servicios básicos gratuitos.,Humphreys County is served by the Greenwood WIN Job Center; call 662-459-4600.,El condado Humphreys es atendido por el Greenwood WIN Job Center; llame al 662-459-4600.,Monday–Friday 8:00 a.m.–5:00 p.m.,humphreys|greenwood|employment|WIN|WIOA|reentry|delta,Job readiness training|Workforce development|Employment assistance,Humphreys,Humphreys,single,
194,Greenwood Leflore Hospital,healthcare,Greenwood / Leflore County,"Greenwood Leflore Hospital serves justice-involved adults and families rebuilding stability after incarceration in Humphreys, Leflore, and Sunflower counties. Greenwood Leflore Hospital is the nearest full-service hospital for Humphreys County residents after the Belzoni hospital closed, providing emergency, inpatient, and outpatient care including uninsured and Medicaid patients such as returning citizens establishing medical access after release from MDOC custody. Services are available on a sliding fee or Medicaid basis for eligible patients; bring ID and release paperwork when establishing care after incarceration. Contact this resource to confirm current intake steps, required documents, and whether walk-ins or referrals are accepted.","Greenwood Leflore Hospital sirve a adultos con antecedentes penales y familias que reconstruyen estabilidad después de la encarcelación en los condados Humphreys, Leflore y Sunflower. Los servicios están disponibles con tarifa móvil o Medicaid para pacientes elegibles; lleve identificación y documentos de liberación al establecer atención después de la encarcelación. Contacte este recurso para confirmar pasos de admisión, documentos requeridos y si aceptan visitas sin cita o referencias.",1530 Highway 82 East,Greenwood,662-459-7000,,https://www.glh.org,Delta region patients including Humphreys County; emergency care regardless of ability to pay; Medicaid accepted.,Pacientes de la región Delta incluido el condado Humphreys; atención de emergencia sin importar capacidad de pago; se acepta Medicaid.,Humphreys County has no operating hospital; nearest emergency care is Greenwood Leflore Hospital—call 662-459-7000.,El condado Humphreys no tiene hospital operativo; la atención de emergencia más cercana es Greenwood Leflore Hospital—llame al 662-459-7000.,Emergency 24/7,humphreys|healthcare|delta|rural|reentry,Basic needs assistance|Substance use treatment|Rent and utility assistance|Partner referrals,Humphreys,Humphreys|Leflore|Sunflower,multi,accepts_criminal_record
195,Hattiesburg WIN Job Center (serves Jefferson Davis County),employment,Hattiesburg / Forrest County,"Hattiesburg WIN Job Center (serves Jefferson Davis County) is a statewide or regional referral resource for Mississippians affected by the criminal justice system. The Hattiesburg WIN Job Center serves Jefferson Davis County job seekers—including justice-involved adults from Prentiss and MDOC release—with resume coaching, WIOA training referrals, and fair-chance employment navigation. Jefferson Davis residents travel to Hattiesburg for in-person services; register at mdes.ms.gov. Users can search by location, service type, or need to find active providers in Jefferson Davis County. Specialists or online tools help match people to housing, treatment, employment, legal aid, or benefits resources operated by other organizations. This entry describes a navigation hub—staff here do not replace direct services at partner agencies.","Hattiesburg WIN Job Center (serves Jefferson Davis County) es un recurso de referencia estatal o regional para misisipianos afectados por el sistema de justicia penal. Los usuarios pueden buscar por ubicación, tipo de servicio o necesidad para encontrar proveedores activos en condado de Jefferson Davis. Herramientas en línea o especialistas ayudan a conectar con vivienda, tratamiento, empleo, asistencia legal o beneficios operados por otras organizaciones. Esta entrada describe un centro de navegación—el personal no reemplaza servicios directos en agencias aliadas.",1911 Arcadia Street,Hattiesburg,601-584-1202,,https://mdes.ms.gov/win-job-centers/hattiesburg-win-job-center/,Open to Jefferson Davis County job seekers including justice-involved individuals; core services free.,Abierto a buscadores de empleo del condado Jefferson Davis incluidas personas con antecedentes penales; servicios básicos gratuitos.,Jefferson Davis County is served by the Hattiesburg WIN Job Center; call 601-584-1202.,El condado Jefferson Davis es atendido por el Hattiesburg WIN Job Center; llame al 601-584-1202.,Monday–Friday 8:00 a.m.–5:00 p.m.; Wednesday closes at 4:00 p.m.,jefferson-davis|hattiesburg|employment|WIN|WIOA|reentry,Job readiness training|Workforce development|Employment assistance,Jefferson Davis,Jefferson Davis,single,
196,Jefferson Davis Community Hospital,healthcare,Prentiss / Jefferson Davis County,"Jefferson Davis Community Hospital serves justice-involved adults and families rebuilding stability after incarceration in Jefferson Davis County. Jefferson Davis Community Hospital provides primary care, emergency services, and community health outreach for Jefferson Davis County residents including uninsured and Medicaid patients such as returning citizens establishing local medical access after release from MDOC custody or county jail. Services are available on a sliding fee or Medicaid basis for eligible patients; bring ID and release paperwork when establishing care after incarceration. Contact this resource to confirm current intake steps, required documents, and whether walk-ins or referrals are accepted.","Jefferson Davis Community Hospital sirve a adultos con antecedentes penales y familias que reconstruyen estabilidad después de la encarcelación en condado de Jefferson Davis. Los servicios están disponibles con tarifa móvil o Medicaid para pacientes elegibles; lleve identificación y documentos de liberación al establecer atención después de la encarcelación. Contacte este recurso para confirmar pasos de admisión, documentos requeridos y si aceptan visitas sin cita o referencias.",1109 13th Street,Prentiss,601-792-4276,,https://www.jdch.org,Open to Jefferson Davis County residents; Medicaid and sliding-fee patients welcome including justice-involved adults.,Abierto a residentes del condado Jefferson Davis; pacientes Medicaid y tarifa móvil bienvenidos incluidos adultos con antecedentes penales.,Call 601-792-4276 for appointments; emergency 24/7.,Llame al 601-792-4276 para citas; emergencias 24/7.,Emergency 24/7; clinic hours vary,jefferson-davis|healthcare|rural|reentry|mississippi,Primary medical care|Basic needs assistance|Partner referrals,Jefferson Davis,Jefferson Davis,single,accepts_criminal_record
197,Hattiesburg WIN Job Center (serves Perry County),employment,Hattiesburg / Forrest County,"Hattiesburg WIN Job Center (serves Perry County) is a statewide or regional referral resource for Mississippians affected by the criminal justice system. The Hattiesburg WIN Job Center serves Perry County job seekers—including justice-involved adults from New Augusta and Richton and MDOC release—with resume coaching, WIOA training referrals, and fair-chance employment navigation. Perry residents travel to Hattiesburg for in-person services; register at mdes.ms.gov. Users can search by location, service type, or need to find active providers in Perry County. Specialists or online tools help match people to housing, treatment, employment, legal aid, or benefits resources operated by other organizations. This entry describes a navigation hub—staff here do not replace direct services at partner agencies.","Hattiesburg WIN Job Center (serves Perry County) es un recurso de referencia estatal o regional para misisipianos afectados por el sistema de justicia penal. Los usuarios pueden buscar por ubicación, tipo de servicio o necesidad para encontrar proveedores activos en condado de Perry. Herramientas en línea o especialistas ayudan a conectar con vivienda, tratamiento, empleo, asistencia legal o beneficios operados por otras organizaciones. Esta entrada describe un centro de navegación—el personal no reemplaza servicios directos en agencias aliadas.",1911 Arcadia Street,Hattiesburg,601-584-1202,,https://mdes.ms.gov/win-job-centers/hattiesburg-win-job-center/,Open to Perry County job seekers including justice-involved individuals; core services free.,Abierto a buscadores de empleo del condado Perry incluidas personas con antecedentes penales; servicios básicos gratuitos.,Perry County is served by the Hattiesburg WIN Job Center; call 601-584-1202.,El condado Perry es atendido por el Hattiesburg WIN Job Center; llame al 601-584-1202.,Monday–Friday 8:00 a.m.–5:00 p.m.; Wednesday closes at 4:00 p.m.,perry|hattiesburg|employment|WIN|WIOA|reentry,Job readiness training|Workforce development|Employment assistance,Perry,Perry,single,
198,Perry County General Hospital,healthcare,Richton / Perry County,"Perry County General Hospital serves justice-involved adults and families rebuilding stability after incarceration in Perry County. Perry County General Hospital is a rural emergency hospital in Richton providing 24-hour emergency care, outpatient diagnostics, and rehabilitation for Perry County residents including uninsured and Medicaid patients such as returning citizens establishing local medical care after release from MDOC custody. Services are available on a sliding fee or Medicaid basis for eligible patients; bring ID and release paperwork when establishing care after incarceration. Contact this resource to confirm current intake steps, required documents, and whether walk-ins or referrals are accepted.","Perry County General Hospital sirve a adultos con antecedentes penales y familias que reconstruyen estabilidad después de la encarcelación en condado de Perry. Los servicios están disponibles con tarifa móvil o Medicaid para pacientes elegibles; lleve identificación y documentos de liberación al establecer atención después de la encarcelación. Contacte este recurso para confirmar pasos de admisión, documentos requeridos y si aceptan visitas sin cita o referencias.",206 Bay Avenue,Richton,601-788-6316,,https://www.forresthealth.org/our-locations/locations-profile/perry-county-general-hospital/,Perry County patients; emergency care regardless of ability to pay; Medicaid accepted.,Pacientes del condado Perry; atención de emergencia sin importar capacidad de pago; se acepta Medicaid.,Call 601-788-6316; emergency 24/7; primary care through The Doctors Clinic on site.,Llame al 601-788-6316; emergencias 24/7; atención primaria a través de The Doctors Clinic en el sitio.,Emergency 24/7; clinic hours vary,perry|healthcare|rural|reentry|mississippi,Basic needs assistance|Substance use treatment|Rehabilitation|Partner referrals|Rent and utility assistance,Perry,Perry,single,accepts_criminal_record
199,Mississippi Home Corporation — Rental Assistance,housing,Jackson / Hinds County,"Mississippi Home Corporation — Rental Assistance is a statewide or regional referral resource for Mississippians affected by the criminal justice system. Mississippi Home Corporation administers statewide affordable housing programs, emergency rental assistance referrals, and homeless prevention navigation for low-income Mississippi households including returning citizens establishing stable tenancy after incarceration. State housing navigation—not a walk-in emergency shelter. Users can search by location, service type, or need to find active providers in throughout Mississippi. Specialists or online tools help match people to housing, treatment, employment, legal aid, or benefits resources operated by other organizations. This entry describes a navigation hub—staff here do not replace direct services at partner agencies.","Mississippi Home Corporation — Rental Assistance es un recurso de referencia estatal o regional para misisipianos afectados por el sistema de justicia penal. Los usuarios pueden buscar por ubicación, tipo de servicio o necesidad para encontrar proveedores activos en en todo Mississippi. Herramientas en línea o especialistas ayudan a conectar con vivienda, tratamiento, empleo, asistencia legal o beneficios operados por otras organizaciones. Esta entrada describe un centro de navegación—el personal no reemplaza servicios directos en agencias aliadas.","501 North West Street, Suite 700",Jackson,601-718-4640,,https://www.mshomecorp.com,Low-income Mississippi residents facing housing instability; justice-involved adults may qualify for rental assistance referrals.,Residentes de Mississippi de bajos ingresos que enfrentan inestabilidad de vivienda; adultos con antecedentes penales pueden calificar para referencias de asistencia de alquiler.,Call 601-718-4640 for program information; pairs with Catholic Charities and county MDHS offices.,Llame al 601-718-4640 para información del programa; se vincula con Catholic Charities y oficinas MDHS del condado.,Monday–Friday business hours,jackson|housing|rental-assistance|affordable|reentry,Supportive housing|Rent and utility assistance|Emergency shelter|Counseling|Partner referrals,Hinds,,statewide,
200,Pinebelt Christian Women's Mission — Transitional Housing,housing,Hattiesburg / Forrest County,"Pinebelt Christian Women's Mission — Transitional Housing serves justice-involved adults and families rebuilding stability after incarceration in Forrest, Lamar, and Marion counties. Pinebelt Christian Women's Mission provides transitional housing and supportive services for homeless women in the Pine Belt including justice-involved women released from MDOC custody seeking stable housing. Case managers connect residents to Pine Belt Mental Healthcare, access.ms.gov, and Mississippi Works. Resources may include case management, sobriety requirements, or referral from corrections partners—confirm admission steps before visiting. Contact this resource to confirm current intake steps, required documents, and whether walk-ins or referrals are accepted.","Pinebelt Christian Women's Mission — Transitional Housing sirve a adultos con antecedentes penales y familias que reconstruyen estabilidad después de la encarcelación en los condados Forrest, Lamar y Marion. Los recursos pueden incluir manejo de casos, requisitos de sobriedad o referencia de socios correccionales—confirme los pasos de admisión antes de visitar. Contacte este recurso para confirmar pasos de admisión, documentos requeridos y si aceptan visitas sin cita o referencias.",301 East Pine Street,Hattiesburg,601-544-0810,,https://www.pcwmission.org,Homeless women in the Pine Belt; justice-involved women welcome per program screening.,Mujeres sin hogar en el Pine Belt; mujeres con antecedentes penales bienvenidas según evaluación del programa.,Call 601-544-0810 for intake; pairs with Harbor House and Pine Belt Mental Healthcare.,Llame al 601-544-0810 para admisión; se vincula con Harbor House y Pine Belt Mental Healthcare.,Contact for intake hours,hattiesburg|housing|women|transitional|reentry,Transitional housing|Reentry navigation|Employment assistance|Partner referrals|Benefits navigation,Forrest,Forrest|Lamar|Marion,multi,accepts_criminal_record|referral_required
201,Tupelo Lee County Habitat for Humanity — Reentry Housing,housing,Tupelo / Lee County,"Tupelo Lee County Habitat for Humanity — Reentry Housing serves justice-involved adults and families rebuilding stability after incarceration in Lee County. Tupelo Lee County Habitat for Humanity provides affordable homeownership and critical home repair programs for low-income Lee County households including returning citizens rebuilding housing stability after incarceration. Habitat partner families connect to Mississippi Works and Region II Mental Health. Resources may include case management, sobriety requirements, or referral from corrections partners—confirm admission steps before visiting. Contact this resource to confirm current intake steps, required documents, and whether walk-ins or referrals are accepted.","Tupelo Lee County Habitat for Humanity — Reentry Housing sirve a adultos con antecedentes penales y familias que reconstruyen estabilidad después de la encarcelación en condado de Lee. Los recursos pueden incluir manejo de casos, requisitos de sobriedad o referencia de socios correccionales—confirme los pasos de admisión antes de visitar. Contacte este recurso para confirmar pasos de admisión, documentos requeridos y si aceptan visitas sin cita o referencias.",609 North Gloster Street,Tupelo,662-842-0983,,https://www.tupelohabitat.org,Low-income Lee County households meeting Habitat income and sweat-equity requirements; justice-involved applicants may qualify.,Hogares de bajos ingresos del condado Lee que cumplan requisitos de ingresos y equidad de trabajo de Habitat; solicitantes con antecedentes penales pueden calificar.,Call 662-842-0983 for application; not an emergency shelter.,Llame al 662-842-0983 para solicitud; no es refugio de emergencia.,Monday–Friday business hours,tupelo|housing|habitat|affordable|reentry,Housing navigation|Critical home repair|Counseling|Sweat-equity program|Partner referrals,Lee,Lee,single,accepts_criminal_record|referral_required
202,Meridian Housing Authority — Family Self-Sufficiency,housing,Meridian / Lauderdale County,"Meridian Housing Authority — Family Self-Sufficiency is a statewide or regional referral resource for Mississippians affected by the criminal justice system. Meridian Housing Authority's Family Self-Sufficiency Program helps Housing Choice Voucher participants including returning citizens build savings and achieve economic independence through case management and escrow accounts. Participants receive coordinated referrals to Mississippi Works and Weems CMHC. Users can search by location, service type, or need to find active providers in Lauderdale County. Specialists or online tools help match people to housing, treatment, employment, legal aid, or benefits resources operated by other organizations. This entry describes a navigation hub—staff here do not replace direct services at partner agencies.","Meridian Housing Authority — Family Self-Sufficiency es un recurso de referencia estatal o regional para misisipianos afectados por el sistema de justicia penal. Los usuarios pueden buscar por ubicación, tipo de servicio o necesidad para encontrar proveedores activos en condado de Lauderdale. Herramientas en línea o especialistas ayudan a conectar con vivienda, tratamiento, empleo, asistencia legal o beneficios operados por otras organizaciones. Esta entrada describe un centro de navegación—el personal no reemplaza servicios directos en agencias aliadas.",2000 24th Avenue,Meridian,601-485-1821,,https://www.meridianha.org,Current Meridian Housing Authority voucher or public housing participants; voluntary five-year participation contract.,Participantes actuales del vale o vivienda pública de Meridian Housing Authority; contrato voluntario de participación de cinco años.,Call 601-485-1821 to ask about Family Self-Sufficiency enrollment.,Llame al 601-485-1821 para preguntar sobre inscripción en Autosuficiencia Familiar.,Monday–Friday business hours,meridian|housing|self-sufficiency|reentry|mississippi|lauderdale,Escrow savings account|Reentry navigation|Goal-setting coaching|Partner referrals,Lauderdale,Lauderdale,single,
203,Columbus Housing Authority — Reentry Support,housing,Columbus / Lowndes County,"Columbus Housing Authority — Reentry Support is a statewide or regional referral resource for Mississippians affected by the criminal justice system. Columbus Housing Authority coordinates affordable rental housing, emergency rental assistance referrals, and homeless prevention for low-income Lowndes County households including returning citizens from MDOC release. Housing navigation—not a 24-hour walk-in shelter. Users can search by location, service type, or need to find active providers in Lowndes County. Specialists or online tools help match people to housing, treatment, employment, legal aid, or benefits resources operated by other organizations. This entry describes a navigation hub—staff here do not replace direct services at partner agencies.","Columbus Housing Authority — Reentry Support es un recurso de referencia estatal o regional para misisipianos afectados por el sistema de justicia penal. Los usuarios pueden buscar por ubicación, tipo de servicio o necesidad para encontrar proveedores activos en condado de Lowndes. Herramientas en línea o especialistas ayudan a conectar con vivienda, tratamiento, empleo, asistencia legal o beneficios operados por otras organizaciones. Esta entrada describe un centro de navegación—el personal no reemplaza servicios directos en agencias aliadas.",914 4th Street South,Columbus,662-328-4236,,https://www.chauthority.org,Low-income Lowndes County residents; justice-involved adults may qualify for public housing or voucher programs.,Residentes de bajos ingresos del condado Lowndes; adultos con antecedentes penales pueden calificar para vivienda pública o programas de vales.,Call 662-328-4236; City of Columbus Housing Authority; pairs with Community Counseling Services and WIN Job Center Columbus.,Llame al 662-328-4236; City of Columbus Housing Authority; se vincula con Community Counseling Services.,Monday–Friday 8:00 a.m.–4:00 p.m.,columbus|housing|rental-assistance|reentry|mississippi|lowndes,Supportive housing|Housing Choice Vouchers|Emergency maintenance|Counseling,Lowndes,Lowndes,single,
204,South Delta Regional Housing Authority — Greenville,housing,Greenville / Washington County,"South Delta Regional Housing Authority — Greenville serves justice-involved adults and families rebuilding stability after incarceration in 6 Mississippi counties. South Delta Regional Housing Authority administers public housing and Housing Choice Vouchers for Washington County and Delta residents including justice-involved adults returning after incarceration. Main office in Leland serves Greenville and Washington County applicants—not an emergency shelter. Resources may include case management, sobriety requirements, or referral from corrections partners—confirm admission steps before visiting. Contact this resource to confirm current intake steps, required documents, and whether walk-ins or referrals are accepted.","South Delta Regional Housing Authority — Greenville sirve a adultos con antecedentes penales y familias que reconstruyen estabilidad después de la encarcelación en 6 condados de Mississippi. Los recursos pueden incluir manejo de casos, requisitos de sobriedad o referencia de socios correccionales—confirme los pasos de admisión antes de visitar. Contacte este recurso para confirmar pasos de admisión, documentos requeridos y si aceptan visitas sin cita o referencias.",202 Weston Avenue,Leland,662-686-2018,,https://sdrha.org,"Low-income residents of Washington, Bolivar, Humphreys, Sunflower, Issaquena, and Sharkey counties meeting HUD income guidelines.","Residentes de bajos ingresos de los condados Washington, Bolivar, Humphreys, Sunflower, Issaquena y Sharkey que cumplan pautas de ingresos HUD.",Call 662-686-2018; serves Greenville and Washington County from Leland office; pairs with WIN Job Center Greenville.,Llame al 662-686-2018; sirve Greenville y el condado Washington desde la oficina en Leland.,Monday–Friday business hours,greenville|housing|delta|rental-assistance|reentry,Supportive housing|Housing Choice Vouchers|Counseling,Washington,Washington|Bolivar|Humphreys|Sunflower|Issaquena|Sharkey,multi,accepts_criminal_record|referral_required
205,University of Mississippi Medical Center — Charity Care,healthcare,Jackson / Hinds County,"University of Mississippi Medical Center — Charity Care serves justice-involved adults and families rebuilding stability after incarceration in Hinds County. University of Mississippi Medical Center provides emergency, inpatient, and specialty care with financial assistance and Medicaid coordination for uninsured Hinds County patients including returning citizens from MDOC custody. Social workers connect discharged patients to access.ms.gov and Mississippi Works. Services are available on a sliding fee or Medicaid basis for eligible patients; bring ID and release paperwork when establishing care after incarceration. Contact this resource to confirm current intake steps, required documents, and whether walk-ins or referrals are accepted.","University of Mississippi Medical Center — Charity Care sirve a adultos con antecedentes penales y familias que reconstruyen estabilidad después de la encarcelación en condado de Hinds. Los servicios están disponibles con tarifa móvil o Medicaid para pacientes elegibles; lleve identificación y documentos de liberación al establecer atención después de la encarcelación. Contacte este recurso para confirmar pasos de admisión, documentos requeridos y si aceptan visitas sin cita o referencias.",2500 North State Street,Jackson,601-984-1000,,https://www.umc.edu,Mississippi patients; financial assistance available; Medicaid accepted.,Pacientes de Mississippi; asistencia financiera disponible; se acepta Medicaid.,Emergency 601-984-1000; financial counseling for uninsured; pairs with Jackson Free Clinic.,Emergencias 601-984-1000; consejería financiera para sin seguro; se vincula con Jackson Free Clinic.,Emergency 24/7; offices Monday–Friday,jackson|healthcare|hospital|charity-care|reentry,Basic needs assistance|Substance use treatment|Primary medical care|Rent and utility assistance|Discharge planning,Hinds,Hinds,single,accepts_criminal_record
206,Memorial Hospital at Gulfport,healthcare,Gulfport / Harrison County,"Memorial Hospital at Gulfport serves justice-involved adults and families rebuilding stability after incarceration in Harrison County. Memorial Hospital at Gulfport provides emergency, inpatient, and outpatient care with financial assistance for Harrison County residents including uninsured justice-involved adults reestablishing healthcare after release from county jail or MDOC custody. Services are available on a sliding fee or Medicaid basis for eligible patients; bring ID and release paperwork when establishing care after incarceration. Contact this resource to confirm current intake steps, required documents, and whether walk-ins or referrals are accepted.","Memorial Hospital at Gulfport sirve a adultos con antecedentes penales y familias que reconstruyen estabilidad después de la encarcelación en condado de Harrison. Los servicios están disponibles con tarifa móvil o Medicaid para pacientes elegibles; lleve identificación y documentos de liberación al establecer atención después de la encarcelación. Contacte este recurso para confirmar pasos de admisión, documentos requeridos y si aceptan visitas sin cita o referencias.",4500 13th Street,Gulfport,228-867-4000,,https://www.memorialhealthcare.com,Gulf Coast patients; financial assistance available; Medicaid accepted.,Pacientes de la Costa del Golfo; asistencia financiera disponible; se acepta Medicaid.,Emergency 228-867-4000; pairs with Coastal Family Health Center and Open Doors.,Emergencias 228-867-4000; se vincula con Coastal Family Health Center y Open Doors.,Emergency 24/7,gulfport|healthcare|hospital|reentry|mississippi|harrison,Basic needs assistance|Substance use treatment|Rent and utility assistance|Discharge planning,Harrison,Harrison,single,accepts_criminal_record
207,Region 7 Mental Health Services — West Point,healthcare,West Point / Clay County,"Region 7 Mental Health Services — West Point serves justice-involved adults and families rebuilding stability after incarceration in Clay, Oktibbeha, Lowndes, and Chickasaw counties. Region 7 Mental Health Services provides outpatient mental health and substance use treatment for Clay, Oktibbeha, and Golden Triangle counties including justice-involved adults under MDOC supervision. Medicaid and sliding-fee services support behavioral health continuity after release. Services are available on a sliding fee or Medicaid basis for eligible patients; bring ID and release paperwork when establishing care after incarceration. Contact this resource to confirm current intake steps, required documents, and whether walk-ins or referrals are accepted.","Region 7 Mental Health Services — West Point sirve a adultos con antecedentes penales y familias que reconstruyen estabilidad después de la encarcelación en los condados Clay, Oktibbeha, Lowndes y Chickasaw. Los servicios están disponibles con tarifa móvil o Medicaid para pacientes elegibles; lleve identificación y documentos de liberación al establecer atención después de la encarcelación. Contacte este recurso para confirmar pasos de admisión, documentos requeridos y si aceptan visitas sin cita o referencias.",710 Medical Center Drive,West Point,662-494-3555,,https://www.region7mhs.com,Region 7 service area residents; Medicaid and sliding-fee accepted.,Residentes del área de servicio Region 7; se aceptan Medicaid y tarifa móvil.,Call 662-494-3555 for intake; pairs with Community Counseling Services and WIN Job Center Columbus.,Llame al 662-494-3555 para admisión; se vincula con Community Counseling Services y WIN Job Center Columbus.,Monday–Friday clinic hours,west-point|clay|healthcare|mental-health|reentry,Substance use treatment|Crisis services|Reentry navigation|Probation and parole supervision,Clay,Clay|Oktibbeha|Lowndes|Chickasaw,multi,accepts_criminal_record
208,Region 9 Mental Health Services — Laurel,healthcare,Laurel / Jones County,"Region 9 Mental Health Services — Laurel serves justice-involved adults and families rebuilding stability after incarceration in Jones, Wayne, Greene, and Perry counties. Region 9 Mental Health Services provides outpatient psychiatric care and substance use treatment for Jones, Wayne, and south Mississippi counties including justice-involved adults referred by MDOC probation and drug courts. Sliding-fee and Medicaid services available. Services are available on a sliding fee or Medicaid basis for eligible patients; bring ID and release paperwork when establishing care after incarceration. Contact this resource to confirm current intake steps, required documents, and whether walk-ins or referrals are accepted.","Region 9 Mental Health Services — Laurel sirve a adultos con antecedentes penales y familias que reconstruyen estabilidad después de la encarcelación en los condados Jones, Wayne, Greene y Perry. Los servicios están disponibles con tarifa móvil o Medicaid para pacientes elegibles; lleve identificación y documentos de liberación al establecer atención después de la encarcelación. Contacte este recurso para confirmar pasos de admisión, documentos requeridos y si aceptan visitas sin cita o referencias.",311 West 12th Street,Laurel,601-425-7800,,https://www.region9mhs.com,Region 9 service area residents; Medicaid and sliding-fee accepted.,Residentes del área de servicio Region 9; se aceptan Medicaid y tarifa móvil.,Call 601-425-7800 for intake; pairs with Region 12 Mental Health and WIN Job Center Laurel.,Llame al 601-425-7800 para admisión; se vincula con Region 12 Mental Health y WIN Job Center Laurel.,Monday–Friday clinic hours,laurel|jones|healthcare|mental-health|reentry,Substance use treatment|Crisis services|Reentry navigation|Probation and parole supervision,Jones,Jones|Wayne|Greene|Perry,multi,accepts_criminal_record
209,Region 3 Mental Health Services — Tupelo Satellite,healthcare,Booneville / Prentiss County,"Region 3 Mental Health Services — Tupelo Satellite serves justice-involved adults and families rebuilding stability after incarceration in Prentiss, Tishomingo, and Alcorn counties. Region 3 Mental Health Services serves Prentiss, Tishomingo, and northeast Mississippi counties with outpatient mental health and substance use treatment for justice-involved adults including those released to rural communities after MDOC custody. Services are available on a sliding fee or Medicaid basis for eligible patients; bring ID and release paperwork when establishing care after incarceration. Contact this resource to confirm current intake steps, required documents, and whether walk-ins or referrals are accepted.","Region 3 Mental Health Services — Tupelo Satellite sirve a adultos con antecedentes penales y familias que reconstruyen estabilidad después de la encarcelación en los condados Prentiss, Tishomingo y Alcorn. Los servicios están disponibles con tarifa móvil o Medicaid para pacientes elegibles; lleve identificación y documentos de liberación al establecer atención después de la encarcelación. Contacte este recurso para confirmar pasos de admisión, documentos requeridos y si aceptan visitas sin cita o referencias.",505 West Church Street,Booneville,662-728-6222,,https://www.region3mhs.com,Region 3 service area residents; Medicaid and sliding-fee accepted.,Residentes del área de servicio Region 3; se aceptan Medicaid y tarifa móvil.,Call 662-728-6222 for intake; pairs with Region II Mental Health Tupelo and WIN Job Center Tupelo.,Llame al 662-728-6222 para admisión; se vincula con Region II Mental Health Tupelo y WIN Job Center Tupelo.,Monday–Friday clinic hours,booneville|prentiss|healthcare|mental-health|reentry,Substance use treatment|Crisis services|Reentry navigation|Probation and parole supervision,Prentiss,Prentiss|Tishomingo|Alcorn,multi,accepts_criminal_record
210,Mississippi WIN Job Center — Laurel,employment,Laurel / Jones County,"Mississippi WIN Job Center — Laurel serves justice-involved adults and families rebuilding stability after incarceration in Jones, Wayne, Greene, and Jasper counties. The Laurel WIN Job Center connects Jones County and south Mississippi job seekers including justice-involved adults to WIOA training, resume assistance, and fair-chance employment navigation. Staff coordinate with Region 9 Mental Health and county MDHS offices. Staff help justice-involved job seekers build work history, remove record-related barriers, and connect to fair-chance employers in the region. Contact this resource to confirm current intake steps, required documents, and whether walk-ins or referrals are accepted.","Mississippi WIN Job Center — Laurel sirve a adultos con antecedentes penales y familias que reconstruyen estabilidad después de la encarcelación en los condados Jones, Wayne, Greene y Jasper. El personal ayuda a quienes buscan empleo con antecedentes penales a construir historial laboral, reducir barreras por antecedentes y conectarse con empleadores de segunda oportunidad. Contacte este recurso para confirmar pasos de admisión, documentos requeridos y si aceptan visitas sin cita o referencias.",917 North 16th Avenue,Laurel,601-428-7711,,https://msworks.ms.gov,Open to Jones County job seekers including justice-involved individuals; core services free.,Abierto a buscadores de empleo del condado Jones incluidas personas con antecedentes penales; servicios básicos gratuitos.,Register at msworks.ms.gov; call 601-428-7711; pairs with Region 9 Mental Health.,Regístrese en msworks.ms.gov; llame al 601-428-7711; se vincula con Region 9 Mental Health.,Monday–Friday business hours,laurel|jones|employment|WIN|WIOA|reentry,Job readiness training|Workforce development|Employment assistance|Career workshops,Jones,Jones|Wayne|Greene|Jasper,multi,accepts_criminal_record
211,Mississippi WIN Job Center — McComb,employment,McComb / Pike County,"Mississippi WIN Job Center — McComb serves justice-involved adults and families rebuilding stability after incarceration in Pike, Walthall, Amite, and Wilkinson counties. The McComb WIN Job Center connects southwest Mississippi job seekers including justice-involved adults to WIOA training, resume assistance, and fair-chance employer navigation in Pike, Walthall, and Amite counties. Staff help justice-involved job seekers build work history, remove record-related barriers, and connect to fair-chance employers in the region. Contact this resource to confirm current intake steps, required documents, and whether walk-ins or referrals are accepted.","Mississippi WIN Job Center — McComb sirve a adultos con antecedentes penales y familias que reconstruyen estabilidad después de la encarcelación en los condados Pike, Walthall, Amite y Wilkinson. El personal ayuda a quienes buscan empleo con antecedentes penales a construir historial laboral, reducir barreras por antecedentes y conectarse con empleadores de segunda oportunidad. Contacte este recurso para confirmar pasos de admisión, documentos requeridos y si aceptan visitas sin cita o referencias.",1200 White Street,McComb,601-684-4011,,https://msworks.ms.gov,Open to Pike County and southwest Mississippi job seekers including justice-involved individuals.,Abierto a buscadores de empleo del condado Pike y suroeste de Mississippi incluidas personas con antecedentes penales.,Register at msworks.ms.gov; call 601-684-4011; pairs with Southwest Mississippi Regional Medical Center.,Regístrese en msworks.ms.gov; llame al 601-684-4011; se vincula con Southwest Mississippi Regional Medical Center.,Monday–Friday business hours,mccomb|pike|employment|WIN|WIOA|reentry,Job readiness training|Workforce development|Employment assistance,Pike,Pike|Walthall|Amite|Wilkinson,multi,accepts_criminal_record
212,Mississippi WIN Job Center — Southaven,employment,Southaven / DeSoto County,"Mississippi WIN Job Center — Southaven serves justice-involved adults and families rebuilding stability after incarceration in DeSoto, Marshall, and Tate counties. The Southaven WIN Job Center connects DeSoto County and north Mississippi metro job seekers including justice-involved adults to WIOA training, resume assistance, and fair-chance employment navigation near the Tennessee border. Staff help justice-involved job seekers build work history, remove record-related barriers, and connect to fair-chance employers in the region. Contact this resource to confirm current intake steps, required documents, and whether walk-ins or referrals are accepted.","Mississippi WIN Job Center — Southaven sirve a adultos con antecedentes penales y familias que reconstruyen estabilidad después de la encarcelación en los condados DeSoto, Marshall y Tate. El personal ayuda a quienes buscan empleo con antecedentes penales a construir historial laboral, reducir barreras por antecedentes y conectarse con empleadores de segunda oportunidad. Contacte este recurso para confirmar pasos de admisión, documentos requeridos y si aceptan visitas sin cita o referencias.",7160 Hacks Cross Road,Olive Branch,662-895-4477,,https://msworks.ms.gov,Open to DeSoto County job seekers including justice-involved individuals; core services free.,Abierto a buscadores de empleo del condado DeSoto incluidas personas con antecedentes penales; servicios básicos gratuitos.,Register at msworks.ms.gov; call 662-895-4477; pairs with Communicare and MDOC Oxford field office.,Regístrese en msworks.ms.gov; llame al 662-895-4477; se vincula con Communicare y oficina MDOC Oxford.,Monday–Friday business hours,southaven|desoto|employment|WIN|WIOA|reentry,Job readiness training|Workforce development|Employment assistance|Career workshops,DeSoto,DeSoto|Marshall|Tate,multi,accepts_criminal_record
213,Mississippi WIN Job Center — Vicksburg,employment,Vicksburg / Warren County,"Mississippi WIN Job Center — Vicksburg serves justice-involved adults and families rebuilding stability after incarceration in Warren, Claiborne, Sharkey, and Issaquena counties. The Vicksburg WIN Job Center connects Warren County and central Mississippi job seekers including justice-involved adults to WIOA training, resume assistance, and fair-chance employment navigation along the Mississippi River corridor. Staff help justice-involved job seekers build work history, remove record-related barriers, and connect to fair-chance employers in the region. Contact this resource to confirm current intake steps, required documents, and whether walk-ins or referrals are accepted.","Mississippi WIN Job Center — Vicksburg sirve a adultos con antecedentes penales y familias que reconstruyen estabilidad después de la encarcelación en los condados Warren, Claiborne, Sharkey y Issaquena. El personal ayuda a quienes buscan empleo con antecedentes penales a construir historial laboral, reducir barreras por antecedentes y conectarse con empleadores de segunda oportunidad. Contacte este recurso para confirmar pasos de admisión, documentos requeridos y si aceptan visitas sin cita o referencias.",1100 Washington Street,Vicksburg,601-638-3431,,https://msworks.ms.gov,Open to Warren County job seekers including justice-involved individuals; core services free.,Abierto a buscadores de empleo del condado Warren incluidas personas con antecedentes penales; servicios básicos gratuitos.,Register at msworks.ms.gov; call 601-638-3431; pairs with Warren County MDHS and Merit Health River Oaks.,Regístrese en msworks.ms.gov; llame al 601-638-3431; se vincula con MDHS del condado Warren.,Monday–Friday business hours,vicksburg|warren|employment|WIN|WIOA|reentry,Job readiness training|Workforce development|Employment assistance,Warren,Warren|Claiborne|Sharkey|Issaquena,multi,accepts_criminal_record
214,North Mississippi Rural Legal Services,legal-aid,Oxford / Lafayette County,"North Mississippi Rural Legal Services serves justice-involved adults and families rebuilding stability after incarceration in 6 Mississippi counties. North Mississippi Rural Legal Services provides free civil legal aid to low-income residents in north Mississippi counties including housing, public benefits, and family law assistance for justice-involved clients—not criminal defense representation. Representation is limited to civil legal matters—not active criminal cases. Income, household size, and offense type determine eligibility for record relief. Contact this resource to confirm current intake steps, required documents, and whether walk-ins or referrals are accepted.","North Mississippi Rural Legal Services ofrece asistencia legal civil gratuita o de bajo costo para residentes de bajos ingresos en 6 condados de Mississippi. Los abogados ayudan con sellado o eliminación de antecedentes, desalojos, beneficios y otros asuntos civiles—no casos penales activos. La representación se limita a asuntos legales civiles—no casos penales activos. Ingresos, tamaño del hogar y tipo de delito determinan la elegibilidad para alivio de antecedentes. Contacte la oficina para confirmar pasos de admisión, documentos requeridos y si aceptan visitas sin cita o referencias.",1067 College Hill Road,Oxford,662-234-2917,,https://www.nmrls.org,Low-income north Mississippi residents with civil legal problems; LSC income limits apply.,Residentes de bajos ingresos del norte de Mississippi con problemas legales civiles; aplican límites de ingresos LSC.,"Call 662-234-2917 for intake; serves Lafayette, Marshall, Benton, and DeSoto counties.","Llame al 662-234-2917 para admisión; sirve Lafayette, Marshall, Benton y DeSoto.",Intake Monday–Friday business hours,oxford|legal-aid|low-income|rural|reentry,Civil legal representation|Housing legal aid|Benefits navigation|Expungement assistance,Lafayette,Lafayette|Marshall|Benton|DeSoto|Tippah|Tate,multi,accepts_criminal_record
215,Mississippi Volunteer Lawyers Project,legal-aid,Jackson / Hinds County,"Mississippi Volunteer Lawyers Project serves justice-involved adults and families rebuilding stability after incarceration in Hinds, Rankin, and Madison counties. Mississippi Volunteer Lawyers Project connects low-income Mississippians to pro bono civil attorneys for housing, benefits, and family law matters including limited record relief guidance—not criminal defense. Representation is limited to civil legal matters—not active criminal cases. Income, household size, and offense type determine eligibility for record relief. Contact this resource to confirm current intake steps, required documents, and whether walk-ins or referrals are accepted.","Mississippi Volunteer Lawyers Project ofrece asistencia legal civil gratuita o de bajo costo para residentes de bajos ingresos en los condados Hinds, Rankin y Madison. Los abogados ayudan con sellado o eliminación de antecedentes, desalojos, beneficios y otros asuntos civiles—no casos penales activos. La representación se limita a asuntos legales civiles—no casos penales activos. Ingresos, tamaño del hogar y tipo de delito determinan la elegibilidad para alivio de antecedentes. Contacte la oficina para confirmar pasos de admisión, documentos requeridos y si aceptan visitas sin cita o referencias.",643 North State Street,Jackson,601-960-9577,,https://www.mvlp.org,Low-income Mississippi residents with civil legal needs; income screening required.,Residentes de Mississippi de bajos ingresos con necesidades legales civiles; se requiere evaluación de ingresos.,Apply at mvlp.org or call 601-960-9577; complements MCLS statewide intake.,Solicite en mvlp.org o llame al 601-960-9577.,Monday–Friday business hours,jackson|legal-aid|pro-bono|reentry|mississippi|hinds,Partner referrals|Housing legal help|Benefits navigation|Clinics,Hinds,Hinds|Rankin|Madison,multi,accepts_criminal_record
216,Region 15 Mental Health Services — Greenwood,substance-use-treatment,Greenwood / Leflore County,"Region 15 Mental Health Services — Greenwood serves justice-involved adults and families rebuilding stability after incarceration in Leflore, Carroll, Montgomery, and Grenada counties. Region 15 Mental Health Services provides outpatient mental health and substance use treatment for Leflore, Carroll, and central Delta counties including justice-involved adults referred by MDOC probation and drug courts. Medicaid and sliding-fee services available. Treatment may require assessment, insurance or Medicaid enrollment, and referral from courts or corrections for some beds—call intake to confirm openings. Contact this resource to confirm current intake steps, required documents, and whether walk-ins or referrals are accepted.","Region 15 Mental Health Services — Greenwood sirve a adultos con antecedentes penales y familias que reconstruyen estabilidad después de la encarcelación en los condados Leflore, Carroll, Montgomery y Grenada. El tratamiento puede requerir evaluación, seguro o Medicaid y referencia de tribunales o correcciones para algunas plazas—llame a admisión para confirmar disponibilidad. Contacte este recurso para confirmar pasos de admisión, documentos requeridos y si aceptan visitas sin cita o referencias.",611 West Washington Street,Greenwood,662-453-6211,,https://www.region15mhs.com,Region 15 service area residents; Medicaid and sliding-fee accepted.,Residentes del área de servicio Region 15; se aceptan Medicaid y tarifa móvil.,Call 662-453-6211 for intake; pairs with MCLS Greenwood and Delta Health Alliance.,Llame al 662-453-6211 para admisión; se vincula con MCLS Greenwood y Delta Health Alliance.,Monday–Friday clinic hours,greenwood|substance-use-treatment|mental-health|delta|reentry,Substance use treatment|Crisis services|Reentry navigation|Probation and parole supervision,Leflore,Leflore|Carroll|Montgomery|Grenada,multi,accepts_criminal_record|referral_required
217,Region 4 Mental Health Services — Batesville,substance-use-treatment,Batesville / Panola County,"Region 4 Mental Health Services — Batesville serves justice-involved adults and families rebuilding stability after incarceration in Panola, Tallahatchie, Quitman, and Yalobusha counties. Region 4 Mental Health Services provides outpatient psychiatric care and substance use treatment for Panola, Tallahatchie, and north Delta counties including justice-involved adults under MDOC supervision. Sliding-fee and Medicaid services support treatment after release. Treatment may require assessment, insurance or Medicaid enrollment, and referral from courts or corrections for some beds—call intake to confirm openings. Contact this resource to confirm current intake steps, required documents, and whether walk-ins or referrals are accepted.","Region 4 Mental Health Services — Batesville sirve a adultos con antecedentes penales y familias que reconstruyen estabilidad después de la encarcelación en los condados Panola, Tallahatchie, Quitman y Yalobusha. El tratamiento puede requerir evaluación, seguro o Medicaid y referencia de tribunales o correcciones para algunas plazas—llame a admisión para confirmar disponibilidad. Contacte este recurso para confirmar pasos de admisión, documentos requeridos y si aceptan visitas sin cita o referencias.",300 Highway 6 West,Batesville,662-563-4541,,https://www.region4mhs.com,Region 4 service area residents; Medicaid and sliding-fee accepted.,Residentes del área de servicio Region 4; se aceptan Medicaid y tarifa móvil.,Call 662-563-4541 for intake; pairs with WIN Job Center Oxford and Region 6 Mental Health.,Llame al 662-563-4541 para admisión; se vincula con WIN Job Center Oxford y Region 6 Mental Health.,Monday–Friday clinic hours,batesville|panola|substance-use-treatment|mental-health|reentry,Substance use treatment|Crisis services|Reentry navigation|Probation and parole supervision,Panola,Panola|Tallahatchie|Quitman|Yalobusha,multi,accepts_criminal_record|referral_required
218,Region 11 Mental Health Services — Poplarville,substance-use-treatment,Poplarville / Pearl River County,"Region 11 Mental Health Services — Poplarville serves justice-involved adults and families rebuilding stability after incarceration in Pearl River, Hancock, Stone, and George counties. Region 11 Mental Health Services provides outpatient mental health and substance use treatment for Pearl River, Hancock, and south Mississippi counties including justice-involved adults referred by MDOC probation. Medicaid and sliding-fee care accepted. Treatment may require assessment, insurance or Medicaid enrollment, and referral from courts or corrections for some beds—call intake to confirm openings. Contact this resource to confirm current intake steps, required documents, and whether walk-ins or referrals are accepted.","Region 11 Mental Health Services — Poplarville sirve a adultos con antecedentes penales y familias que reconstruyen estabilidad después de la encarcelación en los condados Pearl River, Hancock, Stone y George. El tratamiento puede requerir evaluación, seguro o Medicaid y referencia de tribunales o correcciones para algunas plazas—llame a admisión para confirmar disponibilidad. Contacte este recurso para confirmar pasos de admisión, documentos requeridos y si aceptan visitas sin cita o referencias.",157 Savannah Millard Drive,Poplarville,601-795-2453,,https://www.region11mhs.com,Region 11 service area residents; Medicaid and sliding-fee accepted.,Residentes del área de servicio Region 11; se aceptan Medicaid y tarifa móvil.,Call 601-795-2453 for intake; pairs with WIN Job Center Gulf Coast and Coastal Family Health Center.,Llame al 601-795-2453 para admisión; se vincula con WIN Job Center Gulf Coast y Coastal Family Health Center.,Monday–Friday clinic hours,poplarville|substance-use-treatment|mental-health|reentry|mississippi|pearl-river,Substance use treatment|Crisis services|Reentry navigation|Probation and parole supervision,Pearl River,Pearl River|Hancock|Stone|George,multi,accepts_criminal_record|referral_required
219,Mississippi Veterans Affairs — Hinds County VSO,veterans,Jackson / Hinds County,"Mississippi Veterans Affairs — Hinds County VSO serves justice-involved adults and families rebuilding stability after incarceration in Hinds County. The Hinds County Veterans Service Officer helps justice-involved veterans access VA benefits, disability claims, and housing resources through free claims assistance at the county office. VSO staff coordinate with G.V. Montgomery VA Medical Center and MDOC reentry partners. VA eligibility and discharge status affect which benefits apply; ask specifically for justice-involved veteran or VJO/HCRV services when calling. Contact this resource to confirm current intake steps, required documents, and whether walk-ins or referrals are accepted.","Mississippi Veterans Affairs — Hinds County VSO sirve a adultos con antecedentes penales y familias que reconstruyen estabilidad después de la encarcelación en condado de Hinds. La elegibilidad del VA y el tipo de baja afectan qué beneficios aplican; pida específicamente servicios VJO/HCRV o para veteranos en el sistema de justicia al llamar. Contacte este recurso para confirmar pasos de admisión, documentos requeridos y si aceptan visitas sin cita o referencias.",3463 Northside Drive,Jackson,601-576-4850,,https://www.msva.ms.gov,Honorably discharged or qualifying veterans in Hinds County; service documentation required.,Veteranos con baja honorable o calificados en el condado Hinds; se requiere documentación de servicio.,Call 601-576-4850 for Hinds County VSO appointment; free claims assistance.,Llame al 601-576-4850 para cita con VSO del condado Hinds; asistencia gratuita con reclamaciones.,Monday–Friday business hours,jackson|veterans|VSO|VA-benefits|reentry,Benefits navigation|Disability claims navigation|County VSO services|Partner referrals,Hinds,Hinds,single,accepts_criminal_record
220,Mississippi Veterans Affairs — Harrison County VSO,veterans,Gulfport / Harrison County,"Mississippi Veterans Affairs — Harrison County VSO serves justice-involved adults and families rebuilding stability after incarceration in Harrison County. The Harrison County Veterans Service Officer helps Gulf Coast veterans including justice-involved veterans access VA benefits, disability claims, and housing resources through free county claims assistance. VSO staff coordinate with VA Gulf Coast Health Care System Biloxi. VA eligibility and discharge status affect which benefits apply; ask specifically for justice-involved veteran or VJO/HCRV services when calling. Contact this resource to confirm current intake steps, required documents, and whether walk-ins or referrals are accepted.","Mississippi Veterans Affairs — Harrison County VSO sirve a adultos con antecedentes penales y familias que reconstruyen estabilidad después de la encarcelación en condado de Harrison. La elegibilidad del VA y el tipo de baja afectan qué beneficios aplican; pida específicamente servicios VJO/HCRV o para veteranos en el sistema de justicia al llamar. Contacte este recurso para confirmar pasos de admisión, documentos requeridos y si aceptan visitas sin cita o referencias.",730 East Beach Boulevard,Long Beach,228-214-1407,,https://www.msva.ms.gov,Honorably discharged or qualifying veterans in Harrison County; service documentation required.,Veteranos con baja honorable o calificados en el condado Harrison; se requiere documentación de servicio.,Call 228-214-1407 for Harrison County VSO appointment; pairs with VA Biloxi campus.,Llame al 228-214-1407 para cita con VSO del condado Harrison; se vincula con campus VA Biloxi.,Monday–Friday business hours,gulfport|veterans|VSO|VA-benefits|reentry,Benefits navigation|Disability claims navigation|County VSO services|Partner referrals,Harrison,Harrison,single,accepts_criminal_record
221,Veterans Recovery Resources — Gulf Coast,veterans,Biloxi / Harrison County,"Veterans Recovery Resources — Gulf Coast serves justice-involved adults and families rebuilding stability after incarceration in Harrison, Hancock, and Jackson counties. Veterans Recovery Resources provides peer support, recovery coaching, and reentry navigation for justice-involved veterans on the Mississippi Gulf Coast connecting clients to VA treatment, Mississippi Works, and sober living options. Veteran peer support—not general population shelter. VA eligibility and discharge status affect which benefits apply; ask specifically for justice-involved veteran or VJO/HCRV services when calling. Contact this resource to confirm current intake steps, required documents, and whether walk-ins or referrals are accepted.","Veterans Recovery Resources — Gulf Coast sirve a adultos con antecedentes penales y familias que reconstruyen estabilidad después de la encarcelación en los condados Harrison, Hancock y Jackson. La elegibilidad del VA y el tipo de baja afectan qué beneficios aplican; pida específicamente servicios VJO/HCRV o para veteranos en el sistema de justicia al llamar. Contacte este recurso para confirmar pasos de admisión, documentos requeridos y si aceptan visitas sin cita o referencias.",400 Veterans Avenue,Biloxi,228-523-5000,,https://www.va.gov/gulf-coast-health-care,Gulf Coast veterans in recovery including justice-involved veterans; DD-214 or veteran status required.,Veteranos de la Costa del Golfo en recuperación incluidos veteranos con antecedentes penales; se requiere DD-214 o estatus de veterano.,Coordinate through VA Gulf Coast homeless veteran coordinator; pairs with Back Bay Mission.,Coordine a través del coordinador de veteranos sin hogar VA Gulf Coast; se vincula con Back Bay Mission.,Contact for referral hours,biloxi|veterans|peer-support|recovery|reentry,Support groups|Reentry navigation|Benefits navigation|Partner referrals,Harrison,Harrison|Hancock|Jackson,multi,accepts_criminal_record
222,Edwards Street Fellowship Center — Food Pantry,food-nutrition,Hattiesburg / Forrest County,"Edwards Street Fellowship Center — Food Pantry serves justice-involved adults and families rebuilding stability after incarceration in Forrest, and Lamar counties. Edwards Street Fellowship Center operates one of the Pine Belt's largest food pantries and basic needs programs serving food-insecure Forrest and Lamar county residents including returning citizens reestablishing food security after release from MDOC custody. Food assistance does not usually require a criminal-record disclosure; staff can help with SNAP applications and pantry locations by ZIP code. Contact this resource to confirm current intake steps, required documents, and whether walk-ins or referrals are accepted.","Edwards Street Fellowship Center — Food Pantry sirve a adultos con antecedentes penales y familias que reconstruyen estabilidad después de la encarcelación en los condados Forrest y Lamar. La asistencia alimentaria generalmente no requiere declarar antecedentes penales; el personal puede ayudar con solicitudes SNAP y ubicaciones de despensas por código postal. Contacte este recurso para confirmar pasos de admisión, documentos requeridos y si aceptan visitas sin cita o referencias.",1911 Edwards Street,Hattiesburg,601-544-6142,,https://www.edwardsstreetfellowshipcenter.org,Food-insecure Pine Belt residents; justice-involved clients welcome; income screening may apply.,Residentes del Pine Belt con inseguridad alimentaria; clientes con antecedentes penales bienvenidos; puede aplicar evaluación de ingresos.,Call 601-544-6142 for pantry hours; pairs with Extra Table and Pine Belt Mental Healthcare.,Llame al 601-544-6142 para horario de despensa; se vincula con Extra Table y Pine Belt Mental Healthcare.,Pantry hours vary; call ahead,hattiesburg|food-nutrition|food-pantry|basic-needs|reentry,Food pantry access|Basic needs assistance|Rent and utility assistance|SNAP enrollment,Forrest,Forrest|Lamar,multi,
223,Salvation Army — Meridian Food Pantry,food-nutrition,Meridian / Lauderdale County,"Salvation Army — Meridian Food Pantry serves justice-involved adults and families rebuilding stability after incarceration in Lauderdale County. The Salvation Army Meridian corps operates a food pantry and emergency assistance program for food-insecure Lauderdale County residents including returning citizens from MDOC release. Pantry services connect clients to Weems CMHC and WIN Job Center Meridian. Food assistance does not usually require a criminal-record disclosure; staff can help with SNAP applications and pantry locations by ZIP code. Contact this resource to confirm current intake steps, required documents, and whether walk-ins or referrals are accepted.","Salvation Army — Meridian Food Pantry sirve a adultos con antecedentes penales y familias que reconstruyen estabilidad después de la encarcelación en condado de Lauderdale. La asistencia alimentaria generalmente no requiere declarar antecedentes penales; el personal puede ayudar con solicitudes SNAP y ubicaciones de despensas por código postal. Contacte este recurso para confirmar pasos de admisión, documentos requeridos y si aceptan visitas sin cita o referencias.",1200 22nd Avenue,Meridian,601-485-7721,,https://salvationarmyalm.org/meridian,Food-insecure Lauderdale County residents; justice-involved clients welcome.,Residentes del condado Lauderdale con inseguridad alimentaria; clientes con antecedentes penales bienvenidos.,Call 601-485-7721 for pantry schedule; pairs with Weems CMHC and county MDHS.,Llame al 601-485-7721 para horario de despensa; se vincula con Weems CMHC y MDHS del condado.,Pantry hours vary; call ahead,meridian|food-nutrition|food-pantry|reentry|mississippi|lauderdale,Food pantry access|Basic needs assistance|Benefits navigation,Lauderdale,Lauderdale,single,
224,St. Francis Xavier Catholic Church — Food Pantry,food-nutrition,Biloxi / Harrison County,"St. Francis Xavier Catholic Church — Food Pantry is a statewide or regional referral resource for Mississippians affected by the criminal justice system. St. Francis Xavier Catholic Church food pantry serves food-insecure Gulf Coast residents including returning citizens through emergency food boxes and referral navigation to access.ms.gov SNAP enrollment and Back Bay Mission shelter partners. Users can search by location, service type, or need to find active providers in Harrison, and Jackson counties. Specialists or online tools help match people to housing, treatment, employment, legal aid, or benefits resources operated by other organizations. This entry describes a navigation hub—staff here do not replace direct services at partner agencies.","St. Francis Xavier Catholic Church — Food Pantry es un recurso de referencia estatal o regional para misisipianos afectados por el sistema de justicia penal. Los usuarios pueden buscar por ubicación, tipo de servicio o necesidad para encontrar proveedores activos en los condados Harrison y Jackson. Herramientas en línea o especialistas ayudan a conectar con vivienda, tratamiento, empleo, asistencia legal o beneficios operados por otras organizaciones. Esta entrada describe un centro de navegación—el personal no reemplaza servicios directos en agencias aliadas.",920 Division Street,Biloxi,228-432-2260,,https://www.sfxbiloxi.com,Food-insecure Gulf Coast residents; walk-in pantry during posted hours.,Residentes de la Costa del Golfo con inseguridad alimentaria; despensa sin cita durante horarios publicados.,Call 228-432-2260 for pantry hours; pairs with Back Bay Mission and Coastal Family Health Center.,Llame al 228-432-2260 para horario de despensa; se vincula con Back Bay Mission y Coastal Family Health Center.,Pantry hours vary; call ahead,biloxi|food-nutrition|food-pantry|faith-based|reentry,Food pantry access|SNAP enrollment|Basic needs assistance,Harrison,Harrison|Jackson,multi,
225,Good Samaritan Center — Oxford Food Pantry,food-nutrition,Oxford / Lafayette County,"Good Samaritan Center — Oxford Food Pantry serves justice-involved adults and families rebuilding stability after incarceration in Lafayette County. Good Samaritan Center operates a food pantry and emergency assistance program for food-insecure Lafayette County residents including returning citizens establishing food security after release. Volunteers connect clients to access.ms.gov and WIN Job Center Oxford. Food assistance does not usually require a criminal-record disclosure; staff can help with SNAP applications and pantry locations by ZIP code. Contact this resource to confirm current intake steps, required documents, and whether walk-ins or referrals are accepted.","Good Samaritan Center — Oxford Food Pantry sirve a adultos con antecedentes penales y familias que reconstruyen estabilidad después de la encarcelación en condado de Lafayette. La asistencia alimentaria generalmente no requiere declarar antecedentes penales; el personal puede ayudar con solicitudes SNAP y ubicaciones de despensas por código postal. Contacte este recurso para confirmar pasos de admisión, documentos requeridos y si aceptan visitas sin cita o referencias.",1507 University Avenue,Oxford,662-234-7777,,https://www.goodsamaritanoxford.org,Food-insecure Lafayette County residents; justice-involved clients welcome.,Residentes del condado Lafayette con inseguridad alimentaria; clientes con antecedentes penales bienvenidos.,Call 662-234-7777 for pantry hours; pairs with Mid-South Food Bank and Communicare.,Llame al 662-234-7777 para horario de despensa; se vincula con Mid-South Food Bank y Communicare.,Pantry hours vary; call ahead,oxford|food-nutrition|food-pantry|basic-needs|reentry,Food pantry access|Basic needs assistance|Partner referrals|SNAP enrollment,Lafayette,Lafayette,single,
226,Mississippi Department of Mental Health — Peer Support Specialists,peer-support,Jackson / Hinds County,"Mississippi Department of Mental Health — Peer Support Specialists serves justice-involved adults and families rebuilding stability after incarceration in throughout Mississippi. The Mississippi Department of Mental Health certifies and coordinates peer support specialists across Community Mental Health Centers statewide, connecting justice-involved individuals in recovery to certified peers for navigation, mentoring, and treatment engagement—not clinical therapy. Peer specialists with lived experience offer mentoring and recovery support; certification requirements vary by resource. Contact this resource to confirm current intake steps, required documents, and whether walk-ins or referrals are accepted.","Mississippi Department of Mental Health — Peer Support Specialists sirve a adultos con antecedentes penales y familias que reconstruyen estabilidad después de la encarcelación en en todo Mississippi. Especialistas pares con experiencia vivida ofrecen mentoría y apoyo en recuperación; los requisitos de certificación varían según el recurso. Contacte este recurso para confirmar pasos de admisión, documentos requeridos y si aceptan visitas sin cita o referencias.",1101 North West Street,Jackson,601-359-1288,,https://dmh.ms.gov,Mississippi residents in mental health or substance use recovery; peer support available through local CMHCs.,Residentes de Mississippi en recuperación de salud mental o uso de sustancias; apoyo entre pares disponible a través de CMHC locales.,Contact local CMHC for peer support referral; pairs with 988 and SAMHSA helpline.,Contacte CMHC local para referencia de apoyo entre pares; se vincula con 988 y línea SAMHSA.,State office Monday–Friday; local peer services vary,statewide|peer-support|DMH|recovery|reentry,Support groups|Children's services|Treatment engagement|Community navigation|Partner referrals,Hinds,,statewide,
227,Narcotics Anonymous — Mississippi Area,peer-support,Jackson / Hinds County,"Narcotics Anonymous — Mississippi Area serves justice-involved adults and families rebuilding stability after incarceration in throughout Mississippi. Narcotics Anonymous Mississippi Area connects individuals seeking recovery from drug use disorder to free peer-led meetings across all 82 counties including justice-involved adults referred by MDOC probation, drug courts, and treatment providers. NA is peer support—not a treatment or probation office. Peer specialists with lived experience offer mentoring and recovery support; certification requirements vary by resource. Contact this resource to confirm current intake steps, required documents, and whether walk-ins or referrals are accepted.","Narcotics Anonymous — Mississippi Area sirve a adultos con antecedentes penales y familias que reconstruyen estabilidad después de la encarcelación en en todo Mississippi. Especialistas pares con experiencia vivida ofrecen mentoría y apoyo en recuperación; los requisitos de certificación varían según el recurso. Contacte este recurso para confirmar pasos de admisión, documentos requeridos y si aceptan visitas sin cita o referencias.",PO Box 4274,Jackson,601-362-3377,,https://namississippi.org,Open to anyone seeking recovery from drug use disorder; no fees; justice-involved participants welcome.,Abierto a cualquier persona que busque recuperación del trastorno por uso de drogas; sin tarifas; participantes con antecedentes penales bienvenidos.,Find meetings at namississippi.org; helpline 601-362-3377; meetings daily statewide.,Encuentre reuniones en namississippi.org; línea de ayuda 601-362-3377; reuniones diarias en todo el estado.,Meetings daily; schedule online,statewide|peer-support|NA|recovery|substance-use|reentry,Partner referrals|Sponsorship|Substance use treatment,Hinds,,statewide,accepts_criminal_record
228,Region II Mental Health — Peer Support Program,peer-support,Tupelo / Lee County,"Region II Mental Health — Peer Support Program serves justice-involved adults and families rebuilding stability after incarceration in Lee, Prentiss, Itawamba, and Pontotoc counties. Region II Mental Health Services operates a certified peer support program connecting northeast Mississippi residents in recovery—including justice-involved adults under MDOC supervision—to trained peer specialists for mentoring, treatment engagement, and community resource navigation. Peer specialists with lived experience offer mentoring and recovery support; certification requirements vary by resource. Contact this resource to confirm current intake steps, required documents, and whether walk-ins or referrals are accepted.","Region II Mental Health — Peer Support Program sirve a adultos con antecedentes penales y familias que reconstruyen estabilidad después de la encarcelación en los condados Lee, Prentiss, Itawamba y Pontotoc. Especialistas pares con experiencia vivida ofrecen mentoría y apoyo en recuperación; los requisitos de certificación varían según el recurso. Contacte este recurso para confirmar pasos de admisión, documentos requeridos y si aceptan visitas sin cita o referencias.",507 East Main Street,Tupelo,662-841-8959,,https://www.regionii.org,Region II service area residents in mental health or substance use recovery; justice-involved clients welcome.,Residentes del área de servicio Region II en recuperación de salud mental o uso de sustancias; clientes con antecedentes penales bienvenidos.,Call 662-841-8959 for peer support referral; pairs with Oxford House and WIN Job Center Tupelo.,Llame al 662-841-8959 para referencia de apoyo entre pares; se vincula con Oxford House y WIN Job Center Tupelo.,Monday–Friday business hours,tupelo|peer-support|recovery|mental-health|reentry,Support groups|Children's services|Treatment engagement|Community navigation|Partner referrals,Lee,Lee|Prentiss|Itawamba|Pontotoc,multi,accepts_criminal_record
229,Pine Belt Mental Healthcare — Peer Recovery Support,peer-support,Hattiesburg / Forrest County,"Pine Belt Mental Healthcare — Peer Recovery Support serves justice-involved adults and families rebuilding stability after incarceration in Forrest, Lamar, Marion, and Covington counties. Pine Belt Mental Healthcare Resources provides certified peer recovery support specialists for Forrest and Lamar county residents in substance use and mental health recovery including justice-involved adults transitioning from MDOC custody or residential treatment. Peer specialists with lived experience offer mentoring and recovery support; certification requirements vary by resource. Contact this resource to confirm current intake steps, required documents, and whether walk-ins or referrals are accepted.","Pine Belt Mental Healthcare — Peer Recovery Support sirve a adultos con antecedentes penales y familias que reconstruyen estabilidad después de la encarcelación en los condados Forrest, Lamar, Marion y Covington. Especialistas pares con experiencia vivida ofrecen mentoría y apoyo en recuperación; los requisitos de certificación varían según el recurso. Contacte este recurso para confirmar pasos de admisión, documentos requeridos y si aceptan visitas sin cita o referencias.",103 South 19th Avenue,Hattiesburg,601-544-4641,,https://www.pbmhr.org,Pine Belt residents in recovery; justice-involved clients welcome through CMHC referral.,Residentes del Pine Belt en recuperación; clientes con antecedentes penales bienvenidos mediante referencia CMHC.,Call 601-544-4641 for peer support intake; pairs with Harbor House and Born Free New Life.,Llame al 601-544-4641 para admisión de apoyo entre pares; se vincula con Harbor House y Born Free New Life.,Monday–Friday clinic hours,hattiesburg|peer-support|recovery|substance-use|reentry,Support groups|Children's services|Treatment engagement|Community navigation|Supportive housing,Forrest,Forrest|Lamar|Marion|Covington,multi,accepts_criminal_record
230,Communicare — Peer Support Services,peer-support,Oxford / Lafayette County,"Communicare — Peer Support Services serves justice-involved adults and families rebuilding stability after incarceration in Lafayette, Marshall, Benton, and Panola counties. Communicare provides certified peer support specialists for north Mississippi residents in mental health and substance use recovery including justice-involved adults under MDOC supervision in Lafayette, Marshall, and surrounding counties. Peer specialists with lived experience offer mentoring and recovery support; certification requirements vary by resource. Contact this resource to confirm current intake steps, required documents, and whether walk-ins or referrals are accepted.","Communicare — Peer Support Services sirve a adultos con antecedentes penales y familias que reconstruyen estabilidad después de la encarcelación en los condados Lafayette, Marshall, Benton y Panola. Especialistas pares con experiencia vivida ofrecen mentoría y apoyo en recuperación; los requisitos de certificación varían según el recurso. Contacte este recurso para confirmar pasos de admisión, documentos requeridos y si aceptan visitas sin cita o referencias.",152 Highway 7 South,Oxford,662-234-7521,,https://www.communicare.org,Communicare service area residents in recovery; justice-involved clients welcome.,Residentes del área de servicio Communicare en recuperación; clientes con antecedentes penales bienvenidos.,Call 662-234-7521 for peer support referral; pairs with Oxford House and WIN Job Center Oxford.,Llame al 662-234-7521 para referencia de apoyo entre pares; se vincula con Oxford House y WIN Job Center Oxford.,Monday–Friday clinic hours,oxford|peer-support|recovery|mental-health|reentry,Support groups|Children's services|Treatment engagement|Community navigation|Partner referrals,Lafayette,Lafayette|Marshall|Benton|Panola,multi,accepts_criminal_record
231,Catholic Charities — Gulf Coast Basic Needs,basic-needs,Biloxi / Harrison County,"Catholic Charities — Gulf Coast Basic Needs is a statewide or regional referral resource for Mississippians affected by the criminal justice system. Catholic Charities Gulf Coast provides emergency utility assistance, food referrals, and basic needs navigation for low-income Harrison and Jackson county residents including returning citizens reestablishing stability after incarceration. Users can search by location, service type, or need to find active providers in Harrison, Jackson, Stone, and George counties. Specialists or online tools help match people to housing, treatment, employment, legal aid, or benefits resources operated by other organizations. This entry describes a navigation hub—staff here do not replace direct services at partner agencies.","Catholic Charities — Gulf Coast Basic Needs es un recurso de referencia estatal o regional para misisipianos afectados por el sistema de justicia penal. Los usuarios pueden buscar por ubicación, tipo de servicio o necesidad para encontrar proveedores activos en los condados Harrison, Jackson, Stone y George. Herramientas en línea o especialistas ayudan a conectar con vivienda, tratamiento, empleo, asistencia legal o beneficios operados por otras organizaciones. Esta entrada describe un centro de navegación—el personal no reemplaza servicios directos en agencias aliadas.",1790 Popps Ferry Road,Biloxi,228-388-2200,,https://www.catholiccharitiesgulfcoast.org,Low-income Gulf Coast residents facing utility or food crisis; justice-involved clients welcome.,Residentes de bajos ingresos de la Costa del Golfo que enfrentan crisis de servicios públicos o alimentos; clientes con antecedentes penales bienvenidos.,Call 228-388-2200 for assistance; pairs with Back Bay Mission and Open Doors.,Llame al 228-388-2200 para asistencia; se vincula con Back Bay Mission y Open Doors.,Monday–Friday business hours,biloxi|basic-needs|utility-assistance|reentry|mississippi|harrison,Rent and utility assistance|Partner referrals|Basic needs assistance|Benefits navigation,Harrison,Harrison|Jackson|Stone|George,multi,
232,Multi-County Community Service Agency — North Delta,basic-needs,Greenville / Washington County,"Multi-County Community Service Agency — North Delta is a statewide or regional referral resource for Mississippians affected by the criminal justice system. Multi-County Community Service Agency provides energy assistance, weatherization referrals, and emergency basic needs navigation for low-income Delta residents including returning citizens in Washington, Bolivar, and Sunflower counties. Users can search by location, service type, or need to find active providers in Washington, Bolivar, Sunflower, and Leflore counties. Specialists or online tools help match people to housing, treatment, employment, legal aid, or benefits resources operated by other organizations. This entry describes a navigation hub—staff here do not replace direct services at partner agencies.","Multi-County Community Service Agency — North Delta es un recurso de referencia estatal o regional para misisipianos afectados por el sistema de justicia penal. Los usuarios pueden buscar por ubicación, tipo de servicio o necesidad para encontrar proveedores activos en los condados Washington, Bolivar, Sunflower y Leflore. Herramientas en línea o especialistas ayudan a conectar con vivienda, tratamiento, empleo, asistencia legal o beneficios operados por otras organizaciones. Esta entrada describe un centro de navegación—el personal no reemplaza servicios directos en agencias aliadas.",711 Main Street,Greenville,662-335-5273,,https://www.mccsa.org,Low-income Delta region residents meeting federal poverty guidelines; justice-involved clients welcome.,Residentes de bajos ingresos de la región Delta que cumplan pautas federales de pobreza; clientes con antecedentes penales bienvenidos.,Call 662-335-5273 for energy and basic needs assistance; pairs with Delta Health Alliance.,Llame al 662-335-5273 para asistencia energética y necesidades básicas; se vincula con Delta Health Alliance.,Monday–Friday business hours,greenville|basic-needs|community-action|energy-assistance|delta|reentry,Rent and utility assistance|Partner referrals|Basic needs assistance|SNAP enrollment,Washington,Washington|Bolivar|Sunflower|Leflore,multi,
233,Mississippi Food Network — Statewide Food Bank,basic-needs,Statewide,"Mississippi Food Network — Statewide Food Bank serves justice-involved adults and families rebuilding stability after incarceration in throughout Mississippi. Mississippi Food Network distributes emergency groceries through partner pantries across Mississippi for low-income households including returning citizens reestablishing food security after MDOC release. Statewide food bank network—not a SNAP application office. Availability varies by season and donations; call ahead when possible to confirm clothing, hygiene kits, or furniture pickup hours. Contact this resource to confirm current intake steps, required documents, and whether walk-ins or referrals are accepted.","Mississippi Food Network — Statewide Food Bank sirve a adultos con antecedentes penales y familias que reconstruyen estabilidad después de la encarcelación en en todo Mississippi. La disponibilidad varía según la temporada y donaciones; llame cuando sea posible para confirmar horarios de ropa, kits de higiene o muebles. Contacte este recurso para confirmar pasos de admisión, documentos requeridos y si aceptan visitas sin cita o referencias.",440 West Beatty Street,Jackson,601-353-7286,,https://www.msfoodnet.org,Low-income Mississippi residents; partner pantry locator online.,Residentes de Mississippi de bajos ingresos; localizador de despensas aliadas en línea.,Call 601-353-7286 or use msfoodnet.org pantry locator; not an MDHS benefits office.,Llame al 601-353-7286 o use el localizador en msfoodnet.org.,Warehouse hours vary; call partner pantries,statewide|basic-needs|food-bank|reentry|mississippi|hinds,Food pantry access|Partner referrals|Mobile pantry,Hinds,,statewide,accepts_criminal_record
234,Salvation Army — Jackson Area Command,basic-needs,Jackson / Hinds County,"Salvation Army — Jackson Area Command serves justice-involved adults and families rebuilding stability after incarceration in Hinds, Rankin, and Madison counties. The Salvation Army Jackson Area Command provides emergency food, clothing, utility assistance, and disaster relief for low-income Hinds County households including justice-involved families stabilizing after incarceration. Availability varies by season and donations; call ahead when possible to confirm clothing, hygiene kits, or furniture pickup hours. Contact this resource to confirm current intake steps, required documents, and whether walk-ins or referrals are accepted.","Salvation Army — Jackson Area Command sirve a adultos con antecedentes penales y familias que reconstruyen estabilidad después de la encarcelación en los condados Hinds, Rankin y Madison. La disponibilidad varía según la temporada y donaciones; llame cuando sea posible para confirmar horarios de ropa, kits de higiene o muebles. Contacte este recurso para confirmar pasos de admisión, documentos requeridos y si aceptan visitas sin cita o referencias.",110 Presto Lane,Jackson,601-982-4881,,https://centralusa.salvationarmy.org/jackson,Low-income Hinds County residents in crisis; justice-involved households may qualify for emergency assistance.,Residentes de bajos ingresos del condado Hinds en crisis; hogares con antecedentes penales pueden calificar.,Call 601-982-4881; not a walk-in MDHS office.,Llame al 601-982-4881; no es oficina MDHS sin cita.,Monday–Friday business hours,jackson|hinds|basic-needs|utility|reentry,Food pantry access|Clothing assistance|Rent and utility assistance|Disaster relief|Partner referrals,Hinds,Hinds|Rankin|Madison,multi,accepts_criminal_record
235,St. Vincent de Paul — Gulf Coast,basic-needs,Gulfport / Harrison County,"St. Vincent de Paul — Gulf Coast serves justice-involved adults and families rebuilding stability after incarceration in Harrison, and Jackson counties. Society of St. Vincent de Paul Gulf Coast provides emergency food, clothing, and financial assistance for low-income Harrison and Jackson county households including returning citizens. Availability varies by season and donations; call ahead when possible to confirm clothing, hygiene kits, or furniture pickup hours. Contact this resource to confirm current intake steps, required documents, and whether walk-ins or referrals are accepted.","St. Vincent de Paul — Gulf Coast sirve a adultos con antecedentes penales y familias que reconstruyen estabilidad después de la encarcelación en los condados Harrison y Jackson. La disponibilidad varía según la temporada y donaciones; llame cuando sea posible para confirmar horarios de ropa, kits de higiene o muebles. Contacte este recurso para confirmar pasos de admisión, documentos requeridos y si aceptan visitas sin cita o referencias.",228 East Pass Road,Gulfport,228-896-0721,,https://www.svdpbiloxi.org,Low-income Gulf Coast residents in need; conference-based assistance by parish.,Residentes de la Costa del Golfo de bajos ingresos en necesidad; asistencia por conferencia parroquial.,Call 228-896-0721 for nearest conference; pairs with Back Bay Mission.,Llame al 228-896-0721 para la conferencia más cercana.,Varies by conference; call ahead,gulfport|harrison|basic-needs|clothing|reentry,Food pantry access|Clothing assistance|Rent and utility assistance|Basic needs assistance|Partner referrals,Harrison,Harrison|Jackson,multi,accepts_criminal_record
236,Catholic Charities — North Mississippi,basic-needs,Tupelo / Lee County,"Catholic Charities — North Mississippi serves justice-involved adults and families rebuilding stability after incarceration in Lee, Pontotoc, and Itawamba counties. Catholic Charities North Mississippi provides emergency assistance, food, and utility help for low-income families in Lee, Pontotoc, and Itawamba counties including justice-involved households. Availability varies by season and donations; call ahead when possible to confirm clothing, hygiene kits, or furniture pickup hours. Contact this resource to confirm current intake steps, required documents, and whether walk-ins or referrals are accepted.","Catholic Charities — North Mississippi sirve a adultos con antecedentes penales y familias que reconstruyen estabilidad después de la encarcelación en los condados Lee, Pontotoc y Itawamba. La disponibilidad varía según la temporada y donaciones; llame cuando sea posible para confirmar horarios de ropa, kits de higiene o muebles. Contacte este recurso para confirmar pasos de admisión, documentos requeridos y si aceptan visitas sin cita o referencias.",400 South Gloster Street,Tupelo,662-842-3452,,https://www.catholiccharitiesjackson.org,Low-income north Mississippi residents; justice-involved families may qualify for emergency aid.,Residentes de bajos ingresos del norte de Mississippi; familias con antecedentes penales pueden calificar.,Call 662-842-3452; regional office of Catholic Charities Jackson diocese.,Llame al 662-842-3452; oficina regional de la diócesis de Jackson.,Monday–Friday business hours,tupelo|lee|basic-needs|utility|reentry,Basic needs assistance|Food|Rent and utility assistance|Partner referrals|Family reunification support,Lee,Lee|Pontotoc|Itawamba,multi,accepts_criminal_record
237,United Way of Southeast Mississippi — Basic Needs,basic-needs,Hattiesburg / Forrest County,"United Way of Southeast Mississippi — Basic Needs is a statewide or regional referral resource for Mississippians affected by the criminal justice system. United Way of Southeast Mississippi coordinates emergency basic needs assistance and 211 referrals for low-income households in Forrest, Lamar, and Marion counties including returning citizens. Users can search by location, service type, or need to find active providers in Forrest, Lamar, and Marion counties. Specialists or online tools help match people to housing, treatment, employment, legal aid, or benefits resources operated by other organizations. This entry describes a navigation hub—staff here do not replace direct services at partner agencies.","United Way of Southeast Mississippi — Basic Needs es un recurso de referencia estatal o regional para misisipianos afectados por el sistema de justicia penal. Los usuarios pueden buscar por ubicación, tipo de servicio o necesidad para encontrar proveedores activos en los condados Forrest, Lamar y Marion. Herramientas en línea o especialistas ayudan a conectar con vivienda, tratamiento, empleo, asistencia legal o beneficios operados por otras organizaciones. Esta entrada describe un centro de navegación—el personal no reemplaza servicios directos en agencias aliadas.",210 West Front Street,Hattiesburg,601-545-7141,,https://www.unitedwaysems.org,Low-income southeast Mississippi residents; dial 211 for resource navigation.,Residentes de bajos ingresos del sureste de Mississippi; marque 211 para navegación de recursos.,Call 601-545-7141 or 211; pairs with Pine Belt Mental Healthcare.,Llame al 601-545-7141 o al 211.,Monday–Friday business hours,hattiesburg|forrest|basic-needs|211|reentry,Basic needs assistance|Partner referrals,Forrest,Forrest|Lamar|Marion,multi,
238,Mississippi Community College Board — Adult Education,education,Statewide,"Mississippi Community College Board — Adult Education serves justice-involved adults and families rebuilding stability after incarceration in throughout Mississippi. The Mississippi Community College Board coordinates free High School Equivalency and adult basic education programs at community colleges statewide for justice-involved adults rebuilding credentials for Mississippi Works employment. Classes are typically free or low-cost for Mississippi adults; orientation may be required before enrollment in GED or vocational tracks. Contact this resource to confirm current intake steps, required documents, and whether walk-ins or referrals are accepted.","Mississippi Community College Board — Adult Education sirve a adultos con antecedentes penales y familias que reconstruyen estabilidad después de la encarcelación en en todo Mississippi. Las clases suelen ser gratuitas o de bajo costo para adultos en Mississippi; puede requerirse orientación antes de inscribirse en GED o capacitación vocacional. Contacte este recurso para confirmar pasos de admisión, documentos requeridos y si aceptan visitas sin cita o referencias.",3825 Ridgewood Road,Jackson,601-432-6514,,https://www.mccb.edu,Mississippi adults age 16+ without high school diploma; free HSE classes at local community colleges.,Adultos de Mississippi de 16+ años sin diploma de secundaria; clases HSE gratuitas en colegios comunitarios locales.,Find nearest adult education site at mccb.edu; pairs with WIN Job Centers.,Encuentre el sitio de educación para adultos más cercano en mccb.edu.,Class schedules vary by campus,statewide|education|GED|HSE|reentry,GED and high school equivalency|Adult Basic Education|Workforce development,Hinds,,statewide,accepts_criminal_record
239,Mississippi Department of Child Protection Services — Family Support,family-children,Statewide,"Mississippi Department of Child Protection Services — Family Support serves justice-involved adults and families rebuilding stability after incarceration in throughout Mississippi. Mississippi Department of Child Protection Services provides kinship caregiver support, family preservation services, and reunification planning for vulnerable families including justice-involved parents working toward reunification after incarceration. Family resources may require participation in treatment or parenting classes; custody status affects some reunification services. Contact this resource to confirm current intake steps, required documents, and whether walk-ins or referrals are accepted.","Mississippi Department of Child Protection Services — Family Support sirve a adultos con antecedentes penales y familias que reconstruyen estabilidad después de la encarcelación en en todo Mississippi. Los recursos familiares pueden requerir participación en tratamiento o clases de crianza; el estado de custodia afecta algunos servicios de reunificación. Contacte este recurso para confirmar pasos de admisión, documentos requeridos y si aceptan visitas sin cita o referencias.",750 North State Street,Jackson,601-359-4171,,https://www.mdcps.ms.gov,Mississippi families involved with child welfare or seeking kinship support; justice-involved parents may qualify for reunification services.,Familias de Mississippi involucradas con bienestar infantil o que buscan apoyo de parentesco; padres con antecedentes penales pueden calificar.,Call 601-359-4171; report child abuse to 1-800-222-8000; not an emergency shelter.,Llame al 601-359-4171; reporte abuso infantil al 1-800-222-8000.,Monday–Friday business hours,statewide|family-children|kinship|reunification|reentry,Parenting services|Family reunification support|Partner referrals,Hinds,,statewide,accepts_criminal_record
240,Hinds County Circuit Clerk — Voter Registration,id-documentation,Jackson / Hinds County,"Hinds County Circuit Clerk — Voter Registration is a statewide or regional referral resource for Mississippians affected by the criminal justice system. The Hinds County Circuit Clerk assists residents with voter registration and guidance on restoring voting rights after felony convictions under Mississippi law. Staff provide forms and referrals to Mississippi DPS and Mississippi Center for Legal Services—not driver's license services. Users can search by location, service type, or need to find active providers in Hinds County. Specialists or online tools help match people to housing, treatment, employment, legal aid, or benefits resources operated by other organizations. This entry describes a navigation hub—staff here do not replace direct services at partner agencies.","Hinds County Circuit Clerk — Voter Registration es un recurso de referencia estatal o regional para misisipianos afectados por el sistema de justicia penal. Los usuarios pueden buscar por ubicación, tipo de servicio o necesidad para encontrar proveedores activos en condado de Hinds. Herramientas en línea o especialistas ayudan a conectar con vivienda, tratamiento, empleo, asistencia legal o beneficios operados por otras organizaciones. Esta entrada describe un centro de navegación—el personal no reemplaza servicios directos en agencias aliadas.",407 East Pascagoula Street,Jackson,601-968-6555,,https://www.co.hinds.ms.us,Hinds County residents; individuals with felony convictions should verify rights restoration requirements.,Residentes del condado Hinds; personas con condenas por delitos graves deben verificar requisitos de restauración de derechos.,Call 601-968-6555; pairs with Mississippi DPS for ID documents.,Llame al 601-968-6555; se vincula con Mississippi DPS para documentos de identificación.,Monday–Friday business hours,jackson|hinds|id-documentation|voting-rights|reentry,Civil rights advocacy|Rights restoration guidance|Counseling|Partner referrals,Hinds,Hinds,single,
241,Harrison County Circuit Clerk — Voter Registration,id-documentation,Gulfport / Harrison County,"Harrison County Circuit Clerk — Voter Registration is a statewide or regional referral resource for Mississippians affected by the criminal justice system. The Harrison County Circuit Clerk assists Gulf Coast residents with voter registration and photo ID guidance for voting, with referrals to Mississippi DPS for driver's license and ID restoration after incarceration. Users can search by location, service type, or need to find active providers in Harrison County. Specialists or online tools help match people to housing, treatment, employment, legal aid, or benefits resources operated by other organizations. This entry describes a navigation hub—staff here do not replace direct services at partner agencies.","Harrison County Circuit Clerk — Voter Registration es un recurso de referencia estatal o regional para misisipianos afectados por el sistema de justicia penal. Los usuarios pueden buscar por ubicación, tipo de servicio o necesidad para encontrar proveedores activos en condado de Harrison. Herramientas en línea o especialistas ayudan a conectar con vivienda, tratamiento, empleo, asistencia legal o beneficios operados por otras organizaciones. Esta entrada describe un centro de navegación—el personal no reemplaza servicios directos en agencias aliadas.",1801 23rd Avenue,Gulfport,228-865-4000,,https://www.harrisoncountyms.gov,Harrison County residents; felony conviction rights restoration rules apply.,Residentes del condado Harrison; aplican reglas de restauración de derechos por condenas graves.,Call 228-865-4000; not a DPS licensing office.,Llame al 228-865-4000; no es oficina de licencias DPS.,Monday–Friday business hours,gulfport|harrison|id-documentation|voting-rights|reentry,Civil rights advocacy|Photo ID guidance|Partner referrals|Document assistance,Harrison,Harrison,single,
242,North Mississippi Rural Legal Services — Oxford,legal-aid,Oxford / Lafayette County,"North Mississippi Rural Legal Services — Oxford serves justice-involved adults and families rebuilding stability after incarceration in Lafayette, Panola, and Marshall counties. North Mississippi Rural Legal Services provides free civil legal aid to low-income residents of north Mississippi including housing, benefits, and family law for justice-involved clients—not criminal defense. Representation is limited to civil legal matters—not active criminal cases. Income, household size, and offense type determine eligibility for record relief. Contact this resource to confirm current intake steps, required documents, and whether walk-ins or referrals are accepted.","North Mississippi Rural Legal Services — Oxford ofrece asistencia legal civil gratuita o de bajo costo para residentes de bajos ingresos en los condados Lafayette, Panola y Marshall. Los abogados ayudan con sellado o eliminación de antecedentes, desalojos, beneficios y otros asuntos civiles—no casos penales activos. La representación se limita a asuntos legales civiles—no casos penales activos. Ingresos, tamaño del hogar y tipo de delito determinan la elegibilidad para alivio de antecedentes. Contacte la oficina para confirmar pasos de admisión, documentos requeridos y si aceptan visitas sin cita o referencias.",220 South Lamar Boulevard,Oxford,662-234-2916,,https://www.nmrls.com,Low-income north Mississippi residents; LSC income limits; civil matters only.,Residentes de bajos ingresos del norte de Mississippi; límites de ingresos LSC; solo asuntos civiles.,Call 662-234-2916; complements Mississippi Center for Legal Services statewide intake.,Llame al 662-234-2916; complementa la admisión estatal de Mississippi Center for Legal Services.,Monday–Friday business hours,oxford|lafayette|legal-aid|north-mississippi|reentry,Housing legal aid|Benefits navigation|Civil legal representation,Lafayette,Lafayette|Panola|Marshall,multi,accepts_criminal_record
243,Gulf Coast Center for Law — Biloxi,legal-aid,Biloxi / Harrison County,"Gulf Coast Center for Law — Biloxi serves justice-involved adults and families rebuilding stability after incarceration in Harrison, Jackson, and Hancock counties. Gulf Coast Center for Law provides free civil legal services to low-income Harrison, Jackson, and Hancock county residents including eviction defense and public benefits advocacy for justice-involved clients. Representation is limited to civil legal matters—not active criminal cases. Income, household size, and offense type determine eligibility for record relief. Contact this resource to confirm current intake steps, required documents, and whether walk-ins or referrals are accepted.","Gulf Coast Center for Law — Biloxi ofrece asistencia legal civil gratuita o de bajo costo para residentes de bajos ingresos en los condados Harrison, Jackson y Hancock. Los abogados ayudan con sellado o eliminación de antecedentes, desalojos, beneficios y otros asuntos civiles—no casos penales activos. La representación se limita a asuntos legales civiles—no casos penales activos. Ingresos, tamaño del hogar y tipo de delito determinan la elegibilidad para alivio de antecedentes. Contacte la oficina para confirmar pasos de admisión, documentos requeridos y si aceptan visitas sin cita o referencias.",942 Porter Avenue,Biloxi,228-435-9191,,https://www.gulfcoastlaw.org,Low-income Gulf Coast residents; civil legal matters only.,Residentes de la Costa del Golfo de bajos ingresos; solo asuntos legales civiles.,Call 228-435-9191; pairs with Back Bay Mission housing programs.,Llame al 228-435-9191; se vincula con programas de vivienda de Back Bay Mission.,Monday–Friday business hours,biloxi|harrison|legal-aid|gulf-coast|reentry,Housing legal aid|Benefits navigation|Partner referrals,Harrison,Harrison|Jackson|Hancock,multi,accepts_criminal_record
244,Southern Poverty Law Center — Mississippi Reentry Advocacy,legal-aid,Jackson / Hinds County,"Southern Poverty Law Center — Mississippi Reentry Advocacy serves justice-involved adults and families rebuilding stability after incarceration in throughout Mississippi. The Southern Poverty Law Center Mississippi office advocates for fair chance employment, voting rights restoration, and civil rights protections for justice-involved Mississippians through litigation and policy support—not individual criminal defense. Representation is limited to civil legal matters—not active criminal cases. Income, household size, and offense type determine eligibility for record relief. Contact this resource to confirm current intake steps, required documents, and whether walk-ins or referrals are accepted.","Southern Poverty Law Center — Mississippi Reentry Advocacy ofrece asistencia legal civil gratuita o de bajo costo para residentes de bajos ingresos en en todo Mississippi. Los abogados ayudan con sellado o eliminación de antecedentes, desalojos, beneficios y otros asuntos civiles—no casos penales activos. La representación se limita a asuntos legales civiles—no casos penales activos. Ingresos, tamaño del hogar y tipo de delito determinan la elegibilidad para alivio de antecedentes. Contacte la oficina para confirmar pasos de admisión, documentos requeridos y si aceptan visitas sin cita o referencias.",400 North Congress Street,Jackson,601-948-8881,,https://www.splcenter.org,Mississippians facing civil rights violations related to criminal records or reentry barriers; advocacy organization.,Personas de Mississippi que enfrentan violaciones de derechos civiles relacionadas con antecedentes penales; organización de defensa.,Contact through splcenter.org; complements direct legal aid providers.,Contacte a través de splcenter.org; complementa proveedores de asistencia legal directa.,Monday–Friday business hours,jackson|legal-aid|advocacy|civil-rights|reentry,Civil rights advocacy|Policy support|Voting rights assistance,Hinds,,statewide,accepts_criminal_record
245,Mississippi Center for Re-Entry,reentry-organizations,Southaven / DeSoto County,"Mississippi Center for Re-Entry serves justice-involved adults and families rebuilding stability after incarceration in DeSoto, Tunica, Marshall, and Tate counties. Mississippi Center for Re-Entry provides transition support, work readiness, mentoring, and community resource navigation for formerly incarcerated individuals in DeSoto, Tunica, Marshall, and Tate counties and through statewide advocacy partnerships. Peer-led reentry navigation—not emergency cash or shelter intake. Coalition and navigator resources connect returning citizens to local partners—they rarely provide emergency shelter, cash aid, or 24/7 crisis response on their own. Contact this resource to confirm current intake steps, required documents, and whether walk-ins or referrals are accepted.","Mississippi Center for Re-Entry sirve a adultos con antecedentes penales y familias que reconstruyen estabilidad después de la encarcelación en los condados DeSoto, Tunica, Marshall y Tate. Las coaliciones y recursos de navegación conectan a ciudadanos que regresan con aliados locales—rara vez ofrecen refugio de emergencia, efectivo o respuesta de crisis 24/7 por sí solos. Contacte este recurso para confirmar pasos de admisión, documentos requeridos y si aceptan visitas sin cita o referencias.","230-2 Goodman Road East, Suite 202",Southaven,662-701-6031,,https://msreentry.org,"Formerly incarcerated Mississippians in northwest Mississippi and reentry allies; walk-in hours Monday, Wednesday, Friday.","Personas anteriormente encarceladas del noroeste de Mississippi y aliados de reinserción; horario sin cita lunes, miércoles y viernes.",Call 662-701-6031 or 833-536-1835; hours Mon/Wed/Fri 11:00 a.m.–5:00 p.m.; pairs with MDOC and WIN Job Centers.,Llame al 662-701-6031 o 833-536-1835; horario lun/mié/vie 11:00 a.m.–5:00 p.m.,"Monday, Wednesday, Friday 11:00 a.m.–5:00 p.m.",southaven|reentry-organizations|peer-support|employment|reentry,Transition support|Job readiness training|Support groups|Partner referrals|Civil rights advocacy,DeSoto,DeSoto|Tunica|Marshall|Tate,multi,accepts_criminal_record
246,RECH Foundation — M.O.R.E. Reentry Program,reentry-organizations,Jackson / Hinds County,"RECH Foundation — M.O.R.E. Reentry Program serves justice-involved adults and families rebuilding stability after incarceration in Hinds, Rankin, and Madison counties. The RECH Foundation's Mississippi Offender Reentry Establishment (M.O.R.E.) provides statewide mentoring, life skills coaching, workforce development, and employment navigation for justice-involved adults returning to Hinds County and communities across Mississippi. Program enrollment required—not emergency cash assistance. Coalition and navigator resources connect returning citizens to local partners—they rarely provide emergency shelter, cash aid, or 24/7 crisis response on their own. Contact this resource to confirm current intake steps, required documents, and whether walk-ins or referrals are accepted.","RECH Foundation — M.O.R.E. Reentry Program sirve a adultos con antecedentes penales y familias que reconstruyen estabilidad después de la encarcelación en los condados Hinds, Rankin y Madison. Las coaliciones y recursos de navegación conectan a ciudadanos que regresan con aliados locales—rara vez ofrecen refugio de emergencia, efectivo o respuesta de crisis 24/7 por sí solos. Contacte este recurso para confirmar pasos de admisión, documentos requeridos y si aceptan visitas sin cita o referencias.",1313 Maria Court,Jackson,601-566-2276,,https://rechfoundationms.org/m-o-r-e/,Justice-involved adults in Mississippi seeking mentoring and workforce reentry support; program enrollment required.,Adultos con antecedentes penales en Mississippi que buscan mentoría y apoyo de reinserción laboral; se requiere inscripción en el programa.,Contact through rechfoundationms.org; pairs with WIN Job Centers and Hinds Behavioral Health.,Contacte a través de rechfoundationms.org; se vincula con WIN Job Centers y Hinds Behavioral Health.,Program hours vary; contact for enrollment,jackson|reentry-organizations|mentoring|MORE|reentry,Children's services|Job readiness training|Workforce development|Employment assistance|Partner referrals,Hinds,Hinds|Rankin|Madison,multi,accepts_criminal_record
247,Mississippi Prison Industries — Reentry Employment,reentry-organizations,Statewide,"Mississippi Prison Industries — Reentry Employment serves justice-involved adults and families rebuilding stability after incarceration in throughout Mississippi. Mississippi Prison Industries connects returning citizens to transitional employment, skills training, and employer partnerships through MDOC-linked programs preparing individuals for community-based work after release. Coalition and navigator resources connect returning citizens to local partners—they rarely provide emergency shelter, cash aid, or 24/7 crisis response on their own. Contact this resource to confirm current intake steps, required documents, and whether walk-ins or referrals are accepted.","Mississippi Prison Industries — Reentry Employment sirve a adultos con antecedentes penales y familias que reconstruyen estabilidad después de la encarcelación en en todo Mississippi. Las coaliciones y recursos de navegación conectan a ciudadanos que regresan con aliados locales—rara vez ofrecen refugio de emergencia, efectivo o respuesta de crisis 24/7 por sí solos. Contacte este recurso para confirmar pasos de admisión, documentos requeridos y si aceptan visitas sin cita o referencias.",3794 Highway 468 West,Pearl,601-932-2882,,https://www.msprisonindustries.com,MDOC participants and returning citizens in MPI transitional employment programs.,Participantes de MDOC y ciudadanos que regresan en programas de empleo transicional de MPI.,Coordinate through MDOC reentry staff; not emergency cash assistance.,Coordine con el personal de reinserción de MDOC; no es asistencia de efectivo de emergencia.,Monday–Friday business hours,statewide|reentry-organizations|employment|MPI|reentry,Transitional employment|Job readiness training|Partner referrals,Rankin,,statewide,accepts_criminal_record
248,Mississippi Association Returning Citizens (MARC),reentry-organizations,Jackson / Hinds County,"Mississippi Association Returning Citizens (MARC) serves justice-involved adults and families rebuilding stability after incarceration in throughout Mississippi. Mississippi Association Returning Citizens (MARC) mobilizes volunteers to mentor incarcerated and formerly incarcerated Mississippians, connect returning citizens to housing and employment resources, and advocate for successful community reintegration across the state. Coalition and navigator resources connect returning citizens to local partners—they rarely provide emergency shelter, cash aid, or 24/7 crisis response on their own. Contact this resource to confirm current intake steps, required documents, and whether walk-ins or referrals are accepted.","Mississippi Association Returning Citizens (MARC) sirve a adultos con antecedentes penales y familias que reconstruyen estabilidad después de la encarcelación en en todo Mississippi. Las coaliciones y recursos de navegación conectan a ciudadanos que regresan con aliados locales—rara vez ofrecen refugio de emergencia, efectivo o respuesta de crisis 24/7 por sí solos. Contacte este recurso para confirmar pasos de admisión, documentos requeridos y si aceptan visitas sin cita o referencias.",236 East Capitol Street,Jackson,601-355-9400,,https://www.marcreentry.org,Formerly incarcerated Mississippians and volunteer mentors; justice-involved individuals seeking community support.,Personas anteriormente encarceladas de Mississippi y mentores voluntarios; personas con antecedentes penales que buscan apoyo comunitario.,Contact through marcreentry.org; volunteer mentor and class facilitator opportunities statewide.,Contacte a través de marcreentry.org; oportunidades de mentoría voluntaria en todo el estado.,Program hours vary; contact for volunteer orientation,jackson|reentry-organizations|mentoring|advocacy|reentry,Children's services|Civil rights advocacy|Partner referrals|Community education|Support groups,Hinds,,statewide,accepts_criminal_record
249,Mississippi Department of Employment Security — UI & Labor,state-agency,Statewide,"Mississippi Department of Employment Security — UI & Labor serves justice-involved adults and families rebuilding stability after incarceration in throughout Mississippi. The Mississippi Department of Employment Security administers unemployment insurance, labor market information, and WIN Job Center oversight statewide, connecting justice-involved job seekers to Mississippi Works services after release. State offices provide information and referrals statewide; county and nonprofit partners deliver most direct services. Contact this resource to confirm current intake steps, required documents, and whether walk-ins or referrals are accepted.","Mississippi Department of Employment Security — UI & Labor sirve a adultos con antecedentes penales y familias que reconstruyen estabilidad después de la encarcelación en en todo Mississippi. Las oficinas estatales ofrecen información y referencias en todo el estado; socios del condado y sin fines de lucro prestan la mayoría de servicios directos. Contacte este recurso para confirmar pasos de admisión, documentos requeridos y si aceptan visitas sin cita o referencias.",1230 North State Street,Jackson,601-321-6000,,https://mdes.ms.gov,Mississippi workers and job seekers including justice-involved individuals; unemployment claims require work history.,Trabajadores y buscadores de empleo de Mississippi incluidas personas con antecedentes penales; reclamaciones de desempleo requieren historial laboral.,File unemployment at mdes.ms.gov; find WIN Job Centers through Mississippi Works.,Presente desempleo en mdes.ms.gov; encuentre WIN Job Centers a través de Mississippi Works.,Online 24/7; offices Monday–Friday,statewide|state-agency|unemployment|WIN|reentry,Benefits navigation|Employment assistance|WIN Job Center oversight|Partner referrals,Hinds,,statewide,
250,Mississippi State Department of Health — Public Health,state-agency,Statewide,"Mississippi State Department of Health — Public Health is a statewide or regional referral resource for Mississippians affected by the criminal justice system. The Mississippi State Department of Health operates county health departments, vital records, and public health programs connecting returning citizens to immunizations, WIC, and community health referrals across all 82 counties. Users can search by location, service type, or need to find active providers in throughout Mississippi. Specialists or online tools help match people to housing, treatment, employment, legal aid, or benefits resources operated by other organizations. This entry describes a navigation hub—staff here do not replace direct services at partner agencies.","Mississippi State Department of Health — Public Health es un recurso de referencia estatal o regional para misisipianos afectados por el sistema de justicia penal. Los usuarios pueden buscar por ubicación, tipo de servicio o necesidad para encontrar proveedores activos en en todo Mississippi. Herramientas en línea o especialistas ayudan a conectar con vivienda, tratamiento, empleo, asistencia legal o beneficios operados por otras organizaciones. Esta entrada describe un centro de navegación—el personal no reemplaza servicios directos en agencias aliadas.",570 East Woodrow Wilson Avenue,Jackson,601-576-7400,,https://msdh.ms.gov,Mississippi residents; county health department services vary by location.,Residentes de Mississippi; los servicios del departamento de salud del condado varían por ubicación.,Vital records at msdh.ms.gov; find county health department locator online.,Registros vitales en msdh.ms.gov; encuentre el localizador del departamento de salud del condado en línea.,County health departments vary,statewide|state-agency|public-health|vital-records|reentry,County health departments|Document assistance|Partner referrals|Primary medical care|Public health navigation,Hinds,,statewide,
251,Jackson Transit Authority — JTRAN,transportation,Jackson / Hinds County,"Jackson Transit Authority — JTRAN serves justice-involved adults and families rebuilding stability after incarceration in Hinds County. Jackson Transit Authority JTRAN provides fixed-route bus service across Jackson and parts of Hinds County with reduced-fare options for seniors, disabled riders, and low-income residents including justice-involved adults traveling to WIN Job Centers and MDHS offices. Reduced-fare resources typically require application and proof of income or disability; IDs are needed to receive a pass or card. Contact this resource to confirm current intake steps, required documents, and whether walk-ins or referrals are accepted.","Jackson Transit Authority — JTRAN sirve a adultos con antecedentes penales y familias que reconstruyen estabilidad después de la encarcelación en condado de Hinds. Los recursos de tarifa reducida suelen requerir solicitud y prueba de ingresos o discapacidad; se necesita identificación para recibir un pase o tarjeta. Contacte este recurso para confirmar pasos de admisión, documentos requeridos y si aceptan visitas sin cita o referencias.",320 West Woodrow Wilson Avenue,Jackson,601-952-1000,,https://www.jacksonms.gov/jtran,"Open to all riders; reduced fares for qualifying seniors, disabled, and low-income riders.","Abierto a todos los pasajeros; tarifas reducidas para mayores, discapacitados y de bajos ingresos que califiquen.",Call 601-952-1000 for routes and reduced-fare application.,Llame al 601-952-1000 para rutas y solicitud de tarifa reducida.,Route hours vary; see schedule online,jackson|hinds|transportation|transit|reentry,Transportation assistance|Bus pass assistance|Partner referrals,Hinds,Hinds,single,
252,Coast Transit Authority — Gulfport Biloxi,transportation,Gulfport / Harrison County,"Coast Transit Authority — Gulfport Biloxi serves justice-involved adults and families rebuilding stability after incarceration in Harrison, and Jackson counties. Coast Transit Authority provides public bus service along the Mississippi Gulf Coast connecting Gulfport, Biloxi, and Pass Christian for low-income riders including returning citizens accessing WIN Job Centers and Gulf Coast health providers. Reduced-fare resources typically require application and proof of income or disability; IDs are needed to receive a pass or card. Contact this resource to confirm current intake steps, required documents, and whether walk-ins or referrals are accepted.","Coast Transit Authority — Gulfport Biloxi sirve a adultos con antecedentes penales y familias que reconstruyen estabilidad después de la encarcelación en los condados Harrison y Jackson. Los recursos de tarifa reducida suelen requerir solicitud y prueba de ingresos o discapacidad; se necesita identificación para recibir un pase o tarjeta. Contacte este recurso para confirmar pasos de admisión, documentos requeridos y si aceptan visitas sin cita o referencias.",333 DeBuys Road,Gulfport,228-896-8080,,https://www.coasttransit.com,Open to all Gulf Coast riders; reduced fares available for qualifying riders.,Abierto a todos los pasajeros de la Costa del Golfo; tarifas reducidas disponibles para quienes califiquen.,Call 228-896-8080 for schedules; pairs with Harrison County WIN Job Center.,Llame al 228-896-8080 para horarios.,Route hours vary,gulfport|harrison|transportation|transit|reentry,Transportation assistance|Bus pass assistance|Partner referrals,Harrison,Harrison|Jackson,multi,
253,Mississippi Department of Transportation — Rural Transit,transportation,Statewide,"Mississippi Department of Transportation — Rural Transit serves justice-involved adults and families rebuilding stability after incarceration in throughout Mississippi. Mississippi Department of Transportation supports rural public transit providers and demand-response services in counties without fixed-route systems, helping justice-involved residents in rural Mississippi reach WIN Job Centers, MDHS offices, and treatment appointments. Reduced-fare resources typically require application and proof of income or disability; IDs are needed to receive a pass or card. Contact this resource to confirm current intake steps, required documents, and whether walk-ins or referrals are accepted.","Mississippi Department of Transportation — Rural Transit sirve a adultos con antecedentes penales y familias que reconstruyen estabilidad después de la encarcelación en en todo Mississippi. Los recursos de tarifa reducida suelen requerir solicitud y prueba de ingresos o discapacidad; se necesita identificación para recibir un pase o tarjeta. Contacte este recurso para confirmar pasos de admisión, documentos requeridos y si aceptan visitas sin cita o referencias.",401 North West Street,Jackson,601-359-7000,,https://mdot.ms.gov,Mississippi residents in rural transit service areas; schedules vary by county provider.,Residentes de Mississippi en áreas de servicio de tránsito rural; horarios varían por proveedor del condado.,Find local rural transit provider at mdot.ms.gov public transit directory.,Encuentre el proveedor de tránsito rural local en el directorio de tránsito público de mdot.ms.gov.,Varies by county provider,statewide|transportation|rural-transit|reentry|mississippi|hinds,Rural transit directory|Partner referrals,Hinds,,statewide,accepts_criminal_record
254,Mississippi Veterans Affairs — Gulf Coast Office,veterans,Gulfport / Harrison County,"Mississippi Veterans Affairs — Gulf Coast Office serves justice-involved adults and families rebuilding stability after incarceration in Harrison, Jackson, and Hancock counties. The Mississippi Veterans Affairs Gulf Coast office provides free VA benefits claims assistance and healthcare enrollment help for veterans in Harrison, Jackson, and Hancock counties including justice-involved veterans. VA eligibility and discharge status affect which benefits apply; ask specifically for justice-involved veteran or VJO/HCRV services when calling. Contact this resource to confirm current intake steps, required documents, and whether walk-ins or referrals are accepted.","Mississippi Veterans Affairs — Gulf Coast Office sirve a adultos con antecedentes penales y familias que reconstruyen estabilidad después de la encarcelación en los condados Harrison, Jackson y Hancock. La elegibilidad del VA y el tipo de baja afectan qué beneficios aplican; pida específicamente servicios VJO/HCRV o para veteranos en el sistema de justicia al llamar. Contacte este recurso para confirmar pasos de admisión, documentos requeridos y si aceptan visitas sin cita o referencias.",400 Favre Street,Biloxi,228-388-6850,,https://www.msva.ms.gov,Veterans and eligible dependents in coastal Mississippi; service documentation required for VA claims.,Veteranos y dependientes elegibles en el Mississippi costero; se requiere documentación de servicio.,Call 228-388-6850 for appointment; pairs with Keesler VA and Back Bay Mission.,Llame al 228-388-6850 para cita.,Monday–Friday business hours,biloxi|harrison|veterans|VA-benefits|reentry,Benefits navigation|Primary medical care|Disability navigation|Partner referrals,Harrison,Harrison|Jackson|Hancock,multi,accepts_criminal_record
255,Feeding the Gulf Coast — Mobile Pantry,basic-needs,Biloxi / Harrison County,"Feeding the Gulf Coast — Mobile Pantry serves justice-involved adults and families rebuilding stability after incarceration in Harrison, Jackson, and Hancock counties. Feeding the Gulf Coast operates mobile food pantries and emergency grocery distribution for low-income households in coastal Mississippi including justice-involved families rebuilding food security after release. Availability varies by season and donations; call ahead when possible to confirm clothing, hygiene kits, or furniture pickup hours. Contact this resource to confirm current intake steps, required documents, and whether walk-ins or referrals are accepted.","Feeding the Gulf Coast — Mobile Pantry sirve a adultos con antecedentes penales y familias que reconstruyen estabilidad después de la encarcelación en los condados Harrison, Jackson y Hancock. La disponibilidad varía según la temporada y donaciones; llame cuando sea posible para confirmar horarios de ropa, kits de higiene o muebles. Contacte este recurso para confirmar pasos de admisión, documentos requeridos y si aceptan visitas sin cita o referencias.",5248 Mobile South Street,Theodore,251-653-1617,,https://www.feedingthegulfcoast.org,Low-income Gulf Coast residents; mobile pantry schedule online.,Residentes de la Costa del Golfo de bajos ingresos; horario de despensa móvil en línea.,Call 251-653-1617 or check feedingthegulfcoast.org mobile pantry calendar.,Llame al 251-653-1617 o consulte el calendario de despensa móvil en feedingthegulfcoast.org.,Mobile pantry schedule varies,biloxi|harrison|basic-needs|food-pantry|reentry,Food pantry access|Emergency groceries|Partner referrals,Harrison,Harrison|Jackson|Hancock,multi,accepts_criminal_record
256,Pearl River Community College — Adult Education,education,Poplarville / Pearl River County,"Pearl River Community College — Adult Education serves justice-involved adults and families rebuilding stability after incarceration in Pearl River, Lamar, and Forrest counties. Pearl River Community College Adult Education offers free GED and HSE preparation for adults in Pearl River, Lamar, and Forrest counties including justice-involved learners rebuilding credentials. Classes are typically free or low-cost for Mississippi adults; orientation may be required before enrollment in GED or vocational tracks. Contact this resource to confirm current intake steps, required documents, and whether walk-ins or referrals are accepted.","Pearl River Community College — Adult Education sirve a adultos con antecedentes penales y familias que reconstruyen estabilidad después de la encarcelación en los condados Pearl River, Lamar y Forrest. Las clases suelen ser gratuitas o de bajo costo para adultos en Mississippi; puede requerirse orientación antes de inscribirse en GED o capacitación vocacional. Contacte este recurso para confirmar pasos de admisión, documentos requeridos y si aceptan visitas sin cita o referencias.",101 Highway 11 North,Poplarville,601-403-1000,,https://www.prcc.edu,Adults age 16+ in PRCC service area; free HSE classes.,Adultos de 16+ años en el área de servicio de PRCC; clases HSE gratuitas.,Call 601-403-1000; pairs with WIN Job Center Hattiesburg.,Llame al 601-403-1000; se vincula con WIN Job Center Hattiesburg.,Class schedules vary,poplarville|pearl-river|education|GED|reentry,GED and high school equivalency|Adult Basic Education|Partner referrals|College bridge,Pearl River,Pearl River|Lamar|Forrest,multi,accepts_criminal_record
257,Southwest Mississippi Community College — Adult Education,education,Summit / Pike County,"Southwest Mississippi Community College — Adult Education serves justice-involved adults and families rebuilding stability after incarceration in Pike, Walthall, and Amite counties. Southwest Mississippi Community College Adult Education provides free GED and HSE classes for adults in Pike, Walthall, and Amite counties including justice-involved residents near MDOC facilities. Classes are typically free or low-cost for Mississippi adults; orientation may be required before enrollment in GED or vocational tracks. Contact this resource to confirm current intake steps, required documents, and whether walk-ins or referrals are accepted.","Southwest Mississippi Community College — Adult Education sirve a adultos con antecedentes penales y familias que reconstruyen estabilidad después de la encarcelación en los condados Pike, Walthall y Amite. Las clases suelen ser gratuitas o de bajo costo para adultos en Mississippi; puede requerirse orientación antes de inscribirse en GED o capacitación vocacional. Contacte este recurso para confirmar pasos de admisión, documentos requeridos y si aceptan visitas sin cita o referencias.",1156 College Drive,Summit,601-276-2000,,https://www.smcc.edu,Adults age 16+ in SMCC service area; free HSE preparation.,Adultos de 16+ años en el área de servicio de SMCC; preparación HSE gratuita.,Call 601-276-2000; pairs with Southwest Mississippi CMHC.,Llame al 601-276-2000; se vincula con Southwest Mississippi CMHC.,Class schedules vary,summit|pike|education|GED|reentry,GED and high school equivalency|Partner referrals|Workforce development,Pike,Pike|Walthall|Amite,multi,accepts_criminal_record
258,Copiah-Lincoln Community College — Adult Education,education,Wesson / Copiah County,"Copiah-Lincoln Community College — Adult Education serves justice-involved adults and families rebuilding stability after incarceration in Copiah, Lincoln, and Simpson counties. Copiah-Lincoln Community College Adult Education offers free GED and HSE preparation for adults in Copiah, Lincoln, and Simpson counties including returning citizens rebuilding education credentials. Classes are typically free or low-cost for Mississippi adults; orientation may be required before enrollment in GED or vocational tracks. Contact this resource to confirm current intake steps, required documents, and whether walk-ins or referrals are accepted.","Copiah-Lincoln Community College — Adult Education sirve a adultos con antecedentes penales y familias que reconstruyen estabilidad después de la encarcelación en los condados Copiah, Lincoln y Simpson. Las clases suelen ser gratuitas o de bajo costo para adultos en Mississippi; puede requerirse orientación antes de inscribirse en GED o capacitación vocacional. Contacte este recurso para confirmar pasos de admisión, documentos requeridos y si aceptan visitas sin cita o referencias.",1001 Co-Lin Lane,Wesson,601-643-5101,,https://www.colin.edu,Adults age 16+ in Co-Lin service area; free HSE classes.,Adultos de 16+ años en el área de servicio de Co-Lin; clases HSE gratuitas.,Call 601-643-5101; pairs with Region 8 Mental Health Services.,Llame al 601-643-5101; se vincula con Region 8 Mental Health Services.,Class schedules vary,wesson|copiah|education|GED|reentry,GED and high school equivalency|Adult Basic Education|Partner referrals,Copiah,Copiah|Lincoln|Simpson,multi,accepts_criminal_record
259,Mississippi Center for Justice — Reentry Legal Clinic,legal-aid,Jackson / Hinds County,"Mississippi Center for Justice — Reentry Legal Clinic serves justice-involved adults and families rebuilding stability after incarceration in Hinds, Rankin, and Madison counties. Mississippi Center for Justice provides civil legal advocacy for low-income Mississippians including housing, benefits, and limited record-related civil matters for justice-involved clients—not criminal defense. Representation is limited to civil legal matters—not active criminal cases. Income, household size, and offense type determine eligibility for record relief. Contact this resource to confirm current intake steps, required documents, and whether walk-ins or referrals are accepted.","Mississippi Center for Justice — Reentry Legal Clinic ofrece asistencia legal civil gratuita o de bajo costo para residentes de bajos ingresos en los condados Hinds, Rankin y Madison. Los abogados ayudan con sellado o eliminación de antecedentes, desalojos, beneficios y otros asuntos civiles—no casos penales activos. La representación se limita a asuntos legales civiles—no casos penales activos. Ingresos, tamaño del hogar y tipo de delito determinan la elegibilidad para alivio de antecedentes. Contacte la oficina para confirmar pasos de admisión, documentos requeridos y si aceptan visitas sin cita o referencias.",420 South President Street,Jackson,601-352-2269,,https://www.mscenterforjustice.org,Low-income Mississippi residents with civil legal needs; income screening required.,Residentes de Mississippi de bajos ingresos con necesidades legales civiles; se requiere evaluación de ingresos.,Call 601-352-2269; complements MCLS and MVLP statewide intake.,Llame al 601-352-2269; complementa la admisión estatal de MCLS y MVLP.,Monday–Friday business hours,jackson|legal-aid|civil-rights|reentry|mississippi|hinds,Civil rights advocacy|Benefits navigation|Record-related civil guidance,Hinds,Hinds|Rankin|Madison,multi,accepts_criminal_record
260,Mississippi Veterans Affairs — North Mississippi Office,veterans,Tupelo / Lee County,"Mississippi Veterans Affairs — North Mississippi Office is a statewide or regional referral resource for Mississippians affected by the criminal justice system. The Mississippi Veterans Affairs north Mississippi office assists veterans in Lee, Pontotoc, and surrounding counties with VA disability claims, healthcare enrollment, and referrals to WIN Job Centers and CMHC treatment providers. Users can search by location, service type, or need to find active providers in Lee, Pontotoc, and Itawamba counties. Specialists or online tools help match people to housing, treatment, employment, legal aid, or benefits resources operated by other organizations. This entry describes a navigation hub—staff here do not replace direct services at partner agencies.","Mississippi Veterans Affairs — North Mississippi Office es un recurso de referencia estatal o regional para misisipianos afectados por el sistema de justicia penal. Los usuarios pueden buscar por ubicación, tipo de servicio o necesidad para encontrar proveedores activos en los condados Lee, Pontotoc y Itawamba. Herramientas en línea o especialistas ayudan a conectar con vivienda, tratamiento, empleo, asistencia legal o beneficios operados por otras organizaciones. Esta entrada describe un centro de navegación—el personal no reemplaza servicios directos en agencias aliadas.",431 West Main Street,Tupelo,662-840-5770,,https://www.msva.ms.gov,Veterans and eligible dependents in north Mississippi; service documentation required.,Veteranos y dependientes elegibles en el norte de Mississippi; se requiere documentación de servicio.,Call 662-840-5770; pairs with NMRC Tupelo and WIN Job Center.,Llame al 662-840-5770.,Monday–Friday business hours,tupelo|lee|veterans|VA-benefits|reentry,Benefits navigation|Primary medical care|Partner referrals,Lee,Lee|Pontotoc|Itawamba,multi,
261,Region I Mental Health Center,healthcare,Tupelo / Multi-County,"Region I Mental Health Center provides outpatient mental health, substance use treatment, and crisis stabilization services for residents across its multi-county service area including justice-involved adults returning from MDOC custody or county jail. Clinicians coordinate with MDHS benefits, Mississippi Works, and Mississippi Center for Legal Services for reentry stabilization. CMHC—not emergency housing or probation reporting.","Region I Mental Health Center ofrece salud mental ambulatoria, tratamiento de uso de sustancias y estabilización en crisis para residentes en su área de servicio multicontado incluidos adultos con antecedentes penales que regresan de custodia MDOC o cárcel del condado.",101 Sedgewood Drive,Tupelo,662-841-8950,,https://www.region1mhc.org,Residents of Lee County and surrounding service area; justice-involved individuals welcome per program policy.,Residentes del condado Lee y área de servicio circundante; personas con antecedentes penales bienvenidas según política del programa.,Call 662-841-8950 for intake; coordinate with county MDHS office and Mississippi Works partners.,Llame al 662-841-8950 para admisión; coordine con la oficina MDHS del condado y aliados de Mississippi Works.,Monday–Friday business hours,lee|mississippi|healthcare|tier-a-fill|reentry,Benefits navigation|Reentry navigation|Partner referrals,Lee,Lee|Prentiss|Itawamba|Tishomingo|Monroe|Chickasaw|Pontotoc,multi,accepts_criminal_record
262,Region I Mental Health Center — SUD Services,substance-use-treatment,Tupelo / Multi-County,"Region I Mental Health Center — SUD Services is a statewide or regional referral resource for Mississippians affected by the criminal justice system. Region I Mental Health Center operates outpatient and intensive outpatient substance use disorder programs, medication-assisted treatment referrals, and co-occurring mental health services for justice-involved clients across its regional catchment area. SUD treatment—not a walk-in SNAP or parole office. Users can search by location, service type, or need to find active providers in 7 Mississippi counties. Specialists or online tools help match people to housing, treatment, employment, legal aid, or benefits resources operated by other organizations. This entry describes a navigation hub—staff here do not replace direct services at partner agencies.","Region I Mental Health Center — SUD Services es un recurso de referencia estatal o regional para misisipianos afectados por el sistema de justicia penal. Los usuarios pueden buscar por ubicación, tipo de servicio o necesidad para encontrar proveedores activos en 7 condados de Mississippi. Herramientas en línea o especialistas ayudan a conectar con vivienda, tratamiento, empleo, asistencia legal o beneficios operados por otras organizaciones. Esta entrada describe un centro de navegación—el personal no reemplaza servicios directos en agencias aliadas.",101 Sedgewood Drive,Tupelo,662-841-8950,,https://www.region1mhc.org,Residents of Lee County and surrounding service area; justice-involved individuals welcome per program policy.,Residentes del condado Lee y área de servicio circundante; personas con antecedentes penales bienvenidas según política del programa.,Call 662-841-8950 for intake; coordinate with county MDHS office and Mississippi Works partners.,Llame al 662-841-8950 para admisión; coordine con la oficina MDHS del condado y aliados de Mississippi Works.,Monday–Friday business hours,lee|mississippi|substance-use-treatment|tier-a-fill|reentry,Benefits navigation|Reentry navigation|Partner referrals,Lee,Lee|Prentiss|Itawamba|Tishomingo|Monroe|Chickasaw|Pontotoc,multi,
263,Region II Mental Health Center,healthcare,Tupelo / Multi-County,"Region II Mental Health Center provides outpatient mental health, substance use treatment, and crisis stabilization services for residents across its multi-county service area including justice-involved adults returning from MDOC custody or county jail. Clinicians coordinate with MDHS benefits, Mississippi Works, and Mississippi Center for Legal Services for reentry stabilization. CMHC—not emergency housing or probation reporting.","Region II Mental Health Center ofrece salud mental ambulatoria, tratamiento de uso de sustancias y estabilización en crisis para residentes en su área de servicio multicontado incluidos adultos con antecedentes penales que regresan de custodia MDOC o cárcel del condado.",800 Springridge Road,Tupelo,662-844-7086,,https://www.region2mhc.org,Residents of Lee County and surrounding service area; justice-involved individuals welcome per program policy.,Residentes del condado Lee y área de servicio circundante; personas con antecedentes penales bienvenidas según política del programa.,Call 662-844-7086 for intake; coordinate with county MDHS office and Mississippi Works partners.,Llame al 662-844-7086 para admisión; coordine con la oficina MDHS del condado y aliados de Mississippi Works.,Monday–Friday business hours,lee|mississippi|healthcare|tier-a-fill|reentry,Benefits navigation|Reentry navigation|Partner referrals,Lee,Union|Lafayette|Calhoun|Yalobusha|Panola|Tate,multi,accepts_criminal_record
264,Region II Mental Health Center — SUD Services,substance-use-treatment,Tupelo / Multi-County,"Region II Mental Health Center — SUD Services is a statewide or regional referral resource for Mississippians affected by the criminal justice system. Region II Mental Health Center operates outpatient and intensive outpatient substance use disorder programs, medication-assisted treatment referrals, and co-occurring mental health services for justice-involved clients across its regional catchment area. SUD treatment—not a walk-in SNAP or parole office. Users can search by location, service type, or need to find active providers in 6 Mississippi counties. Specialists or online tools help match people to housing, treatment, employment, legal aid, or benefits resources operated by other organizations. This entry describes a navigation hub—staff here do not replace direct services at partner agencies.","Region II Mental Health Center — SUD Services es un recurso de referencia estatal o regional para misisipianos afectados por el sistema de justicia penal. Los usuarios pueden buscar por ubicación, tipo de servicio o necesidad para encontrar proveedores activos en 6 condados de Mississippi. Herramientas en línea o especialistas ayudan a conectar con vivienda, tratamiento, empleo, asistencia legal o beneficios operados por otras organizaciones. Esta entrada describe un centro de navegación—el personal no reemplaza servicios directos en agencias aliadas.",800 Springridge Road,Tupelo,662-844-7086,,https://www.region2mhc.org,Residents of Lee County and surrounding service area; justice-involved individuals welcome per program policy.,Residentes del condado Lee y área de servicio circundante; personas con antecedentes penales bienvenidas según política del programa.,Call 662-844-7086 for intake; coordinate with county MDHS office and Mississippi Works partners.,Llame al 662-844-7086 para admisión; coordine con la oficina MDHS del condado y aliados de Mississippi Works.,Monday–Friday business hours,lee|mississippi|substance-use-treatment|tier-a-fill|reentry,Benefits navigation|Reentry navigation|Partner referrals,Lee,Union|Lafayette|Calhoun|Yalobusha|Panola|Tate,multi,
265,Region III Mental Health Center,healthcare,Starkville / Multi-County,"Region III Mental Health Center provides outpatient mental health, substance use treatment, and crisis stabilization services for residents across its multi-county service area including justice-involved adults returning from MDOC custody or county jail. Clinicians coordinate with MDHS benefits, Mississippi Works, and Mississippi Center for Legal Services for reentry stabilization. CMHC—not emergency housing or probation reporting.","Region III Mental Health Center ofrece salud mental ambulatoria, tratamiento de uso de sustancias y estabilización en crisis para residentes en su área de servicio multicontado incluidos adultos con antecedentes penales que regresan de custodia MDOC o cárcel del condado.",101 Industrial Access Road,Starkville,662-323-4561,,https://www.region3mhc.org,Residents of Oktibbeha County and surrounding service area; justice-involved individuals welcome per program policy.,Residentes del condado Oktibbeha y área de servicio circundante; personas con antecedentes penales bienvenidas según política del programa.,Call 662-323-4561 for intake; coordinate with county MDHS office and Mississippi Works partners.,Llame al 662-323-4561 para admisión; coordine con la oficina MDHS del condado y aliados de Mississippi Works.,Monday–Friday business hours,oktibbeha|mississippi|healthcare|tier-a-fill|reentry,Benefits navigation|Reentry navigation|Partner referrals,Oktibbeha,Oktibbeha|Clay|Lowndes|Noxubee|Choctaw|Webster,multi,accepts_criminal_record
266,Region III Mental Health Center — SUD Services,substance-use-treatment,Starkville / Multi-County,"Region III Mental Health Center — SUD Services is a statewide or regional referral resource for Mississippians affected by the criminal justice system. Region III Mental Health Center operates outpatient and intensive outpatient substance use disorder programs, medication-assisted treatment referrals, and co-occurring mental health services for justice-involved clients across its regional catchment area. SUD treatment—not a walk-in SNAP or parole office. Users can search by location, service type, or need to find active providers in 6 Mississippi counties. Specialists or online tools help match people to housing, treatment, employment, legal aid, or benefits resources operated by other organizations. This entry describes a navigation hub—staff here do not replace direct services at partner agencies.","Region III Mental Health Center — SUD Services es un recurso de referencia estatal o regional para misisipianos afectados por el sistema de justicia penal. Los usuarios pueden buscar por ubicación, tipo de servicio o necesidad para encontrar proveedores activos en 6 condados de Mississippi. Herramientas en línea o especialistas ayudan a conectar con vivienda, tratamiento, empleo, asistencia legal o beneficios operados por otras organizaciones. Esta entrada describe un centro de navegación—el personal no reemplaza servicios directos en agencias aliadas.",101 Industrial Access Road,Starkville,662-323-4561,,https://www.region3mhc.org,Residents of Oktibbeha County and surrounding service area; justice-involved individuals welcome per program policy.,Residentes del condado Oktibbeha y área de servicio circundante; personas con antecedentes penales bienvenidas según política del programa.,Call 662-323-4561 for intake; coordinate with county MDHS office and Mississippi Works partners.,Llame al 662-323-4561 para admisión; coordine con la oficina MDHS del condado y aliados de Mississippi Works.,Monday–Friday business hours,oktibbeha|mississippi|substance-use-treatment|tier-a-fill|reentry,Benefits navigation|Reentry navigation|Partner referrals,Oktibbeha,Oktibbeha|Clay|Lowndes|Noxubee|Choctaw|Webster,multi,
267,Region IV Mental Health Center,healthcare,Meridian / Multi-County,"Region IV Mental Health Center provides outpatient mental health, substance use treatment, and crisis stabilization services for residents across its multi-county service area including justice-involved adults returning from MDOC custody or county jail. Clinicians coordinate with MDHS benefits, Mississippi Works, and Mississippi Center for Legal Services for reentry stabilization. CMHC—not emergency housing or probation reporting.","Region IV Mental Health Center ofrece salud mental ambulatoria, tratamiento de uso de sustancias y estabilización en crisis para residentes en su área de servicio multicontado incluidos adultos con antecedentes penales que regresan de custodia MDOC o cárcel del condado.",990 Industrial Boulevard,Meridian,601-483-8051,,https://www.region4mhc.org,Residents of Lauderdale County and surrounding service area; justice-involved individuals welcome per program policy.,Residentes del condado Lauderdale y área de servicio circundante; personas con antecedentes penales bienvenidas según política del programa.,Call 601-483-8051 for intake; coordinate with county MDHS office and Mississippi Works partners.,Llame al 601-483-8051 para admisión; coordine con la oficina MDHS del condado y aliados de Mississippi Works.,Monday–Friday business hours,lauderdale|mississippi|healthcare|tier-a-fill|reentry,Benefits navigation|Reentry navigation|Partner referrals,Lauderdale,Lauderdale|Kemper|Neshoba|Newton|Scott|Smith|Jasper,multi,accepts_criminal_record
268,Region IV Mental Health Center — SUD Services,substance-use-treatment,Meridian / Multi-County,"Region IV Mental Health Center — SUD Services is a statewide or regional referral resource for Mississippians affected by the criminal justice system. Region IV Mental Health Center operates outpatient and intensive outpatient substance use disorder programs, medication-assisted treatment referrals, and co-occurring mental health services for justice-involved clients across its regional catchment area. SUD treatment—not a walk-in SNAP or parole office. Users can search by location, service type, or need to find active providers in 7 Mississippi counties. Specialists or online tools help match people to housing, treatment, employment, legal aid, or benefits resources operated by other organizations. This entry describes a navigation hub—staff here do not replace direct services at partner agencies.","Region IV Mental Health Center — SUD Services es un recurso de referencia estatal o regional para misisipianos afectados por el sistema de justicia penal. Los usuarios pueden buscar por ubicación, tipo de servicio o necesidad para encontrar proveedores activos en 7 condados de Mississippi. Herramientas en línea o especialistas ayudan a conectar con vivienda, tratamiento, empleo, asistencia legal o beneficios operados por otras organizaciones. Esta entrada describe un centro de navegación—el personal no reemplaza servicios directos en agencias aliadas.",990 Industrial Boulevard,Meridian,601-483-8051,,https://www.region4mhc.org,Residents of Lauderdale County and surrounding service area; justice-involved individuals welcome per program policy.,Residentes del condado Lauderdale y área de servicio circundante; personas con antecedentes penales bienvenidas según política del programa.,Call 601-483-8051 for intake; coordinate with county MDHS office and Mississippi Works partners.,Llame al 601-483-8051 para admisión; coordine con la oficina MDHS del condado y aliados de Mississippi Works.,Monday–Friday business hours,lauderdale|mississippi|substance-use-treatment|tier-a-fill|reentry,Benefits navigation|Reentry navigation|Partner referrals,Lauderdale,Lauderdale|Kemper|Neshoba|Newton|Scott|Smith|Jasper,multi,
269,Region VI Mental Health Center,healthcare,Hattiesburg / Multi-County,"Region VI Mental Health Center provides outpatient mental health, substance use treatment, and crisis stabilization services for residents across its multi-county service area including justice-involved adults returning from MDOC custody or county jail. Clinicians coordinate with MDHS benefits, Mississippi Works, and Mississippi Center for Legal Services for reentry stabilization. CMHC—not emergency housing or probation reporting.","Region VI Mental Health Center ofrece salud mental ambulatoria, tratamiento de uso de sustancias y estabilización en crisis para residentes en su área de servicio multicontado incluidos adultos con antecedentes penales que regresan de custodia MDOC o cárcel del condado.",1500 Hardy Street,Hattiesburg,601-544-4641,,https://www.region6mhc.org,Residents of Forrest County and surrounding service area; justice-involved individuals welcome per program policy.,Residentes del condado Forrest y área de servicio circundante; personas con antecedentes penales bienvenidas según política del programa.,Call 601-544-4641 for intake; coordinate with county MDHS office and Mississippi Works partners.,Llame al 601-544-4641 para admisión; coordine con la oficina MDHS del condado y aliados de Mississippi Works.,Monday–Friday business hours,forrest|mississippi|healthcare|tier-a-fill|reentry,Benefits navigation|Reentry navigation|Partner referrals,Forrest,Forrest|Lamar|Marion|Covington|Jefferson Davis|Lawrence|Pearl River,multi,accepts_criminal_record
270,Region VI Mental Health Center — SUD Services,substance-use-treatment,Hattiesburg / Multi-County,"Region VI Mental Health Center — SUD Services is a statewide or regional referral resource for Mississippians affected by the criminal justice system. Region VI Mental Health Center operates outpatient and intensive outpatient substance use disorder programs, medication-assisted treatment referrals, and co-occurring mental health services for justice-involved clients across its regional catchment area. SUD treatment—not a walk-in SNAP or parole office. Users can search by location, service type, or need to find active providers in 7 Mississippi counties. Specialists or online tools help match people to housing, treatment, employment, legal aid, or benefits resources operated by other organizations. This entry describes a navigation hub—staff here do not replace direct services at partner agencies.","Region VI Mental Health Center — SUD Services es un recurso de referencia estatal o regional para misisipianos afectados por el sistema de justicia penal. Los usuarios pueden buscar por ubicación, tipo de servicio o necesidad para encontrar proveedores activos en 7 condados de Mississippi. Herramientas en línea o especialistas ayudan a conectar con vivienda, tratamiento, empleo, asistencia legal o beneficios operados por otras organizaciones. Esta entrada describe un centro de navegación—el personal no reemplaza servicios directos en agencias aliadas.",1500 Hardy Street,Hattiesburg,601-544-4641,,https://www.region6mhc.org,Residents of Forrest County and surrounding service area; justice-involved individuals welcome per program policy.,Residentes del condado Forrest y área de servicio circundante; personas con antecedentes penales bienvenidas según política del programa.,Call 601-544-4641 for intake; coordinate with county MDHS office and Mississippi Works partners.,Llame al 601-544-4641 para admisión; coordine con la oficina MDHS del condado y aliados de Mississippi Works.,Monday–Friday business hours,forrest|mississippi|substance-use-treatment|tier-a-fill|reentry,Benefits navigation|Reentry navigation|Partner referrals,Forrest,Forrest|Lamar|Marion|Covington|Jefferson Davis|Lawrence|Pearl River,multi,
271,Region VII Mental Health Center,healthcare,Gulfport / Multi-County,"Region VII Mental Health Center provides outpatient mental health, substance use treatment, and crisis stabilization services for residents across its multi-county service area including justice-involved adults returning from MDOC custody or county jail. Clinicians coordinate with MDHS benefits, Mississippi Works, and Mississippi Center for Legal Services for reentry stabilization. CMHC—not emergency housing or probation reporting.","Region VII Mental Health Center ofrece salud mental ambulatoria, tratamiento de uso de sustancias y estabilización en crisis para residentes en su área de servicio multicontado incluidos adultos con antecedentes penales que regresan de custodia MDOC o cárcel del condado.",1520 Broad Avenue,Gulfport,228-863-6471,,https://www.region7mhc.org,Residents of Harrison County and surrounding service area; justice-involved individuals welcome per program policy.,Residentes del condado Harrison y área de servicio circundante; personas con antecedentes penales bienvenidas según política del programa.,Call 228-863-6471 for intake; coordinate with county MDHS office and Mississippi Works partners.,Llame al 228-863-6471 para admisión; coordine con la oficina MDHS del condado y aliados de Mississippi Works.,Monday–Friday business hours,harrison|mississippi|healthcare|tier-a-fill|reentry,Benefits navigation|Reentry navigation|Partner referrals,Harrison,Harrison|Hancock|Stone|Jackson|George|Greene,multi,accepts_criminal_record
272,Region VII Mental Health Center — SUD Services,substance-use-treatment,Gulfport / Multi-County,"Region VII Mental Health Center — SUD Services is a statewide or regional referral resource for Mississippians affected by the criminal justice system. Region VII Mental Health Center operates outpatient and intensive outpatient substance use disorder programs, medication-assisted treatment referrals, and co-occurring mental health services for justice-involved clients across its regional catchment area. SUD treatment—not a walk-in SNAP or parole office. Users can search by location, service type, or need to find active providers in 6 Mississippi counties. Specialists or online tools help match people to housing, treatment, employment, legal aid, or benefits resources operated by other organizations. This entry describes a navigation hub—staff here do not replace direct services at partner agencies.","Region VII Mental Health Center — SUD Services es un recurso de referencia estatal o regional para misisipianos afectados por el sistema de justicia penal. Los usuarios pueden buscar por ubicación, tipo de servicio o necesidad para encontrar proveedores activos en 6 condados de Mississippi. Herramientas en línea o especialistas ayudan a conectar con vivienda, tratamiento, empleo, asistencia legal o beneficios operados por otras organizaciones. Esta entrada describe un centro de navegación—el personal no reemplaza servicios directos en agencias aliadas.",1520 Broad Avenue,Gulfport,228-863-6471,,https://www.region7mhc.org,Residents of Harrison County and surrounding service area; justice-involved individuals welcome per program policy.,Residentes del condado Harrison y área de servicio circundante; personas con antecedentes penales bienvenidas según política del programa.,Call 228-863-6471 for intake; coordinate with county MDHS office and Mississippi Works partners.,Llame al 228-863-6471 para admisión; coordine con la oficina MDHS del condado y aliados de Mississippi Works.,Monday–Friday business hours,harrison|mississippi|substance-use-treatment|tier-a-fill|reentry,Benefits navigation|Reentry navigation|Partner referrals,Harrison,Harrison|Hancock|Stone|Jackson|George|Greene,multi,
273,Region VIII Mental Health Center,healthcare,McComb / Multi-County,"Region VIII Mental Health Center provides outpatient mental health, substance use treatment, and crisis stabilization services for residents across its multi-county service area including justice-involved adults returning from MDOC custody or county jail. Clinicians coordinate with MDHS benefits, Mississippi Works, and Mississippi Center for Legal Services for reentry stabilization. CMHC—not emergency housing or probation reporting.","Region VIII Mental Health Center ofrece salud mental ambulatoria, tratamiento de uso de sustancias y estabilización en crisis para residentes en su área de servicio multicontado incluidos adultos con antecedentes penales que regresan de custodia MDOC o cárcel del condado.",103 South Pearl Street,McComb,601-684-2171,,https://www.region8mhc.org,Residents of Pike County and surrounding service area; justice-involved individuals welcome per program policy.,Residentes del condado Pike y área de servicio circundante; personas con antecedentes penales bienvenidas según política del programa.,Call 601-684-2171 for intake; coordinate with county MDHS office and Mississippi Works partners.,Llame al 601-684-2171 para admisión; coordine con la oficina MDHS del condado y aliados de Mississippi Works.,Monday–Friday business hours,pike|mississippi|healthcare|tier-a-fill|reentry,Benefits navigation|Reentry navigation|Partner referrals,Pike,Pike|Walthall|Amite|Wilkinson|Franklin|Adams|Jefferson,multi,accepts_criminal_record
274,Region VIII Mental Health Center — SUD Services,substance-use-treatment,McComb / Multi-County,"Region VIII Mental Health Center — SUD Services is a statewide or regional referral resource for Mississippians affected by the criminal justice system. Region VIII Mental Health Center operates outpatient and intensive outpatient substance use disorder programs, medication-assisted treatment referrals, and co-occurring mental health services for justice-involved clients across its regional catchment area. SUD treatment—not a walk-in SNAP or parole office. Users can search by location, service type, or need to find active providers in 7 Mississippi counties. Specialists or online tools help match people to housing, treatment, employment, legal aid, or benefits resources operated by other organizations. This entry describes a navigation hub—staff here do not replace direct services at partner agencies.","Region VIII Mental Health Center — SUD Services es un recurso de referencia estatal o regional para misisipianos afectados por el sistema de justicia penal. Los usuarios pueden buscar por ubicación, tipo de servicio o necesidad para encontrar proveedores activos en 7 condados de Mississippi. Herramientas en línea o especialistas ayudan a conectar con vivienda, tratamiento, empleo, asistencia legal o beneficios operados por otras organizaciones. Esta entrada describe un centro de navegación—el personal no reemplaza servicios directos en agencias aliadas.",103 South Pearl Street,McComb,601-684-2171,,https://www.region8mhc.org,Residents of Pike County and surrounding service area; justice-involved individuals welcome per program policy.,Residentes del condado Pike y área de servicio circundante; personas con antecedentes penales bienvenidas según política del programa.,Call 601-684-2171 for intake; coordinate with county MDHS office and Mississippi Works partners.,Llame al 601-684-2171 para admisión; coordine con la oficina MDHS del condado y aliados de Mississippi Works.,Monday–Friday business hours,pike|mississippi|substance-use-treatment|tier-a-fill|reentry,Benefits navigation|Reentry navigation|Partner referrals,Pike,Pike|Walthall|Amite|Wilkinson|Franklin|Adams|Jefferson,multi,
275,Region IX Mental Health Center,healthcare,Brookhaven / Multi-County,"Region IX Mental Health Center provides outpatient mental health, substance use treatment, and crisis stabilization services for residents across its multi-county service area including justice-involved adults returning from MDOC custody or county jail. Clinicians coordinate with MDHS benefits, Mississippi Works, and Mississippi Center for Legal Services for reentry stabilization. CMHC—not emergency housing or probation reporting.","Region IX Mental Health Center ofrece salud mental ambulatoria, tratamiento de uso de sustancias y estabilización en crisis para residentes en su área de servicio multicontado incluidos adultos con antecedentes penales que regresan de custodia MDOC o cárcel del condado.",311 West Cherokee Street,Brookhaven,601-833-3318,,https://www.region9mhc.org,Residents of Lincoln County and surrounding service area; justice-involved individuals welcome per program policy.,Residentes del condado Lincoln y área de servicio circundante; personas con antecedentes penales bienvenidas según política del programa.,Call 601-833-3318 for intake; coordinate with county MDHS office and Mississippi Works partners.,Llame al 601-833-3318 para admisión; coordine con la oficina MDHS del condado y aliados de Mississippi Works.,Monday–Friday business hours,lincoln|mississippi|healthcare|tier-a-fill|reentry,Benefits navigation|Reentry navigation|Partner referrals,Lincoln,Lincoln|Copiah|Simpson|Franklin|Lawrence,multi,accepts_criminal_record
276,Region IX Mental Health Center — SUD Services,substance-use-treatment,Brookhaven / Multi-County,"Region IX Mental Health Center — SUD Services is a statewide or regional referral resource for Mississippians affected by the criminal justice system. Region IX Mental Health Center operates outpatient and intensive outpatient substance use disorder programs, medication-assisted treatment referrals, and co-occurring mental health services for justice-involved clients across its regional catchment area. SUD treatment—not a walk-in SNAP or parole office. Users can search by location, service type, or need to find active providers in 5 Mississippi counties. Specialists or online tools help match people to housing, treatment, employment, legal aid, or benefits resources operated by other organizations. This entry describes a navigation hub—staff here do not replace direct services at partner agencies.","Region IX Mental Health Center — SUD Services es un recurso de referencia estatal o regional para misisipianos afectados por el sistema de justicia penal. Los usuarios pueden buscar por ubicación, tipo de servicio o necesidad para encontrar proveedores activos en 5 condados de Mississippi. Herramientas en línea o especialistas ayudan a conectar con vivienda, tratamiento, empleo, asistencia legal o beneficios operados por otras organizaciones. Esta entrada describe un centro de navegación—el personal no reemplaza servicios directos en agencias aliadas.",311 West Cherokee Street,Brookhaven,601-833-3318,,https://www.region9mhc.org,Residents of Lincoln County and surrounding service area; justice-involved individuals welcome per program policy.,Residentes del condado Lincoln y área de servicio circundante; personas con antecedentes penales bienvenidas según política del programa.,Call 601-833-3318 for intake; coordinate with county MDHS office and Mississippi Works partners.,Llame al 601-833-3318 para admisión; coordine con la oficina MDHS del condado y aliados de Mississippi Works.,Monday–Friday business hours,lincoln|mississippi|substance-use-treatment|tier-a-fill|reentry,Benefits navigation|Reentry navigation|Partner referrals,Lincoln,Lincoln|Copiah|Simpson|Franklin|Lawrence,multi,
277,Region X Mental Health Center,healthcare,Greenville / Multi-County,"Region X Mental Health Center provides outpatient mental health, substance use treatment, and crisis stabilization services for residents across its multi-county service area including justice-involved adults returning from MDOC custody or county jail. Clinicians coordinate with MDHS benefits, Mississippi Works, and Mississippi Center for Legal Services for reentry stabilization. CMHC—not emergency housing or probation reporting.","Region X Mental Health Center ofrece salud mental ambulatoria, tratamiento de uso de sustancias y estabilización en crisis para residentes en su área de servicio multicontado incluidos adultos con antecedentes penales que regresan de custodia MDOC o cárcel del condado.",1530 South Main Street,Greenville,662-335-8264,,https://www.region10mhc.org,Residents of Washington County and surrounding service area; justice-involved individuals welcome per program policy.,Residentes del condado Washington y área de servicio circundante; personas con antecedentes penales bienvenidas según política del programa.,Call 662-335-8264 for intake; coordinate with county MDHS office and Mississippi Works partners.,Llame al 662-335-8264 para admisión; coordine con la oficina MDHS del condado y aliados de Mississippi Works.,Monday–Friday business hours,washington|mississippi|healthcare|tier-a-fill|reentry,Benefits navigation|Reentry navigation|Partner referrals,Washington,Washington|Bolivar|Sunflower|Issaquena|Sharkey|Humphreys|Yazoo,multi,accepts_criminal_record
278,Region X Mental Health Center — SUD Services,substance-use-treatment,Greenville / Multi-County,"Region X Mental Health Center — SUD Services is a statewide or regional referral resource for Mississippians affected by the criminal justice system. Region X Mental Health Center operates outpatient and intensive outpatient substance use disorder programs, medication-assisted treatment referrals, and co-occurring mental health services for justice-involved clients across its regional catchment area. SUD treatment—not a walk-in SNAP or parole office. Users can search by location, service type, or need to find active providers in 7 Mississippi counties. Specialists or online tools help match people to housing, treatment, employment, legal aid, or benefits resources operated by other organizations. This entry describes a navigation hub—staff here do not replace direct services at partner agencies.","Region X Mental Health Center — SUD Services es un recurso de referencia estatal o regional para misisipianos afectados por el sistema de justicia penal. Los usuarios pueden buscar por ubicación, tipo de servicio o necesidad para encontrar proveedores activos en 7 condados de Mississippi. Herramientas en línea o especialistas ayudan a conectar con vivienda, tratamiento, empleo, asistencia legal o beneficios operados por otras organizaciones. Esta entrada describe un centro de navegación—el personal no reemplaza servicios directos en agencias aliadas.",1530 South Main Street,Greenville,662-335-8264,,https://www.region10mhc.org,Residents of Washington County and surrounding service area; justice-involved individuals welcome per program policy.,Residentes del condado Washington y área de servicio circundante; personas con antecedentes penales bienvenidas según política del programa.,Call 662-335-8264 for intake; coordinate with county MDHS office and Mississippi Works partners.,Llame al 662-335-8264 para admisión; coordine con la oficina MDHS del condado y aliados de Mississippi Works.,Monday–Friday business hours,washington|mississippi|substance-use-treatment|tier-a-fill|reentry,Benefits navigation|Reentry navigation|Partner referrals,Washington,Washington|Bolivar|Sunflower|Issaquena|Sharkey|Humphreys|Yazoo,multi,
279,Region XI Mental Health Center,healthcare,Clarksdale / Multi-County,"Region XI Mental Health Center provides outpatient mental health, substance use treatment, and crisis stabilization services for residents across its multi-county service area including justice-involved adults returning from MDOC custody or county jail. Clinicians coordinate with MDHS benefits, Mississippi Works, and Mississippi Center for Legal Services for reentry stabilization. CMHC—not emergency housing or probation reporting.","Region XI Mental Health Center ofrece salud mental ambulatoria, tratamiento de uso de sustancias y estabilización en crisis para residentes en su área de servicio multicontado incluidos adultos con antecedentes penales que regresan de custodia MDOC o cárcel del condado.",1742 Cheryl Street,Clarksdale,662-624-0131,,https://www.region11mhc.org,Residents of Coahoma County and surrounding service area; justice-involved individuals welcome per program policy.,Residentes del condado Coahoma y área de servicio circundante; personas con antecedentes penales bienvenidas según política del programa.,Call 662-624-0131 for intake; coordinate with county MDHS office and Mississippi Works partners.,Llame al 662-624-0131 para admisión; coordine con la oficina MDHS del condado y aliados de Mississippi Works.,Monday–Friday business hours,coahoma|mississippi|healthcare|tier-a-fill|reentry,Benefits navigation|Reentry navigation|Partner referrals,Coahoma,Coahoma|Quitman|Tallahatchie|Tunica|Panola,multi,accepts_criminal_record
280,Region XI Mental Health Center — SUD Services,substance-use-treatment,Clarksdale / Multi-County,"Region XI Mental Health Center — SUD Services is a statewide or regional referral resource for Mississippians affected by the criminal justice system. Region XI Mental Health Center operates outpatient and intensive outpatient substance use disorder programs, medication-assisted treatment referrals, and co-occurring mental health services for justice-involved clients across its regional catchment area. SUD treatment—not a walk-in SNAP or parole office. Users can search by location, service type, or need to find active providers in 5 Mississippi counties. Specialists or online tools help match people to housing, treatment, employment, legal aid, or benefits resources operated by other organizations. This entry describes a navigation hub—staff here do not replace direct services at partner agencies.","Region XI Mental Health Center — SUD Services es un recurso de referencia estatal o regional para misisipianos afectados por el sistema de justicia penal. Los usuarios pueden buscar por ubicación, tipo de servicio o necesidad para encontrar proveedores activos en 5 condados de Mississippi. Herramientas en línea o especialistas ayudan a conectar con vivienda, tratamiento, empleo, asistencia legal o beneficios operados por otras organizaciones. Esta entrada describe un centro de navegación—el personal no reemplaza servicios directos en agencias aliadas.",1742 Cheryl Street,Clarksdale,662-624-0131,,https://www.region11mhc.org,Residents of Coahoma County and surrounding service area; justice-involved individuals welcome per program policy.,Residentes del condado Coahoma y área de servicio circundante; personas con antecedentes penales bienvenidas según política del programa.,Call 662-624-0131 for intake; coordinate with county MDHS office and Mississippi Works partners.,Llame al 662-624-0131 para admisión; coordine con la oficina MDHS del condado y aliados de Mississippi Works.,Monday–Friday business hours,coahoma|mississippi|substance-use-treatment|tier-a-fill|reentry,Benefits navigation|Reentry navigation|Partner referrals,Coahoma,Coahoma|Quitman|Tallahatchie|Tunica|Panola,multi,
281,Region XII Mental Health Center,healthcare,Columbia / Multi-County,"Region XII Mental Health Center provides outpatient mental health, substance use treatment, and crisis stabilization services for residents across its multi-county service area including justice-involved adults returning from MDOC custody or county jail. Clinicians coordinate with MDHS benefits, Mississippi Works, and Mississippi Center for Legal Services for reentry stabilization. CMHC—not emergency housing or probation reporting.","Region XII Mental Health Center ofrece salud mental ambulatoria, tratamiento de uso de sustancias y estabilización en crisis para residentes en su área de servicio multicontado incluidos adultos con antecedentes penales que regresan de custodia MDOC o cárcel del condado.",720 Broad Street,Columbia,601-736-2141,,https://www.region12mhc.org,Residents of Marion County and surrounding service area; justice-involved individuals welcome per program policy.,Residentes del condado Marion y área de servicio circundante; personas con antecedentes penales bienvenidas según política del programa.,Call 601-736-2141 for intake; coordinate with county MDHS office and Mississippi Works partners.,Llame al 601-736-2141 para admisión; coordine con la oficina MDHS del condado y aliados de Mississippi Works.,Monday–Friday business hours,marion|mississippi|healthcare|tier-a-fill|reentry,Benefits navigation|Reentry navigation|Partner referrals,Marion,Marion|Walthall|Pearl River|Hancock,multi,accepts_criminal_record
282,Region XII Mental Health Center — SUD Services,substance-use-treatment,Columbia / Multi-County,"Region XII Mental Health Center — SUD Services is a statewide or regional referral resource for Mississippians affected by the criminal justice system. Region XII Mental Health Center operates outpatient and intensive outpatient substance use disorder programs, medication-assisted treatment referrals, and co-occurring mental health services for justice-involved clients across its regional catchment area. SUD treatment—not a walk-in SNAP or parole office. Users can search by location, service type, or need to find active providers in Marion, Walthall, Pearl River, and Hancock counties. Specialists or online tools help match people to housing, treatment, employment, legal aid, or benefits resources operated by other organizations. This entry describes a navigation hub—staff here do not replace direct services at partner agencies.","Region XII Mental Health Center — SUD Services es un recurso de referencia estatal o regional para misisipianos afectados por el sistema de justicia penal. Los usuarios pueden buscar por ubicación, tipo de servicio o necesidad para encontrar proveedores activos en los condados Marion, Walthall, Pearl River y Hancock. Herramientas en línea o especialistas ayudan a conectar con vivienda, tratamiento, empleo, asistencia legal o beneficios operados por otras organizaciones. Esta entrada describe un centro de navegación—el personal no reemplaza servicios directos en agencias aliadas.",720 Broad Street,Columbia,601-736-2141,,https://www.region12mhc.org,Residents of Marion County and surrounding service area; justice-involved individuals welcome per program policy.,Residentes del condado Marion y área de servicio circundante; personas con antecedentes penales bienvenidas según política del programa.,Call 601-736-2141 for intake; coordinate with county MDHS office and Mississippi Works partners.,Llame al 601-736-2141 para admisión; coordine con la oficina MDHS del condado y aliados de Mississippi Works.,Monday–Friday business hours,marion|mississippi|substance-use-treatment|tier-a-fill|reentry,Benefits navigation|Reentry navigation|Partner referrals,Marion,Marion|Walthall|Pearl River|Hancock,multi,
283,Region XIII Mental Health Center,healthcare,Oxford / Multi-County,"Region XIII Mental Health Center provides outpatient mental health, substance use treatment, and crisis stabilization services for residents across its multi-county service area including justice-involved adults returning from MDOC custody or county jail. Clinicians coordinate with MDHS benefits, Mississippi Works, and Mississippi Center for Legal Services for reentry stabilization. CMHC—not emergency housing or probation reporting.","Region XIII Mental Health Center ofrece salud mental ambulatoria, tratamiento de uso de sustancias y estabilización en crisis para residentes en su área de servicio multicontado incluidos adultos con antecedentes penales que regresan de custodia MDOC o cárcel del condado.",114 Frostland Drive,Oxford,662-234-7521,,https://www.region13mhc.org,Residents of Lafayette County and surrounding service area; justice-involved individuals welcome per program policy.,Residentes del condado Lafayette y área de servicio circundante; personas con antecedentes penales bienvenidas según política del programa.,Call 662-234-7521 for intake; coordinate with county MDHS office and Mississippi Works partners.,Llame al 662-234-7521 para admisión; coordine con la oficina MDHS del condado y aliados de Mississippi Works.,Monday–Friday business hours,lafayette|mississippi|healthcare|tier-a-fill|reentry,Benefits navigation|Reentry navigation|Partner referrals,Lafayette,Lafayette|Marshall|Benton|Tippah|Alcorn|Tishomingo,multi,accepts_criminal_record
284,Region XIII Mental Health Center — SUD Services,substance-use-treatment,Oxford / Multi-County,"Region XIII Mental Health Center — SUD Services is a statewide or regional referral resource for Mississippians affected by the criminal justice system. Region XIII Mental Health Center operates outpatient and intensive outpatient substance use disorder programs, medication-assisted treatment referrals, and co-occurring mental health services for justice-involved clients across its regional catchment area. SUD treatment—not a walk-in SNAP or parole office. Users can search by location, service type, or need to find active providers in 6 Mississippi counties. Specialists or online tools help match people to housing, treatment, employment, legal aid, or benefits resources operated by other organizations. This entry describes a navigation hub—staff here do not replace direct services at partner agencies.","Region XIII Mental Health Center — SUD Services es un recurso de referencia estatal o regional para misisipianos afectados por el sistema de justicia penal. Los usuarios pueden buscar por ubicación, tipo de servicio o necesidad para encontrar proveedores activos en 6 condados de Mississippi. Herramientas en línea o especialistas ayudan a conectar con vivienda, tratamiento, empleo, asistencia legal o beneficios operados por otras organizaciones. Esta entrada describe un centro de navegación—el personal no reemplaza servicios directos en agencias aliadas.",114 Frostland Drive,Oxford,662-234-7521,,https://www.region13mhc.org,Residents of Lafayette County and surrounding service area; justice-involved individuals welcome per program policy.,Residentes del condado Lafayette y área de servicio circundante; personas con antecedentes penales bienvenidas según política del programa.,Call 662-234-7521 for intake; coordinate with county MDHS office and Mississippi Works partners.,Llame al 662-234-7521 para admisión; coordine con la oficina MDHS del condado y aliados de Mississippi Works.,Monday–Friday business hours,lafayette|mississippi|substance-use-treatment|tier-a-fill|reentry,Benefits navigation|Reentry navigation|Partner referrals,Lafayette,Lafayette|Marshall|Benton|Tippah|Alcorn|Tishomingo,multi,
285,Region XIV Mental Health Center,healthcare,Jackson / Multi-County,"Region XIV Mental Health Center provides outpatient mental health, substance use treatment, and crisis stabilization services for residents across its multi-county service area including justice-involved adults returning from MDOC custody or county jail. Clinicians coordinate with MDHS benefits, Mississippi Works, and Mississippi Center for Legal Services for reentry stabilization. CMHC—not emergency housing or probation reporting.","Region XIV Mental Health Center ofrece salud mental ambulatoria, tratamiento de uso de sustancias y estabilización en crisis para residentes en su área de servicio multicontado incluidos adultos con antecedentes penales que regresan de custodia MDOC o cárcel del condado.",3500 West Northside Drive,Jackson,601-957-5000,,https://www.region14mhc.org,Residents of Hinds County and surrounding service area; justice-involved individuals welcome per program policy.,Residentes del condado Hinds y área de servicio circundante; personas con antecedentes penales bienvenidas según política del programa.,Call 601-957-5000 for intake; coordinate with county MDHS office and Mississippi Works partners.,Llame al 601-957-5000 para admisión; coordine con la oficina MDHS del condado y aliados de Mississippi Works.,Monday–Friday business hours,hinds|mississippi|healthcare|tier-a-fill|reentry,Benefits navigation|Reentry navigation|Partner referrals,Hinds,Hinds|Madison|Rankin|Copiah|Simpson,multi,accepts_criminal_record
286,Region XIV Mental Health Center — SUD Services,substance-use-treatment,Jackson / Multi-County,"Region XIV Mental Health Center — SUD Services is a statewide or regional referral resource for Mississippians affected by the criminal justice system. Region XIV Mental Health Center operates outpatient and intensive outpatient substance use disorder programs, medication-assisted treatment referrals, and co-occurring mental health services for justice-involved clients across its regional catchment area. SUD treatment—not a walk-in SNAP or parole office. Users can search by location, service type, or need to find active providers in 5 Mississippi counties. Specialists or online tools help match people to housing, treatment, employment, legal aid, or benefits resources operated by other organizations. This entry describes a navigation hub—staff here do not replace direct services at partner agencies.","Region XIV Mental Health Center — SUD Services es un recurso de referencia estatal o regional para misisipianos afectados por el sistema de justicia penal. Los usuarios pueden buscar por ubicación, tipo de servicio o necesidad para encontrar proveedores activos en 5 condados de Mississippi. Herramientas en línea o especialistas ayudan a conectar con vivienda, tratamiento, empleo, asistencia legal o beneficios operados por otras organizaciones. Esta entrada describe un centro de navegación—el personal no reemplaza servicios directos en agencias aliadas.",3500 West Northside Drive,Jackson,601-957-5000,,https://www.region14mhc.org,Residents of Hinds County and surrounding service area; justice-involved individuals welcome per program policy.,Residentes del condado Hinds y área de servicio circundante; personas con antecedentes penales bienvenidas según política del programa.,Call 601-957-5000 for intake; coordinate with county MDHS office and Mississippi Works partners.,Llame al 601-957-5000 para admisión; coordine con la oficina MDHS del condado y aliados de Mississippi Works.,Monday–Friday business hours,hinds|mississippi|substance-use-treatment|tier-a-fill|reentry,Benefits navigation|Reentry navigation|Partner referrals,Hinds,Hinds|Madison|Rankin|Copiah|Simpson,multi,
287,Region XV Mental Health Center,healthcare,Vicksburg / Multi-County,"Region XV Mental Health Center provides outpatient mental health, substance use treatment, and crisis stabilization services for residents across its multi-county service area including justice-involved adults returning from MDOC custody or county jail. Clinicians coordinate with MDHS benefits, Mississippi Works, and Mississippi Center for Legal Services for reentry stabilization. CMHC—not emergency housing or probation reporting.","Region XV Mental Health Center ofrece salud mental ambulatoria, tratamiento de uso de sustancias y estabilización en crisis para residentes en su área de servicio multicontado incluidos adultos con antecedentes penales que regresan de custodia MDOC o cárcel del condado.",3401 Halls Ferry Road,Vicksburg,601-638-0031,,https://www.region15mhc.org,Residents of Warren County and surrounding service area; justice-involved individuals welcome per program policy.,Residentes del condado Warren y área de servicio circundante; personas con antecedentes penales bienvenidas según política del programa.,Call 601-638-0031 for intake; coordinate with county MDHS office and Mississippi Works partners.,Llame al 601-638-0031 para admisión; coordine con la oficina MDHS del condado y aliados de Mississippi Works.,Monday–Friday business hours,warren|mississippi|healthcare|tier-a-fill|reentry,Benefits navigation|Reentry navigation|Partner referrals,Warren,Warren|Claiborne|Sharkey|Issaquena,multi,accepts_criminal_record
288,Region XV Mental Health Center — SUD Services,substance-use-treatment,Vicksburg / Multi-County,"Region XV Mental Health Center — SUD Services is a statewide or regional referral resource for Mississippians affected by the criminal justice system. Region XV Mental Health Center operates outpatient and intensive outpatient substance use disorder programs, medication-assisted treatment referrals, and co-occurring mental health services for justice-involved clients across its regional catchment area. SUD treatment—not a walk-in SNAP or parole office. Users can search by location, service type, or need to find active providers in Warren, Claiborne, Sharkey, and Issaquena counties. Specialists or online tools help match people to housing, treatment, employment, legal aid, or benefits resources operated by other organizations. This entry describes a navigation hub—staff here do not replace direct services at partner agencies.","Region XV Mental Health Center — SUD Services es un recurso de referencia estatal o regional para misisipianos afectados por el sistema de justicia penal. Los usuarios pueden buscar por ubicación, tipo de servicio o necesidad para encontrar proveedores activos en los condados Warren, Claiborne, Sharkey y Issaquena. Herramientas en línea o especialistas ayudan a conectar con vivienda, tratamiento, empleo, asistencia legal o beneficios operados por otras organizaciones. Esta entrada describe un centro de navegación—el personal no reemplaza servicios directos en agencias aliadas.",3401 Halls Ferry Road,Vicksburg,601-638-0031,,https://www.region15mhc.org,Residents of Warren County and surrounding service area; justice-involved individuals welcome per program policy.,Residentes del condado Warren y área de servicio circundante; personas con antecedentes penales bienvenidas según política del programa.,Call 601-638-0031 for intake; coordinate with county MDHS office and Mississippi Works partners.,Llame al 601-638-0031 para admisión; coordine con la oficina MDHS del condado y aliados de Mississippi Works.,Monday–Friday business hours,warren|mississippi|substance-use-treatment|tier-a-fill|reentry,Benefits navigation|Reentry navigation|Partner referrals,Warren,Warren|Claiborne|Sharkey|Issaquena,multi,
289,Weems Community Mental Health Center,healthcare,Meridian / Multi-County,"Weems Community Mental Health Center provides outpatient mental health, substance use treatment, and crisis stabilization services for residents across its multi-county service area including justice-involved adults returning from MDOC custody or county jail. Clinicians coordinate with MDHS benefits, Mississippi Works, and Mississippi Center for Legal Services for reentry stabilization. CMHC—not emergency housing or probation reporting.","Weems Community Mental Health Center ofrece salud mental ambulatoria, tratamiento de uso de sustancias y estabilización en crisis para residentes en su área de servicio multicontado incluidos adultos con antecedentes penales que regresan de custodia MDOC o cárcel del condado.",1415 College Drive,Meridian,601-483-4821,,https://www.weemsmh.com,Residents of Lauderdale County and surrounding service area; justice-involved individuals welcome per program policy.,Residentes del condado Lauderdale y área de servicio circundante; personas con antecedentes penales bienvenidas según política del programa.,Call 601-483-4821 for intake; coordinate with county MDHS office and Mississippi Works partners.,Llame al 601-483-4821 para admisión; coordine con la oficina MDHS del condado y aliados de Mississippi Works.,Monday–Friday business hours,lauderdale|mississippi|healthcare|tier-a-fill|reentry,Benefits navigation|Reentry navigation|Partner referrals,Lauderdale,Lauderdale|Clarke|Wayne|Greene|Perry,multi,accepts_criminal_record
290,Weems Community Mental Health Center — SUD Services,substance-use-treatment,Meridian / Multi-County,"Weems Community Mental Health Center — SUD Services is a statewide or regional referral resource for Mississippians affected by the criminal justice system. Weems Community Mental Health Center operates outpatient and intensive outpatient substance use disorder programs, medication-assisted treatment referrals, and co-occurring mental health services for justice-involved clients across its regional catchment area. SUD treatment—not a walk-in SNAP or parole office. Users can search by location, service type, or need to find active providers in 5 Mississippi counties. Specialists or online tools help match people to housing, treatment, employment, legal aid, or benefits resources operated by other organizations. This entry describes a navigation hub—staff here do not replace direct services at partner agencies.","Weems Community Mental Health Center — SUD Services es un recurso de referencia estatal o regional para misisipianos afectados por el sistema de justicia penal. Los usuarios pueden buscar por ubicación, tipo de servicio o necesidad para encontrar proveedores activos en 5 condados de Mississippi. Herramientas en línea o especialistas ayudan a conectar con vivienda, tratamiento, empleo, asistencia legal o beneficios operados por otras organizaciones. Esta entrada describe un centro de navegación—el personal no reemplaza servicios directos en agencias aliadas.",1415 College Drive,Meridian,601-483-4821,,https://www.weemsmh.com,Residents of Lauderdale County and surrounding service area; justice-involved individuals welcome per program policy.,Residentes del condado Lauderdale y área de servicio circundante; personas con antecedentes penales bienvenidas según política del programa.,Call 601-483-4821 for intake; coordinate with county MDHS office and Mississippi Works partners.,Llame al 601-483-4821 para admisión; coordine con la oficina MDHS del condado y aliados de Mississippi Works.,Monday–Friday business hours,lauderdale|mississippi|substance-use-treatment|tier-a-fill|reentry,Benefits navigation|Reentry navigation|Partner referrals,Lauderdale,Lauderdale|Clarke|Wayne|Greene|Perry,multi,
291,MDOC Community Corrections — District 1,probation-parole,Southaven / Multi-County,"MDOC Community Corrections — District 1 serves justice-involved adults and families rebuilding stability after incarceration in DeSoto, Marshall, Tate, and Tunica counties. MDOC Community Corrections — District 1 supervises MDOC parole and probation cases in its district, connecting supervisees to Mississippi Works, MDHS benefits, regional CMHC treatment, and housing partners as conditions of release. Field supervision office—not emergency shelter or legal aid intake. This office handles supervision compliance and reporting—not emergency reentry navigation; ask your officer for referrals to local reentry partners. Contact this resource to confirm current intake steps, required documents, and whether walk-ins or referrals are accepted.","MDOC Community Corrections — District 1 sirve a adultos con antecedentes penales y familias que reconstruyen estabilidad después de la encarcelación en los condados DeSoto, Marshall, Tate y Tunica. Esta oficina maneja cumplimiento de supervisión e informes—no navegación de crisis de reinserción; pida a su oficial referencias a aliados locales de reinserción. Contacte este recurso para confirmar pasos de admisión, documentos requeridos y si aceptan visitas sin cita o referencias.",3411 Stateline Road West,Southaven,662-342-1473,,https://www.mdoc.ms.gov,Residents of DeSoto County and surrounding service area; justice-involved individuals welcome per program policy.,Residentes del condado DeSoto y área de servicio circundante; personas con antecedentes penales bienvenidas según política del programa.,Call 662-342-1473 for intake; coordinate with county MDHS office and Mississippi Works partners.,Llame al 662-342-1473 para admisión; coordine con la oficina MDHS del condado y aliados de Mississippi Works.,Monday–Friday business hours,desoto|mississippi|probation-parole|tier-a-fill|reentry,Benefits navigation|Reentry navigation|Partner referrals,DeSoto,DeSoto|Marshall|Tate|Tunica,multi,accepts_criminal_record
292,MDOC Community Corrections — District 2,probation-parole,Oxford / Multi-County,"MDOC Community Corrections — District 2 serves justice-involved adults and families rebuilding stability after incarceration in 10 Mississippi counties. MDOC Community Corrections — District 2 supervises MDOC parole and probation cases in its district, connecting supervisees to Mississippi Works, MDHS benefits, regional CMHC treatment, and housing partners as conditions of release. Field supervision office—not emergency shelter or legal aid intake. This office handles supervision compliance and reporting—not emergency reentry navigation; ask your officer for referrals to local reentry partners. Contact this resource to confirm current intake steps, required documents, and whether walk-ins or referrals are accepted.","MDOC Community Corrections — District 2 sirve a adultos con antecedentes penales y familias que reconstruyen estabilidad después de la encarcelación en 10 condados de Mississippi. Esta oficina maneja cumplimiento de supervisión e informes—no navegación de crisis de reinserción; pida a su oficial referencias a aliados locales de reinserción. Contacte este recurso para confirmar pasos de admisión, documentos requeridos y si aceptan visitas sin cita o referencias.",201 County Road 101,Oxford,662-234-3470,,https://www.mdoc.ms.gov,Residents of Lafayette County and surrounding service area; justice-involved individuals welcome per program policy.,Residentes del condado Lafayette y área de servicio circundante; personas con antecedentes penales bienvenidas según política del programa.,Call 662-234-3470 for intake; coordinate with county MDHS office and Mississippi Works partners.,Llame al 662-234-3470 para admisión; coordine con la oficina MDHS del condado y aliados de Mississippi Works.,Monday–Friday business hours,lafayette|mississippi|probation-parole|tier-a-fill|reentry,Benefits navigation|Reentry navigation|Partner referrals,Lafayette,Lafayette|Panola|Yalobusha|Grenada|Carroll|Montgomery|Holmes|Attala|Leflore|Carroll,multi,accepts_criminal_record
293,MDOC Community Corrections — District 3,probation-parole,Tupelo / Multi-County,"MDOC Community Corrections — District 3 serves justice-involved adults and families rebuilding stability after incarceration in 10 Mississippi counties. MDOC Community Corrections — District 3 supervises MDOC parole and probation cases in its district, connecting supervisees to Mississippi Works, MDHS benefits, regional CMHC treatment, and housing partners as conditions of release. Field supervision office—not emergency shelter or legal aid intake. This office handles supervision compliance and reporting—not emergency reentry navigation; ask your officer for referrals to local reentry partners. Contact this resource to confirm current intake steps, required documents, and whether walk-ins or referrals are accepted.","MDOC Community Corrections — District 3 sirve a adultos con antecedentes penales y familias que reconstruyen estabilidad después de la encarcelación en 10 condados de Mississippi. Esta oficina maneja cumplimiento de supervisión e informes—no navegación de crisis de reinserción; pida a su oficial referencias a aliados locales de reinserción. Contacte este recurso para confirmar pasos de admisión, documentos requeridos y si aceptan visitas sin cita o referencias.",331 North Broadway,Tupelo,662-841-1200,,https://www.mdoc.ms.gov,Residents of Lee County and surrounding service area; justice-involved individuals welcome per program policy.,Residentes del condado Lee y área de servicio circundante; personas con antecedentes penales bienvenidas según política del programa.,Call 662-841-1200 for intake; coordinate with county MDHS office and Mississippi Works partners.,Llame al 662-841-1200 para admisión; coordine con la oficina MDHS del condado y aliados de Mississippi Works.,Monday–Friday business hours,lee|mississippi|probation-parole|tier-a-fill|reentry,Benefits navigation|Reentry navigation|Partner referrals,Lee,Lee|Prentiss|Itawamba|Monroe|Chickasaw|Pontotoc|Union|Tippah|Alcorn|Tishomingo,multi,accepts_criminal_record
294,MDOC Community Corrections — District 4,probation-parole,Columbus / Multi-County,"MDOC Community Corrections — District 4 serves justice-involved adults and families rebuilding stability after incarceration in 10 Mississippi counties. MDOC Community Corrections — District 4 supervises MDOC parole and probation cases in its district, connecting supervisees to Mississippi Works, MDHS benefits, regional CMHC treatment, and housing partners as conditions of release. Field supervision office—not emergency shelter or legal aid intake. This office handles supervision compliance and reporting—not emergency reentry navigation; ask your officer for referrals to local reentry partners. Contact this resource to confirm current intake steps, required documents, and whether walk-ins or referrals are accepted.","MDOC Community Corrections — District 4 sirve a adultos con antecedentes penales y familias que reconstruyen estabilidad después de la encarcelación en 10 condados de Mississippi. Esta oficina maneja cumplimiento de supervisión e informes—no navegación de crisis de reinserción; pida a su oficial referencias a aliados locales de reinserción. Contacte este recurso para confirmar pasos de admisión, documentos requeridos y si aceptan visitas sin cita o referencias.",2900 8th Street North,Columbus,662-328-2111,,https://www.mdoc.ms.gov,Residents of Lowndes County and surrounding service area; justice-involved individuals welcome per program policy.,Residentes del condado Lowndes y área de servicio circundante; personas con antecedentes penales bienvenidas según política del programa.,Call 662-328-2111 for intake; coordinate with county MDHS office and Mississippi Works partners.,Llame al 662-328-2111 para admisión; coordine con la oficina MDHS del condado y aliados de Mississippi Works.,Monday–Friday business hours,lowndes|mississippi|probation-parole|tier-a-fill|reentry,Benefits navigation|Reentry navigation|Partner referrals,Lowndes,Lowndes|Clay|Oktibbeha|Noxubee|Winston|Webster|Choctaw|Neshoba|Kemper|Lauderdale,multi,accepts_criminal_record
295,MDOC Community Corrections — District 5,probation-parole,Jackson / Multi-County,"MDOC Community Corrections — District 5 serves justice-involved adults and families rebuilding stability after incarceration in 33 Mississippi counties. MDOC Community Corrections — District 5 supervises MDOC parole and probation cases in its district, connecting supervisees to Mississippi Works, MDHS benefits, regional CMHC treatment, and housing partners as conditions of release. Field supervision office—not emergency shelter or legal aid intake. This office handles supervision compliance and reporting—not emergency reentry navigation; ask your officer for referrals to local reentry partners. Contact this resource to confirm current intake steps, required documents, and whether walk-ins or referrals are accepted.","MDOC Community Corrections — District 5 sirve a adultos con antecedentes penales y familias que reconstruyen estabilidad después de la encarcelación en 33 condados de Mississippi. Esta oficina maneja cumplimiento de supervisión e informes—no navegación de crisis de reinserción; pida a su oficial referencias a aliados locales de reinserción. Contacte este recurso para confirmar pasos de admisión, documentos requeridos y si aceptan visitas sin cita o referencias.",750 East Woodrow Wilson Drive,Jackson,601-359-5600,,https://www.mdoc.ms.gov,Residents of Hinds County and surrounding service area; justice-involved individuals welcome per program policy.,Residentes del condado Hinds y área de servicio circundante; personas con antecedentes penales bienvenidas según política del programa.,Call 601-359-5600 for intake; coordinate with county MDHS office and Mississippi Works partners.,Llame al 601-359-5600 para admisión; coordine con la oficina MDHS del condado y aliados de Mississippi Works.,Monday–Friday business hours,hinds|mississippi|probation-parole|tier-a-fill|reentry,Benefits navigation|Reentry navigation|Partner referrals,Hinds,Hinds|Madison|Rankin|Copiah|Simpson|Yazoo|Warren|Claiborne|Jefferson|Franklin|Adams|Wilkinson|Amite|Walthall|Pike|Lincoln|Lawrence|Jefferson Davis|Marion|Forrest|Lamar|Pearl River|Hancock|Harrison|Stone|Jackson|George|Greene|Wayne|Clarke|Jones|Perry|Greene,multi,accepts_criminal_record
296,Mississippi Food Network — Jackson Hub,food-nutrition,Jackson / Statewide Hub,"Mississippi Food Network — Jackson Hub serves justice-involved adults and families rebuilding stability after incarceration in 83 Mississippi counties. Mississippi Food Network — Jackson Hub distributes food to partner pantries and provides SNAP outreach and emergency food assistance navigation for low-income households including returning citizens reestablishing food security after incarceration across Mississippi. Food assistance does not usually require a criminal-record disclosure; staff can help with SNAP applications and pantry locations by ZIP code. Contact this resource to confirm current intake steps, required documents, and whether walk-ins or referrals are accepted.","Mississippi Food Network — Jackson Hub sirve a adultos con antecedentes penales y familias que reconstruyen estabilidad después de la encarcelación en 83 condados de Mississippi. La asistencia alimentaria generalmente no requiere declarar antecedentes penales; el personal puede ayudar con solicitudes SNAP y ubicaciones de despensas por código postal. Contacte este recurso para confirmar pasos de admisión, documentos requeridos y si aceptan visitas sin cita o referencias.",440 West Beatty Street,Jackson,601-353-1993,,https://www.msfoodnet.org,Residents of Hinds County and surrounding service area; justice-involved individuals welcome per program policy.,Residentes del condado Hinds y área de servicio circundante; personas con antecedentes penales bienvenidas según política del programa.,Call 601-353-1993 for intake; coordinate with county MDHS office and Mississippi Works partners.,Llame al 601-353-1993 para admisión; coordine con la oficina MDHS del condado y aliados de Mississippi Works.,Monday–Friday business hours,hinds|mississippi|food-nutrition|tier-a-fill|reentry,Benefits navigation|Reentry navigation|Partner referrals,Hinds,Hinds|Madison|Rankin|Copiah|Simpson|Yazoo|Warren|Claiborne|Jefferson|Franklin|Adams|Wilkinson|Amite|Walthall|Pike|Lincoln|Lawrence|Jefferson Davis|Marion|Scott|Smith|Jasper|Leake|Attala|Holmes|Carroll|Montgomery|Leflore|Sunflower|Humphreys|Issaquena|Sharkey|Washington|Bolivar|Coahoma|Quitman|Tallahatchie|Tunica|Panola|Yalobusha|Grenada|Calhoun|Choctaw|Neshoba|Kemper|Newton|Lauderdale|Wayne|Clarke|Jones|Perry|Greene|Forrest|Lamar|Pearl River|Hancock|Harrison|Stone|Jackson|George|Covington|Jefferson Davis|Lowndes|Clay|Oktibbeha|Noxubee|Winston|Webster|Lee|Prentiss|Itawamba|Monroe|Chickasaw|Pontotoc|Union|Tippah|Alcorn|Tishomingo|DeSoto|Marshall|Tate|Lafayette|Benton,multi,
297,WIN Job Center — Jackson,employment,Jackson / Multi-County,"WIN Job Center — Jackson is a statewide or regional referral resource for Mississippians affected by the criminal justice system. WIN Job Center — Jackson connects job seekers—including justice-involved Mississippians—to resume assistance, job matching, WIOA training referrals, and fair-chance employment navigation through Mississippi Works. Workforce center—not a DHR benefits or emergency housing office. Users can search by location, service type, or need to find active providers in Hinds, Madison, and Rankin counties. Specialists or online tools help match people to housing, treatment, employment, legal aid, or benefits resources operated by other organizations. This entry describes a navigation hub—staff here do not replace direct services at partner agencies.","WIN Job Center — Jackson es un recurso de referencia estatal o regional para misisipianos afectados por el sistema de justicia penal. Los usuarios pueden buscar por ubicación, tipo de servicio o necesidad para encontrar proveedores activos en los condados Hinds, Madison y Rankin. Herramientas en línea o especialistas ayudan a conectar con vivienda, tratamiento, empleo, asistencia legal o beneficios operados por otras organizaciones. Esta entrada describe un centro de navegación—el personal no reemplaza servicios directos en agencias aliadas.",1230 Raymond Road,Jackson,601-321-6881,,https://mdes.ms.gov,Residents of Hinds County and surrounding service area; justice-involved individuals welcome per program policy.,Residentes del condado Hinds y área de servicio circundante; personas con antecedentes penales bienvenidas según política del programa.,Call 601-321-6881 for intake; coordinate with county MDHS office and Mississippi Works partners.,Llame al 601-321-6881 para admisión; coordine con la oficina MDHS del condado y aliados de Mississippi Works.,Monday–Friday business hours,hinds|mississippi|employment|tier-a-fill|reentry,Benefits navigation|Reentry navigation|Partner referrals,Hinds,Hinds|Madison|Rankin,multi,
298,WIN Job Center — Gulfport,employment,Gulfport / Multi-County,"WIN Job Center — Gulfport is a statewide or regional referral resource for Mississippians affected by the criminal justice system. WIN Job Center — Gulfport connects job seekers—including justice-involved Mississippians—to resume assistance, job matching, WIOA training referrals, and fair-chance employment navigation through Mississippi Works. Workforce center—not a DHR benefits or emergency housing office. Users can search by location, service type, or need to find active providers in 6 Mississippi counties. Specialists or online tools help match people to housing, treatment, employment, legal aid, or benefits resources operated by other organizations. This entry describes a navigation hub—staff here do not replace direct services at partner agencies.","WIN Job Center — Gulfport es un recurso de referencia estatal o regional para misisipianos afectados por el sistema de justicia penal. Los usuarios pueden buscar por ubicación, tipo de servicio o necesidad para encontrar proveedores activos en 6 condados de Mississippi. Herramientas en línea o especialistas ayudan a conectar con vivienda, tratamiento, empleo, asistencia legal o beneficios operados por otras organizaciones. Esta entrada describe un centro de navegación—el personal no reemplaza servicios directos en agencias aliadas.",13219 Progress Drive,Gulfport,228-896-7571,,https://mdes.ms.gov,Residents of Harrison County and surrounding service area; justice-involved individuals welcome per program policy.,Residentes del condado Harrison y área de servicio circundante; personas con antecedentes penales bienvenidas según política del programa.,Call 228-896-7571 for intake; coordinate with county MDHS office and Mississippi Works partners.,Llame al 228-896-7571 para admisión; coordine con la oficina MDHS del condado y aliados de Mississippi Works.,Monday–Friday business hours,harrison|mississippi|employment|tier-a-fill|reentry,Benefits navigation|Reentry navigation|Partner referrals,Harrison,Harrison|Hancock|Stone|Jackson|George|Greene,multi,
299,WIN Job Center — Biloxi,employment,Biloxi / Multi-County,"WIN Job Center — Biloxi is a statewide or regional referral resource for Mississippians affected by the criminal justice system. WIN Job Center — Biloxi connects job seekers—including justice-involved Mississippians—to resume assistance, job matching, WIOA training referrals, and fair-chance employment navigation through Mississippi Works. Workforce center—not a DHR benefits or emergency housing office. Users can search by location, service type, or need to find active providers in Harrison, Jackson, and Hancock counties. Specialists or online tools help match people to housing, treatment, employment, legal aid, or benefits resources operated by other organizations. This entry describes a navigation hub—staff here do not replace direct services at partner agencies.","WIN Job Center — Biloxi es un recurso de referencia estatal o regional para misisipianos afectados por el sistema de justicia penal. Los usuarios pueden buscar por ubicación, tipo de servicio o necesidad para encontrar proveedores activos en los condados Harrison, Jackson y Hancock. Herramientas en línea o especialistas ayudan a conectar con vivienda, tratamiento, empleo, asistencia legal o beneficios operados por otras organizaciones. Esta entrada describe un centro de navegación—el personal no reemplaza servicios directos en agencias aliadas.",10641 D'Iberville Boulevard,Biloxi,228-388-1070,,https://mdes.ms.gov,Residents of Harrison County and surrounding service area; justice-involved individuals welcome per program policy.,Residentes del condado Harrison y área de servicio circundante; personas con antecedentes penales bienvenidas según política del programa.,Call 228-388-1070 for intake; coordinate with county MDHS office and Mississippi Works partners.,Llame al 228-388-1070 para admisión; coordine con la oficina MDHS del condado y aliados de Mississippi Works.,Monday–Friday business hours,harrison|mississippi|employment|tier-a-fill|reentry,Benefits navigation|Reentry navigation|Partner referrals,Harrison,Harrison|Jackson|Hancock,multi,
300,WIN Job Center — Hattiesburg,employment,Hattiesburg / Multi-County,"WIN Job Center — Hattiesburg is a statewide or regional referral resource for Mississippians affected by the criminal justice system. WIN Job Center — Hattiesburg connects job seekers—including justice-involved Mississippians—to resume assistance, job matching, WIOA training referrals, and fair-chance employment navigation through Mississippi Works. Workforce center—not a DHR benefits or emergency housing office. Users can search by location, service type, or need to find active providers in 12 Mississippi counties. Specialists or online tools help match people to housing, treatment, employment, legal aid, or benefits resources operated by other organizations. This entry describes a navigation hub—staff here do not replace direct services at partner agencies.","WIN Job Center — Hattiesburg es un recurso de referencia estatal o regional para misisipianos afectados por el sistema de justicia penal. Los usuarios pueden buscar por ubicación, tipo de servicio o necesidad para encontrar proveedores activos en 12 condados de Mississippi. Herramientas en línea o especialistas ayudan a conectar con vivienda, tratamiento, empleo, asistencia legal o beneficios operados por otras organizaciones. Esta entrada describe un centro de navegación—el personal no reemplaza servicios directos en agencias aliadas.",1911 Arcadia Street,Hattiesburg,601-544-3101,,https://mdes.ms.gov,Residents of Forrest County and surrounding service area; justice-involved individuals welcome per program policy.,Residentes del condado Forrest y área de servicio circundante; personas con antecedentes penales bienvenidas según política del programa.,Call 601-544-3101 for intake; coordinate with county MDHS office and Mississippi Works partners.,Llame al 601-544-3101 para admisión; coordine con la oficina MDHS del condado y aliados de Mississippi Works.,Monday–Friday business hours,forrest|mississippi|employment|tier-a-fill|reentry,Benefits navigation|Reentry navigation|Partner referrals,Forrest,Forrest|Lamar|Marion|Covington|Jefferson Davis|Lawrence|Pearl River|Perry|Greene|Wayne|Clarke|Jones,multi,
301,WIN Job Center — Meridian,employment,Meridian / Multi-County,"WIN Job Center — Meridian is a statewide or regional referral resource for Mississippians affected by the criminal justice system. WIN Job Center — Meridian connects job seekers—including justice-involved Mississippians—to resume assistance, job matching, WIOA training referrals, and fair-chance employment navigation through Mississippi Works. Workforce center—not a DHR benefits or emergency housing office. Users can search by location, service type, or need to find active providers in 9 Mississippi counties. Specialists or online tools help match people to housing, treatment, employment, legal aid, or benefits resources operated by other organizations. This entry describes a navigation hub—staff here do not replace direct services at partner agencies.","WIN Job Center — Meridian es un recurso de referencia estatal o regional para misisipianos afectados por el sistema de justicia penal. Los usuarios pueden buscar por ubicación, tipo de servicio o necesidad para encontrar proveedores activos en 9 condados de Mississippi. Herramientas en línea o especialistas ayudan a conectar con vivienda, tratamiento, empleo, asistencia legal o beneficios operados por otras organizaciones. Esta entrada describe un centro de navegación—el personal no reemplaza servicios directos en agencias aliadas.",1200 8th Avenue,Meridian,601-484-3939,,https://mdes.ms.gov,Residents of Lauderdale County and surrounding service area; justice-involved individuals welcome per program policy.,Residentes del condado Lauderdale y área de servicio circundante; personas con antecedentes penales bienvenidas según política del programa.,Call 601-484-3939 for intake; coordinate with county MDHS office and Mississippi Works partners.,Llame al 601-484-3939 para admisión; coordine con la oficina MDHS del condado y aliados de Mississippi Works.,Monday–Friday business hours,lauderdale|mississippi|employment|tier-a-fill|reentry,Benefits navigation|Reentry navigation|Partner referrals,Lauderdale,Lauderdale|Kemper|Neshoba|Newton|Scott|Smith|Jasper|Clarke|Wayne,multi,
302,WIN Job Center — Columbus,employment,Columbus / Multi-County,"WIN Job Center — Columbus is a statewide or regional referral resource for Mississippians affected by the criminal justice system. WIN Job Center — Columbus connects job seekers—including justice-involved Mississippians—to resume assistance, job matching, WIOA training referrals, and fair-chance employment navigation through Mississippi Works. Workforce center—not a DHR benefits or emergency housing office. Users can search by location, service type, or need to find active providers in 8 Mississippi counties. Specialists or online tools help match people to housing, treatment, employment, legal aid, or benefits resources operated by other organizations. This entry describes a navigation hub—staff here do not replace direct services at partner agencies.","WIN Job Center — Columbus es un recurso de referencia estatal o regional para misisipianos afectados por el sistema de justicia penal. Los usuarios pueden buscar por ubicación, tipo de servicio o necesidad para encontrar proveedores activos en 8 condados de Mississippi. Herramientas en línea o especialistas ayudan a conectar con vivienda, tratamiento, empleo, asistencia legal o beneficios operados por otras organizaciones. Esta entrada describe un centro de navegación—el personal no reemplaza servicios directos en agencias aliadas.",500 Main Street,Columbus,662-328-6876,,https://mdes.ms.gov,Residents of Lowndes County and surrounding service area; justice-involved individuals welcome per program policy.,Residentes del condado Lowndes y área de servicio circundante; personas con antecedentes penales bienvenidas según política del programa.,Call 662-328-6876 for intake; coordinate with county MDHS office and Mississippi Works partners.,Llame al 662-328-6876 para admisión; coordine con la oficina MDHS del condado y aliados de Mississippi Works.,Monday–Friday business hours,lowndes|mississippi|employment|tier-a-fill|reentry,Benefits navigation|Reentry navigation|Partner referrals,Lowndes,Lowndes|Clay|Oktibbeha|Noxubee|Winston|Webster|Choctaw|Monroe,multi,
303,WIN Job Center — Tupelo,employment,Tupelo / Multi-County,"WIN Job Center — Tupelo is a statewide or regional referral resource for Mississippians affected by the criminal justice system. WIN Job Center — Tupelo connects job seekers—including justice-involved Mississippians—to resume assistance, job matching, WIOA training referrals, and fair-chance employment navigation through Mississippi Works. Workforce center—not a DHR benefits or emergency housing office. Users can search by location, service type, or need to find active providers in 6 Mississippi counties. Specialists or online tools help match people to housing, treatment, employment, legal aid, or benefits resources operated by other organizations. This entry describes a navigation hub—staff here do not replace direct services at partner agencies.","WIN Job Center — Tupelo es un recurso de referencia estatal o regional para misisipianos afectados por el sistema de justicia penal. Los usuarios pueden buscar por ubicación, tipo de servicio o necesidad para encontrar proveedores activos en 6 condados de Mississippi. Herramientas en línea o especialistas ayudan a conectar con vivienda, tratamiento, empleo, asistencia legal o beneficios operados por otras organizaciones. Esta entrada describe un centro de navegación—el personal no reemplaza servicios directos en agencias aliadas.",144 South Thomas Street,Tupelo,662-841-5121,,https://mdes.ms.gov,Residents of Lee County and surrounding service area; justice-involved individuals welcome per program policy.,Residentes del condado Lee y área de servicio circundante; personas con antecedentes penales bienvenidas según política del programa.,Call 662-841-5121 for intake; coordinate with county MDHS office and Mississippi Works partners.,Llame al 662-841-5121 para admisión; coordine con la oficina MDHS del condado y aliados de Mississippi Works.,Monday–Friday business hours,lee|mississippi|employment|tier-a-fill|reentry,Benefits navigation|Reentry navigation|Partner referrals,Lee,Lee|Prentiss|Itawamba|Union|Pontotoc|Chickasaw,multi,
304,WIN Job Center — Greenville,employment,Greenville / Multi-County,"WIN Job Center — Greenville is a statewide or regional referral resource for Mississippians affected by the criminal justice system. WIN Job Center — Greenville connects job seekers—including justice-involved Mississippians—to resume assistance, job matching, WIOA training referrals, and fair-chance employment navigation through Mississippi Works. Workforce center—not a DHR benefits or emergency housing office. Users can search by location, service type, or need to find active providers in 11 Mississippi counties. Specialists or online tools help match people to housing, treatment, employment, legal aid, or benefits resources operated by other organizations. This entry describes a navigation hub—staff here do not replace direct services at partner agencies.","WIN Job Center — Greenville es un recurso de referencia estatal o regional para misisipianos afectados por el sistema de justicia penal. Los usuarios pueden buscar por ubicación, tipo de servicio o necesidad para encontrar proveedores activos en 11 condados de Mississippi. Herramientas en línea o especialistas ayudan a conectar con vivienda, tratamiento, empleo, asistencia legal o beneficios operados por otras organizaciones. Esta entrada describe un centro de navegación—el personal no reemplaza servicios directos en agencias aliadas.",800 South Washington Avenue,Greenville,662-335-5231,,https://mdes.ms.gov,Residents of Washington County and surrounding service area; justice-involved individuals welcome per program policy.,Residentes del condado Washington y área de servicio circundante; personas con antecedentes penales bienvenidas según política del programa.,Call 662-335-5231 for intake; coordinate with county MDHS office and Mississippi Works partners.,Llame al 662-335-5231 para admisión; coordine con la oficina MDHS del condado y aliados de Mississippi Works.,Monday–Friday business hours,washington|mississippi|employment|tier-a-fill|reentry,Benefits navigation|Reentry navigation|Partner referrals,Washington,Washington|Bolivar|Sunflower|Issaquena|Sharkey|Humphreys|Yazoo|Coahoma|Quitman|Tallahatchie|Tunica,multi,
305,WIN Job Center — Oxford,employment,Oxford / Multi-County,"WIN Job Center — Oxford is a statewide or regional referral resource for Mississippians affected by the criminal justice system. WIN Job Center — Oxford connects job seekers—including justice-involved Mississippians—to resume assistance, job matching, WIOA training referrals, and fair-chance employment navigation through Mississippi Works. Workforce center—not a DHR benefits or emergency housing office. Users can search by location, service type, or need to find active providers in 17 Mississippi counties. Specialists or online tools help match people to housing, treatment, employment, legal aid, or benefits resources operated by other organizations. This entry describes a navigation hub—staff here do not replace direct services at partner agencies.","WIN Job Center — Oxford es un recurso de referencia estatal o regional para misisipianos afectados por el sistema de justicia penal. Los usuarios pueden buscar por ubicación, tipo de servicio o necesidad para encontrar proveedores activos en 17 condados de Mississippi. Herramientas en línea o especialistas ayudan a conectar con vivienda, tratamiento, empleo, asistencia legal o beneficios operados por otras organizaciones. Esta entrada describe un centro de navegación—el personal no reemplaza servicios directos en agencias aliadas.",204 Colonnade Cove,Oxford,662-234-5911,,https://mdes.ms.gov,Residents of Lafayette County and surrounding service area; justice-involved individuals welcome per program policy.,Residentes del condado Lafayette y área de servicio circundante; personas con antecedentes penales bienvenidas según política del programa.,Call 662-234-5911 for intake; coordinate with county MDHS office and Mississippi Works partners.,Llame al 662-234-5911 para admisión; coordine con la oficina MDHS del condado y aliados de Mississippi Works.,Monday–Friday business hours,lafayette|mississippi|employment|tier-a-fill|reentry,Benefits navigation|Reentry navigation|Partner referrals,Lafayette,Lafayette|Marshall|Benton|Tippah|Alcorn|Tishomingo|Panola|Yalobusha|Grenada|Calhoun|Carroll|Montgomery|Holmes|Attala|Leflore|DeSoto|Tate,multi,
306,WIN Job Center — McComb,employment,McComb / Multi-County,"WIN Job Center — McComb is a statewide or regional referral resource for Mississippians affected by the criminal justice system. WIN Job Center — McComb connects job seekers—including justice-involved Mississippians—to resume assistance, job matching, WIOA training referrals, and fair-chance employment navigation through Mississippi Works. Workforce center—not a DHR benefits or emergency housing office. Users can search by location, service type, or need to find active providers in 10 Mississippi counties. Specialists or online tools help match people to housing, treatment, employment, legal aid, or benefits resources operated by other organizations. This entry describes a navigation hub—staff here do not replace direct services at partner agencies.","WIN Job Center — McComb es un recurso de referencia estatal o regional para misisipianos afectados por el sistema de justicia penal. Los usuarios pueden buscar por ubicación, tipo de servicio o necesidad para encontrar proveedores activos en 10 condados de Mississippi. Herramientas en línea o especialistas ayudan a conectar con vivienda, tratamiento, empleo, asistencia legal o beneficios operados por otras organizaciones. Esta entrada describe un centro de navegación—el personal no reemplaza servicios directos en agencias aliadas.",1600 White Street,McComb,601-684-9441,,https://mdes.ms.gov,Residents of Pike County and surrounding service area; justice-involved individuals welcome per program policy.,Residentes del condado Pike y área de servicio circundante; personas con antecedentes penales bienvenidas según política del programa.,Call 601-684-9441 for intake; coordinate with county MDHS office and Mississippi Works partners.,Llame al 601-684-9441 para admisión; coordine con la oficina MDHS del condado y aliados de Mississippi Works.,Monday–Friday business hours,pike|mississippi|employment|tier-a-fill|reentry,Benefits navigation|Reentry navigation|Partner referrals,Pike,Pike|Walthall|Amite|Wilkinson|Franklin|Jefferson|Adams|Lincoln|Copiah|Simpson,multi,
307,WIN Job Center — Natchez,employment,Natchez / Multi-County,"WIN Job Center — Natchez is a statewide or regional referral resource for Mississippians affected by the criminal justice system. WIN Job Center — Natchez connects job seekers—including justice-involved Mississippians—to resume assistance, job matching, WIOA training referrals, and fair-chance employment navigation through Mississippi Works. Workforce center—not a DHR benefits or emergency housing office. Users can search by location, service type, or need to find active providers in 6 Mississippi counties. Specialists or online tools help match people to housing, treatment, employment, legal aid, or benefits resources operated by other organizations. This entry describes a navigation hub—staff here do not replace direct services at partner agencies.","WIN Job Center — Natchez es un recurso de referencia estatal o regional para misisipianos afectados por el sistema de justicia penal. Los usuarios pueden buscar por ubicación, tipo de servicio o necesidad para encontrar proveedores activos en 6 condados de Mississippi. Herramientas en línea o especialistas ayudan a conectar con vivienda, tratamiento, empleo, asistencia legal o beneficios operados por otras organizaciones. Esta entrada describe un centro de navegación—el personal no reemplaza servicios directos en agencias aliadas.",110 North Canal Street,Natchez,601-446-9766,,https://mdes.ms.gov,Residents of Adams County and surrounding service area; justice-involved individuals welcome per program policy.,Residentes del condado Adams y área de servicio circundante; personas con antecedentes penales bienvenidas según política del programa.,Call 601-446-9766 for intake; coordinate with county MDHS office and Mississippi Works partners.,Llame al 601-446-9766 para admisión; coordine con la oficina MDHS del condado y aliados de Mississippi Works.,Monday–Friday business hours,adams|mississippi|employment|tier-a-fill|reentry,Benefits navigation|Reentry navigation|Partner referrals,Adams,Adams|Jefferson|Franklin|Wilkinson|Amite|Claiborne,multi,
308,WIN Job Center — Brookhaven,employment,Brookhaven / Multi-County,"WIN Job Center — Brookhaven is a statewide or regional referral resource for Mississippians affected by the criminal justice system. WIN Job Center — Brookhaven connects job seekers—including justice-involved Mississippians—to resume assistance, job matching, WIOA training referrals, and fair-chance employment navigation through Mississippi Works. Workforce center—not a DHR benefits or emergency housing office. Users can search by location, service type, or need to find active providers in 6 Mississippi counties. Specialists or online tools help match people to housing, treatment, employment, legal aid, or benefits resources operated by other organizations. This entry describes a navigation hub—staff here do not replace direct services at partner agencies.","WIN Job Center — Brookhaven es un recurso de referencia estatal o regional para misisipianos afectados por el sistema de justicia penal. Los usuarios pueden buscar por ubicación, tipo de servicio o necesidad para encontrar proveedores activos en 6 condados de Mississippi. Herramientas en línea o especialistas ayudan a conectar con vivienda, tratamiento, empleo, asistencia legal o beneficios operados por otras organizaciones. Esta entrada describe un centro de navegación—el personal no reemplaza servicios directos en agencias aliadas.",208 South First Street,Brookhaven,601-833-3311,,https://mdes.ms.gov,Residents of Lincoln County and surrounding service area; justice-involved individuals welcome per program policy.,Residentes del condado Lincoln y área de servicio circundante; personas con antecedentes penales bienvenidas según política del programa.,Call 601-833-3311 for intake; coordinate with county MDHS office and Mississippi Works partners.,Llame al 601-833-3311 para admisión; coordine con la oficina MDHS del condado y aliados de Mississippi Works.,Monday–Friday business hours,lincoln|mississippi|employment|tier-a-fill|reentry,Benefits navigation|Reentry navigation|Partner referrals,Lincoln,Lincoln|Lawrence|Jefferson Davis|Marion|Copiah|Simpson,multi,
309,Mississippi Center for Legal Services — Jackson Office,legal-aid,Jackson / Multi-County,"Mississippi Center for Legal Services — Jackson Office serves justice-involved adults and families rebuilding stability after incarceration in 82 Mississippi counties. Mississippi Center for Legal Services — Jackson Office provides free civil legal aid to low-income Mississippians with housing, public benefits, family law, and criminal record relief including expungement guidance under Mississippi law. Civil legal aid—not criminal defense. Representation is limited to civil legal matters—not active criminal cases. Income, household size, and offense type determine eligibility for record relief. Contact this resource to confirm current intake steps, required documents, and whether walk-ins or referrals are accepted.","Mississippi Center for Legal Services — Jackson Office ofrece asistencia legal civil gratuita o de bajo costo para residentes de bajos ingresos en 82 condados de Mississippi. Los abogados ayudan con sellado o eliminación de antecedentes, desalojos, beneficios y otros asuntos civiles—no casos penales activos. La representación se limita a asuntos legales civiles—no casos penales activos. Ingresos, tamaño del hogar y tipo de delito determinan la elegibilidad para alivio de antecedentes. Contacte la oficina para confirmar pasos de admisión, documentos requeridos y si aceptan visitas sin cita o referencias.",201 West Capitol Street,Jackson,601-969-6011,,https://www.mslegalservices.org,Residents of Hinds County and surrounding service area; justice-involved individuals welcome per program policy.,Residentes del condado Hinds y área de servicio circundante; personas con antecedentes penales bienvenidas según política del programa.,Call 601-969-6011 for intake; coordinate with county MDHS office and Mississippi Works partners.,Llame al 601-969-6011 para admisión; coordine con la oficina MDHS del condado y aliados de Mississippi Works.,Monday–Friday business hours,hinds|mississippi|legal-aid|tier-a-fill|reentry,Benefits navigation|Reentry navigation|Partner referrals,Hinds,Hinds|Madison|Rankin|Copiah|Simpson|Yazoo|Warren|Claiborne|Jefferson|Franklin|Adams|Wilkinson|Amite|Walthall|Pike|Lincoln|Lawrence|Jefferson Davis|Marion|Scott|Smith|Jasper|Leake|Attala|Holmes|Carroll|Montgomery|Leflore|Sunflower|Humphreys|Issaquena|Sharkey|Washington|Bolivar|Coahoma|Quitman|Tallahatchie|Tunica|Panola|Yalobusha|Grenada|Calhoun|Choctaw|Neshoba|Kemper|Newton|Lauderdale|Wayne|Clarke|Jones|Perry|Greene|Forrest|Lamar|Pearl River|Hancock|Harrison|Stone|Jackson|George|Covington|Lowndes|Clay|Oktibbeha|Noxubee|Winston|Webster|Lee|Prentiss|Itawamba|Monroe|Chickasaw|Pontotoc|Union|Tippah|Alcorn|Tishomingo|DeSoto|Marshall|Tate|Lafayette|Benton,multi,accepts_criminal_record
310,Hinds County Human Resource Agency,housing,Jackson / Multi-County,"Hinds County Human Resource Agency is a statewide or regional referral resource for Mississippians affected by the criminal justice system. Hinds County Human Resource Agency coordinates emergency rental assistance, LIHEAP energy help, homeless prevention, and housing stabilization referrals for low-income households including justice-involved adults returning to Hinds County and surrounding communities. Users can search by location, service type, or need to find active providers in Hinds, Madison, and Rankin counties. Specialists or online tools help match people to housing, treatment, employment, legal aid, or benefits resources operated by other organizations. This entry describes a navigation hub—staff here do not replace direct services at partner agencies.","Hinds County Human Resource Agency es un recurso de referencia estatal o regional para misisipianos afectados por el sistema de justicia penal. Los usuarios pueden buscar por ubicación, tipo de servicio o necesidad para encontrar proveedores activos en los condados Hinds, Madison y Rankin. Herramientas en línea o especialistas ayudan a conectar con vivienda, tratamiento, empleo, asistencia legal o beneficios operados por otras organizaciones. Esta entrada describe un centro de navegación—el personal no reemplaza servicios directos en agencias aliadas.",258 Maddox Road,Jackson,601-923-3950,,https://www.hchra.org,Residents of Hinds County and surrounding service area; justice-involved individuals welcome per program policy.,Residentes del condado Hinds y área de servicio circundante; personas con antecedentes penales bienvenidas según política del programa.,Call 601-923-3950 for intake; coordinate with county MDHS office and Mississippi Works partners.,Llame al 601-923-3950 para admisión; coordine con la oficina MDHS del condado y aliados de Mississippi Works.,Monday–Friday business hours,hinds|mississippi|housing|tier-a-fill|reentry,Benefits navigation|Reentry navigation|Partner referrals,Hinds,Hinds|Madison|Rankin,multi,
311,Community Action of South Mississippi,housing,Gulfport / Multi-County,"Community Action of South Mississippi is a statewide or regional referral resource for Mississippians affected by the criminal justice system. Community Action of South Mississippi coordinates emergency rental assistance, LIHEAP energy help, homeless prevention, and housing stabilization referrals for low-income households including justice-involved adults returning to Harrison County and surrounding communities. Users can search by location, service type, or need to find active providers in 6 Mississippi counties. Specialists or online tools help match people to housing, treatment, employment, legal aid, or benefits resources operated by other organizations. This entry describes a navigation hub—staff here do not replace direct services at partner agencies.","Community Action of South Mississippi es un recurso de referencia estatal o regional para misisipianos afectados por el sistema de justicia penal. Los usuarios pueden buscar por ubicación, tipo de servicio o necesidad para encontrar proveedores activos en 6 condados de Mississippi. Herramientas en línea o especialistas ayudan a conectar con vivienda, tratamiento, empleo, asistencia legal o beneficios operados por otras organizaciones. Esta entrada describe un centro de navegación—el personal no reemplaza servicios directos en agencias aliadas.",500 24th Avenue,Gulfport,228-284-6772,,https://www.casm.org,Residents of Harrison County and surrounding service area; justice-involved individuals welcome per program policy.,Residentes del condado Harrison y área de servicio circundante; personas con antecedentes penales bienvenidas según política del programa.,Call 228-284-6772 for intake; coordinate with county MDHS office and Mississippi Works partners.,Llame al 228-284-6772 para admisión; coordine con la oficina MDHS del condado y aliados de Mississippi Works.,Monday–Friday business hours,harrison|mississippi|housing|tier-a-fill|reentry,Benefits navigation|Reentry navigation|Partner referrals,Harrison,Harrison|Hancock|Stone|Jackson|George|Greene,multi,
312,"Prairie Opportunity, Inc.",housing,Columbus / Multi-County,"Prairie Opportunity, Inc. is a statewide or regional referral resource for Mississippians affected by the criminal justice system. Prairie Opportunity, Inc. coordinates emergency rental assistance, LIHEAP energy help, homeless prevention, and housing stabilization referrals for low-income households including justice-involved adults returning to Lowndes County and surrounding communities. Users can search by location, service type, or need to find active providers in 8 Mississippi counties. Specialists or online tools help match people to housing, treatment, employment, legal aid, or benefits resources operated by other organizations. This entry describes a navigation hub—staff here do not replace direct services at partner agencies.","Prairie Opportunity, Inc. es un recurso de referencia estatal o regional para misisipianos afectados por el sistema de justicia penal. Los usuarios pueden buscar por ubicación, tipo de servicio o necesidad para encontrar proveedores activos en 8 condados de Mississippi. Herramientas en línea o especialistas ayudan a conectar con vivienda, tratamiento, empleo, asistencia legal o beneficios operados por otras organizaciones. Esta entrada describe un centro de navegación—el personal no reemplaza servicios directos en agencias aliadas.",501 7th Street North,Columbus,662-328-1669,,https://www.prairieopp.org,Residents of Lowndes County and surrounding service area; justice-involved individuals welcome per program policy.,Residentes del condado Lowndes y área de servicio circundante; personas con antecedentes penales bienvenidas según política del programa.,Call 662-328-1669 for intake; coordinate with county MDHS office and Mississippi Works partners.,Llame al 662-328-1669 para admisión; coordine con la oficina MDHS del condado y aliados de Mississippi Works.,Monday–Friday business hours,lowndes|mississippi|housing|tier-a-fill|reentry,Benefits navigation|Reentry navigation|Partner referrals,Lowndes,Lowndes|Clay|Oktibbeha|Noxubee|Winston|Webster|Choctaw|Monroe,multi,
313,WWISCAA — Washington County,housing,Greenville / Multi-County,"WWISCAA — Washington County is a statewide or regional referral resource for Mississippians affected by the criminal justice system. WWISCAA — Washington County coordinates emergency rental assistance, LIHEAP energy help, homeless prevention, and housing stabilization referrals for low-income households including justice-involved adults returning to Washington County and surrounding communities. Users can search by location, service type, or need to find active providers in 7 Mississippi counties. Specialists or online tools help match people to housing, treatment, employment, legal aid, or benefits resources operated by other organizations. This entry describes a navigation hub—staff here do not replace direct services at partner agencies.","WWISCAA — Washington County es un recurso de referencia estatal o regional para misisipianos afectados por el sistema de justicia penal. Los usuarios pueden buscar por ubicación, tipo de servicio o necesidad para encontrar proveedores activos en 7 condados de Mississippi. Herramientas en línea o especialistas ayudan a conectar con vivienda, tratamiento, empleo, asistencia legal o beneficios operados por otras organizaciones. Esta entrada describe un centro de navegación—el personal no reemplaza servicios directos en agencias aliadas.",1165 South Raceway Road,Greenville,662-378-8663,,https://www.wwiscaa.org,Residents of Washington County and surrounding service area; justice-involved individuals welcome per program policy.,Residentes del condado Washington y área de servicio circundante; personas con antecedentes penales bienvenidas según política del programa.,Call 662-378-8663 for intake; coordinate with county MDHS office and Mississippi Works partners.,Llame al 662-378-8663 para admisión; coordine con la oficina MDHS del condado y aliados de Mississippi Works.,Monday–Friday business hours,washington|mississippi|housing|tier-a-fill|reentry,Benefits navigation|Reentry navigation|Partner referrals,Washington,Washington|Bolivar|Sunflower|Issaquena|Sharkey|Humphreys|Yazoo,multi,
314,"LIFT, Inc. — Northeast Mississippi",housing,Oxford / Multi-County,"LIFT, Inc. — Northeast Mississippi is a statewide or regional referral resource for Mississippians affected by the criminal justice system. LIFT, Inc. — Northeast Mississippi coordinates emergency rental assistance, LIHEAP energy help, homeless prevention, and housing stabilization referrals for low-income households including justice-involved adults returning to Lafayette County and surrounding communities. Users can search by location, service type, or need to find active providers in 12 Mississippi counties. Specialists or online tools help match people to housing, treatment, employment, legal aid, or benefits resources operated by other organizations. This entry describes a navigation hub—staff here do not replace direct services at partner agencies.","LIFT, Inc. — Northeast Mississippi es un recurso de referencia estatal o regional para misisipianos afectados por el sistema de justicia penal. Los usuarios pueden buscar por ubicación, tipo de servicio o necesidad para encontrar proveedores activos en 12 condados de Mississippi. Herramientas en línea o especialistas ayudan a conectar con vivienda, tratamiento, empleo, asistencia legal o beneficios operados por otras organizaciones. Esta entrada describe un centro de navegación—el personal no reemplaza servicios directos en agencias aliadas.",181 Highway 6 East,Oxford,662-238-6222,,https://www.lift-inc.org,Residents of Lafayette County and surrounding service area; justice-involved individuals welcome per program policy.,Residentes del condado Lafayette y área de servicio circundante; personas con antecedentes penales bienvenidas según política del programa.,Call 662-238-6222 for intake; coordinate with county MDHS office and Mississippi Works partners.,Llame al 662-238-6222 para admisión; coordine con la oficina MDHS del condado y aliados de Mississippi Works.,Monday–Friday business hours,lafayette|mississippi|housing|tier-a-fill|reentry,Benefits navigation|Reentry navigation|Partner referrals,Lafayette,Lafayette|Marshall|Benton|Tippah|Alcorn|Tishomingo|Union|Lee|Prentiss|Itawamba|Pontotoc|Chickasaw,multi,
315,Pearl River Valley Opportunity,housing,Hattiesburg / Multi-County,"Pearl River Valley Opportunity is a statewide or regional referral resource for Mississippians affected by the criminal justice system. Pearl River Valley Opportunity coordinates emergency rental assistance, LIHEAP energy help, homeless prevention, and housing stabilization referrals for low-income households including justice-involved adults returning to Forrest County and surrounding communities. Users can search by location, service type, or need to find active providers in 12 Mississippi counties. Specialists or online tools help match people to housing, treatment, employment, legal aid, or benefits resources operated by other organizations. This entry describes a navigation hub—staff here do not replace direct services at partner agencies.","Pearl River Valley Opportunity es un recurso de referencia estatal o regional para misisipianos afectados por el sistema de justicia penal. Los usuarios pueden buscar por ubicación, tipo de servicio o necesidad para encontrar proveedores activos en 12 condados de Mississippi. Herramientas en línea o especialistas ayudan a conectar con vivienda, tratamiento, empleo, asistencia legal o beneficios operados por otras organizaciones. Esta entrada describe un centro de navegación—el personal no reemplaza servicios directos en agencias aliadas.",100 West Front Street,Hattiesburg,601-545-8110,,https://www.prvop.org,Residents of Forrest County and surrounding service area; justice-involved individuals welcome per program policy.,Residentes del condado Forrest y área de servicio circundante; personas con antecedentes penales bienvenidas según política del programa.,Call 601-545-8110 for intake; coordinate with county MDHS office and Mississippi Works partners.,Llame al 601-545-8110 para admisión; coordine con la oficina MDHS del condado y aliados de Mississippi Works.,Monday–Friday business hours,forrest|mississippi|housing|tier-a-fill|reentry,Benefits navigation|Reentry navigation|Partner referrals,Forrest,Forrest|Lamar|Marion|Covington|Jefferson Davis|Lawrence|Pearl River|Perry|Greene|Wayne|Clarke|Jones,multi,
316,Multi-County Community Service Agency,housing,Meridian / Multi-County,"Multi-County Community Service Agency is a statewide or regional referral resource for Mississippians affected by the criminal justice system. Multi-County Community Service Agency coordinates emergency rental assistance, LIHEAP energy help, homeless prevention, and housing stabilization referrals for low-income households including justice-involved adults returning to Lauderdale County and surrounding communities. Users can search by location, service type, or need to find active providers in 9 Mississippi counties. Specialists or online tools help match people to housing, treatment, employment, legal aid, or benefits resources operated by other organizations. This entry describes a navigation hub—staff here do not replace direct services at partner agencies.","Multi-County Community Service Agency es un recurso de referencia estatal o regional para misisipianos afectados por el sistema de justicia penal. Los usuarios pueden buscar por ubicación, tipo de servicio o necesidad para encontrar proveedores activos en 9 condados de Mississippi. Herramientas en línea o especialistas ayudan a conectar con vivienda, tratamiento, empleo, asistencia legal o beneficios operados por otras organizaciones. Esta entrada describe un centro de navegación—el personal no reemplaza servicios directos en agencias aliadas.",2906 Saint Paul Street,Meridian,601-483-4838,,https://www.mccsa.org,Residents of Lauderdale County and surrounding service area; justice-involved individuals welcome per program policy.,Residentes del condado Lauderdale y área de servicio circundante; personas con antecedentes penales bienvenidas según política del programa.,Call 601-483-4838 for intake; coordinate with county MDHS office and Mississippi Works partners.,Llame al 601-483-4838 para admisión; coordine con la oficina MDHS del condado y aliados de Mississippi Works.,Monday–Friday business hours,lauderdale|mississippi|housing|tier-a-fill|reentry,Benefits navigation|Reentry navigation|Partner referrals,Lauderdale,Lauderdale|Kemper|Neshoba|Newton|Scott|Smith|Jasper|Clarke|Wayne,multi,
317,Southwest Mississippi Opportunity,housing,McComb / Multi-County,"Southwest Mississippi Opportunity is a statewide or regional referral resource for Mississippians affected by the criminal justice system. Southwest Mississippi Opportunity coordinates emergency rental assistance, LIHEAP energy help, homeless prevention, and housing stabilization referrals for low-income households including justice-involved adults returning to Pike County and surrounding communities. Users can search by location, service type, or need to find active providers in 10 Mississippi counties. Specialists or online tools help match people to housing, treatment, employment, legal aid, or benefits resources operated by other organizations. This entry describes a navigation hub—staff here do not replace direct services at partner agencies.","Southwest Mississippi Opportunity es un recurso de referencia estatal o regional para misisipianos afectados por el sistema de justicia penal. Los usuarios pueden buscar por ubicación, tipo de servicio o necesidad para encontrar proveedores activos en 10 condados de Mississippi. Herramientas en línea o especialistas ayudan a conectar con vivienda, tratamiento, empleo, asistencia legal o beneficios operados por otras organizaciones. Esta entrada describe un centro de navegación—el personal no reemplaza servicios directos en agencias aliadas.",4116 Highway 51 South,McComb,601-684-5593,,https://www.swmsopp.org,Residents of Pike County and surrounding service area; justice-involved individuals welcome per program policy.,Residentes del condado Pike y área de servicio circundante; personas con antecedentes penales bienvenidas según política del programa.,Call 601-684-5593 for intake; coordinate with county MDHS office and Mississippi Works partners.,Llame al 601-684-5593 para admisión; coordine con la oficina MDHS del condado y aliados de Mississippi Works.,Monday–Friday business hours,pike|mississippi|housing|tier-a-fill|reentry,Benefits navigation|Reentry navigation|Partner referrals,Pike,Pike|Walthall|Amite|Wilkinson|Franklin|Jefferson|Adams|Lincoln|Copiah|Simpson,multi,
318,Mid-State Opportunity,housing,Senatobia / Multi-County,"Mid-State Opportunity is a statewide or regional referral resource for Mississippians affected by the criminal justice system. Mid-State Opportunity coordinates emergency rental assistance, LIHEAP energy help, homeless prevention, and housing stabilization referrals for low-income households including justice-involved adults returning to Tate County and surrounding communities. Users can search by location, service type, or need to find active providers in 12 Mississippi counties. Specialists or online tools help match people to housing, treatment, employment, legal aid, or benefits resources operated by other organizations. This entry describes a navigation hub—staff here do not replace direct services at partner agencies.","Mid-State Opportunity es un recurso de referencia estatal o regional para misisipianos afectados por el sistema de justicia penal. Los usuarios pueden buscar por ubicación, tipo de servicio o necesidad para encontrar proveedores activos en 12 condados de Mississippi. Herramientas en línea o especialistas ayudan a conectar con vivienda, tratamiento, empleo, asistencia legal o beneficios operados por otras organizaciones. Esta entrada describe un centro de navegación—el personal no reemplaza servicios directos en agencias aliadas.",100 Scottsdale Street,Senatobia,662-562-7733,,https://www.midstateopp.org,Residents of Tate County and surrounding service area; justice-involved individuals welcome per program policy.,Residentes del condado Tate y área de servicio circundante; personas con antecedentes penales bienvenidas según política del programa.,Call 662-562-7733 for intake; coordinate with county MDHS office and Mississippi Works partners.,Llame al 662-562-7733 para admisión; coordine con la oficina MDHS del condado y aliados de Mississippi Works.,Monday–Friday business hours,tate|mississippi|housing|tier-a-fill|reentry,Benefits navigation|Reentry navigation|Partner referrals,Tate,Tate|DeSoto|Marshall|Panola|Yalobusha|Grenada|Calhoun|Carroll|Montgomery|Holmes|Attala|Leflore,multi,
319,Coahoma Opportunities,housing,Clarksdale / Multi-County,"Coahoma Opportunities is a statewide or regional referral resource for Mississippians affected by the criminal justice system. Coahoma Opportunities coordinates emergency rental assistance, LIHEAP energy help, homeless prevention, and housing stabilization referrals for low-income households including justice-involved adults returning to Coahoma County and surrounding communities. Users can search by location, service type, or need to find active providers in Coahoma, Quitman, Tallahatchie, and Tunica counties. Specialists or online tools help match people to housing, treatment, employment, legal aid, or benefits resources operated by other organizations. This entry describes a navigation hub—staff here do not replace direct services at partner agencies.","Coahoma Opportunities es un recurso de referencia estatal o regional para misisipianos afectados por el sistema de justicia penal. Los usuarios pueden buscar por ubicación, tipo de servicio o necesidad para encontrar proveedores activos en los condados Coahoma, Quitman, Tallahatchie y Tunica. Herramientas en línea o especialistas ayudan a conectar con vivienda, tratamiento, empleo, asistencia legal o beneficios operados por otras organizaciones. Esta entrada describe un centro de navegación—el personal no reemplaza servicios directos en agencias aliadas.",115 Issaquena Avenue,Clarksdale,662-624-4887,,https://www.coahomaopp.org,Residents of Coahoma County and surrounding service area; justice-involved individuals welcome per program policy.,Residentes del condado Coahoma y área de servicio circundante; personas con antecedentes penales bienvenidas según política del programa.,Call 662-624-4887 for intake; coordinate with county MDHS office and Mississippi Works partners.,Llame al 662-624-4887 para admisión; coordine con la oficina MDHS del condado y aliados de Mississippi Works.,Monday–Friday business hours,coahoma|mississippi|housing|tier-a-fill|reentry,Benefits navigation|Reentry navigation|Partner referrals,Coahoma,Coahoma|Quitman|Tallahatchie|Tunica,multi,
320,Community Counseling Services — Attala County SUD,substance-use-treatment,Kosciusko / Attala County,"Community Counseling Services — Attala County SUD serves justice-involved adults and families rebuilding stability after incarceration in Attala County. Community Counseling Services provides outpatient substance use disorder treatment, co-occurring mental health care, and DUI services for Attala County residents including justice-involved clients referred by MDOC supervision and local drug courts. Regional CMHC—not a walk-in SNAP or emergency shelter office. Treatment may require assessment, insurance or Medicaid enrollment, and referral from courts or corrections for some beds—call intake to confirm openings. Contact this resource to confirm current intake steps, required documents, and whether walk-ins or referrals are accepted.","Community Counseling Services — Attala County SUD sirve a adultos con antecedentes penales y familias que reconstruyen estabilidad después de la encarcelación en condado de Attala. El tratamiento puede requerir evaluación, seguro o Medicaid y referencia de tribunales o correcciones para algunas plazas—llame a admisión para confirmar disponibilidad. Contacte este recurso para confirmar pasos de admisión, documentos requeridos y si aceptan visitas sin cita o referencias.",717 Fairground Road,Kosciusko,662-289-4328,,https://www.ccs-ms.org,Attala County residents with substance use or co-occurring disorders; Medicaid and sliding-fee accepted.,Residentes del condado Attala con trastornos por uso de sustancias o concurrentes; se aceptan Medicaid y tarifa móvil.,Call 662-289-4328 for intake; pairs with Attala County MDHS and WIN Job Center Kosciusko area.,Llame al 662-289-4328 para admisión; se vincula con MDHS del condado Attala.,Monday–Friday clinic hours,kosciusko|attala|substance-use-treatment|SUD|reentry,Substance use treatment|Primary medical care|DUI services|Probation and parole supervision|Medicaid enrollment,Attala,Attala,single,accepts_criminal_record|referral_required
321,MDOC Community Corrections — Carroll County Supervision,probation-parole,Carrollton / Carroll County,"MDOC Community Corrections — Carroll County Supervision serves justice-involved adults and families rebuilding stability after incarceration in Carroll County. MDOC Community Corrections officers supervise parole and probation cases for Carroll County residents, connecting supervisees to Mississippi Works, Attala County MDHS benefits navigation, and regional housing partners as conditions of release. Field supervision—not emergency cash or shelter intake. This office handles supervision compliance and reporting—not emergency reentry navigation; ask your officer for referrals to local reentry partners. Contact this resource to confirm current intake steps, required documents, and whether walk-ins or referrals are accepted.","MDOC Community Corrections — Carroll County Supervision sirve a adultos con antecedentes penales y familias que reconstruyen estabilidad después de la encarcelación en condado de Carroll. Esta oficina maneja cumplimiento de supervisión e informes—no navegación de crisis de reinserción; pida a su oficial referencias a aliados locales de reinserción. Contacte este recurso para confirmar pasos de admisión, documentos requeridos y si aceptan visitas sin cita o referencias.",301 South Monroe Street,Carrollton,662-237-1621,,https://www.mdoc.ms.gov,Carroll County residents under MDOC parole or probation supervision; report to assigned officer.,Residentes del condado Carroll bajo supervisión de libertad condicional o probatoria de MDOC; repórtese al oficial asignado.,Contact assigned supervision officer through MDOC District 2 Oxford office for Carroll County cases.,Contacte al oficial de supervisión asignado a través de la oficina del Distrito 2 de MDOC en Oxford para casos del condado Carroll.,Monday–Friday business hours,carrollton|carroll|probation-parole|MDOC|reentry,Probation and parole supervision|Partner referrals,Carroll,Carroll,single,accepts_criminal_record
322,North Mississippi Medical Center — Carroll County Clinic,healthcare,Carrollton / Carroll County,"North Mississippi Medical Center — Carroll County Clinic serves justice-involved adults and families rebuilding stability after incarceration in Carroll County. North Mississippi Medical Center operates primary care and emergency services accessible to Carroll County residents including uninsured and Medicaid patients such as returning citizens reestablishing a medical home after release from MDOC custody or county jail. Services are available on a sliding fee or Medicaid basis for eligible patients; bring ID and release paperwork when establishing care after incarceration. Contact this resource to confirm current intake steps, required documents, and whether walk-ins or referrals are accepted.","North Mississippi Medical Center — Carroll County Clinic sirve a adultos con antecedentes penales y familias que reconstruyen estabilidad después de la encarcelación en condado de Carroll. Los servicios están disponibles con tarifa móvil o Medicaid para pacientes elegibles; lleve identificación y documentos de liberación al establecer atención después de la encarcelación. Contacte este recurso para confirmar pasos de admisión, documentos requeridos y si aceptan visitas sin cita o referencias.",830 South Columbus Street,Carrollton,662-237-9211,,https://www.nmhs.net,Carroll County patients; emergency care regardless of ability to pay; Medicaid accepted.,Pacientes del condado Carroll; atención de emergencia sin importar capacidad de pago; se acepta Medicaid.,Emergency department 24/7; call 662-237-9211 for outpatient scheduling.,Departamento de emergencias 24/7; llame al 662-237-9211 para programar citas ambulatorias.,Emergency 24/7; outpatient Monday–Friday,carrollton|carroll|healthcare|primary-care|reentry,Primary medical care|Basic needs assistance|Medicaid enrollment|Discharge planning,Carroll,Carroll,single,accepts_criminal_record
323,Southwest Mississippi Opportunity — Claiborne Housing,housing,Port Gibson / Claiborne County,"Southwest Mississippi Opportunity — Claiborne Housing serves justice-involved adults and families rebuilding stability after incarceration in Claiborne County. Southwest Mississippi Opportunity coordinates emergency rental assistance, LIHEAP, and homeless prevention for low-income Claiborne County households including justice-involved adults returning after incarceration. Community action housing navigation—not a 24-hour shelter. Resources may include case management, sobriety requirements, or referral from corrections partners—confirm admission steps before visiting. Contact this resource to confirm current intake steps, required documents, and whether walk-ins or referrals are accepted.","Southwest Mississippi Opportunity — Claiborne Housing sirve a adultos con antecedentes penales y familias que reconstruyen estabilidad después de la encarcelación en condado de Claiborne. Los recursos pueden incluir manejo de casos, requisitos de sobriedad o referencia de socios correccionales—confirme los pasos de admisión antes de visitar. Contacte este recurso para confirmar pasos de admisión, documentos requeridos y si aceptan visitas sin cita o referencias.",1703 Bridewell Lane,Port Gibson,601-437-5419,,https://www.swmsopp.org,Low-income Claiborne County residents; justice-involved adults may qualify for rental assistance.,Residentes de bajos ingresos del condado Claiborne; adultos con antecedentes penales pueden calificar para asistencia de alquiler.,Call 601-437-5419; pairs with Claiborne County MDHS and Region XV CMHC Vicksburg.,Llame al 601-437-5419; se vincula con MDHS del condado Claiborne.,Monday–Friday business hours,port-gibson|claiborne|housing|LIHEAP|reentry,Rent and utility assistance|Emergency shelter|Supportive housing|Partner referrals,Claiborne,Claiborne,single,accepts_criminal_record|referral_required
324,MDOC Community Corrections — Coahoma Field Unit,probation-parole,Clarksdale / Coahoma County,"MDOC Community Corrections — Coahoma Field Unit serves justice-involved adults and families rebuilding stability after incarceration in Coahoma County. MDOC Community Corrections supervises parole and probation cases in Coahoma County, connecting supervisees to Mississippi Works Greenville, Coahoma Opportunities, and Region XI CMHC treatment as supervision conditions. Field office—not legal aid or emergency housing intake. This office handles supervision compliance and reporting—not emergency reentry navigation; ask your officer for referrals to local reentry partners. Contact this resource to confirm current intake steps, required documents, and whether walk-ins or referrals are accepted.","MDOC Community Corrections — Coahoma Field Unit sirve a adultos con antecedentes penales y familias que reconstruyen estabilidad después de la encarcelación en condado de Coahoma. Esta oficina maneja cumplimiento de supervisión e informes—no navegación de crisis de reinserción; pida a su oficial referencias a aliados locales de reinserción. Contacte este recurso para confirmar pasos de admisión, documentos requeridos y si aceptan visitas sin cita o referencias.",115 Issaquena Avenue,Clarksdale,662-624-3051,,https://www.mdoc.ms.gov,Coahoma County residents under MDOC parole or probation; report to assigned officer.,Residentes del condado Coahoma bajo libertad condicional o probatoria de MDOC; repórtese al oficial asignado.,Coordinate through MDOC District 2; pairs with Coahoma Opportunities and Delta health partners.,Coordine a través del Distrito 2 de MDOC; se vincula con Coahoma Opportunities.,Monday–Friday business hours,clarksdale|coahoma|probation-parole|MDOC|delta|reentry,Probation and parole supervision|Partner referrals,Coahoma,Coahoma,single,accepts_criminal_record
325,Region I Mental Health Center — DeSoto County Services,healthcare,Southaven / DeSoto County,"Region I Mental Health Center — DeSoto County Services is a statewide or regional referral resource for Mississippians affected by the criminal justice system. Region I Mental Health Center's DeSoto County access site provides outpatient mental health screening, crisis referrals, and substance use treatment navigation for north Mississippi residents including justice-involved adults on MDOC supervision in DeSoto County. Users can search by location, service type, or need to find active providers in DeSoto County. Specialists or online tools help match people to housing, treatment, employment, legal aid, or benefits resources operated by other organizations. This entry describes a navigation hub—staff here do not replace direct services at partner agencies.","Region I Mental Health Center — DeSoto County Services es un recurso de referencia estatal o regional para misisipianos afectados por el sistema de justicia penal. Los usuarios pueden buscar por ubicación, tipo de servicio o necesidad para encontrar proveedores activos en condado de DeSoto. Herramientas en línea o especialistas ayudan a conectar con vivienda, tratamiento, empleo, asistencia legal o beneficios operados por otras organizaciones. Esta entrada describe un centro de navegación—el personal no reemplaza servicios directos en agencias aliadas.",3411 Stateline Road West,Southaven,662-342-1911,,https://www.region1mhc.org,DeSoto County residents; Medicaid and uninsured sliding-fee patients accepted.,Residentes del condado DeSoto; se aceptan pacientes con Medicaid y tarifa móvil sin seguro.,Call 662-342-1911; pairs with DeSoto County MDHS and WIN Job Center Hernando.,Llame al 662-342-1911; se vincula con MDHS del condado DeSoto.,Monday–Friday clinic hours,southaven|desoto|healthcare|mental-health|reentry,Substance use treatment|Partner referrals|SUD navigation|Medicaid enrollment|Reentry navigation,DeSoto,DeSoto,single,
326,Parkwood Behavioral Health System — DeSoto SUD,substance-use-treatment,Southaven / DeSoto County,"Parkwood Behavioral Health System — DeSoto SUD serves justice-involved adults and families rebuilding stability after incarceration in DeSoto County. Parkwood Behavioral Health System provides inpatient and outpatient substance use disorder treatment, detoxification, and co-occurring mental health services for DeSoto County and north Mississippi residents including justice-involved clients referred by MDOC and drug courts. Treatment may require assessment, insurance or Medicaid enrollment, and referral from courts or corrections for some beds—call intake to confirm openings. Contact this resource to confirm current intake steps, required documents, and whether walk-ins or referrals are accepted.","Parkwood Behavioral Health System — DeSoto SUD sirve a adultos con antecedentes penales y familias que reconstruyen estabilidad después de la encarcelación en condado de DeSoto. El tratamiento puede requerir evaluación, seguro o Medicaid y referencia de tribunales o correcciones para algunas plazas—llame a admisión para confirmar disponibilidad. Contacte este recurso para confirmar pasos de admisión, documentos requeridos y si aceptan visitas sin cita o referencias.",7355 Southcrest Parkway,Southaven,662-342-4357,,https://www.parkwoodbhs.com,Adults with substance use disorders in north Mississippi; insurance and Medicaid accepted; justice-involved referrals welcome.,Adultos con trastornos por uso de sustancias en el norte de Mississippi; se aceptan seguros y Medicaid; referencias con antecedentes penales bienvenidas.,Call 662-342-4357 for intake; 24/7 assessment line available.,Llame al 662-342-4357 para admisión; línea de evaluación 24/7 disponible.,Assessment 24/7; outpatient Monday–Friday,southaven|desoto|substance-use-treatment|SUD|reentry,Substance use treatment|Detoxification|Co-occurring care|Probation and parole supervision,DeSoto,DeSoto,single,accepts_criminal_record|referral_required
327,Grenada Lake Medical Center,healthcare,Grenada / Grenada County,"Grenada Lake Medical Center serves justice-involved adults and families rebuilding stability after incarceration in Grenada County. Grenada Lake Medical Center provides emergency, inpatient, and outpatient primary care for Grenada County residents including uninsured and Medicaid patients such as returning citizens establishing healthcare after MDOC or county jail release. Services are available on a sliding fee or Medicaid basis for eligible patients; bring ID and release paperwork when establishing care after incarceration. Contact this resource to confirm current intake steps, required documents, and whether walk-ins or referrals are accepted.","Grenada Lake Medical Center sirve a adultos con antecedentes penales y familias que reconstruyen estabilidad después de la encarcelación en condado de Grenada. Los servicios están disponibles con tarifa móvil o Medicaid para pacientes elegibles; lleve identificación y documentos de liberación al establecer atención después de la encarcelación. Contacte este recurso para confirmar pasos de admisión, documentos requeridos y si aceptan visitas sin cita o referencias.",960 Avent Avenue,Grenada,662-226-3711,,https://www.grenadahospital.com,Grenada County patients; emergency care regardless of ability to pay.,Pacientes del condado Grenada; atención de emergencia sin importar capacidad de pago.,Emergency 24/7; financial counseling for uninsured patients.,Emergencias 24/7; consejería financiera para pacientes sin seguro.,Emergency 24/7,grenada|healthcare|hospital|emergency|reentry,Basic needs assistance|Substance use treatment|Primary medical care|Rent and utility assistance|Medicaid enrollment,Grenada,Grenada,single,accepts_criminal_record
328,Communicare — Holmes County SUD,substance-use-treatment,Lexington / Holmes County,"Communicare — Holmes County SUD serves justice-involved adults and families rebuilding stability after incarceration in Holmes County. Communicare provides outpatient substance use disorder treatment and co-occurring mental health services for Holmes County residents including justice-involved adults referred by MDOC supervision and regional drug courts in the Delta. Treatment may require assessment, insurance or Medicaid enrollment, and referral from courts or corrections for some beds—call intake to confirm openings. Contact this resource to confirm current intake steps, required documents, and whether walk-ins or referrals are accepted.","Communicare — Holmes County SUD sirve a adultos con antecedentes penales y familias que reconstruyen estabilidad después de la encarcelación en condado de Holmes. El tratamiento puede requerir evaluación, seguro o Medicaid y referencia de tribunales o correcciones para algunas plazas—llame a admisión para confirmar disponibilidad. Contacte este recurso para confirmar pasos de admisión, documentos requeridos y si aceptan visitas sin cita o referencias.",122 Court Square,Lexington,662-834-3315,,https://www.communicare.org,Holmes County residents with SUD or co-occurring disorders; Medicaid accepted.,Residentes del condado Holmes con TUS o trastornos concurrentes; se acepta Medicaid.,Call 662-834-3315; pairs with Holmes County MDHS and Central MS Inc. Lexington office.,Llame al 662-834-3315; se vincula con MDHS del condado Holmes.,Monday–Friday clinic hours,lexington|holmes|substance-use-treatment|SUD|reentry,Substance use treatment|Primary medical care|Reentry navigation|Medicaid enrollment|Probation and parole supervision,Holmes,Holmes,single,accepts_criminal_record|referral_required
329,MDOC Community Corrections — Jasper County,probation-parole,Bay Springs / Jasper County,"MDOC Community Corrections — Jasper County serves justice-involved adults and families rebuilding stability after incarceration in Jasper County. MDOC Community Corrections supervises parole and probation cases for Jasper County residents, linking supervisees to Mississippi Works Laurel, Multi-County CSA Meridian, and regional treatment providers. Supervision field unit—not emergency shelter or benefits office. This office handles supervision compliance and reporting—not emergency reentry navigation; ask your officer for referrals to local reentry partners. Contact this resource to confirm current intake steps, required documents, and whether walk-ins or referrals are accepted.","MDOC Community Corrections — Jasper County sirve a adultos con antecedentes penales y familias que reconstruyen estabilidad después de la encarcelación en condado de Jasper. Esta oficina maneja cumplimiento de supervisión e informes—no navegación de crisis de reinserción; pida a su oficial referencias a aliados locales de reinserción. Contacte este recurso para confirmar pasos de admisión, documentos requeridos y si aceptan visitas sin cita o referencias.",37 West 8th Avenue,Bay Springs,601-764-2152,,https://www.mdoc.ms.gov,Jasper County residents under MDOC parole or probation supervision.,Residentes del condado Jasper bajo supervisión de libertad condicional o probatoria de MDOC.,Report to assigned officer; coordinate through MDOC District 4 Meridian.,Repórtese al oficial asignado; coordine a través del Distrito 4 de MDOC en Meridian.,Monday–Friday business hours,bay-springs|jasper|probation-parole|MDOC|reentry,Probation and parole supervision|Partner referrals,Jasper,Jasper,single,accepts_criminal_record
330,WIN Job Center — Carthage,employment,Carthage / Leake County,"WIN Job Center — Carthage is a statewide or regional referral resource for Mississippians affected by the criminal justice system. The WIN Job Center in Carthage connects Leake County job seekers—including justice-involved adults on MDOC supervision—to resume help, job matching, and WIOA training referrals through Mississippi Works. Users can search by location, service type, or need to find active providers in Leake County. Specialists or online tools help match people to housing, treatment, employment, legal aid, or benefits resources operated by other organizations. This entry describes a navigation hub—staff here do not replace direct services at partner agencies.","WIN Job Center — Carthage es un recurso de referencia estatal o regional para misisipianos afectados por el sistema de justicia penal. Los usuarios pueden buscar por ubicación, tipo de servicio o necesidad para encontrar proveedores activos en condado de Leake. Herramientas en línea o especialistas ayudan a conectar con vivienda, tratamiento, empleo, asistencia legal o beneficios operados por otras organizaciones. Esta entrada describe un centro de navegación—el personal no reemplaza servicios directos en agencias aliadas.",202 Co Brooks Street,Carthage,601-267-3071,,https://mdes.ms.gov,Open to Leake County job seekers including justice-involved individuals; core services free.,Abierto a buscadores de empleo del condado Leake incluidas personas con antecedentes penales; servicios básicos gratuitos.,Register at mdes.ms.gov; pairs with Leake County MDHS and Multi-County CSA.,Regístrese en mdes.ms.gov; se vincula con MDHS del condado Leake.,Monday–Friday business hours,carthage|leake|employment|WIN|reentry,Job readiness training|Workforce development|Employment assistance|Fair-chance navigation,Leake,Leake,single,
331,MDOC Community Corrections — Leake County,probation-parole,Carthage / Leake County,"MDOC Community Corrections — Leake County serves justice-involved adults and families rebuilding stability after incarceration in Leake County. MDOC Community Corrections officers supervise parole and probation cases in Leake County, connecting supervisees to WIN Job Center Carthage, Leake County MDHS, and regional CMHC partners. This office handles supervision compliance and reporting—not emergency reentry navigation; ask your officer for referrals to local reentry partners. Contact this resource to confirm current intake steps, required documents, and whether walk-ins or referrals are accepted.","MDOC Community Corrections — Leake County sirve a adultos con antecedentes penales y familias que reconstruyen estabilidad después de la encarcelación en condado de Leake. Esta oficina maneja cumplimiento de supervisión e informes—no navegación de crisis de reinserción; pida a su oficial referencias a aliados locales de reinserción. Contacte este recurso para confirmar pasos de admisión, documentos requeridos y si aceptan visitas sin cita o referencias.",202 Co Brooks Street,Carthage,601-267-3072,,https://www.mdoc.ms.gov,Leake County residents under MDOC parole or probation supervision.,Residentes del condado Leake bajo supervisión de libertad condicional o probatoria de MDOC.,Contact assigned officer through MDOC District 4.,Contacte al oficial asignado a través del Distrito 4 de MDOC.,Monday–Friday business hours,carthage|leake|probation-parole|MDOC|reentry,Probation and parole supervision|Partner referrals|Addiction treatment referrals,Leake,Leake,single,accepts_criminal_record
332,Weems Community Mental Health — Leake SUD,substance-use-treatment,Carthage / Leake County,"Weems Community Mental Health — Leake SUD serves justice-involved adults and families rebuilding stability after incarceration in Leake County. Weems Community Mental Health Center provides outpatient substance use disorder treatment and co-occurring mental health services for Leake County residents including justice-involved clients on MDOC supervision. Treatment may require assessment, insurance or Medicaid enrollment, and referral from courts or corrections for some beds—call intake to confirm openings. Contact this resource to confirm current intake steps, required documents, and whether walk-ins or referrals are accepted.","Weems Community Mental Health — Leake SUD sirve a adultos con antecedentes penales y familias que reconstruyen estabilidad después de la encarcelación en condado de Leake. El tratamiento puede requerir evaluación, seguro o Medicaid y referencia de tribunales o correcciones para algunas plazas—llame a admisión para confirmar disponibilidad. Contacte este recurso para confirmar pasos de admisión, documentos requeridos y si aceptan visitas sin cita o referencias.",1415 College Drive,Meridian,601-483-4822,,https://www.weemsmh.com,Leake County residents with SUD or co-occurring disorders; Medicaid accepted.,Residentes del condado Leake con TUS o trastornos concurrentes; se acepta Medicaid.,Call 601-483-4822; mobile outreach serves Leake County from Meridian campus.,Llame al 601-483-4822; alcance móvil sirve al condado Leake desde el campus de Meridian.,Monday–Friday clinic hours,carthage|leake|substance-use-treatment|weems|reentry,Substance use treatment|Co-occurring care|Reentry navigation|Partner referrals|Medicaid enrollment,Leake,Leake,single,accepts_criminal_record|referral_required
333,Multi-County CSA — Leake Housing,housing,Carthage / Leake County,"Multi-County CSA — Leake Housing serves justice-involved adults and families rebuilding stability after incarceration in Leake County. Multi-County Community Service Agency provides emergency rental assistance, LIHEAP, and homeless prevention for low-income Leake County households including returning citizens rebuilding housing stability. Resources may include case management, sobriety requirements, or referral from corrections partners—confirm admission steps before visiting. Contact this resource to confirm current intake steps, required documents, and whether walk-ins or referrals are accepted.","Multi-County CSA — Leake Housing sirve a adultos con antecedentes penales y familias que reconstruyen estabilidad después de la encarcelación en condado de Leake. Los recursos pueden incluir manejo de casos, requisitos de sobriedad o referencia de socios correccionales—confirme los pasos de admisión antes de visitar. Contacte este recurso para confirmar pasos de admisión, documentos requeridos y si aceptan visitas sin cita o referencias.",401 Third Avenue,Newton,601-683-2734,,https://www.mccsa.org,Low-income Leake County residents; justice-involved adults may qualify for rental assistance.,Residentes de bajos ingresos del condado Leake; adultos con antecedentes penales pueden calificar.,Call 601-683-2734; serves Leake from Newton regional office.,Llame al 601-683-2734; sirve al condado Leake desde la oficina regional de Newton.,Monday–Friday business hours,carthage|leake|housing|LIHEAP|reentry,Rent and utility assistance|Emergency shelter|Supportive housing,Leake,Leake,single,accepts_criminal_record|referral_required
334,Montgomery County Health Department,healthcare,Winona / Montgomery County,"Montgomery County Health Department is a statewide or regional referral resource for Mississippians affected by the criminal justice system. The Montgomery County Health Department provides immunizations, WIC referrals, vital records guidance, and public health navigation for Montgomery County residents including returning citizens establishing basic healthcare access after release from MDOC custody. Users can search by location, service type, or need to find active providers in Montgomery County. Specialists or online tools help match people to housing, treatment, employment, legal aid, or benefits resources operated by other organizations. This entry describes a navigation hub—staff here do not replace direct services at partner agencies.","Montgomery County Health Department es un recurso de referencia estatal o regional para misisipianos afectados por el sistema de justicia penal. Los usuarios pueden buscar por ubicación, tipo de servicio o necesidad para encontrar proveedores activos en condado de Montgomery. Herramientas en línea o especialistas ayudan a conectar con vivienda, tratamiento, empleo, asistencia legal o beneficios operados por otras organizaciones. Esta entrada describe un centro de navegación—el personal no reemplaza servicios directos en agencias aliadas.",416 North Madison Street,Winona,662-283-1041,,https://msdh.ms.gov,Montgomery County residents; immunizations and WIC referrals available; justice-involved adults welcome.,Residentes del condado Montgomery; inmunizaciones y referencias WIC disponibles; adultos con antecedentes penales bienvenidos.,Call 662-283-1041; nearest hospital is North Mississippi Medical Center Tupelo for emergency care.,Llame al 662-283-1041; el hospital más cercano es North Mississippi Medical Center Tupelo para atención de emergencia.,Monday–Friday business hours,winona|montgomery|healthcare|public-health|reentry,Primary medical care|Partner referrals|Document assistance|Public health navigation,Montgomery,Montgomery,single,
335,MDOC Community Corrections — Quitman County,probation-parole,Marks / Quitman County,"MDOC Community Corrections — Quitman County serves justice-involved adults and families rebuilding stability after incarceration in Quitman County. MDOC Community Corrections supervises parole and probation for Quitman County residents, connecting supervisees to Coahoma Opportunities, Region XI CMHC, and Mississippi Works Greenville partners. This office handles supervision compliance and reporting—not emergency reentry navigation; ask your officer for referrals to local reentry partners. Contact this resource to confirm current intake steps, required documents, and whether walk-ins or referrals are accepted.","MDOC Community Corrections — Quitman County sirve a adultos con antecedentes penales y familias que reconstruyen estabilidad después de la encarcelación en condado de Quitman. Esta oficina maneja cumplimiento de supervisión e informes—no navegación de crisis de reinserción; pida a su oficial referencias a aliados locales de reinserción. Contacte este recurso para confirmar pasos de admisión, documentos requeridos y si aceptan visitas sin cita o referencias.",1054 Martin Luther King Drive,Marks,662-326-8022,,https://www.mdoc.ms.gov,Quitman County residents under MDOC parole or probation supervision.,Residentes del condado Quitman bajo supervisión de libertad condicional o probatoria de MDOC.,Report to assigned officer; coordinate through MDOC District 2.,Repórtese al oficial asignado; coordine a través del Distrito 2 de MDOC.,Monday–Friday business hours,marks|quitman|probation-parole|MDOC|delta|reentry,Probation and parole supervision|Partner referrals,Quitman,Quitman,single,accepts_criminal_record
336,MDOC Community Corrections — Scott County,probation-parole,Forest / Scott County,"MDOC Community Corrections — Scott County serves justice-involved adults and families rebuilding stability after incarceration in Scott County. MDOC Community Corrections supervises parole and probation cases in Scott County, linking supervisees to Mississippi Works Forest area partners, Multi-County CSA, and Region IV CMHC. This office handles supervision compliance and reporting—not emergency reentry navigation; ask your officer for referrals to local reentry partners. Contact this resource to confirm current intake steps, required documents, and whether walk-ins or referrals are accepted.","MDOC Community Corrections — Scott County sirve a adultos con antecedentes penales y familias que reconstruyen estabilidad después de la encarcelación en condado de Scott. Esta oficina maneja cumplimiento de supervisión e informes—no navegación de crisis de reinserción; pida a su oficial referencias a aliados locales de reinserción. Contacte este recurso para confirmar pasos de admisión, documentos requeridos y si aceptan visitas sin cita o referencias.",521 Airport Road,Forest,601-469-1629,,https://www.mdoc.ms.gov,Scott County residents under MDOC parole or probation supervision.,Residentes del condado Scott bajo supervisión de libertad condicional o probatoria de MDOC.,Coordinate through MDOC District 4 Meridian.,Coordine a través del Distrito 4 de MDOC en Meridian.,Monday–Friday business hours,forest|scott|probation-parole|MDOC|reentry,Probation and parole supervision|Partner referrals,Scott,Scott,single,accepts_criminal_record
337,MDOC Community Corrections — Smith County,probation-parole,Raleigh / Smith County,"MDOC Community Corrections — Smith County serves justice-involved adults and families rebuilding stability after incarceration in Smith County. MDOC Community Corrections officers supervise parole and probation for Smith County residents, connecting supervisees to Mississippi Works, Multi-County CSA, and regional healthcare partners. This office handles supervision compliance and reporting—not emergency reentry navigation; ask your officer for referrals to local reentry partners. Contact this resource to confirm current intake steps, required documents, and whether walk-ins or referrals are accepted.","MDOC Community Corrections — Smith County sirve a adultos con antecedentes penales y familias que reconstruyen estabilidad después de la encarcelación en condado de Smith. Esta oficina maneja cumplimiento de supervisión e informes—no navegación de crisis de reinserción; pida a su oficial referencias a aliados locales de reinserción. Contacte este recurso para confirmar pasos de admisión, documentos requeridos y si aceptan visitas sin cita o referencias.",353 Hwy 37,Raleigh,601-782-4506,,https://www.mdoc.ms.gov,Smith County residents under MDOC parole or probation supervision.,Residentes del condado Smith bajo supervisión de libertad condicional o probatoria de MDOC.,Report to assigned officer through MDOC District 4.,Repórtese al oficial asignado a través del Distrito 4 de MDOC.,Monday–Friday business hours,raleigh|smith|probation-parole|MDOC|reentry,Probation and parole supervision|Partner referrals,Smith,Smith,single,accepts_criminal_record
338,MDOC Community Corrections — Tallahatchie County,probation-parole,Charleston / Tallahatchie County,"MDOC Community Corrections — Tallahatchie County serves justice-involved adults and families rebuilding stability after incarceration in Tallahatchie County. MDOC Community Corrections supervises parole and probation for Tallahatchie County residents, connecting supervisees to Mid-State Opportunity, Coahoma Opportunities, and Delta workforce partners. This office handles supervision compliance and reporting—not emergency reentry navigation; ask your officer for referrals to local reentry partners. Contact this resource to confirm current intake steps, required documents, and whether walk-ins or referrals are accepted.","MDOC Community Corrections — Tallahatchie County sirve a adultos con antecedentes penales y familias que reconstruyen estabilidad después de la encarcelación en condado de Tallahatchie. Esta oficina maneja cumplimiento de supervisión e informes—no navegación de crisis de reinserción; pida a su oficial referencias a aliados locales de reinserción. Contacte este recurso para confirmar pasos de admisión, documentos requeridos y si aceptan visitas sin cita o referencias.",181 South Market Street,Charleston,662-647-5572,,https://www.mdoc.ms.gov,Tallahatchie County residents under MDOC parole or probation supervision.,Residentes del condado Tallahatchie bajo supervisión de libertad condicional o probatoria de MDOC.,Coordinate through MDOC District 2 Oxford.,Coordine a través del Distrito 2 de MDOC en Oxford.,Monday–Friday business hours,charleston|tallahatchie|probation-parole|MDOC|delta|reentry,Probation and parole supervision|Partner referrals,Tallahatchie,Tallahatchie,single,accepts_criminal_record
339,Housing Authority of the City of Vicksburg,housing,Vicksburg / Warren County,"Housing Authority of the City of Vicksburg serves justice-involved adults and families rebuilding stability after incarceration in Warren County. The Housing Authority of the City of Vicksburg administers public housing and Housing Choice Vouchers for low-income Warren County residents including justice-involved adults returning after incarceration. Waitlists may be closed—call for current availability. Resources may include case management, sobriety requirements, or referral from corrections partners—confirm admission steps before visiting. Contact this resource to confirm current intake steps, required documents, and whether walk-ins or referrals are accepted.","Housing Authority of the City of Vicksburg sirve a adultos con antecedentes penales y familias que reconstruyen estabilidad después de la encarcelación en condado de Warren. Los recursos pueden incluir manejo de casos, requisitos de sobriedad o referencia de socios correccionales—confirme los pasos de admisión antes de visitar. Contacte este recurso para confirmar pasos de admisión, documentos requeridos y si aceptan visitas sin cita o referencias.",131 Elizabeth Circle,Vicksburg,601-638-1661,,https://affordablehousinghub.org/housing/mississippi/warren-county/vicksburg/housing-authority-of-the-city-of-vicksburg-2027-authority,Low-income Warren County residents meeting HUD income guidelines; waitlist status varies.,Residentes de bajos ingresos del condado Warren que cumplan pautas de ingresos HUD; el estado de lista de espera varía.,Call 601-638-1661 for waitlist status; pairs with Region XV CMHC and Warren County MDHS.,Llame al 601-638-1661 para estado de lista de espera; se vincula con Region XV CMHC y MDHS del condado Warren.,Monday–Friday business hours,vicksburg|warren|housing|rental-assistance|reentry,Supportive housing|Housing Choice Vouchers|Counseling,Warren,Warren,single,accepts_criminal_record|referral_required
340,Weems Community Mental Health — Winston SUD,substance-use-treatment,Louisville / Winston County,"Weems Community Mental Health — Winston SUD serves justice-involved adults and families rebuilding stability after incarceration in Winston County. Weems Community Mental Health Center provides outpatient substance use disorder treatment for Winston County residents including justice-involved adults on MDOC supervision in east central Mississippi. Treatment may require assessment, insurance or Medicaid enrollment, and referral from courts or corrections for some beds—call intake to confirm openings. Contact this resource to confirm current intake steps, required documents, and whether walk-ins or referrals are accepted.","Weems Community Mental Health — Winston SUD sirve a adultos con antecedentes penales y familias que reconstruyen estabilidad después de la encarcelación en condado de Winston. El tratamiento puede requerir evaluación, seguro o Medicaid y referencia de tribunales o correcciones para algunas plazas—llame a admisión para confirmar disponibilidad. Contacte este recurso para confirmar pasos de admisión, documentos requeridos y si aceptan visitas sin cita o referencias.",165 Vance Street,Louisville,601-773-8035,,https://www.weemsmh.com,Winston County residents with substance use disorders; Medicaid accepted.,Residentes del condado Winston con trastornos por uso de sustancias; se acepta Medicaid.,Call 601-773-8035; outreach from Weems Meridian campus serves Winston County.,Llame al 601-773-8035; alcance desde el campus de Weems en Meridian sirve al condado Winston.,Monday–Friday clinic hours,louisville|winston|substance-use-treatment|weems|reentry,Substance use treatment|Co-occurring care|Reentry navigation|Medicaid enrollment,Winston,Winston,single,accepts_criminal_record|referral_required
341,MDOC Community Corrections — Calhoun County,probation-parole,Pittsboro / Calhoun County,"MDOC Community Corrections — Calhoun County serves justice-involved adults and families rebuilding stability after incarceration in Calhoun County. MDOC Community Corrections supervises parole and probation cases for Calhoun County residents, connecting supervisees to Mississippi Works Oxford, Calhoun County MDHS, and Region II CMHC treatment partners as conditions of release. This office handles supervision compliance and reporting—not emergency reentry navigation; ask your officer for referrals to local reentry partners. Contact this resource to confirm current intake steps, required documents, and whether walk-ins or referrals are accepted.","MDOC Community Corrections — Calhoun County sirve a adultos con antecedentes penales y familias que reconstruyen estabilidad después de la encarcelación en condado de Calhoun. Esta oficina maneja cumplimiento de supervisión e informes—no navegación de crisis de reinserción; pida a su oficial referencias a aliados locales de reinserción. Contacte este recurso para confirmar pasos de admisión, documentos requeridos y si aceptan visitas sin cita o referencias.",237 South Murphree Street,Pittsboro,662-412-3170,,https://www.mdoc.ms.gov,Calhoun County residents under MDOC parole or probation supervision; report to assigned officer.,Residentes del condado Calhoun bajo supervisión de libertad condicional o probatoria de MDOC; repórtese al oficial asignado.,Coordinate through MDOC District 2 Oxford office for Calhoun County cases.,Coordine a través de la oficina del Distrito 2 de MDOC en Oxford para casos del condado Calhoun.,Monday–Friday business hours,pittsboro|calhoun|probation-parole|MDOC|reentry,Probation and parole supervision|Partner referrals,Calhoun,Calhoun,single,accepts_criminal_record
342,Noxubee General Hospital — Winston County Care,healthcare,Macon / Noxubee County,"Noxubee General Hospital — Winston County Care serves justice-involved adults and families rebuilding stability after incarceration in Winston, and Noxubee counties. Noxubee General Hospital is a 25-bed critical access hospital in Macon providing emergency and outpatient care for Noxubee and Winston county residents including uninsured and Medicaid patients such as returning citizens reestablishing healthcare after release. Services are available on a sliding fee or Medicaid basis for eligible patients; bring ID and release paperwork when establishing care after incarceration. Contact this resource to confirm current intake steps, required documents, and whether walk-ins or referrals are accepted.","Noxubee General Hospital — Winston County Care sirve a adultos con antecedentes penales y familias que reconstruyen estabilidad después de la encarcelación en los condados Winston y Noxubee. Los servicios están disponibles con tarifa móvil o Medicaid para pacientes elegibles; lleve identificación y documentos de liberación al establecer atención después de la encarcelación. Contacte este recurso para confirmar pasos de admisión, documentos requeridos y si aceptan visitas sin cita o referencias.",78 Hospital Road,Macon,662-726-4231,,https://www.ngcah.com,Noxubee and Winston county patients; emergency care regardless of ability to pay; Medicaid accepted.,Pacientes de los condados Noxubee y Winston; atención de emergencia sin importar capacidad de pago; se acepta Medicaid.,Winston County residents use Noxubee General in Macon for nearest emergency care; call 662-726-4231.,Los residentes del condado Winston usan Noxubee General en Macon para la atención de emergencia más cercana; llame al 662-726-4231.,Emergency 24/7,macon|noxubee|winston|healthcare|hospital|reentry,Basic needs assistance|Substance use treatment|Partner referrals|Medicaid enrollment,Winston,Winston|Noxubee,multi,accepts_criminal_record
