state,county,category,category_label,tier,phase,strategy,sources
Alabama,Autauga,id-documentation,ID & Documentation,B,2,regional,Legal aid ID clinic; circuit clerk vital records
Alabama,Baldwin,id-documentation,ID & Documentation,B,2,regional,Legal aid ID clinic; circuit clerk vital records
Alabama,Barbour,id-documentation,ID & Documentation,B,2,regional,Legal aid ID clinic; circuit clerk vital records
Alabama,Bibb,id-documentation,ID & Documentation,B,2,regional,Legal aid ID clinic; circuit clerk vital records
Alabama,Blount,id-documentation,ID & Documentation,B,2,regional,Legal aid ID clinic; circuit clerk vital records
Alabama,Bullock,id-documentation,ID & Documentation,B,2,regional,Legal aid ID clinic; circuit clerk vital records
Alabama,Butler,id-documentation,ID & Documentation,B,2,regional,Legal aid ID clinic; circuit clerk vital records
Alabama,Calhoun,id-documentation,ID & Documentation,B,2,regional,Legal aid ID clinic; circuit clerk vital records
Alabama,Chambers,id-documentation,ID & Documentation,B,2,regional,Legal aid ID clinic; circuit clerk vital records
Alabama,Cherokee,id-documentation,ID & Documentation,B,2,regional,Legal aid ID clinic; circuit clerk vital records
Alabama,Chilton,id-documentation,ID & Documentation,B,2,regional,Legal aid ID clinic; circuit clerk vital records
Alabama,Choctaw,id-documentation,ID & Documentation,B,2,regional,Legal aid ID clinic; circuit clerk vital records
Alabama,Clarke,id-documentation,ID & Documentation,B,2,regional,Legal aid ID clinic; circuit clerk vital records
Alabama,Clay,id-documentation,ID & Documentation,B,2,regional,Legal aid ID clinic; circuit clerk vital records
Alabama,Cleburne,id-documentation,ID & Documentation,B,2,regional,Legal aid ID clinic; circuit clerk vital records
Alabama,Coffee,id-documentation,ID & Documentation,B,2,regional,Legal aid ID clinic; circuit clerk vital records
Alabama,Colbert,id-documentation,ID & Documentation,B,2,regional,Legal aid ID clinic; circuit clerk vital records
Alabama,Conecuh,id-documentation,ID & Documentation,B,2,regional,Legal aid ID clinic; circuit clerk vital records
Alabama,Coosa,id-documentation,ID & Documentation,B,2,regional,Legal aid ID clinic; circuit clerk vital records
Alabama,Covington,id-documentation,ID & Documentation,B,2,regional,Legal aid ID clinic; circuit clerk vital records
Alabama,Crenshaw,id-documentation,ID & Documentation,B,2,regional,Legal aid ID clinic; circuit clerk vital records
Alabama,Cullman,id-documentation,ID & Documentation,B,2,regional,Legal aid ID clinic; circuit clerk vital records
Alabama,Dale,id-documentation,ID & Documentation,B,2,regional,Legal aid ID clinic; circuit clerk vital records
Alabama,Dallas,id-documentation,ID & Documentation,B,2,regional,Legal aid ID clinic; circuit clerk vital records
Alabama,DeKalb,id-documentation,ID & Documentation,B,2,regional,Legal aid ID clinic; circuit clerk vital records
Alabama,Elmore,id-documentation,ID & Documentation,B,2,regional,Legal aid ID clinic; circuit clerk vital records
Alabama,Escambia,id-documentation,ID & Documentation,B,2,regional,Legal aid ID clinic; circuit clerk vital records
Alabama,Etowah,id-documentation,ID & Documentation,B,2,regional,Legal aid ID clinic; circuit clerk vital records
Alabama,Fayette,id-documentation,ID & Documentation,B,2,regional,Legal aid ID clinic; circuit clerk vital records
Alabama,Franklin,id-documentation,ID & Documentation,B,2,regional,Legal aid ID clinic; circuit clerk vital records
Alabama,Geneva,id-documentation,ID & Documentation,B,2,regional,Legal aid ID clinic; circuit clerk vital records
Alabama,Greene,id-documentation,ID & Documentation,B,2,regional,Legal aid ID clinic; circuit clerk vital records
Alabama,Hale,id-documentation,ID & Documentation,B,2,regional,Legal aid ID clinic; circuit clerk vital records
Alabama,Henry,id-documentation,ID & Documentation,B,2,regional,Legal aid ID clinic; circuit clerk vital records
Alabama,Houston,id-documentation,ID & Documentation,B,2,regional,Legal aid ID clinic; circuit clerk vital records
Alabama,Jackson,id-documentation,ID & Documentation,B,2,regional,Legal aid ID clinic; circuit clerk vital records
Alabama,Lamar,id-documentation,ID & Documentation,B,2,regional,Legal aid ID clinic; circuit clerk vital records
Alabama,Lauderdale,id-documentation,ID & Documentation,B,2,regional,Legal aid ID clinic; circuit clerk vital records
Alabama,Lawrence,id-documentation,ID & Documentation,B,2,regional,Legal aid ID clinic; circuit clerk vital records
Alabama,Lee,id-documentation,ID & Documentation,B,2,regional,Legal aid ID clinic; circuit clerk vital records
Alabama,Limestone,id-documentation,ID & Documentation,B,2,regional,Legal aid ID clinic; circuit clerk vital records
Alabama,Lowndes,id-documentation,ID & Documentation,B,2,regional,Legal aid ID clinic; circuit clerk vital records
Alabama,Macon,id-documentation,ID & Documentation,B,2,regional,Legal aid ID clinic; circuit clerk vital records
Alabama,Madison,id-documentation,ID & Documentation,B,2,regional,Legal aid ID clinic; circuit clerk vital records
Alabama,Marengo,id-documentation,ID & Documentation,B,2,regional,Legal aid ID clinic; circuit clerk vital records
Alabama,Marion,id-documentation,ID & Documentation,B,2,regional,Legal aid ID clinic; circuit clerk vital records
Alabama,Marshall,id-documentation,ID & Documentation,B,2,regional,Legal aid ID clinic; circuit clerk vital records
Alabama,Mobile,id-documentation,ID & Documentation,B,2,regional,Legal aid ID clinic; circuit clerk vital records
Alabama,Monroe,id-documentation,ID & Documentation,B,2,regional,Legal aid ID clinic; circuit clerk vital records
Alabama,Montgomery,id-documentation,ID & Documentation,B,2,regional,Legal aid ID clinic; circuit clerk vital records
Alabama,Morgan,id-documentation,ID & Documentation,B,2,regional,Legal aid ID clinic; circuit clerk vital records
Alabama,Perry,id-documentation,ID & Documentation,B,2,regional,Legal aid ID clinic; circuit clerk vital records
Alabama,Pickens,id-documentation,ID & Documentation,B,2,regional,Legal aid ID clinic; circuit clerk vital records
Alabama,Pike,id-documentation,ID & Documentation,B,2,regional,Legal aid ID clinic; circuit clerk vital records
Alabama,Randolph,id-documentation,ID & Documentation,B,2,regional,Legal aid ID clinic; circuit clerk vital records
Alabama,Russell,id-documentation,ID & Documentation,B,2,regional,Legal aid ID clinic; circuit clerk vital records
Alabama,Shelby,id-documentation,ID & Documentation,B,2,regional,Legal aid ID clinic; circuit clerk vital records
Alabama,St. Clair,id-documentation,ID & Documentation,B,2,regional,Legal aid ID clinic; circuit clerk vital records
Alabama,Sumter,id-documentation,ID & Documentation,B,2,regional,Legal aid ID clinic; circuit clerk vital records
Alabama,Talladega,id-documentation,ID & Documentation,B,2,regional,Legal aid ID clinic; circuit clerk vital records
Alabama,Tallapoosa,id-documentation,ID & Documentation,B,2,regional,Legal aid ID clinic; circuit clerk vital records
Alabama,Tuscaloosa,id-documentation,ID & Documentation,B,2,regional,Legal aid ID clinic; circuit clerk vital records
Alabama,Walker,id-documentation,ID & Documentation,B,2,regional,Legal aid ID clinic; circuit clerk vital records
Alabama,Washington,id-documentation,ID & Documentation,B,2,regional,Legal aid ID clinic; circuit clerk vital records
Alabama,Wilcox,id-documentation,ID & Documentation,B,2,regional,Legal aid ID clinic; circuit clerk vital records
Alabama,Winston,id-documentation,ID & Documentation,B,2,regional,Legal aid ID clinic; circuit clerk vital records
Alabama,Autauga,transportation,Transportation,B,2,regional,Transit authority voucher programs
Alabama,Baldwin,transportation,Transportation,B,2,regional,Transit authority voucher programs
Alabama,Barbour,transportation,Transportation,B,2,regional,Transit authority voucher programs
Alabama,Bibb,transportation,Transportation,B,2,regional,Transit authority voucher programs
Alabama,Blount,transportation,Transportation,B,2,regional,Transit authority voucher programs
Alabama,Bullock,transportation,Transportation,B,2,regional,Transit authority voucher programs
Alabama,Butler,transportation,Transportation,B,2,regional,Transit authority voucher programs
Alabama,Calhoun,transportation,Transportation,B,2,regional,Transit authority voucher programs
Alabama,Chambers,transportation,Transportation,B,2,regional,Transit authority voucher programs
Alabama,Cherokee,transportation,Transportation,B,2,regional,Transit authority voucher programs
Alabama,Chilton,transportation,Transportation,B,2,regional,Transit authority voucher programs
Alabama,Choctaw,transportation,Transportation,B,2,regional,Transit authority voucher programs
Alabama,Clarke,transportation,Transportation,B,2,regional,Transit authority voucher programs
Alabama,Clay,transportation,Transportation,B,2,regional,Transit authority voucher programs
Alabama,Cleburne,transportation,Transportation,B,2,regional,Transit authority voucher programs
Alabama,Coffee,transportation,Transportation,B,2,regional,Transit authority voucher programs
Alabama,Colbert,transportation,Transportation,B,2,regional,Transit authority voucher programs
Alabama,Conecuh,transportation,Transportation,B,2,regional,Transit authority voucher programs
Alabama,Coosa,transportation,Transportation,B,2,regional,Transit authority voucher programs
Alabama,Covington,transportation,Transportation,B,2,regional,Transit authority voucher programs
Alabama,Crenshaw,transportation,Transportation,B,2,regional,Transit authority voucher programs
Alabama,Cullman,transportation,Transportation,B,2,regional,Transit authority voucher programs
Alabama,Dale,transportation,Transportation,B,2,regional,Transit authority voucher programs
Alabama,Dallas,transportation,Transportation,B,2,regional,Transit authority voucher programs
Alabama,DeKalb,transportation,Transportation,B,2,regional,Transit authority voucher programs
Alabama,Elmore,transportation,Transportation,B,2,regional,Transit authority voucher programs
Alabama,Escambia,transportation,Transportation,B,2,regional,Transit authority voucher programs
Alabama,Etowah,transportation,Transportation,B,2,regional,Transit authority voucher programs
Alabama,Fayette,transportation,Transportation,B,2,regional,Transit authority voucher programs
Alabama,Franklin,transportation,Transportation,B,2,regional,Transit authority voucher programs
Alabama,Geneva,transportation,Transportation,B,2,regional,Transit authority voucher programs
Alabama,Greene,transportation,Transportation,B,2,regional,Transit authority voucher programs
Alabama,Hale,transportation,Transportation,B,2,regional,Transit authority voucher programs
Alabama,Henry,transportation,Transportation,B,2,regional,Transit authority voucher programs
Alabama,Houston,transportation,Transportation,B,2,regional,Transit authority voucher programs
Alabama,Jackson,transportation,Transportation,B,2,regional,Transit authority voucher programs
Alabama,Lamar,transportation,Transportation,B,2,regional,Transit authority voucher programs
Alabama,Lauderdale,transportation,Transportation,B,2,regional,Transit authority voucher programs
Alabama,Lawrence,transportation,Transportation,B,2,regional,Transit authority voucher programs
Alabama,Lee,transportation,Transportation,B,2,regional,Transit authority voucher programs
Alabama,Limestone,transportation,Transportation,B,2,regional,Transit authority voucher programs
Alabama,Lowndes,transportation,Transportation,B,2,regional,Transit authority voucher programs
Alabama,Macon,transportation,Transportation,B,2,regional,Transit authority voucher programs
Alabama,Marengo,transportation,Transportation,B,2,regional,Transit authority voucher programs
Alabama,Marion,transportation,Transportation,B,2,regional,Transit authority voucher programs
Alabama,Marshall,transportation,Transportation,B,2,regional,Transit authority voucher programs
Alabama,Monroe,transportation,Transportation,B,2,regional,Transit authority voucher programs
Alabama,Morgan,transportation,Transportation,B,2,regional,Transit authority voucher programs
Alabama,Perry,transportation,Transportation,B,2,regional,Transit authority voucher programs
Alabama,Pickens,transportation,Transportation,B,2,regional,Transit authority voucher programs
Alabama,Pike,transportation,Transportation,B,2,regional,Transit authority voucher programs
Alabama,Randolph,transportation,Transportation,B,2,regional,Transit authority voucher programs
Alabama,Russell,transportation,Transportation,B,2,regional,Transit authority voucher programs
Alabama,St. Clair,transportation,Transportation,B,2,regional,Transit authority voucher programs
Alabama,Sumter,transportation,Transportation,B,2,regional,Transit authority voucher programs
Alabama,Talladega,transportation,Transportation,B,2,regional,Transit authority voucher programs
Alabama,Tallapoosa,transportation,Transportation,B,2,regional,Transit authority voucher programs
Alabama,Tuscaloosa,transportation,Transportation,B,2,regional,Transit authority voucher programs
Alabama,Walker,transportation,Transportation,B,2,regional,Transit authority voucher programs
Alabama,Washington,transportation,Transportation,B,2,regional,Transit authority voucher programs
Alabama,Wilcox,transportation,Transportation,B,2,regional,Transit authority voucher programs
Alabama,Winston,transportation,Transportation,B,2,regional,Transit authority voucher programs
Alabama,Autauga,peer-support,Peer Support,B,2,regional,State peer certification roster
Alabama,Baldwin,peer-support,Peer Support,B,2,regional,State peer certification roster
Alabama,Barbour,peer-support,Peer Support,B,2,regional,State peer certification roster
Alabama,Bibb,peer-support,Peer Support,B,2,regional,State peer certification roster
Alabama,Blount,peer-support,Peer Support,B,2,regional,State peer certification roster
Alabama,Bullock,peer-support,Peer Support,B,2,regional,State peer certification roster
Alabama,Butler,peer-support,Peer Support,B,2,regional,State peer certification roster
Alabama,Calhoun,peer-support,Peer Support,B,2,regional,State peer certification roster
Alabama,Chambers,peer-support,Peer Support,B,2,regional,State peer certification roster
Alabama,Cherokee,peer-support,Peer Support,B,2,regional,State peer certification roster
Alabama,Chilton,peer-support,Peer Support,B,2,regional,State peer certification roster
Alabama,Choctaw,peer-support,Peer Support,B,2,regional,State peer certification roster
Alabama,Clarke,peer-support,Peer Support,B,2,regional,State peer certification roster
Alabama,Clay,peer-support,Peer Support,B,2,regional,State peer certification roster
Alabama,Cleburne,peer-support,Peer Support,B,2,regional,State peer certification roster
Alabama,Coffee,peer-support,Peer Support,B,2,regional,State peer certification roster
Alabama,Colbert,peer-support,Peer Support,B,2,regional,State peer certification roster
Alabama,Conecuh,peer-support,Peer Support,B,2,regional,State peer certification roster
Alabama,Coosa,peer-support,Peer Support,B,2,regional,State peer certification roster
Alabama,Covington,peer-support,Peer Support,B,2,regional,State peer certification roster
Alabama,Crenshaw,peer-support,Peer Support,B,2,regional,State peer certification roster
Alabama,Cullman,peer-support,Peer Support,B,2,regional,State peer certification roster
Alabama,Dale,peer-support,Peer Support,B,2,regional,State peer certification roster
Alabama,Dallas,peer-support,Peer Support,B,2,regional,State peer certification roster
Alabama,DeKalb,peer-support,Peer Support,B,2,regional,State peer certification roster
Alabama,Elmore,peer-support,Peer Support,B,2,regional,State peer certification roster
Alabama,Escambia,peer-support,Peer Support,B,2,regional,State peer certification roster
Alabama,Etowah,peer-support,Peer Support,B,2,regional,State peer certification roster
Alabama,Fayette,peer-support,Peer Support,B,2,regional,State peer certification roster
Alabama,Franklin,peer-support,Peer Support,B,2,regional,State peer certification roster
Alabama,Geneva,peer-support,Peer Support,B,2,regional,State peer certification roster
Alabama,Greene,peer-support,Peer Support,B,2,regional,State peer certification roster
Alabama,Hale,peer-support,Peer Support,B,2,regional,State peer certification roster
Alabama,Henry,peer-support,Peer Support,B,2,regional,State peer certification roster
Alabama,Houston,peer-support,Peer Support,B,2,regional,State peer certification roster
Alabama,Jackson,peer-support,Peer Support,B,2,regional,State peer certification roster
Alabama,Lamar,peer-support,Peer Support,B,2,regional,State peer certification roster
Alabama,Lauderdale,peer-support,Peer Support,B,2,regional,State peer certification roster
Alabama,Lawrence,peer-support,Peer Support,B,2,regional,State peer certification roster
Alabama,Lee,peer-support,Peer Support,B,2,regional,State peer certification roster
Alabama,Limestone,peer-support,Peer Support,B,2,regional,State peer certification roster
Alabama,Lowndes,peer-support,Peer Support,B,2,regional,State peer certification roster
Alabama,Macon,peer-support,Peer Support,B,2,regional,State peer certification roster
Alabama,Madison,peer-support,Peer Support,B,2,regional,State peer certification roster
Alabama,Marengo,peer-support,Peer Support,B,2,regional,State peer certification roster
Alabama,Marion,peer-support,Peer Support,B,2,regional,State peer certification roster
Alabama,Marshall,peer-support,Peer Support,B,2,regional,State peer certification roster
Alabama,Mobile,peer-support,Peer Support,B,2,regional,State peer certification roster
Alabama,Monroe,peer-support,Peer Support,B,2,regional,State peer certification roster
Alabama,Montgomery,peer-support,Peer Support,B,2,regional,State peer certification roster
Alabama,Morgan,peer-support,Peer Support,B,2,regional,State peer certification roster
Alabama,Perry,peer-support,Peer Support,B,2,regional,State peer certification roster
Alabama,Pickens,peer-support,Peer Support,B,2,regional,State peer certification roster
Alabama,Pike,peer-support,Peer Support,B,2,regional,State peer certification roster
Alabama,Randolph,peer-support,Peer Support,B,2,regional,State peer certification roster
Alabama,Russell,peer-support,Peer Support,B,2,regional,State peer certification roster
Alabama,Shelby,peer-support,Peer Support,B,2,regional,State peer certification roster
Alabama,St. Clair,peer-support,Peer Support,B,2,regional,State peer certification roster
Alabama,Sumter,peer-support,Peer Support,B,2,regional,State peer certification roster
Alabama,Talladega,peer-support,Peer Support,B,2,regional,State peer certification roster
Alabama,Tallapoosa,peer-support,Peer Support,B,2,regional,State peer certification roster
Alabama,Tuscaloosa,peer-support,Peer Support,B,2,regional,State peer certification roster
Alabama,Walker,peer-support,Peer Support,B,2,regional,State peer certification roster
Alabama,Washington,peer-support,Peer Support,B,2,regional,State peer certification roster
Alabama,Wilcox,peer-support,Peer Support,B,2,regional,State peer certification roster
Alabama,Winston,peer-support,Peer Support,B,2,regional,State peer certification roster
Alabama,Baldwin,family-children,Family & Children,B,2,regional,211; family reentry nonprofits
Alabama,Barbour,family-children,Family & Children,B,2,regional,211; family reentry nonprofits
Alabama,Bibb,family-children,Family & Children,B,2,regional,211; family reentry nonprofits
Alabama,Blount,family-children,Family & Children,B,2,regional,211; family reentry nonprofits
Alabama,Calhoun,family-children,Family & Children,B,2,regional,211; family reentry nonprofits
Alabama,Chambers,family-children,Family & Children,B,2,regional,211; family reentry nonprofits
Alabama,Cherokee,family-children,Family & Children,B,2,regional,211; family reentry nonprofits
Alabama,Chilton,family-children,Family & Children,B,2,regional,211; family reentry nonprofits
Alabama,Choctaw,family-children,Family & Children,B,2,regional,211; family reentry nonprofits
Alabama,Clarke,family-children,Family & Children,B,2,regional,211; family reentry nonprofits
Alabama,Clay,family-children,Family & Children,B,2,regional,211; family reentry nonprofits
Alabama,Cleburne,family-children,Family & Children,B,2,regional,211; family reentry nonprofits
Alabama,Coffee,family-children,Family & Children,B,2,regional,211; family reentry nonprofits
Alabama,Colbert,family-children,Family & Children,B,2,regional,211; family reentry nonprofits
Alabama,Conecuh,family-children,Family & Children,B,2,regional,211; family reentry nonprofits
Alabama,Coosa,family-children,Family & Children,B,2,regional,211; family reentry nonprofits
Alabama,Covington,family-children,Family & Children,B,2,regional,211; family reentry nonprofits
Alabama,Cullman,family-children,Family & Children,B,2,regional,211; family reentry nonprofits
Alabama,Dale,family-children,Family & Children,B,2,regional,211; family reentry nonprofits
Alabama,Dallas,family-children,Family & Children,B,2,regional,211; family reentry nonprofits
Alabama,DeKalb,family-children,Family & Children,B,2,regional,211; family reentry nonprofits
Alabama,Escambia,family-children,Family & Children,B,2,regional,211; family reentry nonprofits
Alabama,Etowah,family-children,Family & Children,B,2,regional,211; family reentry nonprofits
Alabama,Fayette,family-children,Family & Children,B,2,regional,211; family reentry nonprofits
Alabama,Franklin,family-children,Family & Children,B,2,regional,211; family reentry nonprofits
Alabama,Geneva,family-children,Family & Children,B,2,regional,211; family reentry nonprofits
Alabama,Greene,family-children,Family & Children,B,2,regional,211; family reentry nonprofits
Alabama,Hale,family-children,Family & Children,B,2,regional,211; family reentry nonprofits
Alabama,Henry,family-children,Family & Children,B,2,regional,211; family reentry nonprofits
Alabama,Jackson,family-children,Family & Children,B,2,regional,211; family reentry nonprofits
Alabama,Lamar,family-children,Family & Children,B,2,regional,211; family reentry nonprofits
Alabama,Lauderdale,family-children,Family & Children,B,2,regional,211; family reentry nonprofits
Alabama,Lawrence,family-children,Family & Children,B,2,regional,211; family reentry nonprofits
Alabama,Lee,family-children,Family & Children,B,2,regional,211; family reentry nonprofits
Alabama,Limestone,family-children,Family & Children,B,2,regional,211; family reentry nonprofits
Alabama,Macon,family-children,Family & Children,B,2,regional,211; family reentry nonprofits
Alabama,Madison,family-children,Family & Children,B,2,regional,211; family reentry nonprofits
Alabama,Marengo,family-children,Family & Children,B,2,regional,211; family reentry nonprofits
Alabama,Marion,family-children,Family & Children,B,2,regional,211; family reentry nonprofits
Alabama,Marshall,family-children,Family & Children,B,2,regional,211; family reentry nonprofits
Alabama,Monroe,family-children,Family & Children,B,2,regional,211; family reentry nonprofits
Alabama,Morgan,family-children,Family & Children,B,2,regional,211; family reentry nonprofits
Alabama,Perry,family-children,Family & Children,B,2,regional,211; family reentry nonprofits
Alabama,Pickens,family-children,Family & Children,B,2,regional,211; family reentry nonprofits
Alabama,Randolph,family-children,Family & Children,B,2,regional,211; family reentry nonprofits
Alabama,Russell,family-children,Family & Children,B,2,regional,211; family reentry nonprofits
Alabama,Shelby,family-children,Family & Children,B,2,regional,211; family reentry nonprofits
Alabama,St. Clair,family-children,Family & Children,B,2,regional,211; family reentry nonprofits
Alabama,Sumter,family-children,Family & Children,B,2,regional,211; family reentry nonprofits
Alabama,Talladega,family-children,Family & Children,B,2,regional,211; family reentry nonprofits
Alabama,Tallapoosa,family-children,Family & Children,B,2,regional,211; family reentry nonprofits
Alabama,Walker,family-children,Family & Children,B,2,regional,211; family reentry nonprofits
Alabama,Washington,family-children,Family & Children,B,2,regional,211; family reentry nonprofits
Alabama,Wilcox,family-children,Family & Children,B,2,regional,211; family reentry nonprofits
Alabama,Winston,family-children,Family & Children,B,2,regional,211; family reentry nonprofits
Alabama,Autauga,veterans,Veterans,B,2,regional,VA; county veterans service officer
Alabama,Barbour,veterans,Veterans,B,2,regional,VA; county veterans service officer
Alabama,Bibb,veterans,Veterans,B,2,regional,VA; county veterans service officer
Alabama,Blount,veterans,Veterans,B,2,regional,VA; county veterans service officer
Alabama,Bullock,veterans,Veterans,B,2,regional,VA; county veterans service officer
Alabama,Butler,veterans,Veterans,B,2,regional,VA; county veterans service officer
Alabama,Calhoun,veterans,Veterans,B,2,regional,VA; county veterans service officer
Alabama,Chambers,veterans,Veterans,B,2,regional,VA; county veterans service officer
Alabama,Cherokee,veterans,Veterans,B,2,regional,VA; county veterans service officer
Alabama,Chilton,veterans,Veterans,B,2,regional,VA; county veterans service officer
Alabama,Choctaw,veterans,Veterans,B,2,regional,VA; county veterans service officer
Alabama,Clarke,veterans,Veterans,B,2,regional,VA; county veterans service officer
Alabama,Clay,veterans,Veterans,B,2,regional,VA; county veterans service officer
Alabama,Cleburne,veterans,Veterans,B,2,regional,VA; county veterans service officer
Alabama,Coffee,veterans,Veterans,B,2,regional,VA; county veterans service officer
Alabama,Colbert,veterans,Veterans,B,2,regional,VA; county veterans service officer
Alabama,Conecuh,veterans,Veterans,B,2,regional,VA; county veterans service officer
Alabama,Coosa,veterans,Veterans,B,2,regional,VA; county veterans service officer
Alabama,Covington,veterans,Veterans,B,2,regional,VA; county veterans service officer
Alabama,Crenshaw,veterans,Veterans,B,2,regional,VA; county veterans service officer
Alabama,Cullman,veterans,Veterans,B,2,regional,VA; county veterans service officer
Alabama,Dale,veterans,Veterans,B,2,regional,VA; county veterans service officer
Alabama,Dallas,veterans,Veterans,B,2,regional,VA; county veterans service officer
Alabama,DeKalb,veterans,Veterans,B,2,regional,VA; county veterans service officer
Alabama,Elmore,veterans,Veterans,B,2,regional,VA; county veterans service officer
Alabama,Etowah,veterans,Veterans,B,2,regional,VA; county veterans service officer
Alabama,Fayette,veterans,Veterans,B,2,regional,VA; county veterans service officer
Alabama,Franklin,veterans,Veterans,B,2,regional,VA; county veterans service officer
Alabama,Geneva,veterans,Veterans,B,2,regional,VA; county veterans service officer
Alabama,Greene,veterans,Veterans,B,2,regional,VA; county veterans service officer
Alabama,Hale,veterans,Veterans,B,2,regional,VA; county veterans service officer
Alabama,Henry,veterans,Veterans,B,2,regional,VA; county veterans service officer
Alabama,Houston,veterans,Veterans,B,2,regional,VA; county veterans service officer
Alabama,Jackson,veterans,Veterans,B,2,regional,VA; county veterans service officer
Alabama,Lamar,veterans,Veterans,B,2,regional,VA; county veterans service officer
Alabama,Lauderdale,veterans,Veterans,B,2,regional,VA; county veterans service officer
Alabama,Lawrence,veterans,Veterans,B,2,regional,VA; county veterans service officer
Alabama,Lee,veterans,Veterans,B,2,regional,VA; county veterans service officer
Alabama,Limestone,veterans,Veterans,B,2,regional,VA; county veterans service officer
Alabama,Lowndes,veterans,Veterans,B,2,regional,VA; county veterans service officer
Alabama,Macon,veterans,Veterans,B,2,regional,VA; county veterans service officer
Alabama,Marengo,veterans,Veterans,B,2,regional,VA; county veterans service officer
Alabama,Marion,veterans,Veterans,B,2,regional,VA; county veterans service officer
Alabama,Marshall,veterans,Veterans,B,2,regional,VA; county veterans service officer
Alabama,Monroe,veterans,Veterans,B,2,regional,VA; county veterans service officer
Alabama,Morgan,veterans,Veterans,B,2,regional,VA; county veterans service officer
Alabama,Perry,veterans,Veterans,B,2,regional,VA; county veterans service officer
Alabama,Pickens,veterans,Veterans,B,2,regional,VA; county veterans service officer
Alabama,Pike,veterans,Veterans,B,2,regional,VA; county veterans service officer
Alabama,Randolph,veterans,Veterans,B,2,regional,VA; county veterans service officer
Alabama,Russell,veterans,Veterans,B,2,regional,VA; county veterans service officer
Alabama,Shelby,veterans,Veterans,B,2,regional,VA; county veterans service officer
Alabama,St. Clair,veterans,Veterans,B,2,regional,VA; county veterans service officer
Alabama,Sumter,veterans,Veterans,B,2,regional,VA; county veterans service officer
Alabama,Talladega,veterans,Veterans,B,2,regional,VA; county veterans service officer
Alabama,Tallapoosa,veterans,Veterans,B,2,regional,VA; county veterans service officer
Alabama,Tuscaloosa,veterans,Veterans,B,2,regional,VA; county veterans service officer
Alabama,Walker,veterans,Veterans,B,2,regional,VA; county veterans service officer
Alabama,Washington,veterans,Veterans,B,2,regional,VA; county veterans service officer
Alabama,Wilcox,veterans,Veterans,B,2,regional,VA; county veterans service officer
Alabama,Winston,veterans,Veterans,B,2,regional,VA; county veterans service officer
Alabama,Baldwin,education,Education,B,2,regional,Adult ed/ABLE; community college reentry
Alabama,Bibb,education,Education,B,2,regional,Adult ed/ABLE; community college reentry
Alabama,Blount,education,Education,B,2,regional,Adult ed/ABLE; community college reentry
Alabama,Butler,education,Education,B,2,regional,Adult ed/ABLE; community college reentry
Alabama,Calhoun,education,Education,B,2,regional,Adult ed/ABLE; community college reentry
Alabama,Chambers,education,Education,B,2,regional,Adult ed/ABLE; community college reentry
Alabama,Cherokee,education,Education,B,2,regional,Adult ed/ABLE; community college reentry
Alabama,Choctaw,education,Education,B,2,regional,Adult ed/ABLE; community college reentry
Alabama,Clarke,education,Education,B,2,regional,Adult ed/ABLE; community college reentry
Alabama,Coffee,education,Education,B,2,regional,Adult ed/ABLE; community college reentry
Alabama,Conecuh,education,Education,B,2,regional,Adult ed/ABLE; community college reentry
Alabama,Coosa,education,Education,B,2,regional,Adult ed/ABLE; community college reentry
Alabama,Covington,education,Education,B,2,regional,Adult ed/ABLE; community college reentry
Alabama,Crenshaw,education,Education,B,2,regional,Adult ed/ABLE; community college reentry
Alabama,Cullman,education,Education,B,2,regional,Adult ed/ABLE; community college reentry
Alabama,DeKalb,education,Education,B,2,regional,Adult ed/ABLE; community college reentry
Alabama,Escambia,education,Education,B,2,regional,Adult ed/ABLE; community college reentry
Alabama,Etowah,education,Education,B,2,regional,Adult ed/ABLE; community college reentry
Alabama,Fayette,education,Education,B,2,regional,Adult ed/ABLE; community college reentry
Alabama,Franklin,education,Education,B,2,regional,Adult ed/ABLE; community college reentry
Alabama,Geneva,education,Education,B,2,regional,Adult ed/ABLE; community college reentry
Alabama,Greene,education,Education,B,2,regional,Adult ed/ABLE; community college reentry
Alabama,Hale,education,Education,B,2,regional,Adult ed/ABLE; community college reentry
Alabama,Jackson,education,Education,B,2,regional,Adult ed/ABLE; community college reentry
Alabama,Lamar,education,Education,B,2,regional,Adult ed/ABLE; community college reentry
Alabama,Lawrence,education,Education,B,2,regional,Adult ed/ABLE; community college reentry
Alabama,Lee,education,Education,B,2,regional,Adult ed/ABLE; community college reentry
Alabama,Limestone,education,Education,B,2,regional,Adult ed/ABLE; community college reentry
Alabama,Lowndes,education,Education,B,2,regional,Adult ed/ABLE; community college reentry
Alabama,Marion,education,Education,B,2,regional,Adult ed/ABLE; community college reentry
Alabama,Marshall,education,Education,B,2,regional,Adult ed/ABLE; community college reentry
Alabama,Monroe,education,Education,B,2,regional,Adult ed/ABLE; community college reentry
Alabama,Morgan,education,Education,B,2,regional,Adult ed/ABLE; community college reentry
Alabama,Pickens,education,Education,B,2,regional,Adult ed/ABLE; community college reentry
Alabama,Pike,education,Education,B,2,regional,Adult ed/ABLE; community college reentry
Alabama,Randolph,education,Education,B,2,regional,Adult ed/ABLE; community college reentry
Alabama,Russell,education,Education,B,2,regional,Adult ed/ABLE; community college reentry
Alabama,Sumter,education,Education,B,2,regional,Adult ed/ABLE; community college reentry
Alabama,Talladega,education,Education,B,2,regional,Adult ed/ABLE; community college reentry
Alabama,Tallapoosa,education,Education,B,2,regional,Adult ed/ABLE; community college reentry
Alabama,Walker,education,Education,B,2,regional,Adult ed/ABLE; community college reentry
Alabama,Autauga,basic-needs,Basic Needs,B,2,regional,211; United Way basic needs partners
Alabama,Bullock,basic-needs,Basic Needs,B,2,regional,211; United Way basic needs partners
Alabama,Butler,basic-needs,Basic Needs,B,2,regional,211; United Way basic needs partners
Alabama,Calhoun,basic-needs,Basic Needs,B,2,regional,211; United Way basic needs partners
Alabama,Chambers,basic-needs,Basic Needs,B,2,regional,211; United Way basic needs partners
Alabama,Cherokee,basic-needs,Basic Needs,B,2,regional,211; United Way basic needs partners
Alabama,Chilton,basic-needs,Basic Needs,B,2,regional,211; United Way basic needs partners
Alabama,Clay,basic-needs,Basic Needs,B,2,regional,211; United Way basic needs partners
Alabama,Cleburne,basic-needs,Basic Needs,B,2,regional,211; United Way basic needs partners
Alabama,Colbert,basic-needs,Basic Needs,B,2,regional,211; United Way basic needs partners
Alabama,Coosa,basic-needs,Basic Needs,B,2,regional,211; United Way basic needs partners
Alabama,Covington,basic-needs,Basic Needs,B,2,regional,211; United Way basic needs partners
Alabama,Crenshaw,basic-needs,Basic Needs,B,2,regional,211; United Way basic needs partners
Alabama,Cullman,basic-needs,Basic Needs,B,2,regional,211; United Way basic needs partners
Alabama,Dale,basic-needs,Basic Needs,B,2,regional,211; United Way basic needs partners
Alabama,DeKalb,basic-needs,Basic Needs,B,2,regional,211; United Way basic needs partners
Alabama,Elmore,basic-needs,Basic Needs,B,2,regional,211; United Way basic needs partners
Alabama,Etowah,basic-needs,Basic Needs,B,2,regional,211; United Way basic needs partners
Alabama,Franklin,basic-needs,Basic Needs,B,2,regional,211; United Way basic needs partners
Alabama,Jackson,basic-needs,Basic Needs,B,2,regional,211; United Way basic needs partners
Alabama,Lawrence,basic-needs,Basic Needs,B,2,regional,211; United Way basic needs partners
Alabama,Lee,basic-needs,Basic Needs,B,2,regional,211; United Way basic needs partners
Alabama,Lowndes,basic-needs,Basic Needs,B,2,regional,211; United Way basic needs partners
Alabama,Macon,basic-needs,Basic Needs,B,2,regional,211; United Way basic needs partners
Alabama,Marion,basic-needs,Basic Needs,B,2,regional,211; United Way basic needs partners
Alabama,Marshall,basic-needs,Basic Needs,B,2,regional,211; United Way basic needs partners
Alabama,Morgan,basic-needs,Basic Needs,B,2,regional,211; United Way basic needs partners
Alabama,Pickens,basic-needs,Basic Needs,B,2,regional,211; United Way basic needs partners
Alabama,Pike,basic-needs,Basic Needs,B,2,regional,211; United Way basic needs partners
Alabama,Randolph,basic-needs,Basic Needs,B,2,regional,211; United Way basic needs partners
Alabama,Russell,basic-needs,Basic Needs,B,2,regional,211; United Way basic needs partners
Alabama,Talladega,basic-needs,Basic Needs,B,2,regional,211; United Way basic needs partners
Alabama,Tallapoosa,basic-needs,Basic Needs,B,2,regional,211; United Way basic needs partners
Alabama,Walker,basic-needs,Basic Needs,B,2,regional,211; United Way basic needs partners
Alabama,Washington,basic-needs,Basic Needs,B,2,regional,211; United Way basic needs partners
Alabama,Winston,basic-needs,Basic Needs,B,2,regional,211; United Way basic needs partners
Alabama,Autauga,reentry-organizations,Reentry Organizations,B,2,regional,State reentry council; nonprofit coalitions
Alabama,Baldwin,reentry-organizations,Reentry Organizations,B,2,regional,State reentry council; nonprofit coalitions
Alabama,Barbour,reentry-organizations,Reentry Organizations,B,2,regional,State reentry council; nonprofit coalitions
Alabama,Bibb,reentry-organizations,Reentry Organizations,B,2,regional,State reentry council; nonprofit coalitions
Alabama,Blount,reentry-organizations,Reentry Organizations,B,2,regional,State reentry council; nonprofit coalitions
Alabama,Bullock,reentry-organizations,Reentry Organizations,B,2,regional,State reentry council; nonprofit coalitions
Alabama,Butler,reentry-organizations,Reentry Organizations,B,2,regional,State reentry council; nonprofit coalitions
Alabama,Calhoun,reentry-organizations,Reentry Organizations,B,2,regional,State reentry council; nonprofit coalitions
Alabama,Chambers,reentry-organizations,Reentry Organizations,B,2,regional,State reentry council; nonprofit coalitions
Alabama,Cherokee,reentry-organizations,Reentry Organizations,B,2,regional,State reentry council; nonprofit coalitions
Alabama,Chilton,reentry-organizations,Reentry Organizations,B,2,regional,State reentry council; nonprofit coalitions
Alabama,Choctaw,reentry-organizations,Reentry Organizations,B,2,regional,State reentry council; nonprofit coalitions
Alabama,Clarke,reentry-organizations,Reentry Organizations,B,2,regional,State reentry council; nonprofit coalitions
Alabama,Clay,reentry-organizations,Reentry Organizations,B,2,regional,State reentry council; nonprofit coalitions
Alabama,Cleburne,reentry-organizations,Reentry Organizations,B,2,regional,State reentry council; nonprofit coalitions
Alabama,Coffee,reentry-organizations,Reentry Organizations,B,2,regional,State reentry council; nonprofit coalitions
Alabama,Colbert,reentry-organizations,Reentry Organizations,B,2,regional,State reentry council; nonprofit coalitions
Alabama,Conecuh,reentry-organizations,Reentry Organizations,B,2,regional,State reentry council; nonprofit coalitions
Alabama,Coosa,reentry-organizations,Reentry Organizations,B,2,regional,State reentry council; nonprofit coalitions
Alabama,Covington,reentry-organizations,Reentry Organizations,B,2,regional,State reentry council; nonprofit coalitions
Alabama,Crenshaw,reentry-organizations,Reentry Organizations,B,2,regional,State reentry council; nonprofit coalitions
Alabama,Cullman,reentry-organizations,Reentry Organizations,B,2,regional,State reentry council; nonprofit coalitions
Alabama,Dale,reentry-organizations,Reentry Organizations,B,2,regional,State reentry council; nonprofit coalitions
Alabama,Dallas,reentry-organizations,Reentry Organizations,B,2,regional,State reentry council; nonprofit coalitions
Alabama,DeKalb,reentry-organizations,Reentry Organizations,B,2,regional,State reentry council; nonprofit coalitions
Alabama,Elmore,reentry-organizations,Reentry Organizations,B,2,regional,State reentry council; nonprofit coalitions
Alabama,Escambia,reentry-organizations,Reentry Organizations,B,2,regional,State reentry council; nonprofit coalitions
Alabama,Etowah,reentry-organizations,Reentry Organizations,B,2,regional,State reentry council; nonprofit coalitions
Alabama,Fayette,reentry-organizations,Reentry Organizations,B,2,regional,State reentry council; nonprofit coalitions
Alabama,Franklin,reentry-organizations,Reentry Organizations,B,2,regional,State reentry council; nonprofit coalitions
Alabama,Geneva,reentry-organizations,Reentry Organizations,B,2,regional,State reentry council; nonprofit coalitions
Alabama,Greene,reentry-organizations,Reentry Organizations,B,2,regional,State reentry council; nonprofit coalitions
Alabama,Hale,reentry-organizations,Reentry Organizations,B,2,regional,State reentry council; nonprofit coalitions
Alabama,Henry,reentry-organizations,Reentry Organizations,B,2,regional,State reentry council; nonprofit coalitions
Alabama,Houston,reentry-organizations,Reentry Organizations,B,2,regional,State reentry council; nonprofit coalitions
Alabama,Jackson,reentry-organizations,Reentry Organizations,B,2,regional,State reentry council; nonprofit coalitions
Alabama,Lamar,reentry-organizations,Reentry Organizations,B,2,regional,State reentry council; nonprofit coalitions
Alabama,Lauderdale,reentry-organizations,Reentry Organizations,B,2,regional,State reentry council; nonprofit coalitions
Alabama,Lawrence,reentry-organizations,Reentry Organizations,B,2,regional,State reentry council; nonprofit coalitions
Alabama,Lee,reentry-organizations,Reentry Organizations,B,2,regional,State reentry council; nonprofit coalitions
Alabama,Limestone,reentry-organizations,Reentry Organizations,B,2,regional,State reentry council; nonprofit coalitions
Alabama,Lowndes,reentry-organizations,Reentry Organizations,B,2,regional,State reentry council; nonprofit coalitions
Alabama,Macon,reentry-organizations,Reentry Organizations,B,2,regional,State reentry council; nonprofit coalitions
Alabama,Madison,reentry-organizations,Reentry Organizations,B,2,regional,State reentry council; nonprofit coalitions
Alabama,Marengo,reentry-organizations,Reentry Organizations,B,2,regional,State reentry council; nonprofit coalitions
Alabama,Marion,reentry-organizations,Reentry Organizations,B,2,regional,State reentry council; nonprofit coalitions
Alabama,Marshall,reentry-organizations,Reentry Organizations,B,2,regional,State reentry council; nonprofit coalitions
Alabama,Mobile,reentry-organizations,Reentry Organizations,B,2,regional,State reentry council; nonprofit coalitions
Alabama,Monroe,reentry-organizations,Reentry Organizations,B,2,regional,State reentry council; nonprofit coalitions
Alabama,Montgomery,reentry-organizations,Reentry Organizations,B,2,regional,State reentry council; nonprofit coalitions
Alabama,Morgan,reentry-organizations,Reentry Organizations,B,2,regional,State reentry council; nonprofit coalitions
Alabama,Perry,reentry-organizations,Reentry Organizations,B,2,regional,State reentry council; nonprofit coalitions
Alabama,Pickens,reentry-organizations,Reentry Organizations,B,2,regional,State reentry council; nonprofit coalitions
Alabama,Pike,reentry-organizations,Reentry Organizations,B,2,regional,State reentry council; nonprofit coalitions
Alabama,Randolph,reentry-organizations,Reentry Organizations,B,2,regional,State reentry council; nonprofit coalitions
Alabama,Russell,reentry-organizations,Reentry Organizations,B,2,regional,State reentry council; nonprofit coalitions
Alabama,St. Clair,reentry-organizations,Reentry Organizations,B,2,regional,State reentry council; nonprofit coalitions
Alabama,Sumter,reentry-organizations,Reentry Organizations,B,2,regional,State reentry council; nonprofit coalitions
Alabama,Talladega,reentry-organizations,Reentry Organizations,B,2,regional,State reentry council; nonprofit coalitions
Alabama,Tallapoosa,reentry-organizations,Reentry Organizations,B,2,regional,State reentry council; nonprofit coalitions
Alabama,Tuscaloosa,reentry-organizations,Reentry Organizations,B,2,regional,State reentry council; nonprofit coalitions
Alabama,Walker,reentry-organizations,Reentry Organizations,B,2,regional,State reentry council; nonprofit coalitions
Alabama,Washington,reentry-organizations,Reentry Organizations,B,2,regional,State reentry council; nonprofit coalitions
Alabama,Wilcox,reentry-organizations,Reentry Organizations,B,2,regional,State reentry council; nonprofit coalitions
Alabama,Winston,reentry-organizations,Reentry Organizations,B,2,regional,State reentry council; nonprofit coalitions
Arizona,Apache,id-documentation,ID & Documentation,B,2,regional,Legal aid ID clinic; circuit clerk vital records
Arizona,Cochise,id-documentation,ID & Documentation,B,2,regional,Legal aid ID clinic; circuit clerk vital records
Arizona,Coconino,id-documentation,ID & Documentation,B,2,regional,Legal aid ID clinic; circuit clerk vital records
Arizona,Gila,id-documentation,ID & Documentation,B,2,regional,Legal aid ID clinic; circuit clerk vital records
Arizona,Graham,id-documentation,ID & Documentation,B,2,regional,Legal aid ID clinic; circuit clerk vital records
Arizona,Greenlee,id-documentation,ID & Documentation,B,2,regional,Legal aid ID clinic; circuit clerk vital records
Arizona,La Paz,id-documentation,ID & Documentation,B,2,regional,Legal aid ID clinic; circuit clerk vital records
Arizona,Mohave,id-documentation,ID & Documentation,B,2,regional,Legal aid ID clinic; circuit clerk vital records
Arizona,Navajo,id-documentation,ID & Documentation,B,2,regional,Legal aid ID clinic; circuit clerk vital records
Arizona,Pima,id-documentation,ID & Documentation,B,2,regional,Legal aid ID clinic; circuit clerk vital records
Arizona,Pinal,id-documentation,ID & Documentation,B,2,regional,Legal aid ID clinic; circuit clerk vital records
Arizona,Santa Cruz,id-documentation,ID & Documentation,B,2,regional,Legal aid ID clinic; circuit clerk vital records
Arizona,Yavapai,id-documentation,ID & Documentation,B,2,regional,Legal aid ID clinic; circuit clerk vital records
Arizona,Yuma,id-documentation,ID & Documentation,B,2,regional,Legal aid ID clinic; circuit clerk vital records
Arizona,Apache,transportation,Transportation,B,2,regional,Transit authority voucher programs
Arizona,Cochise,transportation,Transportation,B,2,regional,Transit authority voucher programs
Arizona,Coconino,transportation,Transportation,B,2,regional,Transit authority voucher programs
Arizona,Gila,transportation,Transportation,B,2,regional,Transit authority voucher programs
Arizona,Graham,transportation,Transportation,B,2,regional,Transit authority voucher programs
Arizona,Greenlee,transportation,Transportation,B,2,regional,Transit authority voucher programs
Arizona,La Paz,transportation,Transportation,B,2,regional,Transit authority voucher programs
Arizona,Mohave,transportation,Transportation,B,2,regional,Transit authority voucher programs
Arizona,Navajo,transportation,Transportation,B,2,regional,Transit authority voucher programs
Arizona,Pinal,transportation,Transportation,B,2,regional,Transit authority voucher programs
Arizona,Santa Cruz,transportation,Transportation,B,2,regional,Transit authority voucher programs
Arizona,Yavapai,transportation,Transportation,B,2,regional,Transit authority voucher programs
Arizona,Yuma,transportation,Transportation,B,2,regional,Transit authority voucher programs
Arizona,Apache,peer-support,Peer Support,B,2,regional,State peer certification roster
Arizona,Cochise,peer-support,Peer Support,B,2,regional,State peer certification roster
Arizona,Gila,peer-support,Peer Support,B,2,regional,State peer certification roster
Arizona,Graham,peer-support,Peer Support,B,2,regional,State peer certification roster
Arizona,Greenlee,peer-support,Peer Support,B,2,regional,State peer certification roster
Arizona,La Paz,peer-support,Peer Support,B,2,regional,State peer certification roster
Arizona,Navajo,peer-support,Peer Support,B,2,regional,State peer certification roster
Arizona,Pima,peer-support,Peer Support,B,2,regional,State peer certification roster
Arizona,Pinal,peer-support,Peer Support,B,2,regional,State peer certification roster
Arizona,Santa Cruz,peer-support,Peer Support,B,2,regional,State peer certification roster
Arizona,Yuma,peer-support,Peer Support,B,2,regional,State peer certification roster
Arizona,Apache,family-children,Family & Children,B,2,regional,211; family reentry nonprofits
Arizona,Cochise,family-children,Family & Children,B,2,regional,211; family reentry nonprofits
Arizona,Coconino,family-children,Family & Children,B,2,regional,211; family reentry nonprofits
Arizona,Gila,family-children,Family & Children,B,2,regional,211; family reentry nonprofits
Arizona,Graham,family-children,Family & Children,B,2,regional,211; family reentry nonprofits
Arizona,Greenlee,family-children,Family & Children,B,2,regional,211; family reentry nonprofits
Arizona,La Paz,family-children,Family & Children,B,2,regional,211; family reentry nonprofits
Arizona,Mohave,family-children,Family & Children,B,2,regional,211; family reentry nonprofits
Arizona,Navajo,family-children,Family & Children,B,2,regional,211; family reentry nonprofits
Arizona,Pinal,family-children,Family & Children,B,2,regional,211; family reentry nonprofits
Arizona,Santa Cruz,family-children,Family & Children,B,2,regional,211; family reentry nonprofits
Arizona,Yavapai,family-children,Family & Children,B,2,regional,211; family reentry nonprofits
Arizona,Yuma,family-children,Family & Children,B,2,regional,211; family reentry nonprofits
Arizona,Cochise,veterans,Veterans,B,2,regional,VA; county veterans service officer
Arizona,Gila,veterans,Veterans,B,2,regional,VA; county veterans service officer
Arizona,Graham,veterans,Veterans,B,2,regional,VA; county veterans service officer
Arizona,Greenlee,veterans,Veterans,B,2,regional,VA; county veterans service officer
Arizona,Pinal,veterans,Veterans,B,2,regional,VA; county veterans service officer
Arizona,Santa Cruz,veterans,Veterans,B,2,regional,VA; county veterans service officer
Arizona,Apache,education,Education,B,2,regional,Adult ed/ABLE; community college reentry
Arizona,Gila,education,Education,B,2,regional,Adult ed/ABLE; community college reentry
Arizona,Graham,education,Education,B,2,regional,Adult ed/ABLE; community college reentry
Arizona,Greenlee,education,Education,B,2,regional,Adult ed/ABLE; community college reentry
Arizona,Mohave,education,Education,B,2,regional,Adult ed/ABLE; community college reentry
Arizona,Navajo,education,Education,B,2,regional,Adult ed/ABLE; community college reentry
Arizona,Santa Cruz,education,Education,B,2,regional,Adult ed/ABLE; community college reentry
Arizona,Apache,basic-needs,Basic Needs,B,2,regional,211; United Way basic needs partners
Arizona,Cochise,basic-needs,Basic Needs,B,2,regional,211; United Way basic needs partners
Arizona,Coconino,basic-needs,Basic Needs,B,2,regional,211; United Way basic needs partners
Arizona,Graham,basic-needs,Basic Needs,B,2,regional,211; United Way basic needs partners
Arizona,Greenlee,basic-needs,Basic Needs,B,2,regional,211; United Way basic needs partners
Arizona,Mohave,basic-needs,Basic Needs,B,2,regional,211; United Way basic needs partners
Arizona,Navajo,basic-needs,Basic Needs,B,2,regional,211; United Way basic needs partners
Arizona,Santa Cruz,basic-needs,Basic Needs,B,2,regional,211; United Way basic needs partners
Arizona,Yavapai,basic-needs,Basic Needs,B,2,regional,211; United Way basic needs partners
Arizona,Apache,reentry-organizations,Reentry Organizations,B,2,regional,State reentry council; nonprofit coalitions
Arizona,Cochise,reentry-organizations,Reentry Organizations,B,2,regional,State reentry council; nonprofit coalitions
Arizona,Coconino,reentry-organizations,Reentry Organizations,B,2,regional,State reentry council; nonprofit coalitions
Arizona,Gila,reentry-organizations,Reentry Organizations,B,2,regional,State reentry council; nonprofit coalitions
Arizona,Graham,reentry-organizations,Reentry Organizations,B,2,regional,State reentry council; nonprofit coalitions
Arizona,Greenlee,reentry-organizations,Reentry Organizations,B,2,regional,State reentry council; nonprofit coalitions
Arizona,La Paz,reentry-organizations,Reentry Organizations,B,2,regional,State reentry council; nonprofit coalitions
Arizona,Mohave,reentry-organizations,Reentry Organizations,B,2,regional,State reentry council; nonprofit coalitions
Arizona,Navajo,reentry-organizations,Reentry Organizations,B,2,regional,State reentry council; nonprofit coalitions
Arizona,Pinal,reentry-organizations,Reentry Organizations,B,2,regional,State reentry council; nonprofit coalitions
Arizona,Santa Cruz,reentry-organizations,Reentry Organizations,B,2,regional,State reentry council; nonprofit coalitions
Arizona,Yavapai,reentry-organizations,Reentry Organizations,B,2,regional,State reentry council; nonprofit coalitions
Arizona,Yuma,reentry-organizations,Reentry Organizations,B,2,regional,State reentry council; nonprofit coalitions
Georgia,Appling,id-documentation,ID & Documentation,B,2,regional,Legal aid ID clinic; circuit clerk vital records
Georgia,Atkinson,id-documentation,ID & Documentation,B,2,regional,Legal aid ID clinic; circuit clerk vital records
Georgia,Bacon,id-documentation,ID & Documentation,B,2,regional,Legal aid ID clinic; circuit clerk vital records
Georgia,Baker,id-documentation,ID & Documentation,B,2,regional,Legal aid ID clinic; circuit clerk vital records
Georgia,Baldwin,id-documentation,ID & Documentation,B,2,regional,Legal aid ID clinic; circuit clerk vital records
Georgia,Banks,id-documentation,ID & Documentation,B,2,regional,Legal aid ID clinic; circuit clerk vital records
Georgia,Barrow,id-documentation,ID & Documentation,B,2,regional,Legal aid ID clinic; circuit clerk vital records
Georgia,Bartow,id-documentation,ID & Documentation,B,2,regional,Legal aid ID clinic; circuit clerk vital records
Georgia,Ben Hill,id-documentation,ID & Documentation,B,2,regional,Legal aid ID clinic; circuit clerk vital records
Georgia,Berrien,id-documentation,ID & Documentation,B,2,regional,Legal aid ID clinic; circuit clerk vital records
Georgia,Bibb,id-documentation,ID & Documentation,B,2,regional,Legal aid ID clinic; circuit clerk vital records
Georgia,Bleckley,id-documentation,ID & Documentation,B,2,regional,Legal aid ID clinic; circuit clerk vital records
Georgia,Brantley,id-documentation,ID & Documentation,B,2,regional,Legal aid ID clinic; circuit clerk vital records
Georgia,Brooks,id-documentation,ID & Documentation,B,2,regional,Legal aid ID clinic; circuit clerk vital records
Georgia,Bryan,id-documentation,ID & Documentation,B,2,regional,Legal aid ID clinic; circuit clerk vital records
Georgia,Bulloch,id-documentation,ID & Documentation,B,2,regional,Legal aid ID clinic; circuit clerk vital records
Georgia,Burke,id-documentation,ID & Documentation,B,2,regional,Legal aid ID clinic; circuit clerk vital records
Georgia,Butts,id-documentation,ID & Documentation,B,2,regional,Legal aid ID clinic; circuit clerk vital records
Georgia,Calhoun,id-documentation,ID & Documentation,B,2,regional,Legal aid ID clinic; circuit clerk vital records
Georgia,Camden,id-documentation,ID & Documentation,B,2,regional,Legal aid ID clinic; circuit clerk vital records
Georgia,Candler,id-documentation,ID & Documentation,B,2,regional,Legal aid ID clinic; circuit clerk vital records
Georgia,Carroll,id-documentation,ID & Documentation,B,2,regional,Legal aid ID clinic; circuit clerk vital records
Georgia,Catoosa,id-documentation,ID & Documentation,B,2,regional,Legal aid ID clinic; circuit clerk vital records
Georgia,Charlton,id-documentation,ID & Documentation,B,2,regional,Legal aid ID clinic; circuit clerk vital records
Georgia,Chatham,id-documentation,ID & Documentation,B,2,regional,Legal aid ID clinic; circuit clerk vital records
Georgia,Chattahoochee,id-documentation,ID & Documentation,B,2,regional,Legal aid ID clinic; circuit clerk vital records
Georgia,Chattooga,id-documentation,ID & Documentation,B,2,regional,Legal aid ID clinic; circuit clerk vital records
Georgia,Cherokee,id-documentation,ID & Documentation,B,2,regional,Legal aid ID clinic; circuit clerk vital records
Georgia,Clarke,id-documentation,ID & Documentation,B,2,regional,Legal aid ID clinic; circuit clerk vital records
Georgia,Clay,id-documentation,ID & Documentation,B,2,regional,Legal aid ID clinic; circuit clerk vital records
Georgia,Clayton,id-documentation,ID & Documentation,B,2,regional,Legal aid ID clinic; circuit clerk vital records
Georgia,Clinch,id-documentation,ID & Documentation,B,2,regional,Legal aid ID clinic; circuit clerk vital records
Georgia,Cobb,id-documentation,ID & Documentation,B,2,regional,Legal aid ID clinic; circuit clerk vital records
Georgia,Coffee,id-documentation,ID & Documentation,B,2,regional,Legal aid ID clinic; circuit clerk vital records
Georgia,Colquitt,id-documentation,ID & Documentation,B,2,regional,Legal aid ID clinic; circuit clerk vital records
Georgia,Columbia,id-documentation,ID & Documentation,B,2,regional,Legal aid ID clinic; circuit clerk vital records
Georgia,Cook,id-documentation,ID & Documentation,B,2,regional,Legal aid ID clinic; circuit clerk vital records
Georgia,Coweta,id-documentation,ID & Documentation,B,2,regional,Legal aid ID clinic; circuit clerk vital records
Georgia,Crawford,id-documentation,ID & Documentation,B,2,regional,Legal aid ID clinic; circuit clerk vital records
Georgia,Crisp,id-documentation,ID & Documentation,B,2,regional,Legal aid ID clinic; circuit clerk vital records
Georgia,Dade,id-documentation,ID & Documentation,B,2,regional,Legal aid ID clinic; circuit clerk vital records
Georgia,Dawson,id-documentation,ID & Documentation,B,2,regional,Legal aid ID clinic; circuit clerk vital records
Georgia,DeKalb,id-documentation,ID & Documentation,B,2,regional,Legal aid ID clinic; circuit clerk vital records
Georgia,Decatur,id-documentation,ID & Documentation,B,2,regional,Legal aid ID clinic; circuit clerk vital records
Georgia,Dodge,id-documentation,ID & Documentation,B,2,regional,Legal aid ID clinic; circuit clerk vital records
Georgia,Dooly,id-documentation,ID & Documentation,B,2,regional,Legal aid ID clinic; circuit clerk vital records
Georgia,Dougherty,id-documentation,ID & Documentation,B,2,regional,Legal aid ID clinic; circuit clerk vital records
Georgia,Douglas,id-documentation,ID & Documentation,B,2,regional,Legal aid ID clinic; circuit clerk vital records
Georgia,Early,id-documentation,ID & Documentation,B,2,regional,Legal aid ID clinic; circuit clerk vital records
Georgia,Echols,id-documentation,ID & Documentation,B,2,regional,Legal aid ID clinic; circuit clerk vital records
Georgia,Effingham,id-documentation,ID & Documentation,B,2,regional,Legal aid ID clinic; circuit clerk vital records
Georgia,Elbert,id-documentation,ID & Documentation,B,2,regional,Legal aid ID clinic; circuit clerk vital records
Georgia,Emanuel,id-documentation,ID & Documentation,B,2,regional,Legal aid ID clinic; circuit clerk vital records
Georgia,Evans,id-documentation,ID & Documentation,B,2,regional,Legal aid ID clinic; circuit clerk vital records
Georgia,Fannin,id-documentation,ID & Documentation,B,2,regional,Legal aid ID clinic; circuit clerk vital records
Georgia,Fayette,id-documentation,ID & Documentation,B,2,regional,Legal aid ID clinic; circuit clerk vital records
Georgia,Floyd,id-documentation,ID & Documentation,B,2,regional,Legal aid ID clinic; circuit clerk vital records
Georgia,Forsyth,id-documentation,ID & Documentation,B,2,regional,Legal aid ID clinic; circuit clerk vital records
Georgia,Franklin,id-documentation,ID & Documentation,B,2,regional,Legal aid ID clinic; circuit clerk vital records
Georgia,Fulton,id-documentation,ID & Documentation,B,2,regional,Legal aid ID clinic; circuit clerk vital records
Georgia,Gilmer,id-documentation,ID & Documentation,B,2,regional,Legal aid ID clinic; circuit clerk vital records
Georgia,Glascock,id-documentation,ID & Documentation,B,2,regional,Legal aid ID clinic; circuit clerk vital records
Georgia,Glynn,id-documentation,ID & Documentation,B,2,regional,Legal aid ID clinic; circuit clerk vital records
Georgia,Gordon,id-documentation,ID & Documentation,B,2,regional,Legal aid ID clinic; circuit clerk vital records
Georgia,Grady,id-documentation,ID & Documentation,B,2,regional,Legal aid ID clinic; circuit clerk vital records
Georgia,Greene,id-documentation,ID & Documentation,B,2,regional,Legal aid ID clinic; circuit clerk vital records
Georgia,Gwinnett,id-documentation,ID & Documentation,B,2,regional,Legal aid ID clinic; circuit clerk vital records
Georgia,Habersham,id-documentation,ID & Documentation,B,2,regional,Legal aid ID clinic; circuit clerk vital records
Georgia,Hall,id-documentation,ID & Documentation,B,2,regional,Legal aid ID clinic; circuit clerk vital records
Georgia,Hancock,id-documentation,ID & Documentation,B,2,regional,Legal aid ID clinic; circuit clerk vital records
Georgia,Haralson,id-documentation,ID & Documentation,B,2,regional,Legal aid ID clinic; circuit clerk vital records
Georgia,Harris,id-documentation,ID & Documentation,B,2,regional,Legal aid ID clinic; circuit clerk vital records
Georgia,Hart,id-documentation,ID & Documentation,B,2,regional,Legal aid ID clinic; circuit clerk vital records
Georgia,Heard,id-documentation,ID & Documentation,B,2,regional,Legal aid ID clinic; circuit clerk vital records
Georgia,Henry,id-documentation,ID & Documentation,B,2,regional,Legal aid ID clinic; circuit clerk vital records
Georgia,Houston,id-documentation,ID & Documentation,B,2,regional,Legal aid ID clinic; circuit clerk vital records
Georgia,Irwin,id-documentation,ID & Documentation,B,2,regional,Legal aid ID clinic; circuit clerk vital records
Georgia,Jackson,id-documentation,ID & Documentation,B,2,regional,Legal aid ID clinic; circuit clerk vital records
Georgia,Jasper,id-documentation,ID & Documentation,B,2,regional,Legal aid ID clinic; circuit clerk vital records
Georgia,Jeff Davis,id-documentation,ID & Documentation,B,2,regional,Legal aid ID clinic; circuit clerk vital records
Georgia,Jefferson,id-documentation,ID & Documentation,B,2,regional,Legal aid ID clinic; circuit clerk vital records
Georgia,Jenkins,id-documentation,ID & Documentation,B,2,regional,Legal aid ID clinic; circuit clerk vital records
Georgia,Johnson,id-documentation,ID & Documentation,B,2,regional,Legal aid ID clinic; circuit clerk vital records
Georgia,Jones,id-documentation,ID & Documentation,B,2,regional,Legal aid ID clinic; circuit clerk vital records
Georgia,Lamar,id-documentation,ID & Documentation,B,2,regional,Legal aid ID clinic; circuit clerk vital records
Georgia,Lanier,id-documentation,ID & Documentation,B,2,regional,Legal aid ID clinic; circuit clerk vital records
Georgia,Laurens,id-documentation,ID & Documentation,B,2,regional,Legal aid ID clinic; circuit clerk vital records
Georgia,Lee,id-documentation,ID & Documentation,B,2,regional,Legal aid ID clinic; circuit clerk vital records
Georgia,Liberty,id-documentation,ID & Documentation,B,2,regional,Legal aid ID clinic; circuit clerk vital records
Georgia,Lincoln,id-documentation,ID & Documentation,B,2,regional,Legal aid ID clinic; circuit clerk vital records
Georgia,Long,id-documentation,ID & Documentation,B,2,regional,Legal aid ID clinic; circuit clerk vital records
Georgia,Lowndes,id-documentation,ID & Documentation,B,2,regional,Legal aid ID clinic; circuit clerk vital records
Georgia,Lumpkin,id-documentation,ID & Documentation,B,2,regional,Legal aid ID clinic; circuit clerk vital records
Georgia,Macon,id-documentation,ID & Documentation,B,2,regional,Legal aid ID clinic; circuit clerk vital records
Georgia,Madison,id-documentation,ID & Documentation,B,2,regional,Legal aid ID clinic; circuit clerk vital records
Georgia,Marion,id-documentation,ID & Documentation,B,2,regional,Legal aid ID clinic; circuit clerk vital records
Georgia,McDuffie,id-documentation,ID & Documentation,B,2,regional,Legal aid ID clinic; circuit clerk vital records
Georgia,McIntosh,id-documentation,ID & Documentation,B,2,regional,Legal aid ID clinic; circuit clerk vital records
Georgia,Meriwether,id-documentation,ID & Documentation,B,2,regional,Legal aid ID clinic; circuit clerk vital records
Georgia,Miller,id-documentation,ID & Documentation,B,2,regional,Legal aid ID clinic; circuit clerk vital records
Georgia,Mitchell,id-documentation,ID & Documentation,B,2,regional,Legal aid ID clinic; circuit clerk vital records
Georgia,Monroe,id-documentation,ID & Documentation,B,2,regional,Legal aid ID clinic; circuit clerk vital records
Georgia,Montgomery,id-documentation,ID & Documentation,B,2,regional,Legal aid ID clinic; circuit clerk vital records
Georgia,Morgan,id-documentation,ID & Documentation,B,2,regional,Legal aid ID clinic; circuit clerk vital records
Georgia,Murray,id-documentation,ID & Documentation,B,2,regional,Legal aid ID clinic; circuit clerk vital records
Georgia,Muscogee,id-documentation,ID & Documentation,B,2,regional,Legal aid ID clinic; circuit clerk vital records
Georgia,Newton,id-documentation,ID & Documentation,B,2,regional,Legal aid ID clinic; circuit clerk vital records
Georgia,Oconee,id-documentation,ID & Documentation,B,2,regional,Legal aid ID clinic; circuit clerk vital records
Georgia,Oglethorpe,id-documentation,ID & Documentation,B,2,regional,Legal aid ID clinic; circuit clerk vital records
Georgia,Paulding,id-documentation,ID & Documentation,B,2,regional,Legal aid ID clinic; circuit clerk vital records
Georgia,Peach,id-documentation,ID & Documentation,B,2,regional,Legal aid ID clinic; circuit clerk vital records
Georgia,Pickens,id-documentation,ID & Documentation,B,2,regional,Legal aid ID clinic; circuit clerk vital records
Georgia,Pierce,id-documentation,ID & Documentation,B,2,regional,Legal aid ID clinic; circuit clerk vital records
Georgia,Pike,id-documentation,ID & Documentation,B,2,regional,Legal aid ID clinic; circuit clerk vital records
Georgia,Polk,id-documentation,ID & Documentation,B,2,regional,Legal aid ID clinic; circuit clerk vital records
Georgia,Pulaski,id-documentation,ID & Documentation,B,2,regional,Legal aid ID clinic; circuit clerk vital records
Georgia,Putnam,id-documentation,ID & Documentation,B,2,regional,Legal aid ID clinic; circuit clerk vital records
Georgia,Quitman,id-documentation,ID & Documentation,B,2,regional,Legal aid ID clinic; circuit clerk vital records
Georgia,Rabun,id-documentation,ID & Documentation,B,2,regional,Legal aid ID clinic; circuit clerk vital records
Georgia,Randolph,id-documentation,ID & Documentation,B,2,regional,Legal aid ID clinic; circuit clerk vital records
Georgia,Richmond,id-documentation,ID & Documentation,B,2,regional,Legal aid ID clinic; circuit clerk vital records
Georgia,Rockdale,id-documentation,ID & Documentation,B,2,regional,Legal aid ID clinic; circuit clerk vital records
Georgia,Schley,id-documentation,ID & Documentation,B,2,regional,Legal aid ID clinic; circuit clerk vital records
Georgia,Screven,id-documentation,ID & Documentation,B,2,regional,Legal aid ID clinic; circuit clerk vital records
Georgia,Seminole,id-documentation,ID & Documentation,B,2,regional,Legal aid ID clinic; circuit clerk vital records
Georgia,Spalding,id-documentation,ID & Documentation,B,2,regional,Legal aid ID clinic; circuit clerk vital records
Georgia,Stephens,id-documentation,ID & Documentation,B,2,regional,Legal aid ID clinic; circuit clerk vital records
Georgia,Stewart,id-documentation,ID & Documentation,B,2,regional,Legal aid ID clinic; circuit clerk vital records
Georgia,Sumter,id-documentation,ID & Documentation,B,2,regional,Legal aid ID clinic; circuit clerk vital records
Georgia,Talbot,id-documentation,ID & Documentation,B,2,regional,Legal aid ID clinic; circuit clerk vital records
Georgia,Taliaferro,id-documentation,ID & Documentation,B,2,regional,Legal aid ID clinic; circuit clerk vital records
Georgia,Tattnall,id-documentation,ID & Documentation,B,2,regional,Legal aid ID clinic; circuit clerk vital records
Georgia,Taylor,id-documentation,ID & Documentation,B,2,regional,Legal aid ID clinic; circuit clerk vital records
Georgia,Telfair,id-documentation,ID & Documentation,B,2,regional,Legal aid ID clinic; circuit clerk vital records
Georgia,Terrell,id-documentation,ID & Documentation,B,2,regional,Legal aid ID clinic; circuit clerk vital records
Georgia,Thomas,id-documentation,ID & Documentation,B,2,regional,Legal aid ID clinic; circuit clerk vital records
Georgia,Tift,id-documentation,ID & Documentation,B,2,regional,Legal aid ID clinic; circuit clerk vital records
Georgia,Toombs,id-documentation,ID & Documentation,B,2,regional,Legal aid ID clinic; circuit clerk vital records
Georgia,Towns,id-documentation,ID & Documentation,B,2,regional,Legal aid ID clinic; circuit clerk vital records
Georgia,Treutlen,id-documentation,ID & Documentation,B,2,regional,Legal aid ID clinic; circuit clerk vital records
Georgia,Troup,id-documentation,ID & Documentation,B,2,regional,Legal aid ID clinic; circuit clerk vital records
Georgia,Turner,id-documentation,ID & Documentation,B,2,regional,Legal aid ID clinic; circuit clerk vital records
Georgia,Twiggs,id-documentation,ID & Documentation,B,2,regional,Legal aid ID clinic; circuit clerk vital records
Georgia,Union,id-documentation,ID & Documentation,B,2,regional,Legal aid ID clinic; circuit clerk vital records
Georgia,Upson,id-documentation,ID & Documentation,B,2,regional,Legal aid ID clinic; circuit clerk vital records
Georgia,Walker,id-documentation,ID & Documentation,B,2,regional,Legal aid ID clinic; circuit clerk vital records
Georgia,Walton,id-documentation,ID & Documentation,B,2,regional,Legal aid ID clinic; circuit clerk vital records
Georgia,Ware,id-documentation,ID & Documentation,B,2,regional,Legal aid ID clinic; circuit clerk vital records
Georgia,Warren,id-documentation,ID & Documentation,B,2,regional,Legal aid ID clinic; circuit clerk vital records
Georgia,Washington,id-documentation,ID & Documentation,B,2,regional,Legal aid ID clinic; circuit clerk vital records
Georgia,Wayne,id-documentation,ID & Documentation,B,2,regional,Legal aid ID clinic; circuit clerk vital records
Georgia,Webster,id-documentation,ID & Documentation,B,2,regional,Legal aid ID clinic; circuit clerk vital records
Georgia,Wheeler,id-documentation,ID & Documentation,B,2,regional,Legal aid ID clinic; circuit clerk vital records
Georgia,White,id-documentation,ID & Documentation,B,2,regional,Legal aid ID clinic; circuit clerk vital records
Georgia,Whitfield,id-documentation,ID & Documentation,B,2,regional,Legal aid ID clinic; circuit clerk vital records
Georgia,Wilcox,id-documentation,ID & Documentation,B,2,regional,Legal aid ID clinic; circuit clerk vital records
Georgia,Wilkes,id-documentation,ID & Documentation,B,2,regional,Legal aid ID clinic; circuit clerk vital records
Georgia,Wilkinson,id-documentation,ID & Documentation,B,2,regional,Legal aid ID clinic; circuit clerk vital records
Georgia,Worth,id-documentation,ID & Documentation,B,2,regional,Legal aid ID clinic; circuit clerk vital records
Georgia,Appling,transportation,Transportation,B,2,regional,Transit authority voucher programs
Georgia,Atkinson,transportation,Transportation,B,2,regional,Transit authority voucher programs
Georgia,Bacon,transportation,Transportation,B,2,regional,Transit authority voucher programs
Georgia,Baker,transportation,Transportation,B,2,regional,Transit authority voucher programs
Georgia,Baldwin,transportation,Transportation,B,2,regional,Transit authority voucher programs
Georgia,Banks,transportation,Transportation,B,2,regional,Transit authority voucher programs
Georgia,Barrow,transportation,Transportation,B,2,regional,Transit authority voucher programs
Georgia,Bartow,transportation,Transportation,B,2,regional,Transit authority voucher programs
Georgia,Ben Hill,transportation,Transportation,B,2,regional,Transit authority voucher programs
Georgia,Berrien,transportation,Transportation,B,2,regional,Transit authority voucher programs
Georgia,Bibb,transportation,Transportation,B,2,regional,Transit authority voucher programs
Georgia,Bleckley,transportation,Transportation,B,2,regional,Transit authority voucher programs
Georgia,Brantley,transportation,Transportation,B,2,regional,Transit authority voucher programs
Georgia,Brooks,transportation,Transportation,B,2,regional,Transit authority voucher programs
Georgia,Bryan,transportation,Transportation,B,2,regional,Transit authority voucher programs
Georgia,Bulloch,transportation,Transportation,B,2,regional,Transit authority voucher programs
Georgia,Burke,transportation,Transportation,B,2,regional,Transit authority voucher programs
Georgia,Butts,transportation,Transportation,B,2,regional,Transit authority voucher programs
Georgia,Calhoun,transportation,Transportation,B,2,regional,Transit authority voucher programs
Georgia,Camden,transportation,Transportation,B,2,regional,Transit authority voucher programs
Georgia,Candler,transportation,Transportation,B,2,regional,Transit authority voucher programs
Georgia,Carroll,transportation,Transportation,B,2,regional,Transit authority voucher programs
Georgia,Catoosa,transportation,Transportation,B,2,regional,Transit authority voucher programs
Georgia,Charlton,transportation,Transportation,B,2,regional,Transit authority voucher programs
Georgia,Chatham,transportation,Transportation,B,2,regional,Transit authority voucher programs
Georgia,Chattahoochee,transportation,Transportation,B,2,regional,Transit authority voucher programs
Georgia,Chattooga,transportation,Transportation,B,2,regional,Transit authority voucher programs
Georgia,Clarke,transportation,Transportation,B,2,regional,Transit authority voucher programs
Georgia,Clay,transportation,Transportation,B,2,regional,Transit authority voucher programs
Georgia,Clinch,transportation,Transportation,B,2,regional,Transit authority voucher programs
Georgia,Coffee,transportation,Transportation,B,2,regional,Transit authority voucher programs
Georgia,Colquitt,transportation,Transportation,B,2,regional,Transit authority voucher programs
Georgia,Columbia,transportation,Transportation,B,2,regional,Transit authority voucher programs
Georgia,Cook,transportation,Transportation,B,2,regional,Transit authority voucher programs
Georgia,Coweta,transportation,Transportation,B,2,regional,Transit authority voucher programs
Georgia,Crawford,transportation,Transportation,B,2,regional,Transit authority voucher programs
Georgia,Crisp,transportation,Transportation,B,2,regional,Transit authority voucher programs
Georgia,Dade,transportation,Transportation,B,2,regional,Transit authority voucher programs
Georgia,Dawson,transportation,Transportation,B,2,regional,Transit authority voucher programs
Georgia,Decatur,transportation,Transportation,B,2,regional,Transit authority voucher programs
Georgia,Dodge,transportation,Transportation,B,2,regional,Transit authority voucher programs
Georgia,Dooly,transportation,Transportation,B,2,regional,Transit authority voucher programs
Georgia,Dougherty,transportation,Transportation,B,2,regional,Transit authority voucher programs
Georgia,Douglas,transportation,Transportation,B,2,regional,Transit authority voucher programs
Georgia,Early,transportation,Transportation,B,2,regional,Transit authority voucher programs
Georgia,Echols,transportation,Transportation,B,2,regional,Transit authority voucher programs
Georgia,Effingham,transportation,Transportation,B,2,regional,Transit authority voucher programs
Georgia,Elbert,transportation,Transportation,B,2,regional,Transit authority voucher programs
Georgia,Emanuel,transportation,Transportation,B,2,regional,Transit authority voucher programs
Georgia,Evans,transportation,Transportation,B,2,regional,Transit authority voucher programs
Georgia,Fannin,transportation,Transportation,B,2,regional,Transit authority voucher programs
Georgia,Fayette,transportation,Transportation,B,2,regional,Transit authority voucher programs
Georgia,Floyd,transportation,Transportation,B,2,regional,Transit authority voucher programs
Georgia,Forsyth,transportation,Transportation,B,2,regional,Transit authority voucher programs
Georgia,Franklin,transportation,Transportation,B,2,regional,Transit authority voucher programs
Georgia,Gilmer,transportation,Transportation,B,2,regional,Transit authority voucher programs
Georgia,Glascock,transportation,Transportation,B,2,regional,Transit authority voucher programs
Georgia,Glynn,transportation,Transportation,B,2,regional,Transit authority voucher programs
Georgia,Gordon,transportation,Transportation,B,2,regional,Transit authority voucher programs
Georgia,Grady,transportation,Transportation,B,2,regional,Transit authority voucher programs
Georgia,Greene,transportation,Transportation,B,2,regional,Transit authority voucher programs
Georgia,Habersham,transportation,Transportation,B,2,regional,Transit authority voucher programs
Georgia,Hall,transportation,Transportation,B,2,regional,Transit authority voucher programs
Georgia,Hancock,transportation,Transportation,B,2,regional,Transit authority voucher programs
Georgia,Haralson,transportation,Transportation,B,2,regional,Transit authority voucher programs
Georgia,Harris,transportation,Transportation,B,2,regional,Transit authority voucher programs
Georgia,Hart,transportation,Transportation,B,2,regional,Transit authority voucher programs
Georgia,Heard,transportation,Transportation,B,2,regional,Transit authority voucher programs
Georgia,Houston,transportation,Transportation,B,2,regional,Transit authority voucher programs
Georgia,Irwin,transportation,Transportation,B,2,regional,Transit authority voucher programs
Georgia,Jackson,transportation,Transportation,B,2,regional,Transit authority voucher programs
Georgia,Jasper,transportation,Transportation,B,2,regional,Transit authority voucher programs
Georgia,Jeff Davis,transportation,Transportation,B,2,regional,Transit authority voucher programs
Georgia,Jefferson,transportation,Transportation,B,2,regional,Transit authority voucher programs
Georgia,Jenkins,transportation,Transportation,B,2,regional,Transit authority voucher programs
Georgia,Johnson,transportation,Transportation,B,2,regional,Transit authority voucher programs
Georgia,Jones,transportation,Transportation,B,2,regional,Transit authority voucher programs
Georgia,Lamar,transportation,Transportation,B,2,regional,Transit authority voucher programs
Georgia,Lanier,transportation,Transportation,B,2,regional,Transit authority voucher programs
Georgia,Laurens,transportation,Transportation,B,2,regional,Transit authority voucher programs
Georgia,Lee,transportation,Transportation,B,2,regional,Transit authority voucher programs
Georgia,Liberty,transportation,Transportation,B,2,regional,Transit authority voucher programs
Georgia,Lincoln,transportation,Transportation,B,2,regional,Transit authority voucher programs
Georgia,Long,transportation,Transportation,B,2,regional,Transit authority voucher programs
Georgia,Lowndes,transportation,Transportation,B,2,regional,Transit authority voucher programs
Georgia,Lumpkin,transportation,Transportation,B,2,regional,Transit authority voucher programs
Georgia,Macon,transportation,Transportation,B,2,regional,Transit authority voucher programs
Georgia,Madison,transportation,Transportation,B,2,regional,Transit authority voucher programs
Georgia,Marion,transportation,Transportation,B,2,regional,Transit authority voucher programs
Georgia,McDuffie,transportation,Transportation,B,2,regional,Transit authority voucher programs
Georgia,McIntosh,transportation,Transportation,B,2,regional,Transit authority voucher programs
Georgia,Meriwether,transportation,Transportation,B,2,regional,Transit authority voucher programs
Georgia,Miller,transportation,Transportation,B,2,regional,Transit authority voucher programs
Georgia,Mitchell,transportation,Transportation,B,2,regional,Transit authority voucher programs
Georgia,Monroe,transportation,Transportation,B,2,regional,Transit authority voucher programs
Georgia,Montgomery,transportation,Transportation,B,2,regional,Transit authority voucher programs
Georgia,Morgan,transportation,Transportation,B,2,regional,Transit authority voucher programs
Georgia,Murray,transportation,Transportation,B,2,regional,Transit authority voucher programs
Georgia,Muscogee,transportation,Transportation,B,2,regional,Transit authority voucher programs
Georgia,Oconee,transportation,Transportation,B,2,regional,Transit authority voucher programs
Georgia,Oglethorpe,transportation,Transportation,B,2,regional,Transit authority voucher programs
Georgia,Paulding,transportation,Transportation,B,2,regional,Transit authority voucher programs
Georgia,Peach,transportation,Transportation,B,2,regional,Transit authority voucher programs
Georgia,Pickens,transportation,Transportation,B,2,regional,Transit authority voucher programs
Georgia,Pierce,transportation,Transportation,B,2,regional,Transit authority voucher programs
Georgia,Pike,transportation,Transportation,B,2,regional,Transit authority voucher programs
Georgia,Polk,transportation,Transportation,B,2,regional,Transit authority voucher programs
Georgia,Pulaski,transportation,Transportation,B,2,regional,Transit authority voucher programs
Georgia,Putnam,transportation,Transportation,B,2,regional,Transit authority voucher programs
Georgia,Quitman,transportation,Transportation,B,2,regional,Transit authority voucher programs
Georgia,Rabun,transportation,Transportation,B,2,regional,Transit authority voucher programs
Georgia,Randolph,transportation,Transportation,B,2,regional,Transit authority voucher programs
Georgia,Richmond,transportation,Transportation,B,2,regional,Transit authority voucher programs
Georgia,Schley,transportation,Transportation,B,2,regional,Transit authority voucher programs
Georgia,Screven,transportation,Transportation,B,2,regional,Transit authority voucher programs
Georgia,Seminole,transportation,Transportation,B,2,regional,Transit authority voucher programs
Georgia,Spalding,transportation,Transportation,B,2,regional,Transit authority voucher programs
Georgia,Stephens,transportation,Transportation,B,2,regional,Transit authority voucher programs
Georgia,Stewart,transportation,Transportation,B,2,regional,Transit authority voucher programs
Georgia,Sumter,transportation,Transportation,B,2,regional,Transit authority voucher programs
Georgia,Talbot,transportation,Transportation,B,2,regional,Transit authority voucher programs
Georgia,Taliaferro,transportation,Transportation,B,2,regional,Transit authority voucher programs
Georgia,Tattnall,transportation,Transportation,B,2,regional,Transit authority voucher programs
Georgia,Taylor,transportation,Transportation,B,2,regional,Transit authority voucher programs
Georgia,Telfair,transportation,Transportation,B,2,regional,Transit authority voucher programs
Georgia,Terrell,transportation,Transportation,B,2,regional,Transit authority voucher programs
Georgia,Thomas,transportation,Transportation,B,2,regional,Transit authority voucher programs
Georgia,Tift,transportation,Transportation,B,2,regional,Transit authority voucher programs
Georgia,Toombs,transportation,Transportation,B,2,regional,Transit authority voucher programs
Georgia,Towns,transportation,Transportation,B,2,regional,Transit authority voucher programs
Georgia,Treutlen,transportation,Transportation,B,2,regional,Transit authority voucher programs
Georgia,Troup,transportation,Transportation,B,2,regional,Transit authority voucher programs
Georgia,Turner,transportation,Transportation,B,2,regional,Transit authority voucher programs
Georgia,Twiggs,transportation,Transportation,B,2,regional,Transit authority voucher programs
Georgia,Union,transportation,Transportation,B,2,regional,Transit authority voucher programs
Georgia,Upson,transportation,Transportation,B,2,regional,Transit authority voucher programs
Georgia,Walker,transportation,Transportation,B,2,regional,Transit authority voucher programs
Georgia,Ware,transportation,Transportation,B,2,regional,Transit authority voucher programs
Georgia,Warren,transportation,Transportation,B,2,regional,Transit authority voucher programs
Georgia,Washington,transportation,Transportation,B,2,regional,Transit authority voucher programs
Georgia,Wayne,transportation,Transportation,B,2,regional,Transit authority voucher programs
Georgia,Webster,transportation,Transportation,B,2,regional,Transit authority voucher programs
Georgia,Wheeler,transportation,Transportation,B,2,regional,Transit authority voucher programs
Georgia,White,transportation,Transportation,B,2,regional,Transit authority voucher programs
Georgia,Whitfield,transportation,Transportation,B,2,regional,Transit authority voucher programs
Georgia,Wilcox,transportation,Transportation,B,2,regional,Transit authority voucher programs
Georgia,Wilkes,transportation,Transportation,B,2,regional,Transit authority voucher programs
Georgia,Wilkinson,transportation,Transportation,B,2,regional,Transit authority voucher programs
Georgia,Worth,transportation,Transportation,B,2,regional,Transit authority voucher programs
Georgia,Appling,peer-support,Peer Support,B,2,regional,State peer certification roster
Georgia,Atkinson,peer-support,Peer Support,B,2,regional,State peer certification roster
Georgia,Bacon,peer-support,Peer Support,B,2,regional,State peer certification roster
Georgia,Baker,peer-support,Peer Support,B,2,regional,State peer certification roster
Georgia,Baldwin,peer-support,Peer Support,B,2,regional,State peer certification roster
Georgia,Banks,peer-support,Peer Support,B,2,regional,State peer certification roster
Georgia,Barrow,peer-support,Peer Support,B,2,regional,State peer certification roster
Georgia,Bartow,peer-support,Peer Support,B,2,regional,State peer certification roster
Georgia,Ben Hill,peer-support,Peer Support,B,2,regional,State peer certification roster
Georgia,Berrien,peer-support,Peer Support,B,2,regional,State peer certification roster
Georgia,Bibb,peer-support,Peer Support,B,2,regional,State peer certification roster
Georgia,Bleckley,peer-support,Peer Support,B,2,regional,State peer certification roster
Georgia,Brantley,peer-support,Peer Support,B,2,regional,State peer certification roster
Georgia,Brooks,peer-support,Peer Support,B,2,regional,State peer certification roster
Georgia,Bryan,peer-support,Peer Support,B,2,regional,State peer certification roster
Georgia,Bulloch,peer-support,Peer Support,B,2,regional,State peer certification roster
Georgia,Burke,peer-support,Peer Support,B,2,regional,State peer certification roster
Georgia,Butts,peer-support,Peer Support,B,2,regional,State peer certification roster
Georgia,Calhoun,peer-support,Peer Support,B,2,regional,State peer certification roster
Georgia,Camden,peer-support,Peer Support,B,2,regional,State peer certification roster
Georgia,Candler,peer-support,Peer Support,B,2,regional,State peer certification roster
Georgia,Carroll,peer-support,Peer Support,B,2,regional,State peer certification roster
Georgia,Catoosa,peer-support,Peer Support,B,2,regional,State peer certification roster
Georgia,Charlton,peer-support,Peer Support,B,2,regional,State peer certification roster
Georgia,Chattahoochee,peer-support,Peer Support,B,2,regional,State peer certification roster
Georgia,Chattooga,peer-support,Peer Support,B,2,regional,State peer certification roster
Georgia,Cherokee,peer-support,Peer Support,B,2,regional,State peer certification roster
Georgia,Clarke,peer-support,Peer Support,B,2,regional,State peer certification roster
Georgia,Clay,peer-support,Peer Support,B,2,regional,State peer certification roster
Georgia,Clinch,peer-support,Peer Support,B,2,regional,State peer certification roster
Georgia,Coffee,peer-support,Peer Support,B,2,regional,State peer certification roster
Georgia,Colquitt,peer-support,Peer Support,B,2,regional,State peer certification roster
Georgia,Columbia,peer-support,Peer Support,B,2,regional,State peer certification roster
Georgia,Cook,peer-support,Peer Support,B,2,regional,State peer certification roster
Georgia,Coweta,peer-support,Peer Support,B,2,regional,State peer certification roster
Georgia,Crawford,peer-support,Peer Support,B,2,regional,State peer certification roster
Georgia,Crisp,peer-support,Peer Support,B,2,regional,State peer certification roster
Georgia,Dade,peer-support,Peer Support,B,2,regional,State peer certification roster
Georgia,Dawson,peer-support,Peer Support,B,2,regional,State peer certification roster
Georgia,Decatur,peer-support,Peer Support,B,2,regional,State peer certification roster
Georgia,Dodge,peer-support,Peer Support,B,2,regional,State peer certification roster
Georgia,Dooly,peer-support,Peer Support,B,2,regional,State peer certification roster
Georgia,Dougherty,peer-support,Peer Support,B,2,regional,State peer certification roster
Georgia,Douglas,peer-support,Peer Support,B,2,regional,State peer certification roster
Georgia,Early,peer-support,Peer Support,B,2,regional,State peer certification roster
Georgia,Echols,peer-support,Peer Support,B,2,regional,State peer certification roster
Georgia,Effingham,peer-support,Peer Support,B,2,regional,State peer certification roster
Georgia,Elbert,peer-support,Peer Support,B,2,regional,State peer certification roster
Georgia,Emanuel,peer-support,Peer Support,B,2,regional,State peer certification roster
Georgia,Evans,peer-support,Peer Support,B,2,regional,State peer certification roster
Georgia,Fannin,peer-support,Peer Support,B,2,regional,State peer certification roster
Georgia,Fayette,peer-support,Peer Support,B,2,regional,State peer certification roster
Georgia,Floyd,peer-support,Peer Support,B,2,regional,State peer certification roster
Georgia,Forsyth,peer-support,Peer Support,B,2,regional,State peer certification roster
Georgia,Franklin,peer-support,Peer Support,B,2,regional,State peer certification roster
Georgia,Gilmer,peer-support,Peer Support,B,2,regional,State peer certification roster
Georgia,Glascock,peer-support,Peer Support,B,2,regional,State peer certification roster
Georgia,Glynn,peer-support,Peer Support,B,2,regional,State peer certification roster
Georgia,Gordon,peer-support,Peer Support,B,2,regional,State peer certification roster
Georgia,Grady,peer-support,Peer Support,B,2,regional,State peer certification roster
Georgia,Greene,peer-support,Peer Support,B,2,regional,State peer certification roster
Georgia,Habersham,peer-support,Peer Support,B,2,regional,State peer certification roster
Georgia,Hall,peer-support,Peer Support,B,2,regional,State peer certification roster
Georgia,Hancock,peer-support,Peer Support,B,2,regional,State peer certification roster
Georgia,Haralson,peer-support,Peer Support,B,2,regional,State peer certification roster
Georgia,Harris,peer-support,Peer Support,B,2,regional,State peer certification roster
Georgia,Hart,peer-support,Peer Support,B,2,regional,State peer certification roster
Georgia,Heard,peer-support,Peer Support,B,2,regional,State peer certification roster
Georgia,Henry,peer-support,Peer Support,B,2,regional,State peer certification roster
Georgia,Houston,peer-support,Peer Support,B,2,regional,State peer certification roster
Georgia,Irwin,peer-support,Peer Support,B,2,regional,State peer certification roster
Georgia,Jackson,peer-support,Peer Support,B,2,regional,State peer certification roster
Georgia,Jasper,peer-support,Peer Support,B,2,regional,State peer certification roster
Georgia,Jeff Davis,peer-support,Peer Support,B,2,regional,State peer certification roster
Georgia,Jefferson,peer-support,Peer Support,B,2,regional,State peer certification roster
Georgia,Jenkins,peer-support,Peer Support,B,2,regional,State peer certification roster
Georgia,Johnson,peer-support,Peer Support,B,2,regional,State peer certification roster
Georgia,Jones,peer-support,Peer Support,B,2,regional,State peer certification roster
Georgia,Lamar,peer-support,Peer Support,B,2,regional,State peer certification roster
Georgia,Lanier,peer-support,Peer Support,B,2,regional,State peer certification roster
Georgia,Laurens,peer-support,Peer Support,B,2,regional,State peer certification roster
Georgia,Lee,peer-support,Peer Support,B,2,regional,State peer certification roster
Georgia,Liberty,peer-support,Peer Support,B,2,regional,State peer certification roster
Georgia,Lincoln,peer-support,Peer Support,B,2,regional,State peer certification roster
Georgia,Long,peer-support,Peer Support,B,2,regional,State peer certification roster
Georgia,Lowndes,peer-support,Peer Support,B,2,regional,State peer certification roster
Georgia,Lumpkin,peer-support,Peer Support,B,2,regional,State peer certification roster
Georgia,Macon,peer-support,Peer Support,B,2,regional,State peer certification roster
Georgia,Madison,peer-support,Peer Support,B,2,regional,State peer certification roster
Georgia,Marion,peer-support,Peer Support,B,2,regional,State peer certification roster
Georgia,McDuffie,peer-support,Peer Support,B,2,regional,State peer certification roster
Georgia,McIntosh,peer-support,Peer Support,B,2,regional,State peer certification roster
Georgia,Meriwether,peer-support,Peer Support,B,2,regional,State peer certification roster
Georgia,Miller,peer-support,Peer Support,B,2,regional,State peer certification roster
Georgia,Mitchell,peer-support,Peer Support,B,2,regional,State peer certification roster
Georgia,Monroe,peer-support,Peer Support,B,2,regional,State peer certification roster
Georgia,Montgomery,peer-support,Peer Support,B,2,regional,State peer certification roster
Georgia,Morgan,peer-support,Peer Support,B,2,regional,State peer certification roster
Georgia,Murray,peer-support,Peer Support,B,2,regional,State peer certification roster
Georgia,Muscogee,peer-support,Peer Support,B,2,regional,State peer certification roster
Georgia,Newton,peer-support,Peer Support,B,2,regional,State peer certification roster
Georgia,Oconee,peer-support,Peer Support,B,2,regional,State peer certification roster
Georgia,Oglethorpe,peer-support,Peer Support,B,2,regional,State peer certification roster
Georgia,Paulding,peer-support,Peer Support,B,2,regional,State peer certification roster
Georgia,Peach,peer-support,Peer Support,B,2,regional,State peer certification roster
Georgia,Pickens,peer-support,Peer Support,B,2,regional,State peer certification roster
Georgia,Pierce,peer-support,Peer Support,B,2,regional,State peer certification roster
Georgia,Pike,peer-support,Peer Support,B,2,regional,State peer certification roster
Georgia,Polk,peer-support,Peer Support,B,2,regional,State peer certification roster
Georgia,Pulaski,peer-support,Peer Support,B,2,regional,State peer certification roster
Georgia,Putnam,peer-support,Peer Support,B,2,regional,State peer certification roster
Georgia,Quitman,peer-support,Peer Support,B,2,regional,State peer certification roster
Georgia,Rabun,peer-support,Peer Support,B,2,regional,State peer certification roster
Georgia,Randolph,peer-support,Peer Support,B,2,regional,State peer certification roster
Georgia,Richmond,peer-support,Peer Support,B,2,regional,State peer certification roster
Georgia,Rockdale,peer-support,Peer Support,B,2,regional,State peer certification roster
Georgia,Schley,peer-support,Peer Support,B,2,regional,State peer certification roster
Georgia,Screven,peer-support,Peer Support,B,2,regional,State peer certification roster
Georgia,Seminole,peer-support,Peer Support,B,2,regional,State peer certification roster
Georgia,Spalding,peer-support,Peer Support,B,2,regional,State peer certification roster
Georgia,Stephens,peer-support,Peer Support,B,2,regional,State peer certification roster
Georgia,Stewart,peer-support,Peer Support,B,2,regional,State peer certification roster
Georgia,Sumter,peer-support,Peer Support,B,2,regional,State peer certification roster
Georgia,Talbot,peer-support,Peer Support,B,2,regional,State peer certification roster
Georgia,Taliaferro,peer-support,Peer Support,B,2,regional,State peer certification roster
Georgia,Tattnall,peer-support,Peer Support,B,2,regional,State peer certification roster
Georgia,Taylor,peer-support,Peer Support,B,2,regional,State peer certification roster
Georgia,Telfair,peer-support,Peer Support,B,2,regional,State peer certification roster
Georgia,Terrell,peer-support,Peer Support,B,2,regional,State peer certification roster
Georgia,Thomas,peer-support,Peer Support,B,2,regional,State peer certification roster
Georgia,Tift,peer-support,Peer Support,B,2,regional,State peer certification roster
Georgia,Toombs,peer-support,Peer Support,B,2,regional,State peer certification roster
Georgia,Towns,peer-support,Peer Support,B,2,regional,State peer certification roster
Georgia,Treutlen,peer-support,Peer Support,B,2,regional,State peer certification roster
Georgia,Troup,peer-support,Peer Support,B,2,regional,State peer certification roster
Georgia,Turner,peer-support,Peer Support,B,2,regional,State peer certification roster
Georgia,Twiggs,peer-support,Peer Support,B,2,regional,State peer certification roster
Georgia,Union,peer-support,Peer Support,B,2,regional,State peer certification roster
Georgia,Upson,peer-support,Peer Support,B,2,regional,State peer certification roster
Georgia,Walker,peer-support,Peer Support,B,2,regional,State peer certification roster
Georgia,Walton,peer-support,Peer Support,B,2,regional,State peer certification roster
Georgia,Ware,peer-support,Peer Support,B,2,regional,State peer certification roster
Georgia,Warren,peer-support,Peer Support,B,2,regional,State peer certification roster
Georgia,Washington,peer-support,Peer Support,B,2,regional,State peer certification roster
Georgia,Wayne,peer-support,Peer Support,B,2,regional,State peer certification roster
Georgia,Webster,peer-support,Peer Support,B,2,regional,State peer certification roster
Georgia,Wheeler,peer-support,Peer Support,B,2,regional,State peer certification roster
Georgia,White,peer-support,Peer Support,B,2,regional,State peer certification roster
Georgia,Whitfield,peer-support,Peer Support,B,2,regional,State peer certification roster
Georgia,Wilcox,peer-support,Peer Support,B,2,regional,State peer certification roster
Georgia,Wilkes,peer-support,Peer Support,B,2,regional,State peer certification roster
Georgia,Wilkinson,peer-support,Peer Support,B,2,regional,State peer certification roster
Georgia,Worth,peer-support,Peer Support,B,2,regional,State peer certification roster
Georgia,Appling,family-children,Family & Children,B,2,regional,211; family reentry nonprofits
Georgia,Atkinson,family-children,Family & Children,B,2,regional,211; family reentry nonprofits
Georgia,Bacon,family-children,Family & Children,B,2,regional,211; family reentry nonprofits
Georgia,Baker,family-children,Family & Children,B,2,regional,211; family reentry nonprofits
Georgia,Baldwin,family-children,Family & Children,B,2,regional,211; family reentry nonprofits
Georgia,Banks,family-children,Family & Children,B,2,regional,211; family reentry nonprofits
Georgia,Barrow,family-children,Family & Children,B,2,regional,211; family reentry nonprofits
Georgia,Bartow,family-children,Family & Children,B,2,regional,211; family reentry nonprofits
Georgia,Ben Hill,family-children,Family & Children,B,2,regional,211; family reentry nonprofits
Georgia,Berrien,family-children,Family & Children,B,2,regional,211; family reentry nonprofits
Georgia,Bibb,family-children,Family & Children,B,2,regional,211; family reentry nonprofits
Georgia,Bleckley,family-children,Family & Children,B,2,regional,211; family reentry nonprofits
Georgia,Brantley,family-children,Family & Children,B,2,regional,211; family reentry nonprofits
Georgia,Brooks,family-children,Family & Children,B,2,regional,211; family reentry nonprofits
Georgia,Bryan,family-children,Family & Children,B,2,regional,211; family reentry nonprofits
Georgia,Bulloch,family-children,Family & Children,B,2,regional,211; family reentry nonprofits
Georgia,Burke,family-children,Family & Children,B,2,regional,211; family reentry nonprofits
Georgia,Butts,family-children,Family & Children,B,2,regional,211; family reentry nonprofits
Georgia,Calhoun,family-children,Family & Children,B,2,regional,211; family reentry nonprofits
Georgia,Camden,family-children,Family & Children,B,2,regional,211; family reentry nonprofits
Georgia,Candler,family-children,Family & Children,B,2,regional,211; family reentry nonprofits
Georgia,Carroll,family-children,Family & Children,B,2,regional,211; family reentry nonprofits
Georgia,Catoosa,family-children,Family & Children,B,2,regional,211; family reentry nonprofits
Georgia,Charlton,family-children,Family & Children,B,2,regional,211; family reentry nonprofits
Georgia,Chatham,family-children,Family & Children,B,2,regional,211; family reentry nonprofits
Georgia,Chattahoochee,family-children,Family & Children,B,2,regional,211; family reentry nonprofits
Georgia,Chattooga,family-children,Family & Children,B,2,regional,211; family reentry nonprofits
Georgia,Cherokee,family-children,Family & Children,B,2,regional,211; family reentry nonprofits
Georgia,Clarke,family-children,Family & Children,B,2,regional,211; family reentry nonprofits
Georgia,Clay,family-children,Family & Children,B,2,regional,211; family reentry nonprofits
Georgia,Clinch,family-children,Family & Children,B,2,regional,211; family reentry nonprofits
Georgia,Coffee,family-children,Family & Children,B,2,regional,211; family reentry nonprofits
Georgia,Colquitt,family-children,Family & Children,B,2,regional,211; family reentry nonprofits
Georgia,Columbia,family-children,Family & Children,B,2,regional,211; family reentry nonprofits
Georgia,Cook,family-children,Family & Children,B,2,regional,211; family reentry nonprofits
Georgia,Coweta,family-children,Family & Children,B,2,regional,211; family reentry nonprofits
Georgia,Crawford,family-children,Family & Children,B,2,regional,211; family reentry nonprofits
Georgia,Crisp,family-children,Family & Children,B,2,regional,211; family reentry nonprofits
Georgia,Dade,family-children,Family & Children,B,2,regional,211; family reentry nonprofits
Georgia,Dawson,family-children,Family & Children,B,2,regional,211; family reentry nonprofits
Georgia,Decatur,family-children,Family & Children,B,2,regional,211; family reentry nonprofits
Georgia,Dodge,family-children,Family & Children,B,2,regional,211; family reentry nonprofits
Georgia,Dooly,family-children,Family & Children,B,2,regional,211; family reentry nonprofits
Georgia,Dougherty,family-children,Family & Children,B,2,regional,211; family reentry nonprofits
Georgia,Douglas,family-children,Family & Children,B,2,regional,211; family reentry nonprofits
Georgia,Early,family-children,Family & Children,B,2,regional,211; family reentry nonprofits
Georgia,Echols,family-children,Family & Children,B,2,regional,211; family reentry nonprofits
Georgia,Effingham,family-children,Family & Children,B,2,regional,211; family reentry nonprofits
Georgia,Elbert,family-children,Family & Children,B,2,regional,211; family reentry nonprofits
Georgia,Emanuel,family-children,Family & Children,B,2,regional,211; family reentry nonprofits
Georgia,Evans,family-children,Family & Children,B,2,regional,211; family reentry nonprofits
Georgia,Fannin,family-children,Family & Children,B,2,regional,211; family reentry nonprofits
Georgia,Fayette,family-children,Family & Children,B,2,regional,211; family reentry nonprofits
Georgia,Floyd,family-children,Family & Children,B,2,regional,211; family reentry nonprofits
Georgia,Forsyth,family-children,Family & Children,B,2,regional,211; family reentry nonprofits
Georgia,Franklin,family-children,Family & Children,B,2,regional,211; family reentry nonprofits
Georgia,Gilmer,family-children,Family & Children,B,2,regional,211; family reentry nonprofits
Georgia,Glascock,family-children,Family & Children,B,2,regional,211; family reentry nonprofits
Georgia,Glynn,family-children,Family & Children,B,2,regional,211; family reentry nonprofits
Georgia,Gordon,family-children,Family & Children,B,2,regional,211; family reentry nonprofits
Georgia,Grady,family-children,Family & Children,B,2,regional,211; family reentry nonprofits
Georgia,Greene,family-children,Family & Children,B,2,regional,211; family reentry nonprofits
Georgia,Gwinnett,family-children,Family & Children,B,2,regional,211; family reentry nonprofits
Georgia,Habersham,family-children,Family & Children,B,2,regional,211; family reentry nonprofits
Georgia,Hall,family-children,Family & Children,B,2,regional,211; family reentry nonprofits
Georgia,Hancock,family-children,Family & Children,B,2,regional,211; family reentry nonprofits
Georgia,Haralson,family-children,Family & Children,B,2,regional,211; family reentry nonprofits
Georgia,Harris,family-children,Family & Children,B,2,regional,211; family reentry nonprofits
Georgia,Hart,family-children,Family & Children,B,2,regional,211; family reentry nonprofits
Georgia,Heard,family-children,Family & Children,B,2,regional,211; family reentry nonprofits
Georgia,Henry,family-children,Family & Children,B,2,regional,211; family reentry nonprofits
Georgia,Houston,family-children,Family & Children,B,2,regional,211; family reentry nonprofits
Georgia,Irwin,family-children,Family & Children,B,2,regional,211; family reentry nonprofits
Georgia,Jackson,family-children,Family & Children,B,2,regional,211; family reentry nonprofits
Georgia,Jasper,family-children,Family & Children,B,2,regional,211; family reentry nonprofits
Georgia,Jeff Davis,family-children,Family & Children,B,2,regional,211; family reentry nonprofits
Georgia,Jefferson,family-children,Family & Children,B,2,regional,211; family reentry nonprofits
Georgia,Jenkins,family-children,Family & Children,B,2,regional,211; family reentry nonprofits
Georgia,Johnson,family-children,Family & Children,B,2,regional,211; family reentry nonprofits
Georgia,Jones,family-children,Family & Children,B,2,regional,211; family reentry nonprofits
Georgia,Lamar,family-children,Family & Children,B,2,regional,211; family reentry nonprofits
Georgia,Lanier,family-children,Family & Children,B,2,regional,211; family reentry nonprofits
Georgia,Laurens,family-children,Family & Children,B,2,regional,211; family reentry nonprofits
Georgia,Lee,family-children,Family & Children,B,2,regional,211; family reentry nonprofits
Georgia,Liberty,family-children,Family & Children,B,2,regional,211; family reentry nonprofits
Georgia,Lincoln,family-children,Family & Children,B,2,regional,211; family reentry nonprofits
Georgia,Long,family-children,Family & Children,B,2,regional,211; family reentry nonprofits
Georgia,Lowndes,family-children,Family & Children,B,2,regional,211; family reentry nonprofits
Georgia,Lumpkin,family-children,Family & Children,B,2,regional,211; family reentry nonprofits
Georgia,Macon,family-children,Family & Children,B,2,regional,211; family reentry nonprofits
Georgia,Madison,family-children,Family & Children,B,2,regional,211; family reentry nonprofits
Georgia,Marion,family-children,Family & Children,B,2,regional,211; family reentry nonprofits
Georgia,McDuffie,family-children,Family & Children,B,2,regional,211; family reentry nonprofits
Georgia,McIntosh,family-children,Family & Children,B,2,regional,211; family reentry nonprofits
Georgia,Meriwether,family-children,Family & Children,B,2,regional,211; family reentry nonprofits
Georgia,Miller,family-children,Family & Children,B,2,regional,211; family reentry nonprofits
Georgia,Mitchell,family-children,Family & Children,B,2,regional,211; family reentry nonprofits
Georgia,Monroe,family-children,Family & Children,B,2,regional,211; family reentry nonprofits
Georgia,Montgomery,family-children,Family & Children,B,2,regional,211; family reentry nonprofits
Georgia,Morgan,family-children,Family & Children,B,2,regional,211; family reentry nonprofits
Georgia,Murray,family-children,Family & Children,B,2,regional,211; family reentry nonprofits
Georgia,Muscogee,family-children,Family & Children,B,2,regional,211; family reentry nonprofits
Georgia,Newton,family-children,Family & Children,B,2,regional,211; family reentry nonprofits
Georgia,Oconee,family-children,Family & Children,B,2,regional,211; family reentry nonprofits
Georgia,Oglethorpe,family-children,Family & Children,B,2,regional,211; family reentry nonprofits
Georgia,Paulding,family-children,Family & Children,B,2,regional,211; family reentry nonprofits
Georgia,Peach,family-children,Family & Children,B,2,regional,211; family reentry nonprofits
Georgia,Pickens,family-children,Family & Children,B,2,regional,211; family reentry nonprofits
Georgia,Pierce,family-children,Family & Children,B,2,regional,211; family reentry nonprofits
Georgia,Pike,family-children,Family & Children,B,2,regional,211; family reentry nonprofits
Georgia,Polk,family-children,Family & Children,B,2,regional,211; family reentry nonprofits
Georgia,Pulaski,family-children,Family & Children,B,2,regional,211; family reentry nonprofits
Georgia,Putnam,family-children,Family & Children,B,2,regional,211; family reentry nonprofits
Georgia,Quitman,family-children,Family & Children,B,2,regional,211; family reentry nonprofits
Georgia,Rabun,family-children,Family & Children,B,2,regional,211; family reentry nonprofits
Georgia,Randolph,family-children,Family & Children,B,2,regional,211; family reentry nonprofits
Georgia,Richmond,family-children,Family & Children,B,2,regional,211; family reentry nonprofits
Georgia,Rockdale,family-children,Family & Children,B,2,regional,211; family reentry nonprofits
Georgia,Schley,family-children,Family & Children,B,2,regional,211; family reentry nonprofits
Georgia,Screven,family-children,Family & Children,B,2,regional,211; family reentry nonprofits
Georgia,Seminole,family-children,Family & Children,B,2,regional,211; family reentry nonprofits
Georgia,Spalding,family-children,Family & Children,B,2,regional,211; family reentry nonprofits
Georgia,Stephens,family-children,Family & Children,B,2,regional,211; family reentry nonprofits
Georgia,Stewart,family-children,Family & Children,B,2,regional,211; family reentry nonprofits
Georgia,Sumter,family-children,Family & Children,B,2,regional,211; family reentry nonprofits
Georgia,Talbot,family-children,Family & Children,B,2,regional,211; family reentry nonprofits
Georgia,Taliaferro,family-children,Family & Children,B,2,regional,211; family reentry nonprofits
Georgia,Tattnall,family-children,Family & Children,B,2,regional,211; family reentry nonprofits
Georgia,Taylor,family-children,Family & Children,B,2,regional,211; family reentry nonprofits
Georgia,Telfair,family-children,Family & Children,B,2,regional,211; family reentry nonprofits
Georgia,Terrell,family-children,Family & Children,B,2,regional,211; family reentry nonprofits
Georgia,Thomas,family-children,Family & Children,B,2,regional,211; family reentry nonprofits
Georgia,Tift,family-children,Family & Children,B,2,regional,211; family reentry nonprofits
Georgia,Toombs,family-children,Family & Children,B,2,regional,211; family reentry nonprofits
Georgia,Towns,family-children,Family & Children,B,2,regional,211; family reentry nonprofits
Georgia,Treutlen,family-children,Family & Children,B,2,regional,211; family reentry nonprofits
Georgia,Troup,family-children,Family & Children,B,2,regional,211; family reentry nonprofits
Georgia,Turner,family-children,Family & Children,B,2,regional,211; family reentry nonprofits
Georgia,Twiggs,family-children,Family & Children,B,2,regional,211; family reentry nonprofits
Georgia,Union,family-children,Family & Children,B,2,regional,211; family reentry nonprofits
Georgia,Upson,family-children,Family & Children,B,2,regional,211; family reentry nonprofits
Georgia,Walker,family-children,Family & Children,B,2,regional,211; family reentry nonprofits
Georgia,Walton,family-children,Family & Children,B,2,regional,211; family reentry nonprofits
Georgia,Ware,family-children,Family & Children,B,2,regional,211; family reentry nonprofits
Georgia,Warren,family-children,Family & Children,B,2,regional,211; family reentry nonprofits
Georgia,Washington,family-children,Family & Children,B,2,regional,211; family reentry nonprofits
Georgia,Wayne,family-children,Family & Children,B,2,regional,211; family reentry nonprofits
Georgia,Webster,family-children,Family & Children,B,2,regional,211; family reentry nonprofits
Georgia,Wheeler,family-children,Family & Children,B,2,regional,211; family reentry nonprofits
Georgia,White,family-children,Family & Children,B,2,regional,211; family reentry nonprofits
Georgia,Whitfield,family-children,Family & Children,B,2,regional,211; family reentry nonprofits
Georgia,Wilcox,family-children,Family & Children,B,2,regional,211; family reentry nonprofits
Georgia,Wilkes,family-children,Family & Children,B,2,regional,211; family reentry nonprofits
Georgia,Wilkinson,family-children,Family & Children,B,2,regional,211; family reentry nonprofits
Georgia,Worth,family-children,Family & Children,B,2,regional,211; family reentry nonprofits
Georgia,Appling,veterans,Veterans,B,2,regional,VA; county veterans service officer
Georgia,Atkinson,veterans,Veterans,B,2,regional,VA; county veterans service officer
Georgia,Bacon,veterans,Veterans,B,2,regional,VA; county veterans service officer
Georgia,Baker,veterans,Veterans,B,2,regional,VA; county veterans service officer
Georgia,Baldwin,veterans,Veterans,B,2,regional,VA; county veterans service officer
Georgia,Banks,veterans,Veterans,B,2,regional,VA; county veterans service officer
Georgia,Barrow,veterans,Veterans,B,2,regional,VA; county veterans service officer
Georgia,Bartow,veterans,Veterans,B,2,regional,VA; county veterans service officer
Georgia,Ben Hill,veterans,Veterans,B,2,regional,VA; county veterans service officer
Georgia,Berrien,veterans,Veterans,B,2,regional,VA; county veterans service officer
Georgia,Bleckley,veterans,Veterans,B,2,regional,VA; county veterans service officer
Georgia,Brantley,veterans,Veterans,B,2,regional,VA; county veterans service officer
Georgia,Brooks,veterans,Veterans,B,2,regional,VA; county veterans service officer
Georgia,Bryan,veterans,Veterans,B,2,regional,VA; county veterans service officer
Georgia,Bulloch,veterans,Veterans,B,2,regional,VA; county veterans service officer
Georgia,Butts,veterans,Veterans,B,2,regional,VA; county veterans service officer
Georgia,Calhoun,veterans,Veterans,B,2,regional,VA; county veterans service officer
Georgia,Camden,veterans,Veterans,B,2,regional,VA; county veterans service officer
Georgia,Candler,veterans,Veterans,B,2,regional,VA; county veterans service officer
Georgia,Catoosa,veterans,Veterans,B,2,regional,VA; county veterans service officer
Georgia,Charlton,veterans,Veterans,B,2,regional,VA; county veterans service officer
Georgia,Chatham,veterans,Veterans,B,2,regional,VA; county veterans service officer
Georgia,Chattahoochee,veterans,Veterans,B,2,regional,VA; county veterans service officer
Georgia,Chattooga,veterans,Veterans,B,2,regional,VA; county veterans service officer
Georgia,Clarke,veterans,Veterans,B,2,regional,VA; county veterans service officer
Georgia,Clay,veterans,Veterans,B,2,regional,VA; county veterans service officer
Georgia,Clinch,veterans,Veterans,B,2,regional,VA; county veterans service officer
Georgia,Coffee,veterans,Veterans,B,2,regional,VA; county veterans service officer
Georgia,Colquitt,veterans,Veterans,B,2,regional,VA; county veterans service officer
Georgia,Cook,veterans,Veterans,B,2,regional,VA; county veterans service officer
Georgia,Crawford,veterans,Veterans,B,2,regional,VA; county veterans service officer
Georgia,Crisp,veterans,Veterans,B,2,regional,VA; county veterans service officer
Georgia,Dade,veterans,Veterans,B,2,regional,VA; county veterans service officer
Georgia,Dawson,veterans,Veterans,B,2,regional,VA; county veterans service officer
Georgia,Decatur,veterans,Veterans,B,2,regional,VA; county veterans service officer
Georgia,Dodge,veterans,Veterans,B,2,regional,VA; county veterans service officer
Georgia,Dooly,veterans,Veterans,B,2,regional,VA; county veterans service officer
Georgia,Dougherty,veterans,Veterans,B,2,regional,VA; county veterans service officer
Georgia,Early,veterans,Veterans,B,2,regional,VA; county veterans service officer
Georgia,Echols,veterans,Veterans,B,2,regional,VA; county veterans service officer
Georgia,Effingham,veterans,Veterans,B,2,regional,VA; county veterans service officer
Georgia,Elbert,veterans,Veterans,B,2,regional,VA; county veterans service officer
Georgia,Emanuel,veterans,Veterans,B,2,regional,VA; county veterans service officer
Georgia,Evans,veterans,Veterans,B,2,regional,VA; county veterans service officer
Georgia,Fannin,veterans,Veterans,B,2,regional,VA; county veterans service officer
Georgia,Fayette,veterans,Veterans,B,2,regional,VA; county veterans service officer
Georgia,Floyd,veterans,Veterans,B,2,regional,VA; county veterans service officer
Georgia,Forsyth,veterans,Veterans,B,2,regional,VA; county veterans service officer
Georgia,Franklin,veterans,Veterans,B,2,regional,VA; county veterans service officer
Georgia,Gilmer,veterans,Veterans,B,2,regional,VA; county veterans service officer
Georgia,Glascock,veterans,Veterans,B,2,regional,VA; county veterans service officer
Georgia,Glynn,veterans,Veterans,B,2,regional,VA; county veterans service officer
Georgia,Gordon,veterans,Veterans,B,2,regional,VA; county veterans service officer
Georgia,Grady,veterans,Veterans,B,2,regional,VA; county veterans service officer
Georgia,Greene,veterans,Veterans,B,2,regional,VA; county veterans service officer
Georgia,Habersham,veterans,Veterans,B,2,regional,VA; county veterans service officer
Georgia,Hall,veterans,Veterans,B,2,regional,VA; county veterans service officer
Georgia,Hancock,veterans,Veterans,B,2,regional,VA; county veterans service officer
Georgia,Harris,veterans,Veterans,B,2,regional,VA; county veterans service officer
Georgia,Hart,veterans,Veterans,B,2,regional,VA; county veterans service officer
Georgia,Henry,veterans,Veterans,B,2,regional,VA; county veterans service officer
Georgia,Irwin,veterans,Veterans,B,2,regional,VA; county veterans service officer
Georgia,Jackson,veterans,Veterans,B,2,regional,VA; county veterans service officer
Georgia,Jasper,veterans,Veterans,B,2,regional,VA; county veterans service officer
Georgia,Jeff Davis,veterans,Veterans,B,2,regional,VA; county veterans service officer
Georgia,Jenkins,veterans,Veterans,B,2,regional,VA; county veterans service officer
Georgia,Jones,veterans,Veterans,B,2,regional,VA; county veterans service officer
Georgia,Lamar,veterans,Veterans,B,2,regional,VA; county veterans service officer
Georgia,Lanier,veterans,Veterans,B,2,regional,VA; county veterans service officer
Georgia,Lee,veterans,Veterans,B,2,regional,VA; county veterans service officer
Georgia,Liberty,veterans,Veterans,B,2,regional,VA; county veterans service officer
Georgia,Long,veterans,Veterans,B,2,regional,VA; county veterans service officer
Georgia,Lowndes,veterans,Veterans,B,2,regional,VA; county veterans service officer
Georgia,Lumpkin,veterans,Veterans,B,2,regional,VA; county veterans service officer
Georgia,Macon,veterans,Veterans,B,2,regional,VA; county veterans service officer
Georgia,Madison,veterans,Veterans,B,2,regional,VA; county veterans service officer
Georgia,Marion,veterans,Veterans,B,2,regional,VA; county veterans service officer
Georgia,McIntosh,veterans,Veterans,B,2,regional,VA; county veterans service officer
Georgia,Meriwether,veterans,Veterans,B,2,regional,VA; county veterans service officer
Georgia,Miller,veterans,Veterans,B,2,regional,VA; county veterans service officer
Georgia,Mitchell,veterans,Veterans,B,2,regional,VA; county veterans service officer
Georgia,Monroe,veterans,Veterans,B,2,regional,VA; county veterans service officer
Georgia,Montgomery,veterans,Veterans,B,2,regional,VA; county veterans service officer
Georgia,Morgan,veterans,Veterans,B,2,regional,VA; county veterans service officer
Georgia,Murray,veterans,Veterans,B,2,regional,VA; county veterans service officer
Georgia,Muscogee,veterans,Veterans,B,2,regional,VA; county veterans service officer
Georgia,Newton,veterans,Veterans,B,2,regional,VA; county veterans service officer
Georgia,Oconee,veterans,Veterans,B,2,regional,VA; county veterans service officer
Georgia,Oglethorpe,veterans,Veterans,B,2,regional,VA; county veterans service officer
Georgia,Pickens,veterans,Veterans,B,2,regional,VA; county veterans service officer
Georgia,Pierce,veterans,Veterans,B,2,regional,VA; county veterans service officer
Georgia,Pike,veterans,Veterans,B,2,regional,VA; county veterans service officer
Georgia,Polk,veterans,Veterans,B,2,regional,VA; county veterans service officer
Georgia,Pulaski,veterans,Veterans,B,2,regional,VA; county veterans service officer
Georgia,Putnam,veterans,Veterans,B,2,regional,VA; county veterans service officer
Georgia,Quitman,veterans,Veterans,B,2,regional,VA; county veterans service officer
Georgia,Rabun,veterans,Veterans,B,2,regional,VA; county veterans service officer
Georgia,Randolph,veterans,Veterans,B,2,regional,VA; county veterans service officer
Georgia,Rockdale,veterans,Veterans,B,2,regional,VA; county veterans service officer
Georgia,Schley,veterans,Veterans,B,2,regional,VA; county veterans service officer
Georgia,Screven,veterans,Veterans,B,2,regional,VA; county veterans service officer
Georgia,Seminole,veterans,Veterans,B,2,regional,VA; county veterans service officer
Georgia,Spalding,veterans,Veterans,B,2,regional,VA; county veterans service officer
Georgia,Stephens,veterans,Veterans,B,2,regional,VA; county veterans service officer
Georgia,Stewart,veterans,Veterans,B,2,regional,VA; county veterans service officer
Georgia,Sumter,veterans,Veterans,B,2,regional,VA; county veterans service officer
Georgia,Talbot,veterans,Veterans,B,2,regional,VA; county veterans service officer
Georgia,Taliaferro,veterans,Veterans,B,2,regional,VA; county veterans service officer
Georgia,Tattnall,veterans,Veterans,B,2,regional,VA; county veterans service officer
Georgia,Taylor,veterans,Veterans,B,2,regional,VA; county veterans service officer
Georgia,Telfair,veterans,Veterans,B,2,regional,VA; county veterans service officer
Georgia,Terrell,veterans,Veterans,B,2,regional,VA; county veterans service officer
Georgia,Thomas,veterans,Veterans,B,2,regional,VA; county veterans service officer
Georgia,Tift,veterans,Veterans,B,2,regional,VA; county veterans service officer
Georgia,Toombs,veterans,Veterans,B,2,regional,VA; county veterans service officer
Georgia,Towns,veterans,Veterans,B,2,regional,VA; county veterans service officer
Georgia,Treutlen,veterans,Veterans,B,2,regional,VA; county veterans service officer
Georgia,Troup,veterans,Veterans,B,2,regional,VA; county veterans service officer
Georgia,Turner,veterans,Veterans,B,2,regional,VA; county veterans service officer
Georgia,Union,veterans,Veterans,B,2,regional,VA; county veterans service officer
Georgia,Upson,veterans,Veterans,B,2,regional,VA; county veterans service officer
Georgia,Walker,veterans,Veterans,B,2,regional,VA; county veterans service officer
Georgia,Walton,veterans,Veterans,B,2,regional,VA; county veterans service officer
Georgia,Ware,veterans,Veterans,B,2,regional,VA; county veterans service officer
Georgia,Wayne,veterans,Veterans,B,2,regional,VA; county veterans service officer
Georgia,Webster,veterans,Veterans,B,2,regional,VA; county veterans service officer
Georgia,Wheeler,veterans,Veterans,B,2,regional,VA; county veterans service officer
Georgia,White,veterans,Veterans,B,2,regional,VA; county veterans service officer
Georgia,Whitfield,veterans,Veterans,B,2,regional,VA; county veterans service officer
Georgia,Wilcox,veterans,Veterans,B,2,regional,VA; county veterans service officer
Georgia,Worth,veterans,Veterans,B,2,regional,VA; county veterans service officer
Georgia,Appling,education,Education,B,2,regional,Adult ed/ABLE; community college reentry
Georgia,Atkinson,education,Education,B,2,regional,Adult ed/ABLE; community college reentry
Georgia,Bacon,education,Education,B,2,regional,Adult ed/ABLE; community college reentry
Georgia,Baker,education,Education,B,2,regional,Adult ed/ABLE; community college reentry
Georgia,Baldwin,education,Education,B,2,regional,Adult ed/ABLE; community college reentry
Georgia,Banks,education,Education,B,2,regional,Adult ed/ABLE; community college reentry
Georgia,Barrow,education,Education,B,2,regional,Adult ed/ABLE; community college reentry
Georgia,Bartow,education,Education,B,2,regional,Adult ed/ABLE; community college reentry
Georgia,Ben Hill,education,Education,B,2,regional,Adult ed/ABLE; community college reentry
Georgia,Berrien,education,Education,B,2,regional,Adult ed/ABLE; community college reentry
Georgia,Bleckley,education,Education,B,2,regional,Adult ed/ABLE; community college reentry
Georgia,Brantley,education,Education,B,2,regional,Adult ed/ABLE; community college reentry
Georgia,Brooks,education,Education,B,2,regional,Adult ed/ABLE; community college reentry
Georgia,Bulloch,education,Education,B,2,regional,Adult ed/ABLE; community college reentry
Georgia,Butts,education,Education,B,2,regional,Adult ed/ABLE; community college reentry
Georgia,Calhoun,education,Education,B,2,regional,Adult ed/ABLE; community college reentry
Georgia,Camden,education,Education,B,2,regional,Adult ed/ABLE; community college reentry
Georgia,Candler,education,Education,B,2,regional,Adult ed/ABLE; community college reentry
Georgia,Carroll,education,Education,B,2,regional,Adult ed/ABLE; community college reentry
Georgia,Charlton,education,Education,B,2,regional,Adult ed/ABLE; community college reentry
Georgia,Chattooga,education,Education,B,2,regional,Adult ed/ABLE; community college reentry
Georgia,Cherokee,education,Education,B,2,regional,Adult ed/ABLE; community college reentry
Georgia,Clarke,education,Education,B,2,regional,Adult ed/ABLE; community college reentry
Georgia,Clay,education,Education,B,2,regional,Adult ed/ABLE; community college reentry
Georgia,Clayton,education,Education,B,2,regional,Adult ed/ABLE; community college reentry
Georgia,Clinch,education,Education,B,2,regional,Adult ed/ABLE; community college reentry
Georgia,Coffee,education,Education,B,2,regional,Adult ed/ABLE; community college reentry
Georgia,Colquitt,education,Education,B,2,regional,Adult ed/ABLE; community college reentry
Georgia,Cook,education,Education,B,2,regional,Adult ed/ABLE; community college reentry
Georgia,Coweta,education,Education,B,2,regional,Adult ed/ABLE; community college reentry
Georgia,Crisp,education,Education,B,2,regional,Adult ed/ABLE; community college reentry
Georgia,Dade,education,Education,B,2,regional,Adult ed/ABLE; community college reentry
Georgia,Dawson,education,Education,B,2,regional,Adult ed/ABLE; community college reentry
Georgia,Decatur,education,Education,B,2,regional,Adult ed/ABLE; community college reentry
Georgia,Dodge,education,Education,B,2,regional,Adult ed/ABLE; community college reentry
Georgia,Dooly,education,Education,B,2,regional,Adult ed/ABLE; community college reentry
Georgia,Dougherty,education,Education,B,2,regional,Adult ed/ABLE; community college reentry
Georgia,Douglas,education,Education,B,2,regional,Adult ed/ABLE; community college reentry
Georgia,Early,education,Education,B,2,regional,Adult ed/ABLE; community college reentry
Georgia,Echols,education,Education,B,2,regional,Adult ed/ABLE; community college reentry
Georgia,Elbert,education,Education,B,2,regional,Adult ed/ABLE; community college reentry
Georgia,Emanuel,education,Education,B,2,regional,Adult ed/ABLE; community college reentry
Georgia,Evans,education,Education,B,2,regional,Adult ed/ABLE; community college reentry
Georgia,Fannin,education,Education,B,2,regional,Adult ed/ABLE; community college reentry
Georgia,Fayette,education,Education,B,2,regional,Adult ed/ABLE; community college reentry
Georgia,Floyd,education,Education,B,2,regional,Adult ed/ABLE; community college reentry
Georgia,Forsyth,education,Education,B,2,regional,Adult ed/ABLE; community college reentry
Georgia,Franklin,education,Education,B,2,regional,Adult ed/ABLE; community college reentry
Georgia,Gilmer,education,Education,B,2,regional,Adult ed/ABLE; community college reentry
Georgia,Glascock,education,Education,B,2,regional,Adult ed/ABLE; community college reentry
Georgia,Glynn,education,Education,B,2,regional,Adult ed/ABLE; community college reentry
Georgia,Gordon,education,Education,B,2,regional,Adult ed/ABLE; community college reentry
Georgia,Grady,education,Education,B,2,regional,Adult ed/ABLE; community college reentry
Georgia,Greene,education,Education,B,2,regional,Adult ed/ABLE; community college reentry
Georgia,Gwinnett,education,Education,B,2,regional,Adult ed/ABLE; community college reentry
Georgia,Habersham,education,Education,B,2,regional,Adult ed/ABLE; community college reentry
Georgia,Hall,education,Education,B,2,regional,Adult ed/ABLE; community college reentry
Georgia,Hancock,education,Education,B,2,regional,Adult ed/ABLE; community college reentry
Georgia,Haralson,education,Education,B,2,regional,Adult ed/ABLE; community college reentry
Georgia,Hart,education,Education,B,2,regional,Adult ed/ABLE; community college reentry
Georgia,Heard,education,Education,B,2,regional,Adult ed/ABLE; community college reentry
Georgia,Henry,education,Education,B,2,regional,Adult ed/ABLE; community college reentry
Georgia,Irwin,education,Education,B,2,regional,Adult ed/ABLE; community college reentry
Georgia,Jackson,education,Education,B,2,regional,Adult ed/ABLE; community college reentry
Georgia,Jasper,education,Education,B,2,regional,Adult ed/ABLE; community college reentry
Georgia,Jeff Davis,education,Education,B,2,regional,Adult ed/ABLE; community college reentry
Georgia,Jefferson,education,Education,B,2,regional,Adult ed/ABLE; community college reentry
Georgia,Jenkins,education,Education,B,2,regional,Adult ed/ABLE; community college reentry
Georgia,Johnson,education,Education,B,2,regional,Adult ed/ABLE; community college reentry
Georgia,Lanier,education,Education,B,2,regional,Adult ed/ABLE; community college reentry
Georgia,Laurens,education,Education,B,2,regional,Adult ed/ABLE; community college reentry
Georgia,Lee,education,Education,B,2,regional,Adult ed/ABLE; community college reentry
Georgia,Liberty,education,Education,B,2,regional,Adult ed/ABLE; community college reentry
Georgia,Lincoln,education,Education,B,2,regional,Adult ed/ABLE; community college reentry
Georgia,Long,education,Education,B,2,regional,Adult ed/ABLE; community college reentry
Georgia,Lowndes,education,Education,B,2,regional,Adult ed/ABLE; community college reentry
Georgia,Lumpkin,education,Education,B,2,regional,Adult ed/ABLE; community college reentry
Georgia,Macon,education,Education,B,2,regional,Adult ed/ABLE; community college reentry
Georgia,Madison,education,Education,B,2,regional,Adult ed/ABLE; community college reentry
Georgia,McIntosh,education,Education,B,2,regional,Adult ed/ABLE; community college reentry
Georgia,Meriwether,education,Education,B,2,regional,Adult ed/ABLE; community college reentry
Georgia,Miller,education,Education,B,2,regional,Adult ed/ABLE; community college reentry
Georgia,Mitchell,education,Education,B,2,regional,Adult ed/ABLE; community college reentry
Georgia,Montgomery,education,Education,B,2,regional,Adult ed/ABLE; community college reentry
Georgia,Morgan,education,Education,B,2,regional,Adult ed/ABLE; community college reentry
Georgia,Murray,education,Education,B,2,regional,Adult ed/ABLE; community college reentry
Georgia,Newton,education,Education,B,2,regional,Adult ed/ABLE; community college reentry
Georgia,Oconee,education,Education,B,2,regional,Adult ed/ABLE; community college reentry
Georgia,Oglethorpe,education,Education,B,2,regional,Adult ed/ABLE; community college reentry
Georgia,Paulding,education,Education,B,2,regional,Adult ed/ABLE; community college reentry
Georgia,Pickens,education,Education,B,2,regional,Adult ed/ABLE; community college reentry
Georgia,Pierce,education,Education,B,2,regional,Adult ed/ABLE; community college reentry
Georgia,Polk,education,Education,B,2,regional,Adult ed/ABLE; community college reentry
Georgia,Putnam,education,Education,B,2,regional,Adult ed/ABLE; community college reentry
Georgia,Quitman,education,Education,B,2,regional,Adult ed/ABLE; community college reentry
Georgia,Rabun,education,Education,B,2,regional,Adult ed/ABLE; community college reentry
Georgia,Randolph,education,Education,B,2,regional,Adult ed/ABLE; community college reentry
Georgia,Rockdale,education,Education,B,2,regional,Adult ed/ABLE; community college reentry
Georgia,Schley,education,Education,B,2,regional,Adult ed/ABLE; community college reentry
Georgia,Screven,education,Education,B,2,regional,Adult ed/ABLE; community college reentry
Georgia,Seminole,education,Education,B,2,regional,Adult ed/ABLE; community college reentry
Georgia,Stephens,education,Education,B,2,regional,Adult ed/ABLE; community college reentry
Georgia,Sumter,education,Education,B,2,regional,Adult ed/ABLE; community college reentry
Georgia,Talbot,education,Education,B,2,regional,Adult ed/ABLE; community college reentry
Georgia,Taliaferro,education,Education,B,2,regional,Adult ed/ABLE; community college reentry
Georgia,Tattnall,education,Education,B,2,regional,Adult ed/ABLE; community college reentry
Georgia,Taylor,education,Education,B,2,regional,Adult ed/ABLE; community college reentry
Georgia,Telfair,education,Education,B,2,regional,Adult ed/ABLE; community college reentry
Georgia,Terrell,education,Education,B,2,regional,Adult ed/ABLE; community college reentry
Georgia,Thomas,education,Education,B,2,regional,Adult ed/ABLE; community college reentry
Georgia,Tift,education,Education,B,2,regional,Adult ed/ABLE; community college reentry
Georgia,Toombs,education,Education,B,2,regional,Adult ed/ABLE; community college reentry
Georgia,Towns,education,Education,B,2,regional,Adult ed/ABLE; community college reentry
Georgia,Treutlen,education,Education,B,2,regional,Adult ed/ABLE; community college reentry
Georgia,Troup,education,Education,B,2,regional,Adult ed/ABLE; community college reentry
Georgia,Turner,education,Education,B,2,regional,Adult ed/ABLE; community college reentry
Georgia,Union,education,Education,B,2,regional,Adult ed/ABLE; community college reentry
Georgia,Walker,education,Education,B,2,regional,Adult ed/ABLE; community college reentry
Georgia,Walton,education,Education,B,2,regional,Adult ed/ABLE; community college reentry
Georgia,Ware,education,Education,B,2,regional,Adult ed/ABLE; community college reentry
Georgia,Warren,education,Education,B,2,regional,Adult ed/ABLE; community college reentry
Georgia,Washington,education,Education,B,2,regional,Adult ed/ABLE; community college reentry
Georgia,Wayne,education,Education,B,2,regional,Adult ed/ABLE; community college reentry
Georgia,Webster,education,Education,B,2,regional,Adult ed/ABLE; community college reentry
Georgia,Wheeler,education,Education,B,2,regional,Adult ed/ABLE; community college reentry
Georgia,White,education,Education,B,2,regional,Adult ed/ABLE; community college reentry
Georgia,Wilcox,education,Education,B,2,regional,Adult ed/ABLE; community college reentry
Georgia,Wilkes,education,Education,B,2,regional,Adult ed/ABLE; community college reentry
Georgia,Wilkinson,education,Education,B,2,regional,Adult ed/ABLE; community college reentry
Georgia,Worth,education,Education,B,2,regional,Adult ed/ABLE; community college reentry
Georgia,Atkinson,basic-needs,Basic Needs,B,2,regional,211; United Way basic needs partners
Georgia,Bacon,basic-needs,Basic Needs,B,2,regional,211; United Way basic needs partners
Georgia,Baker,basic-needs,Basic Needs,B,2,regional,211; United Way basic needs partners
Georgia,Baldwin,basic-needs,Basic Needs,B,2,regional,211; United Way basic needs partners
Georgia,Banks,basic-needs,Basic Needs,B,2,regional,211; United Way basic needs partners
Georgia,Barrow,basic-needs,Basic Needs,B,2,regional,211; United Way basic needs partners
Georgia,Bartow,basic-needs,Basic Needs,B,2,regional,211; United Way basic needs partners
Georgia,Ben Hill,basic-needs,Basic Needs,B,2,regional,211; United Way basic needs partners
Georgia,Berrien,basic-needs,Basic Needs,B,2,regional,211; United Way basic needs partners
Georgia,Bleckley,basic-needs,Basic Needs,B,2,regional,211; United Way basic needs partners
Georgia,Brantley,basic-needs,Basic Needs,B,2,regional,211; United Way basic needs partners
Georgia,Brooks,basic-needs,Basic Needs,B,2,regional,211; United Way basic needs partners
Georgia,Burke,basic-needs,Basic Needs,B,2,regional,211; United Way basic needs partners
Georgia,Butts,basic-needs,Basic Needs,B,2,regional,211; United Way basic needs partners
Georgia,Calhoun,basic-needs,Basic Needs,B,2,regional,211; United Way basic needs partners
Georgia,Candler,basic-needs,Basic Needs,B,2,regional,211; United Way basic needs partners
Georgia,Carroll,basic-needs,Basic Needs,B,2,regional,211; United Way basic needs partners
Georgia,Catoosa,basic-needs,Basic Needs,B,2,regional,211; United Way basic needs partners
Georgia,Charlton,basic-needs,Basic Needs,B,2,regional,211; United Way basic needs partners
Georgia,Chattahoochee,basic-needs,Basic Needs,B,2,regional,211; United Way basic needs partners
Georgia,Chattooga,basic-needs,Basic Needs,B,2,regional,211; United Way basic needs partners
Georgia,Cherokee,basic-needs,Basic Needs,B,2,regional,211; United Way basic needs partners
Georgia,Clarke,basic-needs,Basic Needs,B,2,regional,211; United Way basic needs partners
Georgia,Clay,basic-needs,Basic Needs,B,2,regional,211; United Way basic needs partners
Georgia,Clayton,basic-needs,Basic Needs,B,2,regional,211; United Way basic needs partners
Georgia,Clinch,basic-needs,Basic Needs,B,2,regional,211; United Way basic needs partners
Georgia,Coffee,basic-needs,Basic Needs,B,2,regional,211; United Way basic needs partners
Georgia,Colquitt,basic-needs,Basic Needs,B,2,regional,211; United Way basic needs partners
Georgia,Columbia,basic-needs,Basic Needs,B,2,regional,211; United Way basic needs partners
Georgia,Cook,basic-needs,Basic Needs,B,2,regional,211; United Way basic needs partners
Georgia,Coweta,basic-needs,Basic Needs,B,2,regional,211; United Way basic needs partners
Georgia,Crawford,basic-needs,Basic Needs,B,2,regional,211; United Way basic needs partners
Georgia,Crisp,basic-needs,Basic Needs,B,2,regional,211; United Way basic needs partners
Georgia,Dade,basic-needs,Basic Needs,B,2,regional,211; United Way basic needs partners
Georgia,Dawson,basic-needs,Basic Needs,B,2,regional,211; United Way basic needs partners
Georgia,Decatur,basic-needs,Basic Needs,B,2,regional,211; United Way basic needs partners
Georgia,Dodge,basic-needs,Basic Needs,B,2,regional,211; United Way basic needs partners
Georgia,Dooly,basic-needs,Basic Needs,B,2,regional,211; United Way basic needs partners
Georgia,Dougherty,basic-needs,Basic Needs,B,2,regional,211; United Way basic needs partners
Georgia,Douglas,basic-needs,Basic Needs,B,2,regional,211; United Way basic needs partners
Georgia,Early,basic-needs,Basic Needs,B,2,regional,211; United Way basic needs partners
Georgia,Echols,basic-needs,Basic Needs,B,2,regional,211; United Way basic needs partners
Georgia,Elbert,basic-needs,Basic Needs,B,2,regional,211; United Way basic needs partners
Georgia,Emanuel,basic-needs,Basic Needs,B,2,regional,211; United Way basic needs partners
Georgia,Evans,basic-needs,Basic Needs,B,2,regional,211; United Way basic needs partners
Georgia,Fannin,basic-needs,Basic Needs,B,2,regional,211; United Way basic needs partners
Georgia,Fayette,basic-needs,Basic Needs,B,2,regional,211; United Way basic needs partners
Georgia,Floyd,basic-needs,Basic Needs,B,2,regional,211; United Way basic needs partners
Georgia,Forsyth,basic-needs,Basic Needs,B,2,regional,211; United Way basic needs partners
Georgia,Franklin,basic-needs,Basic Needs,B,2,regional,211; United Way basic needs partners
Georgia,Gilmer,basic-needs,Basic Needs,B,2,regional,211; United Way basic needs partners
Georgia,Glascock,basic-needs,Basic Needs,B,2,regional,211; United Way basic needs partners
Georgia,Gordon,basic-needs,Basic Needs,B,2,regional,211; United Way basic needs partners
Georgia,Grady,basic-needs,Basic Needs,B,2,regional,211; United Way basic needs partners
Georgia,Greene,basic-needs,Basic Needs,B,2,regional,211; United Way basic needs partners
Georgia,Gwinnett,basic-needs,Basic Needs,B,2,regional,211; United Way basic needs partners
Georgia,Habersham,basic-needs,Basic Needs,B,2,regional,211; United Way basic needs partners
Georgia,Hall,basic-needs,Basic Needs,B,2,regional,211; United Way basic needs partners
Georgia,Hancock,basic-needs,Basic Needs,B,2,regional,211; United Way basic needs partners
Georgia,Haralson,basic-needs,Basic Needs,B,2,regional,211; United Way basic needs partners
Georgia,Harris,basic-needs,Basic Needs,B,2,regional,211; United Way basic needs partners
Georgia,Hart,basic-needs,Basic Needs,B,2,regional,211; United Way basic needs partners
Georgia,Heard,basic-needs,Basic Needs,B,2,regional,211; United Way basic needs partners
Georgia,Henry,basic-needs,Basic Needs,B,2,regional,211; United Way basic needs partners
Georgia,Houston,basic-needs,Basic Needs,B,2,regional,211; United Way basic needs partners
Georgia,Irwin,basic-needs,Basic Needs,B,2,regional,211; United Way basic needs partners
Georgia,Jackson,basic-needs,Basic Needs,B,2,regional,211; United Way basic needs partners
Georgia,Jasper,basic-needs,Basic Needs,B,2,regional,211; United Way basic needs partners
Georgia,Jeff Davis,basic-needs,Basic Needs,B,2,regional,211; United Way basic needs partners
Georgia,Jefferson,basic-needs,Basic Needs,B,2,regional,211; United Way basic needs partners
Georgia,Jenkins,basic-needs,Basic Needs,B,2,regional,211; United Way basic needs partners
Georgia,Johnson,basic-needs,Basic Needs,B,2,regional,211; United Way basic needs partners
Georgia,Jones,basic-needs,Basic Needs,B,2,regional,211; United Way basic needs partners
Georgia,Lamar,basic-needs,Basic Needs,B,2,regional,211; United Way basic needs partners
Georgia,Lanier,basic-needs,Basic Needs,B,2,regional,211; United Way basic needs partners
Georgia,Laurens,basic-needs,Basic Needs,B,2,regional,211; United Way basic needs partners
Georgia,Lee,basic-needs,Basic Needs,B,2,regional,211; United Way basic needs partners
Georgia,Lincoln,basic-needs,Basic Needs,B,2,regional,211; United Way basic needs partners
Georgia,Lowndes,basic-needs,Basic Needs,B,2,regional,211; United Way basic needs partners
Georgia,Lumpkin,basic-needs,Basic Needs,B,2,regional,211; United Way basic needs partners
Georgia,Macon,basic-needs,Basic Needs,B,2,regional,211; United Way basic needs partners
Georgia,Madison,basic-needs,Basic Needs,B,2,regional,211; United Way basic needs partners
Georgia,Marion,basic-needs,Basic Needs,B,2,regional,211; United Way basic needs partners
Georgia,McDuffie,basic-needs,Basic Needs,B,2,regional,211; United Way basic needs partners
Georgia,Meriwether,basic-needs,Basic Needs,B,2,regional,211; United Way basic needs partners
Georgia,Miller,basic-needs,Basic Needs,B,2,regional,211; United Way basic needs partners
Georgia,Mitchell,basic-needs,Basic Needs,B,2,regional,211; United Way basic needs partners
Georgia,Monroe,basic-needs,Basic Needs,B,2,regional,211; United Way basic needs partners
Georgia,Montgomery,basic-needs,Basic Needs,B,2,regional,211; United Way basic needs partners
Georgia,Morgan,basic-needs,Basic Needs,B,2,regional,211; United Way basic needs partners
Georgia,Newton,basic-needs,Basic Needs,B,2,regional,211; United Way basic needs partners
Georgia,Oconee,basic-needs,Basic Needs,B,2,regional,211; United Way basic needs partners
Georgia,Oglethorpe,basic-needs,Basic Needs,B,2,regional,211; United Way basic needs partners
Georgia,Paulding,basic-needs,Basic Needs,B,2,regional,211; United Way basic needs partners
Georgia,Peach,basic-needs,Basic Needs,B,2,regional,211; United Way basic needs partners
Georgia,Pickens,basic-needs,Basic Needs,B,2,regional,211; United Way basic needs partners
Georgia,Pierce,basic-needs,Basic Needs,B,2,regional,211; United Way basic needs partners
Georgia,Pike,basic-needs,Basic Needs,B,2,regional,211; United Way basic needs partners
Georgia,Polk,basic-needs,Basic Needs,B,2,regional,211; United Way basic needs partners
Georgia,Pulaski,basic-needs,Basic Needs,B,2,regional,211; United Way basic needs partners
Georgia,Putnam,basic-needs,Basic Needs,B,2,regional,211; United Way basic needs partners
Georgia,Quitman,basic-needs,Basic Needs,B,2,regional,211; United Way basic needs partners
Georgia,Rabun,basic-needs,Basic Needs,B,2,regional,211; United Way basic needs partners
Georgia,Randolph,basic-needs,Basic Needs,B,2,regional,211; United Way basic needs partners
Georgia,Rockdale,basic-needs,Basic Needs,B,2,regional,211; United Way basic needs partners
Georgia,Schley,basic-needs,Basic Needs,B,2,regional,211; United Way basic needs partners
Georgia,Screven,basic-needs,Basic Needs,B,2,regional,211; United Way basic needs partners
Georgia,Seminole,basic-needs,Basic Needs,B,2,regional,211; United Way basic needs partners
Georgia,Spalding,basic-needs,Basic Needs,B,2,regional,211; United Way basic needs partners
Georgia,Stephens,basic-needs,Basic Needs,B,2,regional,211; United Way basic needs partners
Georgia,Stewart,basic-needs,Basic Needs,B,2,regional,211; United Way basic needs partners
Georgia,Sumter,basic-needs,Basic Needs,B,2,regional,211; United Way basic needs partners
Georgia,Talbot,basic-needs,Basic Needs,B,2,regional,211; United Way basic needs partners
Georgia,Taliaferro,basic-needs,Basic Needs,B,2,regional,211; United Way basic needs partners
Georgia,Tattnall,basic-needs,Basic Needs,B,2,regional,211; United Way basic needs partners
Georgia,Taylor,basic-needs,Basic Needs,B,2,regional,211; United Way basic needs partners
Georgia,Telfair,basic-needs,Basic Needs,B,2,regional,211; United Way basic needs partners
Georgia,Terrell,basic-needs,Basic Needs,B,2,regional,211; United Way basic needs partners
Georgia,Thomas,basic-needs,Basic Needs,B,2,regional,211; United Way basic needs partners
Georgia,Tift,basic-needs,Basic Needs,B,2,regional,211; United Way basic needs partners
Georgia,Toombs,basic-needs,Basic Needs,B,2,regional,211; United Way basic needs partners
Georgia,Towns,basic-needs,Basic Needs,B,2,regional,211; United Way basic needs partners
Georgia,Treutlen,basic-needs,Basic Needs,B,2,regional,211; United Way basic needs partners
Georgia,Troup,basic-needs,Basic Needs,B,2,regional,211; United Way basic needs partners
Georgia,Turner,basic-needs,Basic Needs,B,2,regional,211; United Way basic needs partners
Georgia,Twiggs,basic-needs,Basic Needs,B,2,regional,211; United Way basic needs partners
Georgia,Union,basic-needs,Basic Needs,B,2,regional,211; United Way basic needs partners
Georgia,Upson,basic-needs,Basic Needs,B,2,regional,211; United Way basic needs partners
Georgia,Walker,basic-needs,Basic Needs,B,2,regional,211; United Way basic needs partners
Georgia,Walton,basic-needs,Basic Needs,B,2,regional,211; United Way basic needs partners
Georgia,Ware,basic-needs,Basic Needs,B,2,regional,211; United Way basic needs partners
Georgia,Warren,basic-needs,Basic Needs,B,2,regional,211; United Way basic needs partners
Georgia,Washington,basic-needs,Basic Needs,B,2,regional,211; United Way basic needs partners
Georgia,Wayne,basic-needs,Basic Needs,B,2,regional,211; United Way basic needs partners
Georgia,Webster,basic-needs,Basic Needs,B,2,regional,211; United Way basic needs partners
Georgia,Wheeler,basic-needs,Basic Needs,B,2,regional,211; United Way basic needs partners
Georgia,White,basic-needs,Basic Needs,B,2,regional,211; United Way basic needs partners
Georgia,Wilcox,basic-needs,Basic Needs,B,2,regional,211; United Way basic needs partners
Georgia,Wilkes,basic-needs,Basic Needs,B,2,regional,211; United Way basic needs partners
Georgia,Wilkinson,basic-needs,Basic Needs,B,2,regional,211; United Way basic needs partners
Georgia,Worth,basic-needs,Basic Needs,B,2,regional,211; United Way basic needs partners
Georgia,Appling,reentry-organizations,Reentry Organizations,B,2,regional,State reentry council; nonprofit coalitions
Georgia,Atkinson,reentry-organizations,Reentry Organizations,B,2,regional,State reentry council; nonprofit coalitions
Georgia,Bacon,reentry-organizations,Reentry Organizations,B,2,regional,State reentry council; nonprofit coalitions
Georgia,Baker,reentry-organizations,Reentry Organizations,B,2,regional,State reentry council; nonprofit coalitions
Georgia,Baldwin,reentry-organizations,Reentry Organizations,B,2,regional,State reentry council; nonprofit coalitions
Georgia,Banks,reentry-organizations,Reentry Organizations,B,2,regional,State reentry council; nonprofit coalitions
Georgia,Barrow,reentry-organizations,Reentry Organizations,B,2,regional,State reentry council; nonprofit coalitions
Georgia,Bartow,reentry-organizations,Reentry Organizations,B,2,regional,State reentry council; nonprofit coalitions
Georgia,Ben Hill,reentry-organizations,Reentry Organizations,B,2,regional,State reentry council; nonprofit coalitions
Georgia,Berrien,reentry-organizations,Reentry Organizations,B,2,regional,State reentry council; nonprofit coalitions
Georgia,Bleckley,reentry-organizations,Reentry Organizations,B,2,regional,State reentry council; nonprofit coalitions
Georgia,Brantley,reentry-organizations,Reentry Organizations,B,2,regional,State reentry council; nonprofit coalitions
Georgia,Brooks,reentry-organizations,Reentry Organizations,B,2,regional,State reentry council; nonprofit coalitions
Georgia,Bulloch,reentry-organizations,Reentry Organizations,B,2,regional,State reentry council; nonprofit coalitions
Georgia,Burke,reentry-organizations,Reentry Organizations,B,2,regional,State reentry council; nonprofit coalitions
Georgia,Butts,reentry-organizations,Reentry Organizations,B,2,regional,State reentry council; nonprofit coalitions
Georgia,Calhoun,reentry-organizations,Reentry Organizations,B,2,regional,State reentry council; nonprofit coalitions
Georgia,Camden,reentry-organizations,Reentry Organizations,B,2,regional,State reentry council; nonprofit coalitions
Georgia,Candler,reentry-organizations,Reentry Organizations,B,2,regional,State reentry council; nonprofit coalitions
Georgia,Catoosa,reentry-organizations,Reentry Organizations,B,2,regional,State reentry council; nonprofit coalitions
Georgia,Charlton,reentry-organizations,Reentry Organizations,B,2,regional,State reentry council; nonprofit coalitions
Georgia,Chattahoochee,reentry-organizations,Reentry Organizations,B,2,regional,State reentry council; nonprofit coalitions
Georgia,Chattooga,reentry-organizations,Reentry Organizations,B,2,regional,State reentry council; nonprofit coalitions
Georgia,Cherokee,reentry-organizations,Reentry Organizations,B,2,regional,State reentry council; nonprofit coalitions
Georgia,Clarke,reentry-organizations,Reentry Organizations,B,2,regional,State reentry council; nonprofit coalitions
Georgia,Clay,reentry-organizations,Reentry Organizations,B,2,regional,State reentry council; nonprofit coalitions
Georgia,Clayton,reentry-organizations,Reentry Organizations,B,2,regional,State reentry council; nonprofit coalitions
Georgia,Clinch,reentry-organizations,Reentry Organizations,B,2,regional,State reentry council; nonprofit coalitions
Georgia,Coffee,reentry-organizations,Reentry Organizations,B,2,regional,State reentry council; nonprofit coalitions
Georgia,Colquitt,reentry-organizations,Reentry Organizations,B,2,regional,State reentry council; nonprofit coalitions
Georgia,Columbia,reentry-organizations,Reentry Organizations,B,2,regional,State reentry council; nonprofit coalitions
Georgia,Cook,reentry-organizations,Reentry Organizations,B,2,regional,State reentry council; nonprofit coalitions
Georgia,Crawford,reentry-organizations,Reentry Organizations,B,2,regional,State reentry council; nonprofit coalitions
Georgia,Crisp,reentry-organizations,Reentry Organizations,B,2,regional,State reentry council; nonprofit coalitions
Georgia,Dade,reentry-organizations,Reentry Organizations,B,2,regional,State reentry council; nonprofit coalitions
Georgia,Dawson,reentry-organizations,Reentry Organizations,B,2,regional,State reentry council; nonprofit coalitions
Georgia,Decatur,reentry-organizations,Reentry Organizations,B,2,regional,State reentry council; nonprofit coalitions
Georgia,Dodge,reentry-organizations,Reentry Organizations,B,2,regional,State reentry council; nonprofit coalitions
Georgia,Dooly,reentry-organizations,Reentry Organizations,B,2,regional,State reentry council; nonprofit coalitions
Georgia,Dougherty,reentry-organizations,Reentry Organizations,B,2,regional,State reentry council; nonprofit coalitions
Georgia,Douglas,reentry-organizations,Reentry Organizations,B,2,regional,State reentry council; nonprofit coalitions
Georgia,Early,reentry-organizations,Reentry Organizations,B,2,regional,State reentry council; nonprofit coalitions
Georgia,Echols,reentry-organizations,Reentry Organizations,B,2,regional,State reentry council; nonprofit coalitions
Georgia,Elbert,reentry-organizations,Reentry Organizations,B,2,regional,State reentry council; nonprofit coalitions
Georgia,Emanuel,reentry-organizations,Reentry Organizations,B,2,regional,State reentry council; nonprofit coalitions
Georgia,Evans,reentry-organizations,Reentry Organizations,B,2,regional,State reentry council; nonprofit coalitions
Georgia,Fannin,reentry-organizations,Reentry Organizations,B,2,regional,State reentry council; nonprofit coalitions
Georgia,Fayette,reentry-organizations,Reentry Organizations,B,2,regional,State reentry council; nonprofit coalitions
Georgia,Floyd,reentry-organizations,Reentry Organizations,B,2,regional,State reentry council; nonprofit coalitions
Georgia,Forsyth,reentry-organizations,Reentry Organizations,B,2,regional,State reentry council; nonprofit coalitions
Georgia,Franklin,reentry-organizations,Reentry Organizations,B,2,regional,State reentry council; nonprofit coalitions
Georgia,Gilmer,reentry-organizations,Reentry Organizations,B,2,regional,State reentry council; nonprofit coalitions
Georgia,Glascock,reentry-organizations,Reentry Organizations,B,2,regional,State reentry council; nonprofit coalitions
Georgia,Glynn,reentry-organizations,Reentry Organizations,B,2,regional,State reentry council; nonprofit coalitions
Georgia,Gordon,reentry-organizations,Reentry Organizations,B,2,regional,State reentry council; nonprofit coalitions
Georgia,Grady,reentry-organizations,Reentry Organizations,B,2,regional,State reentry council; nonprofit coalitions
Georgia,Greene,reentry-organizations,Reentry Organizations,B,2,regional,State reentry council; nonprofit coalitions
Georgia,Habersham,reentry-organizations,Reentry Organizations,B,2,regional,State reentry council; nonprofit coalitions
Georgia,Hall,reentry-organizations,Reentry Organizations,B,2,regional,State reentry council; nonprofit coalitions
Georgia,Hancock,reentry-organizations,Reentry Organizations,B,2,regional,State reentry council; nonprofit coalitions
Georgia,Haralson,reentry-organizations,Reentry Organizations,B,2,regional,State reentry council; nonprofit coalitions
Georgia,Harris,reentry-organizations,Reentry Organizations,B,2,regional,State reentry council; nonprofit coalitions
Georgia,Hart,reentry-organizations,Reentry Organizations,B,2,regional,State reentry council; nonprofit coalitions
Georgia,Henry,reentry-organizations,Reentry Organizations,B,2,regional,State reentry council; nonprofit coalitions
Georgia,Houston,reentry-organizations,Reentry Organizations,B,2,regional,State reentry council; nonprofit coalitions
Georgia,Irwin,reentry-organizations,Reentry Organizations,B,2,regional,State reentry council; nonprofit coalitions
Georgia,Jackson,reentry-organizations,Reentry Organizations,B,2,regional,State reentry council; nonprofit coalitions
Georgia,Jasper,reentry-organizations,Reentry Organizations,B,2,regional,State reentry council; nonprofit coalitions
Georgia,Jeff Davis,reentry-organizations,Reentry Organizations,B,2,regional,State reentry council; nonprofit coalitions
Georgia,Jefferson,reentry-organizations,Reentry Organizations,B,2,regional,State reentry council; nonprofit coalitions
Georgia,Jenkins,reentry-organizations,Reentry Organizations,B,2,regional,State reentry council; nonprofit coalitions
Georgia,Johnson,reentry-organizations,Reentry Organizations,B,2,regional,State reentry council; nonprofit coalitions
Georgia,Jones,reentry-organizations,Reentry Organizations,B,2,regional,State reentry council; nonprofit coalitions
Georgia,Lamar,reentry-organizations,Reentry Organizations,B,2,regional,State reentry council; nonprofit coalitions
Georgia,Lanier,reentry-organizations,Reentry Organizations,B,2,regional,State reentry council; nonprofit coalitions
Georgia,Laurens,reentry-organizations,Reentry Organizations,B,2,regional,State reentry council; nonprofit coalitions
Georgia,Lee,reentry-organizations,Reentry Organizations,B,2,regional,State reentry council; nonprofit coalitions
Georgia,Liberty,reentry-organizations,Reentry Organizations,B,2,regional,State reentry council; nonprofit coalitions
Georgia,Lincoln,reentry-organizations,Reentry Organizations,B,2,regional,State reentry council; nonprofit coalitions
Georgia,Long,reentry-organizations,Reentry Organizations,B,2,regional,State reentry council; nonprofit coalitions
Georgia,Lowndes,reentry-organizations,Reentry Organizations,B,2,regional,State reentry council; nonprofit coalitions
Georgia,Lumpkin,reentry-organizations,Reentry Organizations,B,2,regional,State reentry council; nonprofit coalitions
Georgia,Macon,reentry-organizations,Reentry Organizations,B,2,regional,State reentry council; nonprofit coalitions
Georgia,Madison,reentry-organizations,Reentry Organizations,B,2,regional,State reentry council; nonprofit coalitions
Georgia,Marion,reentry-organizations,Reentry Organizations,B,2,regional,State reentry council; nonprofit coalitions
Georgia,McDuffie,reentry-organizations,Reentry Organizations,B,2,regional,State reentry council; nonprofit coalitions
Georgia,McIntosh,reentry-organizations,Reentry Organizations,B,2,regional,State reentry council; nonprofit coalitions
Georgia,Miller,reentry-organizations,Reentry Organizations,B,2,regional,State reentry council; nonprofit coalitions
Georgia,Mitchell,reentry-organizations,Reentry Organizations,B,2,regional,State reentry council; nonprofit coalitions
Georgia,Monroe,reentry-organizations,Reentry Organizations,B,2,regional,State reentry council; nonprofit coalitions
Georgia,Montgomery,reentry-organizations,Reentry Organizations,B,2,regional,State reentry council; nonprofit coalitions
Georgia,Morgan,reentry-organizations,Reentry Organizations,B,2,regional,State reentry council; nonprofit coalitions
Georgia,Murray,reentry-organizations,Reentry Organizations,B,2,regional,State reentry council; nonprofit coalitions
Georgia,Newton,reentry-organizations,Reentry Organizations,B,2,regional,State reentry council; nonprofit coalitions
Georgia,Oconee,reentry-organizations,Reentry Organizations,B,2,regional,State reentry council; nonprofit coalitions
Georgia,Oglethorpe,reentry-organizations,Reentry Organizations,B,2,regional,State reentry council; nonprofit coalitions
Georgia,Paulding,reentry-organizations,Reentry Organizations,B,2,regional,State reentry council; nonprofit coalitions
Georgia,Peach,reentry-organizations,Reentry Organizations,B,2,regional,State reentry council; nonprofit coalitions
Georgia,Pickens,reentry-organizations,Reentry Organizations,B,2,regional,State reentry council; nonprofit coalitions
Georgia,Pierce,reentry-organizations,Reentry Organizations,B,2,regional,State reentry council; nonprofit coalitions
Georgia,Pike,reentry-organizations,Reentry Organizations,B,2,regional,State reentry council; nonprofit coalitions
Georgia,Polk,reentry-organizations,Reentry Organizations,B,2,regional,State reentry council; nonprofit coalitions
Georgia,Pulaski,reentry-organizations,Reentry Organizations,B,2,regional,State reentry council; nonprofit coalitions
Georgia,Putnam,reentry-organizations,Reentry Organizations,B,2,regional,State reentry council; nonprofit coalitions
Georgia,Quitman,reentry-organizations,Reentry Organizations,B,2,regional,State reentry council; nonprofit coalitions
Georgia,Rabun,reentry-organizations,Reentry Organizations,B,2,regional,State reentry council; nonprofit coalitions
Georgia,Randolph,reentry-organizations,Reentry Organizations,B,2,regional,State reentry council; nonprofit coalitions
Georgia,Richmond,reentry-organizations,Reentry Organizations,B,2,regional,State reentry council; nonprofit coalitions
Georgia,Rockdale,reentry-organizations,Reentry Organizations,B,2,regional,State reentry council; nonprofit coalitions
Georgia,Schley,reentry-organizations,Reentry Organizations,B,2,regional,State reentry council; nonprofit coalitions
Georgia,Screven,reentry-organizations,Reentry Organizations,B,2,regional,State reentry council; nonprofit coalitions
Georgia,Seminole,reentry-organizations,Reentry Organizations,B,2,regional,State reentry council; nonprofit coalitions
Georgia,Spalding,reentry-organizations,Reentry Organizations,B,2,regional,State reentry council; nonprofit coalitions
Georgia,Stephens,reentry-organizations,Reentry Organizations,B,2,regional,State reentry council; nonprofit coalitions
Georgia,Stewart,reentry-organizations,Reentry Organizations,B,2,regional,State reentry council; nonprofit coalitions
Georgia,Sumter,reentry-organizations,Reentry Organizations,B,2,regional,State reentry council; nonprofit coalitions
Georgia,Talbot,reentry-organizations,Reentry Organizations,B,2,regional,State reentry council; nonprofit coalitions
Georgia,Taliaferro,reentry-organizations,Reentry Organizations,B,2,regional,State reentry council; nonprofit coalitions
Georgia,Tattnall,reentry-organizations,Reentry Organizations,B,2,regional,State reentry council; nonprofit coalitions
Georgia,Taylor,reentry-organizations,Reentry Organizations,B,2,regional,State reentry council; nonprofit coalitions
Georgia,Telfair,reentry-organizations,Reentry Organizations,B,2,regional,State reentry council; nonprofit coalitions
Georgia,Terrell,reentry-organizations,Reentry Organizations,B,2,regional,State reentry council; nonprofit coalitions
Georgia,Thomas,reentry-organizations,Reentry Organizations,B,2,regional,State reentry council; nonprofit coalitions
Georgia,Tift,reentry-organizations,Reentry Organizations,B,2,regional,State reentry council; nonprofit coalitions
Georgia,Toombs,reentry-organizations,Reentry Organizations,B,2,regional,State reentry council; nonprofit coalitions
Georgia,Towns,reentry-organizations,Reentry Organizations,B,2,regional,State reentry council; nonprofit coalitions
Georgia,Treutlen,reentry-organizations,Reentry Organizations,B,2,regional,State reentry council; nonprofit coalitions
Georgia,Turner,reentry-organizations,Reentry Organizations,B,2,regional,State reentry council; nonprofit coalitions
Georgia,Twiggs,reentry-organizations,Reentry Organizations,B,2,regional,State reentry council; nonprofit coalitions
Georgia,Union,reentry-organizations,Reentry Organizations,B,2,regional,State reentry council; nonprofit coalitions
Georgia,Upson,reentry-organizations,Reentry Organizations,B,2,regional,State reentry council; nonprofit coalitions
Georgia,Walker,reentry-organizations,Reentry Organizations,B,2,regional,State reentry council; nonprofit coalitions
Georgia,Walton,reentry-organizations,Reentry Organizations,B,2,regional,State reentry council; nonprofit coalitions
Georgia,Ware,reentry-organizations,Reentry Organizations,B,2,regional,State reentry council; nonprofit coalitions
Georgia,Warren,reentry-organizations,Reentry Organizations,B,2,regional,State reentry council; nonprofit coalitions
Georgia,Washington,reentry-organizations,Reentry Organizations,B,2,regional,State reentry council; nonprofit coalitions
Georgia,Wayne,reentry-organizations,Reentry Organizations,B,2,regional,State reentry council; nonprofit coalitions
Georgia,Webster,reentry-organizations,Reentry Organizations,B,2,regional,State reentry council; nonprofit coalitions
Georgia,Wheeler,reentry-organizations,Reentry Organizations,B,2,regional,State reentry council; nonprofit coalitions
Georgia,White,reentry-organizations,Reentry Organizations,B,2,regional,State reentry council; nonprofit coalitions
Georgia,Whitfield,reentry-organizations,Reentry Organizations,B,2,regional,State reentry council; nonprofit coalitions
Georgia,Wilcox,reentry-organizations,Reentry Organizations,B,2,regional,State reentry council; nonprofit coalitions
Georgia,Wilkes,reentry-organizations,Reentry Organizations,B,2,regional,State reentry council; nonprofit coalitions
Georgia,Wilkinson,reentry-organizations,Reentry Organizations,B,2,regional,State reentry council; nonprofit coalitions
Georgia,Worth,reentry-organizations,Reentry Organizations,B,2,regional,State reentry council; nonprofit coalitions
Illinois,Adams,id-documentation,ID & Documentation,B,2,regional,Legal aid ID clinic; circuit clerk vital records
Illinois,Alexander,id-documentation,ID & Documentation,B,2,regional,Legal aid ID clinic; circuit clerk vital records
Illinois,Bond,id-documentation,ID & Documentation,B,2,regional,Legal aid ID clinic; circuit clerk vital records
Illinois,Boone,id-documentation,ID & Documentation,B,2,regional,Legal aid ID clinic; circuit clerk vital records
Illinois,Brown,id-documentation,ID & Documentation,B,2,regional,Legal aid ID clinic; circuit clerk vital records
Illinois,Bureau,id-documentation,ID & Documentation,B,2,regional,Legal aid ID clinic; circuit clerk vital records
Illinois,Calhoun,id-documentation,ID & Documentation,B,2,regional,Legal aid ID clinic; circuit clerk vital records
Illinois,Carroll,id-documentation,ID & Documentation,B,2,regional,Legal aid ID clinic; circuit clerk vital records
Illinois,Cass,id-documentation,ID & Documentation,B,2,regional,Legal aid ID clinic; circuit clerk vital records
Illinois,Champaign,id-documentation,ID & Documentation,B,2,regional,Legal aid ID clinic; circuit clerk vital records
Illinois,Christian,id-documentation,ID & Documentation,B,2,regional,Legal aid ID clinic; circuit clerk vital records
Illinois,Clark,id-documentation,ID & Documentation,B,2,regional,Legal aid ID clinic; circuit clerk vital records
Illinois,Clay,id-documentation,ID & Documentation,B,2,regional,Legal aid ID clinic; circuit clerk vital records
Illinois,Clinton,id-documentation,ID & Documentation,B,2,regional,Legal aid ID clinic; circuit clerk vital records
Illinois,Coles,id-documentation,ID & Documentation,B,2,regional,Legal aid ID clinic; circuit clerk vital records
Illinois,Cook,id-documentation,ID & Documentation,B,2,regional,Legal aid ID clinic; circuit clerk vital records
Illinois,Crawford,id-documentation,ID & Documentation,B,2,regional,Legal aid ID clinic; circuit clerk vital records
Illinois,Cumberland,id-documentation,ID & Documentation,B,2,regional,Legal aid ID clinic; circuit clerk vital records
Illinois,DeKalb,id-documentation,ID & Documentation,B,2,regional,Legal aid ID clinic; circuit clerk vital records
Illinois,DeWitt,id-documentation,ID & Documentation,B,2,regional,Legal aid ID clinic; circuit clerk vital records
Illinois,Douglas,id-documentation,ID & Documentation,B,2,regional,Legal aid ID clinic; circuit clerk vital records
Illinois,DuPage,id-documentation,ID & Documentation,B,2,regional,Legal aid ID clinic; circuit clerk vital records
Illinois,Edgar,id-documentation,ID & Documentation,B,2,regional,Legal aid ID clinic; circuit clerk vital records
Illinois,Edwards,id-documentation,ID & Documentation,B,2,regional,Legal aid ID clinic; circuit clerk vital records
Illinois,Effingham,id-documentation,ID & Documentation,B,2,regional,Legal aid ID clinic; circuit clerk vital records
Illinois,Fayette,id-documentation,ID & Documentation,B,2,regional,Legal aid ID clinic; circuit clerk vital records
Illinois,Ford,id-documentation,ID & Documentation,B,2,regional,Legal aid ID clinic; circuit clerk vital records
Illinois,Franklin,id-documentation,ID & Documentation,B,2,regional,Legal aid ID clinic; circuit clerk vital records
Illinois,Fulton,id-documentation,ID & Documentation,B,2,regional,Legal aid ID clinic; circuit clerk vital records
Illinois,Gallatin,id-documentation,ID & Documentation,B,2,regional,Legal aid ID clinic; circuit clerk vital records
Illinois,Greene,id-documentation,ID & Documentation,B,2,regional,Legal aid ID clinic; circuit clerk vital records
Illinois,Grundy,id-documentation,ID & Documentation,B,2,regional,Legal aid ID clinic; circuit clerk vital records
Illinois,Hamilton,id-documentation,ID & Documentation,B,2,regional,Legal aid ID clinic; circuit clerk vital records
Illinois,Hancock,id-documentation,ID & Documentation,B,2,regional,Legal aid ID clinic; circuit clerk vital records
Illinois,Hardin,id-documentation,ID & Documentation,B,2,regional,Legal aid ID clinic; circuit clerk vital records
Illinois,Henderson,id-documentation,ID & Documentation,B,2,regional,Legal aid ID clinic; circuit clerk vital records
Illinois,Henry,id-documentation,ID & Documentation,B,2,regional,Legal aid ID clinic; circuit clerk vital records
Illinois,Iroquois,id-documentation,ID & Documentation,B,2,regional,Legal aid ID clinic; circuit clerk vital records
Illinois,Jackson,id-documentation,ID & Documentation,B,2,regional,Legal aid ID clinic; circuit clerk vital records
Illinois,Jasper,id-documentation,ID & Documentation,B,2,regional,Legal aid ID clinic; circuit clerk vital records
Illinois,Jefferson,id-documentation,ID & Documentation,B,2,regional,Legal aid ID clinic; circuit clerk vital records
Illinois,Jersey,id-documentation,ID & Documentation,B,2,regional,Legal aid ID clinic; circuit clerk vital records
Illinois,Jo Daviess,id-documentation,ID & Documentation,B,2,regional,Legal aid ID clinic; circuit clerk vital records
Illinois,Johnson,id-documentation,ID & Documentation,B,2,regional,Legal aid ID clinic; circuit clerk vital records
Illinois,Kane,id-documentation,ID & Documentation,B,2,regional,Legal aid ID clinic; circuit clerk vital records
Illinois,Kankakee,id-documentation,ID & Documentation,B,2,regional,Legal aid ID clinic; circuit clerk vital records
Illinois,Kendall,id-documentation,ID & Documentation,B,2,regional,Legal aid ID clinic; circuit clerk vital records
Illinois,Knox,id-documentation,ID & Documentation,B,2,regional,Legal aid ID clinic; circuit clerk vital records
Illinois,LaSalle,id-documentation,ID & Documentation,B,2,regional,Legal aid ID clinic; circuit clerk vital records
Illinois,Lake,id-documentation,ID & Documentation,B,2,regional,Legal aid ID clinic; circuit clerk vital records
Illinois,Lawrence,id-documentation,ID & Documentation,B,2,regional,Legal aid ID clinic; circuit clerk vital records
Illinois,Lee,id-documentation,ID & Documentation,B,2,regional,Legal aid ID clinic; circuit clerk vital records
Illinois,Livingston,id-documentation,ID & Documentation,B,2,regional,Legal aid ID clinic; circuit clerk vital records
Illinois,Logan,id-documentation,ID & Documentation,B,2,regional,Legal aid ID clinic; circuit clerk vital records
Illinois,Macon,id-documentation,ID & Documentation,B,2,regional,Legal aid ID clinic; circuit clerk vital records
Illinois,Macoupin,id-documentation,ID & Documentation,B,2,regional,Legal aid ID clinic; circuit clerk vital records
Illinois,Madison,id-documentation,ID & Documentation,B,2,regional,Legal aid ID clinic; circuit clerk vital records
Illinois,Marion,id-documentation,ID & Documentation,B,2,regional,Legal aid ID clinic; circuit clerk vital records
Illinois,Marshall,id-documentation,ID & Documentation,B,2,regional,Legal aid ID clinic; circuit clerk vital records
Illinois,Mason,id-documentation,ID & Documentation,B,2,regional,Legal aid ID clinic; circuit clerk vital records
Illinois,Massac,id-documentation,ID & Documentation,B,2,regional,Legal aid ID clinic; circuit clerk vital records
Illinois,McDonough,id-documentation,ID & Documentation,B,2,regional,Legal aid ID clinic; circuit clerk vital records
Illinois,McHenry,id-documentation,ID & Documentation,B,2,regional,Legal aid ID clinic; circuit clerk vital records
Illinois,McLean,id-documentation,ID & Documentation,B,2,regional,Legal aid ID clinic; circuit clerk vital records
Illinois,Menard,id-documentation,ID & Documentation,B,2,regional,Legal aid ID clinic; circuit clerk vital records
Illinois,Mercer,id-documentation,ID & Documentation,B,2,regional,Legal aid ID clinic; circuit clerk vital records
Illinois,Monroe,id-documentation,ID & Documentation,B,2,regional,Legal aid ID clinic; circuit clerk vital records
Illinois,Montgomery,id-documentation,ID & Documentation,B,2,regional,Legal aid ID clinic; circuit clerk vital records
Illinois,Morgan,id-documentation,ID & Documentation,B,2,regional,Legal aid ID clinic; circuit clerk vital records
Illinois,Moultrie,id-documentation,ID & Documentation,B,2,regional,Legal aid ID clinic; circuit clerk vital records
Illinois,Ogle,id-documentation,ID & Documentation,B,2,regional,Legal aid ID clinic; circuit clerk vital records
Illinois,Peoria,id-documentation,ID & Documentation,B,2,regional,Legal aid ID clinic; circuit clerk vital records
Illinois,Perry,id-documentation,ID & Documentation,B,2,regional,Legal aid ID clinic; circuit clerk vital records
Illinois,Piatt,id-documentation,ID & Documentation,B,2,regional,Legal aid ID clinic; circuit clerk vital records
Illinois,Pike,id-documentation,ID & Documentation,B,2,regional,Legal aid ID clinic; circuit clerk vital records
Illinois,Pope,id-documentation,ID & Documentation,B,2,regional,Legal aid ID clinic; circuit clerk vital records
Illinois,Pulaski,id-documentation,ID & Documentation,B,2,regional,Legal aid ID clinic; circuit clerk vital records
Illinois,Putnam,id-documentation,ID & Documentation,B,2,regional,Legal aid ID clinic; circuit clerk vital records
Illinois,Randolph,id-documentation,ID & Documentation,B,2,regional,Legal aid ID clinic; circuit clerk vital records
Illinois,Richland,id-documentation,ID & Documentation,B,2,regional,Legal aid ID clinic; circuit clerk vital records
Illinois,Rock Island,id-documentation,ID & Documentation,B,2,regional,Legal aid ID clinic; circuit clerk vital records
Illinois,Saline,id-documentation,ID & Documentation,B,2,regional,Legal aid ID clinic; circuit clerk vital records
Illinois,Sangamon,id-documentation,ID & Documentation,B,2,regional,Legal aid ID clinic; circuit clerk vital records
Illinois,Schuyler,id-documentation,ID & Documentation,B,2,regional,Legal aid ID clinic; circuit clerk vital records
Illinois,Scott,id-documentation,ID & Documentation,B,2,regional,Legal aid ID clinic; circuit clerk vital records
Illinois,Shelby,id-documentation,ID & Documentation,B,2,regional,Legal aid ID clinic; circuit clerk vital records
Illinois,St. Clair,id-documentation,ID & Documentation,B,2,regional,Legal aid ID clinic; circuit clerk vital records
Illinois,Stark,id-documentation,ID & Documentation,B,2,regional,Legal aid ID clinic; circuit clerk vital records
Illinois,Stephenson,id-documentation,ID & Documentation,B,2,regional,Legal aid ID clinic; circuit clerk vital records
Illinois,Tazewell,id-documentation,ID & Documentation,B,2,regional,Legal aid ID clinic; circuit clerk vital records
Illinois,Union,id-documentation,ID & Documentation,B,2,regional,Legal aid ID clinic; circuit clerk vital records
Illinois,Vermilion,id-documentation,ID & Documentation,B,2,regional,Legal aid ID clinic; circuit clerk vital records
Illinois,Wabash,id-documentation,ID & Documentation,B,2,regional,Legal aid ID clinic; circuit clerk vital records
Illinois,Warren,id-documentation,ID & Documentation,B,2,regional,Legal aid ID clinic; circuit clerk vital records
Illinois,Washington,id-documentation,ID & Documentation,B,2,regional,Legal aid ID clinic; circuit clerk vital records
Illinois,Wayne,id-documentation,ID & Documentation,B,2,regional,Legal aid ID clinic; circuit clerk vital records
Illinois,White,id-documentation,ID & Documentation,B,2,regional,Legal aid ID clinic; circuit clerk vital records
Illinois,Whiteside,id-documentation,ID & Documentation,B,2,regional,Legal aid ID clinic; circuit clerk vital records
Illinois,Will,id-documentation,ID & Documentation,B,2,regional,Legal aid ID clinic; circuit clerk vital records
Illinois,Williamson,id-documentation,ID & Documentation,B,2,regional,Legal aid ID clinic; circuit clerk vital records
Illinois,Winnebago,id-documentation,ID & Documentation,B,2,regional,Legal aid ID clinic; circuit clerk vital records
Illinois,Woodford,id-documentation,ID & Documentation,B,2,regional,Legal aid ID clinic; circuit clerk vital records
Illinois,Adams,transportation,Transportation,B,2,regional,Transit authority voucher programs
Illinois,Alexander,transportation,Transportation,B,2,regional,Transit authority voucher programs
Illinois,Bond,transportation,Transportation,B,2,regional,Transit authority voucher programs
Illinois,Boone,transportation,Transportation,B,2,regional,Transit authority voucher programs
Illinois,Brown,transportation,Transportation,B,2,regional,Transit authority voucher programs
Illinois,Bureau,transportation,Transportation,B,2,regional,Transit authority voucher programs
Illinois,Calhoun,transportation,Transportation,B,2,regional,Transit authority voucher programs
Illinois,Carroll,transportation,Transportation,B,2,regional,Transit authority voucher programs
Illinois,Cass,transportation,Transportation,B,2,regional,Transit authority voucher programs
Illinois,Christian,transportation,Transportation,B,2,regional,Transit authority voucher programs
Illinois,Clark,transportation,Transportation,B,2,regional,Transit authority voucher programs
Illinois,Clay,transportation,Transportation,B,2,regional,Transit authority voucher programs
Illinois,Clinton,transportation,Transportation,B,2,regional,Transit authority voucher programs
Illinois,Coles,transportation,Transportation,B,2,regional,Transit authority voucher programs
Illinois,Crawford,transportation,Transportation,B,2,regional,Transit authority voucher programs
Illinois,Cumberland,transportation,Transportation,B,2,regional,Transit authority voucher programs
Illinois,DeKalb,transportation,Transportation,B,2,regional,Transit authority voucher programs
Illinois,DeWitt,transportation,Transportation,B,2,regional,Transit authority voucher programs
Illinois,Douglas,transportation,Transportation,B,2,regional,Transit authority voucher programs
Illinois,Edgar,transportation,Transportation,B,2,regional,Transit authority voucher programs
Illinois,Edwards,transportation,Transportation,B,2,regional,Transit authority voucher programs
Illinois,Effingham,transportation,Transportation,B,2,regional,Transit authority voucher programs
Illinois,Fayette,transportation,Transportation,B,2,regional,Transit authority voucher programs
Illinois,Ford,transportation,Transportation,B,2,regional,Transit authority voucher programs
Illinois,Franklin,transportation,Transportation,B,2,regional,Transit authority voucher programs
Illinois,Fulton,transportation,Transportation,B,2,regional,Transit authority voucher programs
Illinois,Gallatin,transportation,Transportation,B,2,regional,Transit authority voucher programs
Illinois,Greene,transportation,Transportation,B,2,regional,Transit authority voucher programs
Illinois,Grundy,transportation,Transportation,B,2,regional,Transit authority voucher programs
Illinois,Hamilton,transportation,Transportation,B,2,regional,Transit authority voucher programs
Illinois,Hancock,transportation,Transportation,B,2,regional,Transit authority voucher programs
Illinois,Hardin,transportation,Transportation,B,2,regional,Transit authority voucher programs
Illinois,Henderson,transportation,Transportation,B,2,regional,Transit authority voucher programs
Illinois,Henry,transportation,Transportation,B,2,regional,Transit authority voucher programs
Illinois,Iroquois,transportation,Transportation,B,2,regional,Transit authority voucher programs
Illinois,Jackson,transportation,Transportation,B,2,regional,Transit authority voucher programs
Illinois,Jasper,transportation,Transportation,B,2,regional,Transit authority voucher programs
Illinois,Jefferson,transportation,Transportation,B,2,regional,Transit authority voucher programs
Illinois,Jersey,transportation,Transportation,B,2,regional,Transit authority voucher programs
Illinois,Jo Daviess,transportation,Transportation,B,2,regional,Transit authority voucher programs
Illinois,Johnson,transportation,Transportation,B,2,regional,Transit authority voucher programs
Illinois,Kankakee,transportation,Transportation,B,2,regional,Transit authority voucher programs
Illinois,Kendall,transportation,Transportation,B,2,regional,Transit authority voucher programs
Illinois,Knox,transportation,Transportation,B,2,regional,Transit authority voucher programs
Illinois,LaSalle,transportation,Transportation,B,2,regional,Transit authority voucher programs
Illinois,Lawrence,transportation,Transportation,B,2,regional,Transit authority voucher programs
Illinois,Lee,transportation,Transportation,B,2,regional,Transit authority voucher programs
Illinois,Livingston,transportation,Transportation,B,2,regional,Transit authority voucher programs
Illinois,Logan,transportation,Transportation,B,2,regional,Transit authority voucher programs
Illinois,Macon,transportation,Transportation,B,2,regional,Transit authority voucher programs
Illinois,Macoupin,transportation,Transportation,B,2,regional,Transit authority voucher programs
Illinois,Madison,transportation,Transportation,B,2,regional,Transit authority voucher programs
Illinois,Marion,transportation,Transportation,B,2,regional,Transit authority voucher programs
Illinois,Marshall,transportation,Transportation,B,2,regional,Transit authority voucher programs
Illinois,Mason,transportation,Transportation,B,2,regional,Transit authority voucher programs
Illinois,Massac,transportation,Transportation,B,2,regional,Transit authority voucher programs
Illinois,McDonough,transportation,Transportation,B,2,regional,Transit authority voucher programs
Illinois,McLean,transportation,Transportation,B,2,regional,Transit authority voucher programs
Illinois,Menard,transportation,Transportation,B,2,regional,Transit authority voucher programs
Illinois,Mercer,transportation,Transportation,B,2,regional,Transit authority voucher programs
Illinois,Monroe,transportation,Transportation,B,2,regional,Transit authority voucher programs
Illinois,Montgomery,transportation,Transportation,B,2,regional,Transit authority voucher programs
Illinois,Morgan,transportation,Transportation,B,2,regional,Transit authority voucher programs
Illinois,Moultrie,transportation,Transportation,B,2,regional,Transit authority voucher programs
Illinois,Ogle,transportation,Transportation,B,2,regional,Transit authority voucher programs
Illinois,Peoria,transportation,Transportation,B,2,regional,Transit authority voucher programs
Illinois,Perry,transportation,Transportation,B,2,regional,Transit authority voucher programs
Illinois,Piatt,transportation,Transportation,B,2,regional,Transit authority voucher programs
Illinois,Pike,transportation,Transportation,B,2,regional,Transit authority voucher programs
Illinois,Pope,transportation,Transportation,B,2,regional,Transit authority voucher programs
Illinois,Pulaski,transportation,Transportation,B,2,regional,Transit authority voucher programs
Illinois,Putnam,transportation,Transportation,B,2,regional,Transit authority voucher programs
Illinois,Randolph,transportation,Transportation,B,2,regional,Transit authority voucher programs
Illinois,Richland,transportation,Transportation,B,2,regional,Transit authority voucher programs
Illinois,Rock Island,transportation,Transportation,B,2,regional,Transit authority voucher programs
Illinois,Saline,transportation,Transportation,B,2,regional,Transit authority voucher programs
Illinois,Sangamon,transportation,Transportation,B,2,regional,Transit authority voucher programs
Illinois,Schuyler,transportation,Transportation,B,2,regional,Transit authority voucher programs
Illinois,Scott,transportation,Transportation,B,2,regional,Transit authority voucher programs
Illinois,Shelby,transportation,Transportation,B,2,regional,Transit authority voucher programs
Illinois,St. Clair,transportation,Transportation,B,2,regional,Transit authority voucher programs
Illinois,Stark,transportation,Transportation,B,2,regional,Transit authority voucher programs
Illinois,Stephenson,transportation,Transportation,B,2,regional,Transit authority voucher programs
Illinois,Tazewell,transportation,Transportation,B,2,regional,Transit authority voucher programs
Illinois,Union,transportation,Transportation,B,2,regional,Transit authority voucher programs
Illinois,Vermilion,transportation,Transportation,B,2,regional,Transit authority voucher programs
Illinois,Wabash,transportation,Transportation,B,2,regional,Transit authority voucher programs
Illinois,Warren,transportation,Transportation,B,2,regional,Transit authority voucher programs
Illinois,Washington,transportation,Transportation,B,2,regional,Transit authority voucher programs
Illinois,Wayne,transportation,Transportation,B,2,regional,Transit authority voucher programs
Illinois,White,transportation,Transportation,B,2,regional,Transit authority voucher programs
Illinois,Whiteside,transportation,Transportation,B,2,regional,Transit authority voucher programs
Illinois,Williamson,transportation,Transportation,B,2,regional,Transit authority voucher programs
Illinois,Winnebago,transportation,Transportation,B,2,regional,Transit authority voucher programs
Illinois,Woodford,transportation,Transportation,B,2,regional,Transit authority voucher programs
Illinois,Adams,peer-support,Peer Support,B,2,regional,State peer certification roster
Illinois,Alexander,peer-support,Peer Support,B,2,regional,State peer certification roster
Illinois,Bond,peer-support,Peer Support,B,2,regional,State peer certification roster
Illinois,Boone,peer-support,Peer Support,B,2,regional,State peer certification roster
Illinois,Brown,peer-support,Peer Support,B,2,regional,State peer certification roster
Illinois,Bureau,peer-support,Peer Support,B,2,regional,State peer certification roster
Illinois,Calhoun,peer-support,Peer Support,B,2,regional,State peer certification roster
Illinois,Carroll,peer-support,Peer Support,B,2,regional,State peer certification roster
Illinois,Cass,peer-support,Peer Support,B,2,regional,State peer certification roster
Illinois,Champaign,peer-support,Peer Support,B,2,regional,State peer certification roster
Illinois,Christian,peer-support,Peer Support,B,2,regional,State peer certification roster
Illinois,Clark,peer-support,Peer Support,B,2,regional,State peer certification roster
Illinois,Clay,peer-support,Peer Support,B,2,regional,State peer certification roster
Illinois,Clinton,peer-support,Peer Support,B,2,regional,State peer certification roster
Illinois,Coles,peer-support,Peer Support,B,2,regional,State peer certification roster
Illinois,Cook,peer-support,Peer Support,B,2,regional,State peer certification roster
Illinois,Crawford,peer-support,Peer Support,B,2,regional,State peer certification roster
Illinois,Cumberland,peer-support,Peer Support,B,2,regional,State peer certification roster
Illinois,DeKalb,peer-support,Peer Support,B,2,regional,State peer certification roster
Illinois,DeWitt,peer-support,Peer Support,B,2,regional,State peer certification roster
Illinois,Douglas,peer-support,Peer Support,B,2,regional,State peer certification roster
Illinois,DuPage,peer-support,Peer Support,B,2,regional,State peer certification roster
Illinois,Edgar,peer-support,Peer Support,B,2,regional,State peer certification roster
Illinois,Edwards,peer-support,Peer Support,B,2,regional,State peer certification roster
Illinois,Effingham,peer-support,Peer Support,B,2,regional,State peer certification roster
Illinois,Fayette,peer-support,Peer Support,B,2,regional,State peer certification roster
Illinois,Ford,peer-support,Peer Support,B,2,regional,State peer certification roster
Illinois,Franklin,peer-support,Peer Support,B,2,regional,State peer certification roster
Illinois,Fulton,peer-support,Peer Support,B,2,regional,State peer certification roster
Illinois,Gallatin,peer-support,Peer Support,B,2,regional,State peer certification roster
Illinois,Greene,peer-support,Peer Support,B,2,regional,State peer certification roster
Illinois,Grundy,peer-support,Peer Support,B,2,regional,State peer certification roster
Illinois,Hamilton,peer-support,Peer Support,B,2,regional,State peer certification roster
Illinois,Hancock,peer-support,Peer Support,B,2,regional,State peer certification roster
Illinois,Hardin,peer-support,Peer Support,B,2,regional,State peer certification roster
Illinois,Henderson,peer-support,Peer Support,B,2,regional,State peer certification roster
Illinois,Henry,peer-support,Peer Support,B,2,regional,State peer certification roster
Illinois,Iroquois,peer-support,Peer Support,B,2,regional,State peer certification roster
Illinois,Jackson,peer-support,Peer Support,B,2,regional,State peer certification roster
Illinois,Jasper,peer-support,Peer Support,B,2,regional,State peer certification roster
Illinois,Jefferson,peer-support,Peer Support,B,2,regional,State peer certification roster
Illinois,Jersey,peer-support,Peer Support,B,2,regional,State peer certification roster
Illinois,Jo Daviess,peer-support,Peer Support,B,2,regional,State peer certification roster
Illinois,Johnson,peer-support,Peer Support,B,2,regional,State peer certification roster
Illinois,Kane,peer-support,Peer Support,B,2,regional,State peer certification roster
Illinois,Kankakee,peer-support,Peer Support,B,2,regional,State peer certification roster
Illinois,Kendall,peer-support,Peer Support,B,2,regional,State peer certification roster
Illinois,Knox,peer-support,Peer Support,B,2,regional,State peer certification roster
Illinois,LaSalle,peer-support,Peer Support,B,2,regional,State peer certification roster
Illinois,Lake,peer-support,Peer Support,B,2,regional,State peer certification roster
Illinois,Lawrence,peer-support,Peer Support,B,2,regional,State peer certification roster
Illinois,Lee,peer-support,Peer Support,B,2,regional,State peer certification roster
Illinois,Livingston,peer-support,Peer Support,B,2,regional,State peer certification roster
Illinois,Logan,peer-support,Peer Support,B,2,regional,State peer certification roster
Illinois,Macon,peer-support,Peer Support,B,2,regional,State peer certification roster
Illinois,Macoupin,peer-support,Peer Support,B,2,regional,State peer certification roster
Illinois,Madison,peer-support,Peer Support,B,2,regional,State peer certification roster
Illinois,Marion,peer-support,Peer Support,B,2,regional,State peer certification roster
Illinois,Marshall,peer-support,Peer Support,B,2,regional,State peer certification roster
Illinois,Mason,peer-support,Peer Support,B,2,regional,State peer certification roster
Illinois,Massac,peer-support,Peer Support,B,2,regional,State peer certification roster
Illinois,McDonough,peer-support,Peer Support,B,2,regional,State peer certification roster
Illinois,McHenry,peer-support,Peer Support,B,2,regional,State peer certification roster
Illinois,McLean,peer-support,Peer Support,B,2,regional,State peer certification roster
Illinois,Menard,peer-support,Peer Support,B,2,regional,State peer certification roster
Illinois,Mercer,peer-support,Peer Support,B,2,regional,State peer certification roster
Illinois,Monroe,peer-support,Peer Support,B,2,regional,State peer certification roster
Illinois,Montgomery,peer-support,Peer Support,B,2,regional,State peer certification roster
Illinois,Morgan,peer-support,Peer Support,B,2,regional,State peer certification roster
Illinois,Moultrie,peer-support,Peer Support,B,2,regional,State peer certification roster
Illinois,Ogle,peer-support,Peer Support,B,2,regional,State peer certification roster
Illinois,Peoria,peer-support,Peer Support,B,2,regional,State peer certification roster
Illinois,Perry,peer-support,Peer Support,B,2,regional,State peer certification roster
Illinois,Piatt,peer-support,Peer Support,B,2,regional,State peer certification roster
Illinois,Pike,peer-support,Peer Support,B,2,regional,State peer certification roster
Illinois,Pope,peer-support,Peer Support,B,2,regional,State peer certification roster
Illinois,Pulaski,peer-support,Peer Support,B,2,regional,State peer certification roster
Illinois,Putnam,peer-support,Peer Support,B,2,regional,State peer certification roster
Illinois,Randolph,peer-support,Peer Support,B,2,regional,State peer certification roster
Illinois,Richland,peer-support,Peer Support,B,2,regional,State peer certification roster
Illinois,Rock Island,peer-support,Peer Support,B,2,regional,State peer certification roster
Illinois,Saline,peer-support,Peer Support,B,2,regional,State peer certification roster
Illinois,Sangamon,peer-support,Peer Support,B,2,regional,State peer certification roster
Illinois,Schuyler,peer-support,Peer Support,B,2,regional,State peer certification roster
Illinois,Scott,peer-support,Peer Support,B,2,regional,State peer certification roster
Illinois,Shelby,peer-support,Peer Support,B,2,regional,State peer certification roster
Illinois,St. Clair,peer-support,Peer Support,B,2,regional,State peer certification roster
Illinois,Stark,peer-support,Peer Support,B,2,regional,State peer certification roster
Illinois,Stephenson,peer-support,Peer Support,B,2,regional,State peer certification roster
Illinois,Tazewell,peer-support,Peer Support,B,2,regional,State peer certification roster
Illinois,Union,peer-support,Peer Support,B,2,regional,State peer certification roster
Illinois,Vermilion,peer-support,Peer Support,B,2,regional,State peer certification roster
Illinois,Wabash,peer-support,Peer Support,B,2,regional,State peer certification roster
Illinois,Warren,peer-support,Peer Support,B,2,regional,State peer certification roster
Illinois,Washington,peer-support,Peer Support,B,2,regional,State peer certification roster
Illinois,Wayne,peer-support,Peer Support,B,2,regional,State peer certification roster
Illinois,White,peer-support,Peer Support,B,2,regional,State peer certification roster
Illinois,Whiteside,peer-support,Peer Support,B,2,regional,State peer certification roster
Illinois,Will,peer-support,Peer Support,B,2,regional,State peer certification roster
Illinois,Williamson,peer-support,Peer Support,B,2,regional,State peer certification roster
Illinois,Winnebago,peer-support,Peer Support,B,2,regional,State peer certification roster
Illinois,Woodford,peer-support,Peer Support,B,2,regional,State peer certification roster
Illinois,Adams,family-children,Family & Children,B,2,regional,211; family reentry nonprofits
Illinois,Alexander,family-children,Family & Children,B,2,regional,211; family reentry nonprofits
Illinois,Bond,family-children,Family & Children,B,2,regional,211; family reentry nonprofits
Illinois,Boone,family-children,Family & Children,B,2,regional,211; family reentry nonprofits
Illinois,Brown,family-children,Family & Children,B,2,regional,211; family reentry nonprofits
Illinois,Bureau,family-children,Family & Children,B,2,regional,211; family reentry nonprofits
Illinois,Calhoun,family-children,Family & Children,B,2,regional,211; family reentry nonprofits
Illinois,Carroll,family-children,Family & Children,B,2,regional,211; family reentry nonprofits
Illinois,Cass,family-children,Family & Children,B,2,regional,211; family reentry nonprofits
Illinois,Champaign,family-children,Family & Children,B,2,regional,211; family reentry nonprofits
Illinois,Clark,family-children,Family & Children,B,2,regional,211; family reentry nonprofits
Illinois,Clay,family-children,Family & Children,B,2,regional,211; family reentry nonprofits
Illinois,Clinton,family-children,Family & Children,B,2,regional,211; family reentry nonprofits
Illinois,Coles,family-children,Family & Children,B,2,regional,211; family reentry nonprofits
Illinois,Crawford,family-children,Family & Children,B,2,regional,211; family reentry nonprofits
Illinois,Cumberland,family-children,Family & Children,B,2,regional,211; family reentry nonprofits
Illinois,DeKalb,family-children,Family & Children,B,2,regional,211; family reentry nonprofits
Illinois,DeWitt,family-children,Family & Children,B,2,regional,211; family reentry nonprofits
Illinois,Douglas,family-children,Family & Children,B,2,regional,211; family reentry nonprofits
Illinois,DuPage,family-children,Family & Children,B,2,regional,211; family reentry nonprofits
Illinois,Edgar,family-children,Family & Children,B,2,regional,211; family reentry nonprofits
Illinois,Edwards,family-children,Family & Children,B,2,regional,211; family reentry nonprofits
Illinois,Effingham,family-children,Family & Children,B,2,regional,211; family reentry nonprofits
Illinois,Fayette,family-children,Family & Children,B,2,regional,211; family reentry nonprofits
Illinois,Ford,family-children,Family & Children,B,2,regional,211; family reentry nonprofits
Illinois,Franklin,family-children,Family & Children,B,2,regional,211; family reentry nonprofits
Illinois,Fulton,family-children,Family & Children,B,2,regional,211; family reentry nonprofits
Illinois,Gallatin,family-children,Family & Children,B,2,regional,211; family reentry nonprofits
Illinois,Greene,family-children,Family & Children,B,2,regional,211; family reentry nonprofits
Illinois,Grundy,family-children,Family & Children,B,2,regional,211; family reentry nonprofits
Illinois,Hamilton,family-children,Family & Children,B,2,regional,211; family reentry nonprofits
Illinois,Hancock,family-children,Family & Children,B,2,regional,211; family reentry nonprofits
Illinois,Hardin,family-children,Family & Children,B,2,regional,211; family reentry nonprofits
Illinois,Henderson,family-children,Family & Children,B,2,regional,211; family reentry nonprofits
Illinois,Henry,family-children,Family & Children,B,2,regional,211; family reentry nonprofits
Illinois,Iroquois,family-children,Family & Children,B,2,regional,211; family reentry nonprofits
Illinois,Jackson,family-children,Family & Children,B,2,regional,211; family reentry nonprofits
Illinois,Jasper,family-children,Family & Children,B,2,regional,211; family reentry nonprofits
Illinois,Jefferson,family-children,Family & Children,B,2,regional,211; family reentry nonprofits
Illinois,Jersey,family-children,Family & Children,B,2,regional,211; family reentry nonprofits
Illinois,Jo Daviess,family-children,Family & Children,B,2,regional,211; family reentry nonprofits
Illinois,Johnson,family-children,Family & Children,B,2,regional,211; family reentry nonprofits
Illinois,Kane,family-children,Family & Children,B,2,regional,211; family reentry nonprofits
Illinois,Kankakee,family-children,Family & Children,B,2,regional,211; family reentry nonprofits
Illinois,Kendall,family-children,Family & Children,B,2,regional,211; family reentry nonprofits
Illinois,Knox,family-children,Family & Children,B,2,regional,211; family reentry nonprofits
Illinois,LaSalle,family-children,Family & Children,B,2,regional,211; family reentry nonprofits
Illinois,Lake,family-children,Family & Children,B,2,regional,211; family reentry nonprofits
Illinois,Lawrence,family-children,Family & Children,B,2,regional,211; family reentry nonprofits
Illinois,Lee,family-children,Family & Children,B,2,regional,211; family reentry nonprofits
Illinois,Livingston,family-children,Family & Children,B,2,regional,211; family reentry nonprofits
Illinois,Macoupin,family-children,Family & Children,B,2,regional,211; family reentry nonprofits
Illinois,Madison,family-children,Family & Children,B,2,regional,211; family reentry nonprofits
Illinois,Marion,family-children,Family & Children,B,2,regional,211; family reentry nonprofits
Illinois,Marshall,family-children,Family & Children,B,2,regional,211; family reentry nonprofits
Illinois,Mason,family-children,Family & Children,B,2,regional,211; family reentry nonprofits
Illinois,Massac,family-children,Family & Children,B,2,regional,211; family reentry nonprofits
Illinois,McDonough,family-children,Family & Children,B,2,regional,211; family reentry nonprofits
Illinois,McHenry,family-children,Family & Children,B,2,regional,211; family reentry nonprofits
Illinois,McLean,family-children,Family & Children,B,2,regional,211; family reentry nonprofits
Illinois,Mercer,family-children,Family & Children,B,2,regional,211; family reentry nonprofits
Illinois,Monroe,family-children,Family & Children,B,2,regional,211; family reentry nonprofits
Illinois,Montgomery,family-children,Family & Children,B,2,regional,211; family reentry nonprofits
Illinois,Moultrie,family-children,Family & Children,B,2,regional,211; family reentry nonprofits
Illinois,Ogle,family-children,Family & Children,B,2,regional,211; family reentry nonprofits
Illinois,Peoria,family-children,Family & Children,B,2,regional,211; family reentry nonprofits
Illinois,Perry,family-children,Family & Children,B,2,regional,211; family reentry nonprofits
Illinois,Piatt,family-children,Family & Children,B,2,regional,211; family reentry nonprofits
Illinois,Pike,family-children,Family & Children,B,2,regional,211; family reentry nonprofits
Illinois,Pope,family-children,Family & Children,B,2,regional,211; family reentry nonprofits
Illinois,Pulaski,family-children,Family & Children,B,2,regional,211; family reentry nonprofits
Illinois,Putnam,family-children,Family & Children,B,2,regional,211; family reentry nonprofits
Illinois,Randolph,family-children,Family & Children,B,2,regional,211; family reentry nonprofits
Illinois,Richland,family-children,Family & Children,B,2,regional,211; family reentry nonprofits
Illinois,Rock Island,family-children,Family & Children,B,2,regional,211; family reentry nonprofits
Illinois,Saline,family-children,Family & Children,B,2,regional,211; family reentry nonprofits
Illinois,Schuyler,family-children,Family & Children,B,2,regional,211; family reentry nonprofits
Illinois,Scott,family-children,Family & Children,B,2,regional,211; family reentry nonprofits
Illinois,Shelby,family-children,Family & Children,B,2,regional,211; family reentry nonprofits
Illinois,St. Clair,family-children,Family & Children,B,2,regional,211; family reentry nonprofits
Illinois,Stark,family-children,Family & Children,B,2,regional,211; family reentry nonprofits
Illinois,Stephenson,family-children,Family & Children,B,2,regional,211; family reentry nonprofits
Illinois,Tazewell,family-children,Family & Children,B,2,regional,211; family reentry nonprofits
Illinois,Union,family-children,Family & Children,B,2,regional,211; family reentry nonprofits
Illinois,Vermilion,family-children,Family & Children,B,2,regional,211; family reentry nonprofits
Illinois,Wabash,family-children,Family & Children,B,2,regional,211; family reentry nonprofits
Illinois,Warren,family-children,Family & Children,B,2,regional,211; family reentry nonprofits
Illinois,Washington,family-children,Family & Children,B,2,regional,211; family reentry nonprofits
Illinois,Wayne,family-children,Family & Children,B,2,regional,211; family reentry nonprofits
Illinois,White,family-children,Family & Children,B,2,regional,211; family reentry nonprofits
Illinois,Whiteside,family-children,Family & Children,B,2,regional,211; family reentry nonprofits
Illinois,Will,family-children,Family & Children,B,2,regional,211; family reentry nonprofits
Illinois,Williamson,family-children,Family & Children,B,2,regional,211; family reentry nonprofits
Illinois,Winnebago,family-children,Family & Children,B,2,regional,211; family reentry nonprofits
Illinois,Woodford,family-children,Family & Children,B,2,regional,211; family reentry nonprofits
Illinois,Adams,veterans,Veterans,B,2,regional,VA; county veterans service officer
Illinois,Alexander,veterans,Veterans,B,2,regional,VA; county veterans service officer
Illinois,Bond,veterans,Veterans,B,2,regional,VA; county veterans service officer
Illinois,Boone,veterans,Veterans,B,2,regional,VA; county veterans service officer
Illinois,Brown,veterans,Veterans,B,2,regional,VA; county veterans service officer
Illinois,Bureau,veterans,Veterans,B,2,regional,VA; county veterans service officer
Illinois,Calhoun,veterans,Veterans,B,2,regional,VA; county veterans service officer
Illinois,Carroll,veterans,Veterans,B,2,regional,VA; county veterans service officer
Illinois,Cass,veterans,Veterans,B,2,regional,VA; county veterans service officer
Illinois,Champaign,veterans,Veterans,B,2,regional,VA; county veterans service officer
Illinois,Christian,veterans,Veterans,B,2,regional,VA; county veterans service officer
Illinois,Clark,veterans,Veterans,B,2,regional,VA; county veterans service officer
Illinois,Clay,veterans,Veterans,B,2,regional,VA; county veterans service officer
Illinois,Clinton,veterans,Veterans,B,2,regional,VA; county veterans service officer
Illinois,Coles,veterans,Veterans,B,2,regional,VA; county veterans service officer
Illinois,Crawford,veterans,Veterans,B,2,regional,VA; county veterans service officer
Illinois,Cumberland,veterans,Veterans,B,2,regional,VA; county veterans service officer
Illinois,DeKalb,veterans,Veterans,B,2,regional,VA; county veterans service officer
Illinois,DeWitt,veterans,Veterans,B,2,regional,VA; county veterans service officer
Illinois,Douglas,veterans,Veterans,B,2,regional,VA; county veterans service officer
Illinois,Edgar,veterans,Veterans,B,2,regional,VA; county veterans service officer
Illinois,Edwards,veterans,Veterans,B,2,regional,VA; county veterans service officer
Illinois,Effingham,veterans,Veterans,B,2,regional,VA; county veterans service officer
Illinois,Fayette,veterans,Veterans,B,2,regional,VA; county veterans service officer
Illinois,Ford,veterans,Veterans,B,2,regional,VA; county veterans service officer
Illinois,Franklin,veterans,Veterans,B,2,regional,VA; county veterans service officer
Illinois,Fulton,veterans,Veterans,B,2,regional,VA; county veterans service officer
Illinois,Gallatin,veterans,Veterans,B,2,regional,VA; county veterans service officer
Illinois,Greene,veterans,Veterans,B,2,regional,VA; county veterans service officer
Illinois,Grundy,veterans,Veterans,B,2,regional,VA; county veterans service officer
Illinois,Hamilton,veterans,Veterans,B,2,regional,VA; county veterans service officer
Illinois,Hancock,veterans,Veterans,B,2,regional,VA; county veterans service officer
Illinois,Hardin,veterans,Veterans,B,2,regional,VA; county veterans service officer
Illinois,Henderson,veterans,Veterans,B,2,regional,VA; county veterans service officer
Illinois,Henry,veterans,Veterans,B,2,regional,VA; county veterans service officer
Illinois,Iroquois,veterans,Veterans,B,2,regional,VA; county veterans service officer
Illinois,Jackson,veterans,Veterans,B,2,regional,VA; county veterans service officer
Illinois,Jasper,veterans,Veterans,B,2,regional,VA; county veterans service officer
Illinois,Jefferson,veterans,Veterans,B,2,regional,VA; county veterans service officer
Illinois,Jersey,veterans,Veterans,B,2,regional,VA; county veterans service officer
Illinois,Jo Daviess,veterans,Veterans,B,2,regional,VA; county veterans service officer
Illinois,Johnson,veterans,Veterans,B,2,regional,VA; county veterans service officer
Illinois,Kane,veterans,Veterans,B,2,regional,VA; county veterans service officer
Illinois,Kankakee,veterans,Veterans,B,2,regional,VA; county veterans service officer
Illinois,Kendall,veterans,Veterans,B,2,regional,VA; county veterans service officer
Illinois,Knox,veterans,Veterans,B,2,regional,VA; county veterans service officer
Illinois,LaSalle,veterans,Veterans,B,2,regional,VA; county veterans service officer
Illinois,Lawrence,veterans,Veterans,B,2,regional,VA; county veterans service officer
Illinois,Lee,veterans,Veterans,B,2,regional,VA; county veterans service officer
Illinois,Livingston,veterans,Veterans,B,2,regional,VA; county veterans service officer
Illinois,Logan,veterans,Veterans,B,2,regional,VA; county veterans service officer
Illinois,Macon,veterans,Veterans,B,2,regional,VA; county veterans service officer
Illinois,Macoupin,veterans,Veterans,B,2,regional,VA; county veterans service officer
Illinois,Marion,veterans,Veterans,B,2,regional,VA; county veterans service officer
Illinois,Marshall,veterans,Veterans,B,2,regional,VA; county veterans service officer
Illinois,Mason,veterans,Veterans,B,2,regional,VA; county veterans service officer
Illinois,Massac,veterans,Veterans,B,2,regional,VA; county veterans service officer
Illinois,McDonough,veterans,Veterans,B,2,regional,VA; county veterans service officer
Illinois,McHenry,veterans,Veterans,B,2,regional,VA; county veterans service officer
Illinois,McLean,veterans,Veterans,B,2,regional,VA; county veterans service officer
Illinois,Menard,veterans,Veterans,B,2,regional,VA; county veterans service officer
Illinois,Mercer,veterans,Veterans,B,2,regional,VA; county veterans service officer
Illinois,Monroe,veterans,Veterans,B,2,regional,VA; county veterans service officer
Illinois,Montgomery,veterans,Veterans,B,2,regional,VA; county veterans service officer
Illinois,Morgan,veterans,Veterans,B,2,regional,VA; county veterans service officer
Illinois,Moultrie,veterans,Veterans,B,2,regional,VA; county veterans service officer
Illinois,Ogle,veterans,Veterans,B,2,regional,VA; county veterans service officer
Illinois,Perry,veterans,Veterans,B,2,regional,VA; county veterans service officer
Illinois,Piatt,veterans,Veterans,B,2,regional,VA; county veterans service officer
Illinois,Pike,veterans,Veterans,B,2,regional,VA; county veterans service officer
Illinois,Pope,veterans,Veterans,B,2,regional,VA; county veterans service officer
Illinois,Pulaski,veterans,Veterans,B,2,regional,VA; county veterans service officer
Illinois,Putnam,veterans,Veterans,B,2,regional,VA; county veterans service officer
Illinois,Randolph,veterans,Veterans,B,2,regional,VA; county veterans service officer
Illinois,Richland,veterans,Veterans,B,2,regional,VA; county veterans service officer
Illinois,Rock Island,veterans,Veterans,B,2,regional,VA; county veterans service officer
Illinois,Saline,veterans,Veterans,B,2,regional,VA; county veterans service officer
Illinois,Sangamon,veterans,Veterans,B,2,regional,VA; county veterans service officer
Illinois,Schuyler,veterans,Veterans,B,2,regional,VA; county veterans service officer
Illinois,Scott,veterans,Veterans,B,2,regional,VA; county veterans service officer
Illinois,Shelby,veterans,Veterans,B,2,regional,VA; county veterans service officer
Illinois,Stark,veterans,Veterans,B,2,regional,VA; county veterans service officer
Illinois,Stephenson,veterans,Veterans,B,2,regional,VA; county veterans service officer
Illinois,Tazewell,veterans,Veterans,B,2,regional,VA; county veterans service officer
Illinois,Union,veterans,Veterans,B,2,regional,VA; county veterans service officer
Illinois,Vermilion,veterans,Veterans,B,2,regional,VA; county veterans service officer
Illinois,Wabash,veterans,Veterans,B,2,regional,VA; county veterans service officer
Illinois,Warren,veterans,Veterans,B,2,regional,VA; county veterans service officer
Illinois,Washington,veterans,Veterans,B,2,regional,VA; county veterans service officer
Illinois,Wayne,veterans,Veterans,B,2,regional,VA; county veterans service officer
Illinois,White,veterans,Veterans,B,2,regional,VA; county veterans service officer
Illinois,Whiteside,veterans,Veterans,B,2,regional,VA; county veterans service officer
Illinois,Williamson,veterans,Veterans,B,2,regional,VA; county veterans service officer
Illinois,Woodford,veterans,Veterans,B,2,regional,VA; county veterans service officer
Illinois,Adams,education,Education,B,2,regional,Adult ed/ABLE; community college reentry
Illinois,Alexander,education,Education,B,2,regional,Adult ed/ABLE; community college reentry
Illinois,Bond,education,Education,B,2,regional,Adult ed/ABLE; community college reentry
Illinois,Brown,education,Education,B,2,regional,Adult ed/ABLE; community college reentry
Illinois,Calhoun,education,Education,B,2,regional,Adult ed/ABLE; community college reentry
Illinois,Carroll,education,Education,B,2,regional,Adult ed/ABLE; community college reentry
Illinois,Cass,education,Education,B,2,regional,Adult ed/ABLE; community college reentry
Illinois,Clark,education,Education,B,2,regional,Adult ed/ABLE; community college reentry
Illinois,Clay,education,Education,B,2,regional,Adult ed/ABLE; community college reentry
Illinois,Clinton,education,Education,B,2,regional,Adult ed/ABLE; community college reentry
Illinois,Coles,education,Education,B,2,regional,Adult ed/ABLE; community college reentry
Illinois,Crawford,education,Education,B,2,regional,Adult ed/ABLE; community college reentry
Illinois,Cumberland,education,Education,B,2,regional,Adult ed/ABLE; community college reentry
Illinois,Douglas,education,Education,B,2,regional,Adult ed/ABLE; community college reentry
Illinois,Edgar,education,Education,B,2,regional,Adult ed/ABLE; community college reentry
Illinois,Edwards,education,Education,B,2,regional,Adult ed/ABLE; community college reentry
Illinois,Effingham,education,Education,B,2,regional,Adult ed/ABLE; community college reentry
Illinois,Fayette,education,Education,B,2,regional,Adult ed/ABLE; community college reentry
Illinois,Fulton,education,Education,B,2,regional,Adult ed/ABLE; community college reentry
Illinois,Gallatin,education,Education,B,2,regional,Adult ed/ABLE; community college reentry
Illinois,Greene,education,Education,B,2,regional,Adult ed/ABLE; community college reentry
Illinois,Hamilton,education,Education,B,2,regional,Adult ed/ABLE; community college reentry
Illinois,Hancock,education,Education,B,2,regional,Adult ed/ABLE; community college reentry
Illinois,Hardin,education,Education,B,2,regional,Adult ed/ABLE; community college reentry
Illinois,Henderson,education,Education,B,2,regional,Adult ed/ABLE; community college reentry
Illinois,Jasper,education,Education,B,2,regional,Adult ed/ABLE; community college reentry
Illinois,Jersey,education,Education,B,2,regional,Adult ed/ABLE; community college reentry
Illinois,Jo Daviess,education,Education,B,2,regional,Adult ed/ABLE; community college reentry
Illinois,Knox,education,Education,B,2,regional,Adult ed/ABLE; community college reentry
Illinois,Lake,education,Education,B,2,regional,Adult ed/ABLE; community college reentry
Illinois,Lawrence,education,Education,B,2,regional,Adult ed/ABLE; community college reentry
Illinois,Macoupin,education,Education,B,2,regional,Adult ed/ABLE; community college reentry
Illinois,Madison,education,Education,B,2,regional,Adult ed/ABLE; community college reentry
Illinois,Marion,education,Education,B,2,regional,Adult ed/ABLE; community college reentry
Illinois,Marshall,education,Education,B,2,regional,Adult ed/ABLE; community college reentry
Illinois,Mason,education,Education,B,2,regional,Adult ed/ABLE; community college reentry
Illinois,Massac,education,Education,B,2,regional,Adult ed/ABLE; community college reentry
Illinois,McDonough,education,Education,B,2,regional,Adult ed/ABLE; community college reentry
Illinois,McHenry,education,Education,B,2,regional,Adult ed/ABLE; community college reentry
Illinois,McLean,education,Education,B,2,regional,Adult ed/ABLE; community college reentry
Illinois,Mercer,education,Education,B,2,regional,Adult ed/ABLE; community college reentry
Illinois,Monroe,education,Education,B,2,regional,Adult ed/ABLE; community college reentry
Illinois,Montgomery,education,Education,B,2,regional,Adult ed/ABLE; community college reentry
Illinois,Peoria,education,Education,B,2,regional,Adult ed/ABLE; community college reentry
Illinois,Pike,education,Education,B,2,regional,Adult ed/ABLE; community college reentry
Illinois,Pope,education,Education,B,2,regional,Adult ed/ABLE; community college reentry
Illinois,Pulaski,education,Education,B,2,regional,Adult ed/ABLE; community college reentry
Illinois,Richland,education,Education,B,2,regional,Adult ed/ABLE; community college reentry
Illinois,Schuyler,education,Education,B,2,regional,Adult ed/ABLE; community college reentry
Illinois,Scott,education,Education,B,2,regional,Adult ed/ABLE; community college reentry
Illinois,Shelby,education,Education,B,2,regional,Adult ed/ABLE; community college reentry
Illinois,St. Clair,education,Education,B,2,regional,Adult ed/ABLE; community college reentry
Illinois,Stark,education,Education,B,2,regional,Adult ed/ABLE; community college reentry
Illinois,Tazewell,education,Education,B,2,regional,Adult ed/ABLE; community college reentry
Illinois,Wabash,education,Education,B,2,regional,Adult ed/ABLE; community college reentry
Illinois,Warren,education,Education,B,2,regional,Adult ed/ABLE; community college reentry
Illinois,Washington,education,Education,B,2,regional,Adult ed/ABLE; community college reentry
Illinois,Wayne,education,Education,B,2,regional,Adult ed/ABLE; community college reentry
Illinois,White,education,Education,B,2,regional,Adult ed/ABLE; community college reentry
Illinois,Whiteside,education,Education,B,2,regional,Adult ed/ABLE; community college reentry
Illinois,Woodford,education,Education,B,2,regional,Adult ed/ABLE; community college reentry
Illinois,Adams,basic-needs,Basic Needs,B,2,regional,211; United Way basic needs partners
Illinois,Alexander,basic-needs,Basic Needs,B,2,regional,211; United Way basic needs partners
Illinois,Bond,basic-needs,Basic Needs,B,2,regional,211; United Way basic needs partners
Illinois,Boone,basic-needs,Basic Needs,B,2,regional,211; United Way basic needs partners
Illinois,Brown,basic-needs,Basic Needs,B,2,regional,211; United Way basic needs partners
Illinois,Bureau,basic-needs,Basic Needs,B,2,regional,211; United Way basic needs partners
Illinois,Calhoun,basic-needs,Basic Needs,B,2,regional,211; United Way basic needs partners
Illinois,Carroll,basic-needs,Basic Needs,B,2,regional,211; United Way basic needs partners
Illinois,Cass,basic-needs,Basic Needs,B,2,regional,211; United Way basic needs partners
Illinois,Champaign,basic-needs,Basic Needs,B,2,regional,211; United Way basic needs partners
Illinois,Christian,basic-needs,Basic Needs,B,2,regional,211; United Way basic needs partners
Illinois,Clay,basic-needs,Basic Needs,B,2,regional,211; United Way basic needs partners
Illinois,Clinton,basic-needs,Basic Needs,B,2,regional,211; United Way basic needs partners
Illinois,Crawford,basic-needs,Basic Needs,B,2,regional,211; United Way basic needs partners
Illinois,DeKalb,basic-needs,Basic Needs,B,2,regional,211; United Way basic needs partners
Illinois,DeWitt,basic-needs,Basic Needs,B,2,regional,211; United Way basic needs partners
Illinois,Douglas,basic-needs,Basic Needs,B,2,regional,211; United Way basic needs partners
Illinois,Effingham,basic-needs,Basic Needs,B,2,regional,211; United Way basic needs partners
Illinois,Fayette,basic-needs,Basic Needs,B,2,regional,211; United Way basic needs partners
Illinois,Ford,basic-needs,Basic Needs,B,2,regional,211; United Way basic needs partners
Illinois,Greene,basic-needs,Basic Needs,B,2,regional,211; United Way basic needs partners
Illinois,Henderson,basic-needs,Basic Needs,B,2,regional,211; United Way basic needs partners
Illinois,Henry,basic-needs,Basic Needs,B,2,regional,211; United Way basic needs partners
Illinois,Iroquois,basic-needs,Basic Needs,B,2,regional,211; United Way basic needs partners
Illinois,Jasper,basic-needs,Basic Needs,B,2,regional,211; United Way basic needs partners
Illinois,Jersey,basic-needs,Basic Needs,B,2,regional,211; United Way basic needs partners
Illinois,Jo Daviess,basic-needs,Basic Needs,B,2,regional,211; United Way basic needs partners
Illinois,Kane,basic-needs,Basic Needs,B,2,regional,211; United Way basic needs partners
Illinois,Knox,basic-needs,Basic Needs,B,2,regional,211; United Way basic needs partners
Illinois,LaSalle,basic-needs,Basic Needs,B,2,regional,211; United Way basic needs partners
Illinois,Lawrence,basic-needs,Basic Needs,B,2,regional,211; United Way basic needs partners
Illinois,Lee,basic-needs,Basic Needs,B,2,regional,211; United Way basic needs partners
Illinois,Livingston,basic-needs,Basic Needs,B,2,regional,211; United Way basic needs partners
Illinois,Logan,basic-needs,Basic Needs,B,2,regional,211; United Way basic needs partners
Illinois,Macon,basic-needs,Basic Needs,B,2,regional,211; United Way basic needs partners
Illinois,Macoupin,basic-needs,Basic Needs,B,2,regional,211; United Way basic needs partners
Illinois,Madison,basic-needs,Basic Needs,B,2,regional,211; United Way basic needs partners
Illinois,Marshall,basic-needs,Basic Needs,B,2,regional,211; United Way basic needs partners
Illinois,Mason,basic-needs,Basic Needs,B,2,regional,211; United Way basic needs partners
Illinois,Massac,basic-needs,Basic Needs,B,2,regional,211; United Way basic needs partners
Illinois,McLean,basic-needs,Basic Needs,B,2,regional,211; United Way basic needs partners
Illinois,Menard,basic-needs,Basic Needs,B,2,regional,211; United Way basic needs partners
Illinois,Mercer,basic-needs,Basic Needs,B,2,regional,211; United Way basic needs partners
Illinois,Monroe,basic-needs,Basic Needs,B,2,regional,211; United Way basic needs partners
Illinois,Montgomery,basic-needs,Basic Needs,B,2,regional,211; United Way basic needs partners
Illinois,Morgan,basic-needs,Basic Needs,B,2,regional,211; United Way basic needs partners
Illinois,Ogle,basic-needs,Basic Needs,B,2,regional,211; United Way basic needs partners
Illinois,Piatt,basic-needs,Basic Needs,B,2,regional,211; United Way basic needs partners
Illinois,Pike,basic-needs,Basic Needs,B,2,regional,211; United Way basic needs partners
Illinois,Pulaski,basic-needs,Basic Needs,B,2,regional,211; United Way basic needs partners
Illinois,Putnam,basic-needs,Basic Needs,B,2,regional,211; United Way basic needs partners
Illinois,Richland,basic-needs,Basic Needs,B,2,regional,211; United Way basic needs partners
Illinois,Rock Island,basic-needs,Basic Needs,B,2,regional,211; United Way basic needs partners
Illinois,Sangamon,basic-needs,Basic Needs,B,2,regional,211; United Way basic needs partners
Illinois,Scott,basic-needs,Basic Needs,B,2,regional,211; United Way basic needs partners
Illinois,St. Clair,basic-needs,Basic Needs,B,2,regional,211; United Way basic needs partners
Illinois,Stark,basic-needs,Basic Needs,B,2,regional,211; United Way basic needs partners
Illinois,Stephenson,basic-needs,Basic Needs,B,2,regional,211; United Way basic needs partners
Illinois,Tazewell,basic-needs,Basic Needs,B,2,regional,211; United Way basic needs partners
Illinois,Vermilion,basic-needs,Basic Needs,B,2,regional,211; United Way basic needs partners
Illinois,Warren,basic-needs,Basic Needs,B,2,regional,211; United Way basic needs partners
Illinois,Washington,basic-needs,Basic Needs,B,2,regional,211; United Way basic needs partners
Illinois,Whiteside,basic-needs,Basic Needs,B,2,regional,211; United Way basic needs partners
Illinois,Winnebago,basic-needs,Basic Needs,B,2,regional,211; United Way basic needs partners
Illinois,Woodford,basic-needs,Basic Needs,B,2,regional,211; United Way basic needs partners
Illinois,Adams,reentry-organizations,Reentry Organizations,B,2,regional,State reentry council; nonprofit coalitions
Illinois,Alexander,reentry-organizations,Reentry Organizations,B,2,regional,State reentry council; nonprofit coalitions
Illinois,Bond,reentry-organizations,Reentry Organizations,B,2,regional,State reentry council; nonprofit coalitions
Illinois,Boone,reentry-organizations,Reentry Organizations,B,2,regional,State reentry council; nonprofit coalitions
Illinois,Brown,reentry-organizations,Reentry Organizations,B,2,regional,State reentry council; nonprofit coalitions
Illinois,Bureau,reentry-organizations,Reentry Organizations,B,2,regional,State reentry council; nonprofit coalitions
Illinois,Calhoun,reentry-organizations,Reentry Organizations,B,2,regional,State reentry council; nonprofit coalitions
Illinois,Carroll,reentry-organizations,Reentry Organizations,B,2,regional,State reentry council; nonprofit coalitions
Illinois,Cass,reentry-organizations,Reentry Organizations,B,2,regional,State reentry council; nonprofit coalitions
Illinois,Champaign,reentry-organizations,Reentry Organizations,B,2,regional,State reentry council; nonprofit coalitions
Illinois,Christian,reentry-organizations,Reentry Organizations,B,2,regional,State reentry council; nonprofit coalitions
Illinois,Clark,reentry-organizations,Reentry Organizations,B,2,regional,State reentry council; nonprofit coalitions
Illinois,Clay,reentry-organizations,Reentry Organizations,B,2,regional,State reentry council; nonprofit coalitions
Illinois,Clinton,reentry-organizations,Reentry Organizations,B,2,regional,State reentry council; nonprofit coalitions
Illinois,Coles,reentry-organizations,Reentry Organizations,B,2,regional,State reentry council; nonprofit coalitions
Illinois,Crawford,reentry-organizations,Reentry Organizations,B,2,regional,State reentry council; nonprofit coalitions
Illinois,Cumberland,reentry-organizations,Reentry Organizations,B,2,regional,State reentry council; nonprofit coalitions
Illinois,DeKalb,reentry-organizations,Reentry Organizations,B,2,regional,State reentry council; nonprofit coalitions
Illinois,DeWitt,reentry-organizations,Reentry Organizations,B,2,regional,State reentry council; nonprofit coalitions
Illinois,Douglas,reentry-organizations,Reentry Organizations,B,2,regional,State reentry council; nonprofit coalitions
Illinois,Edgar,reentry-organizations,Reentry Organizations,B,2,regional,State reentry council; nonprofit coalitions
Illinois,Edwards,reentry-organizations,Reentry Organizations,B,2,regional,State reentry council; nonprofit coalitions
Illinois,Effingham,reentry-organizations,Reentry Organizations,B,2,regional,State reentry council; nonprofit coalitions
Illinois,Fayette,reentry-organizations,Reentry Organizations,B,2,regional,State reentry council; nonprofit coalitions
Illinois,Ford,reentry-organizations,Reentry Organizations,B,2,regional,State reentry council; nonprofit coalitions
Illinois,Franklin,reentry-organizations,Reentry Organizations,B,2,regional,State reentry council; nonprofit coalitions
Illinois,Fulton,reentry-organizations,Reentry Organizations,B,2,regional,State reentry council; nonprofit coalitions
Illinois,Gallatin,reentry-organizations,Reentry Organizations,B,2,regional,State reentry council; nonprofit coalitions
Illinois,Greene,reentry-organizations,Reentry Organizations,B,2,regional,State reentry council; nonprofit coalitions
Illinois,Grundy,reentry-organizations,Reentry Organizations,B,2,regional,State reentry council; nonprofit coalitions
Illinois,Hamilton,reentry-organizations,Reentry Organizations,B,2,regional,State reentry council; nonprofit coalitions
Illinois,Hancock,reentry-organizations,Reentry Organizations,B,2,regional,State reentry council; nonprofit coalitions
Illinois,Hardin,reentry-organizations,Reentry Organizations,B,2,regional,State reentry council; nonprofit coalitions
Illinois,Henderson,reentry-organizations,Reentry Organizations,B,2,regional,State reentry council; nonprofit coalitions
Illinois,Henry,reentry-organizations,Reentry Organizations,B,2,regional,State reentry council; nonprofit coalitions
Illinois,Iroquois,reentry-organizations,Reentry Organizations,B,2,regional,State reentry council; nonprofit coalitions
Illinois,Jackson,reentry-organizations,Reentry Organizations,B,2,regional,State reentry council; nonprofit coalitions
Illinois,Jasper,reentry-organizations,Reentry Organizations,B,2,regional,State reentry council; nonprofit coalitions
Illinois,Jefferson,reentry-organizations,Reentry Organizations,B,2,regional,State reentry council; nonprofit coalitions
Illinois,Jersey,reentry-organizations,Reentry Organizations,B,2,regional,State reentry council; nonprofit coalitions
Illinois,Jo Daviess,reentry-organizations,Reentry Organizations,B,2,regional,State reentry council; nonprofit coalitions
Illinois,Johnson,reentry-organizations,Reentry Organizations,B,2,regional,State reentry council; nonprofit coalitions
Illinois,Kankakee,reentry-organizations,Reentry Organizations,B,2,regional,State reentry council; nonprofit coalitions
Illinois,Kendall,reentry-organizations,Reentry Organizations,B,2,regional,State reentry council; nonprofit coalitions
Illinois,Knox,reentry-organizations,Reentry Organizations,B,2,regional,State reentry council; nonprofit coalitions
Illinois,LaSalle,reentry-organizations,Reentry Organizations,B,2,regional,State reentry council; nonprofit coalitions
Illinois,Lawrence,reentry-organizations,Reentry Organizations,B,2,regional,State reentry council; nonprofit coalitions
Illinois,Lee,reentry-organizations,Reentry Organizations,B,2,regional,State reentry council; nonprofit coalitions
Illinois,Livingston,reentry-organizations,Reentry Organizations,B,2,regional,State reentry council; nonprofit coalitions
Illinois,Logan,reentry-organizations,Reentry Organizations,B,2,regional,State reentry council; nonprofit coalitions
Illinois,Macon,reentry-organizations,Reentry Organizations,B,2,regional,State reentry council; nonprofit coalitions
Illinois,Macoupin,reentry-organizations,Reentry Organizations,B,2,regional,State reentry council; nonprofit coalitions
Illinois,Madison,reentry-organizations,Reentry Organizations,B,2,regional,State reentry council; nonprofit coalitions
Illinois,Marion,reentry-organizations,Reentry Organizations,B,2,regional,State reentry council; nonprofit coalitions
Illinois,Marshall,reentry-organizations,Reentry Organizations,B,2,regional,State reentry council; nonprofit coalitions
Illinois,Mason,reentry-organizations,Reentry Organizations,B,2,regional,State reentry council; nonprofit coalitions
Illinois,Massac,reentry-organizations,Reentry Organizations,B,2,regional,State reentry council; nonprofit coalitions
Illinois,McDonough,reentry-organizations,Reentry Organizations,B,2,regional,State reentry council; nonprofit coalitions
Illinois,McLean,reentry-organizations,Reentry Organizations,B,2,regional,State reentry council; nonprofit coalitions
Illinois,Menard,reentry-organizations,Reentry Organizations,B,2,regional,State reentry council; nonprofit coalitions
Illinois,Mercer,reentry-organizations,Reentry Organizations,B,2,regional,State reentry council; nonprofit coalitions
Illinois,Monroe,reentry-organizations,Reentry Organizations,B,2,regional,State reentry council; nonprofit coalitions
Illinois,Montgomery,reentry-organizations,Reentry Organizations,B,2,regional,State reentry council; nonprofit coalitions
Illinois,Morgan,reentry-organizations,Reentry Organizations,B,2,regional,State reentry council; nonprofit coalitions
Illinois,Moultrie,reentry-organizations,Reentry Organizations,B,2,regional,State reentry council; nonprofit coalitions
Illinois,Ogle,reentry-organizations,Reentry Organizations,B,2,regional,State reentry council; nonprofit coalitions
Illinois,Peoria,reentry-organizations,Reentry Organizations,B,2,regional,State reentry council; nonprofit coalitions
Illinois,Perry,reentry-organizations,Reentry Organizations,B,2,regional,State reentry council; nonprofit coalitions
Illinois,Piatt,reentry-organizations,Reentry Organizations,B,2,regional,State reentry council; nonprofit coalitions
Illinois,Pike,reentry-organizations,Reentry Organizations,B,2,regional,State reentry council; nonprofit coalitions
Illinois,Pope,reentry-organizations,Reentry Organizations,B,2,regional,State reentry council; nonprofit coalitions
Illinois,Pulaski,reentry-organizations,Reentry Organizations,B,2,regional,State reentry council; nonprofit coalitions
Illinois,Putnam,reentry-organizations,Reentry Organizations,B,2,regional,State reentry council; nonprofit coalitions
Illinois,Randolph,reentry-organizations,Reentry Organizations,B,2,regional,State reentry council; nonprofit coalitions
Illinois,Richland,reentry-organizations,Reentry Organizations,B,2,regional,State reentry council; nonprofit coalitions
Illinois,Rock Island,reentry-organizations,Reentry Organizations,B,2,regional,State reentry council; nonprofit coalitions
Illinois,Saline,reentry-organizations,Reentry Organizations,B,2,regional,State reentry council; nonprofit coalitions
Illinois,Sangamon,reentry-organizations,Reentry Organizations,B,2,regional,State reentry council; nonprofit coalitions
Illinois,Schuyler,reentry-organizations,Reentry Organizations,B,2,regional,State reentry council; nonprofit coalitions
Illinois,Scott,reentry-organizations,Reentry Organizations,B,2,regional,State reentry council; nonprofit coalitions
Illinois,Shelby,reentry-organizations,Reentry Organizations,B,2,regional,State reentry council; nonprofit coalitions
Illinois,St. Clair,reentry-organizations,Reentry Organizations,B,2,regional,State reentry council; nonprofit coalitions
Illinois,Stark,reentry-organizations,Reentry Organizations,B,2,regional,State reentry council; nonprofit coalitions
Illinois,Stephenson,reentry-organizations,Reentry Organizations,B,2,regional,State reentry council; nonprofit coalitions
Illinois,Tazewell,reentry-organizations,Reentry Organizations,B,2,regional,State reentry council; nonprofit coalitions
Illinois,Union,reentry-organizations,Reentry Organizations,B,2,regional,State reentry council; nonprofit coalitions
Illinois,Vermilion,reentry-organizations,Reentry Organizations,B,2,regional,State reentry council; nonprofit coalitions
Illinois,Wabash,reentry-organizations,Reentry Organizations,B,2,regional,State reentry council; nonprofit coalitions
Illinois,Warren,reentry-organizations,Reentry Organizations,B,2,regional,State reentry council; nonprofit coalitions
Illinois,Washington,reentry-organizations,Reentry Organizations,B,2,regional,State reentry council; nonprofit coalitions
Illinois,Wayne,reentry-organizations,Reentry Organizations,B,2,regional,State reentry council; nonprofit coalitions
Illinois,White,reentry-organizations,Reentry Organizations,B,2,regional,State reentry council; nonprofit coalitions
Illinois,Whiteside,reentry-organizations,Reentry Organizations,B,2,regional,State reentry council; nonprofit coalitions
Illinois,Williamson,reentry-organizations,Reentry Organizations,B,2,regional,State reentry council; nonprofit coalitions
Illinois,Winnebago,reentry-organizations,Reentry Organizations,B,2,regional,State reentry council; nonprofit coalitions
Illinois,Woodford,reentry-organizations,Reentry Organizations,B,2,regional,State reentry council; nonprofit coalitions
Indiana,Adams,id-documentation,ID & Documentation,B,2,regional,Legal aid ID clinic; circuit clerk vital records
Indiana,Allen,id-documentation,ID & Documentation,B,2,regional,Legal aid ID clinic; circuit clerk vital records
Indiana,Bartholomew,id-documentation,ID & Documentation,B,2,regional,Legal aid ID clinic; circuit clerk vital records
Indiana,Benton,id-documentation,ID & Documentation,B,2,regional,Legal aid ID clinic; circuit clerk vital records
Indiana,Blackford,id-documentation,ID & Documentation,B,2,regional,Legal aid ID clinic; circuit clerk vital records
Indiana,Boone,id-documentation,ID & Documentation,B,2,regional,Legal aid ID clinic; circuit clerk vital records
Indiana,Brown,id-documentation,ID & Documentation,B,2,regional,Legal aid ID clinic; circuit clerk vital records
Indiana,Carroll,id-documentation,ID & Documentation,B,2,regional,Legal aid ID clinic; circuit clerk vital records
Indiana,Cass,id-documentation,ID & Documentation,B,2,regional,Legal aid ID clinic; circuit clerk vital records
Indiana,Clark,id-documentation,ID & Documentation,B,2,regional,Legal aid ID clinic; circuit clerk vital records
Indiana,Clay,id-documentation,ID & Documentation,B,2,regional,Legal aid ID clinic; circuit clerk vital records
Indiana,Clinton,id-documentation,ID & Documentation,B,2,regional,Legal aid ID clinic; circuit clerk vital records
Indiana,Crawford,id-documentation,ID & Documentation,B,2,regional,Legal aid ID clinic; circuit clerk vital records
Indiana,Daviess,id-documentation,ID & Documentation,B,2,regional,Legal aid ID clinic; circuit clerk vital records
Indiana,DeKalb,id-documentation,ID & Documentation,B,2,regional,Legal aid ID clinic; circuit clerk vital records
Indiana,Dearborn,id-documentation,ID & Documentation,B,2,regional,Legal aid ID clinic; circuit clerk vital records
Indiana,Decatur,id-documentation,ID & Documentation,B,2,regional,Legal aid ID clinic; circuit clerk vital records
Indiana,Delaware,id-documentation,ID & Documentation,B,2,regional,Legal aid ID clinic; circuit clerk vital records
Indiana,Dubois,id-documentation,ID & Documentation,B,2,regional,Legal aid ID clinic; circuit clerk vital records
Indiana,Elkhart,id-documentation,ID & Documentation,B,2,regional,Legal aid ID clinic; circuit clerk vital records
Indiana,Fayette,id-documentation,ID & Documentation,B,2,regional,Legal aid ID clinic; circuit clerk vital records
Indiana,Floyd,id-documentation,ID & Documentation,B,2,regional,Legal aid ID clinic; circuit clerk vital records
Indiana,Fountain,id-documentation,ID & Documentation,B,2,regional,Legal aid ID clinic; circuit clerk vital records
Indiana,Franklin,id-documentation,ID & Documentation,B,2,regional,Legal aid ID clinic; circuit clerk vital records
Indiana,Fulton,id-documentation,ID & Documentation,B,2,regional,Legal aid ID clinic; circuit clerk vital records
Indiana,Gibson,id-documentation,ID & Documentation,B,2,regional,Legal aid ID clinic; circuit clerk vital records
Indiana,Grant,id-documentation,ID & Documentation,B,2,regional,Legal aid ID clinic; circuit clerk vital records
Indiana,Greene,id-documentation,ID & Documentation,B,2,regional,Legal aid ID clinic; circuit clerk vital records
Indiana,Hamilton,id-documentation,ID & Documentation,B,2,regional,Legal aid ID clinic; circuit clerk vital records
Indiana,Hancock,id-documentation,ID & Documentation,B,2,regional,Legal aid ID clinic; circuit clerk vital records
Indiana,Harrison,id-documentation,ID & Documentation,B,2,regional,Legal aid ID clinic; circuit clerk vital records
Indiana,Hendricks,id-documentation,ID & Documentation,B,2,regional,Legal aid ID clinic; circuit clerk vital records
Indiana,Henry,id-documentation,ID & Documentation,B,2,regional,Legal aid ID clinic; circuit clerk vital records
Indiana,Howard,id-documentation,ID & Documentation,B,2,regional,Legal aid ID clinic; circuit clerk vital records
Indiana,Huntington,id-documentation,ID & Documentation,B,2,regional,Legal aid ID clinic; circuit clerk vital records
Indiana,Jackson,id-documentation,ID & Documentation,B,2,regional,Legal aid ID clinic; circuit clerk vital records
Indiana,Jasper,id-documentation,ID & Documentation,B,2,regional,Legal aid ID clinic; circuit clerk vital records
Indiana,Jay,id-documentation,ID & Documentation,B,2,regional,Legal aid ID clinic; circuit clerk vital records
Indiana,Jefferson,id-documentation,ID & Documentation,B,2,regional,Legal aid ID clinic; circuit clerk vital records
Indiana,Jennings,id-documentation,ID & Documentation,B,2,regional,Legal aid ID clinic; circuit clerk vital records
Indiana,Johnson,id-documentation,ID & Documentation,B,2,regional,Legal aid ID clinic; circuit clerk vital records
Indiana,Knox,id-documentation,ID & Documentation,B,2,regional,Legal aid ID clinic; circuit clerk vital records
Indiana,Kosciusko,id-documentation,ID & Documentation,B,2,regional,Legal aid ID clinic; circuit clerk vital records
Indiana,LaGrange,id-documentation,ID & Documentation,B,2,regional,Legal aid ID clinic; circuit clerk vital records
Indiana,LaPorte,id-documentation,ID & Documentation,B,2,regional,Legal aid ID clinic; circuit clerk vital records
Indiana,Lake,id-documentation,ID & Documentation,B,2,regional,Legal aid ID clinic; circuit clerk vital records
Indiana,Lawrence,id-documentation,ID & Documentation,B,2,regional,Legal aid ID clinic; circuit clerk vital records
Indiana,Madison,id-documentation,ID & Documentation,B,2,regional,Legal aid ID clinic; circuit clerk vital records
Indiana,Marshall,id-documentation,ID & Documentation,B,2,regional,Legal aid ID clinic; circuit clerk vital records
Indiana,Martin,id-documentation,ID & Documentation,B,2,regional,Legal aid ID clinic; circuit clerk vital records
Indiana,Miami,id-documentation,ID & Documentation,B,2,regional,Legal aid ID clinic; circuit clerk vital records
Indiana,Monroe,id-documentation,ID & Documentation,B,2,regional,Legal aid ID clinic; circuit clerk vital records
Indiana,Montgomery,id-documentation,ID & Documentation,B,2,regional,Legal aid ID clinic; circuit clerk vital records
Indiana,Morgan,id-documentation,ID & Documentation,B,2,regional,Legal aid ID clinic; circuit clerk vital records
Indiana,Newton,id-documentation,ID & Documentation,B,2,regional,Legal aid ID clinic; circuit clerk vital records
Indiana,Noble,id-documentation,ID & Documentation,B,2,regional,Legal aid ID clinic; circuit clerk vital records
Indiana,Ohio,id-documentation,ID & Documentation,B,2,regional,Legal aid ID clinic; circuit clerk vital records
Indiana,Orange,id-documentation,ID & Documentation,B,2,regional,Legal aid ID clinic; circuit clerk vital records
Indiana,Owen,id-documentation,ID & Documentation,B,2,regional,Legal aid ID clinic; circuit clerk vital records
Indiana,Parke,id-documentation,ID & Documentation,B,2,regional,Legal aid ID clinic; circuit clerk vital records
Indiana,Perry,id-documentation,ID & Documentation,B,2,regional,Legal aid ID clinic; circuit clerk vital records
Indiana,Pike,id-documentation,ID & Documentation,B,2,regional,Legal aid ID clinic; circuit clerk vital records
Indiana,Porter,id-documentation,ID & Documentation,B,2,regional,Legal aid ID clinic; circuit clerk vital records
Indiana,Posey,id-documentation,ID & Documentation,B,2,regional,Legal aid ID clinic; circuit clerk vital records
Indiana,Pulaski,id-documentation,ID & Documentation,B,2,regional,Legal aid ID clinic; circuit clerk vital records
Indiana,Putnam,id-documentation,ID & Documentation,B,2,regional,Legal aid ID clinic; circuit clerk vital records
Indiana,Randolph,id-documentation,ID & Documentation,B,2,regional,Legal aid ID clinic; circuit clerk vital records
Indiana,Ripley,id-documentation,ID & Documentation,B,2,regional,Legal aid ID clinic; circuit clerk vital records
Indiana,Rush,id-documentation,ID & Documentation,B,2,regional,Legal aid ID clinic; circuit clerk vital records
Indiana,Scott,id-documentation,ID & Documentation,B,2,regional,Legal aid ID clinic; circuit clerk vital records
Indiana,Shelby,id-documentation,ID & Documentation,B,2,regional,Legal aid ID clinic; circuit clerk vital records
Indiana,Spencer,id-documentation,ID & Documentation,B,2,regional,Legal aid ID clinic; circuit clerk vital records
Indiana,St. Joseph,id-documentation,ID & Documentation,B,2,regional,Legal aid ID clinic; circuit clerk vital records
Indiana,Starke,id-documentation,ID & Documentation,B,2,regional,Legal aid ID clinic; circuit clerk vital records
Indiana,Steuben,id-documentation,ID & Documentation,B,2,regional,Legal aid ID clinic; circuit clerk vital records
Indiana,Sullivan,id-documentation,ID & Documentation,B,2,regional,Legal aid ID clinic; circuit clerk vital records
Indiana,Switzerland,id-documentation,ID & Documentation,B,2,regional,Legal aid ID clinic; circuit clerk vital records
Indiana,Tippecanoe,id-documentation,ID & Documentation,B,2,regional,Legal aid ID clinic; circuit clerk vital records
Indiana,Tipton,id-documentation,ID & Documentation,B,2,regional,Legal aid ID clinic; circuit clerk vital records
Indiana,Union,id-documentation,ID & Documentation,B,2,regional,Legal aid ID clinic; circuit clerk vital records
Indiana,Vanderburgh,id-documentation,ID & Documentation,B,2,regional,Legal aid ID clinic; circuit clerk vital records
Indiana,Vermillion,id-documentation,ID & Documentation,B,2,regional,Legal aid ID clinic; circuit clerk vital records
Indiana,Vigo,id-documentation,ID & Documentation,B,2,regional,Legal aid ID clinic; circuit clerk vital records
Indiana,Wabash,id-documentation,ID & Documentation,B,2,regional,Legal aid ID clinic; circuit clerk vital records
Indiana,Warren,id-documentation,ID & Documentation,B,2,regional,Legal aid ID clinic; circuit clerk vital records
Indiana,Warrick,id-documentation,ID & Documentation,B,2,regional,Legal aid ID clinic; circuit clerk vital records
Indiana,Washington,id-documentation,ID & Documentation,B,2,regional,Legal aid ID clinic; circuit clerk vital records
Indiana,Wayne,id-documentation,ID & Documentation,B,2,regional,Legal aid ID clinic; circuit clerk vital records
Indiana,Wells,id-documentation,ID & Documentation,B,2,regional,Legal aid ID clinic; circuit clerk vital records
Indiana,White,id-documentation,ID & Documentation,B,2,regional,Legal aid ID clinic; circuit clerk vital records
Indiana,Whitley,id-documentation,ID & Documentation,B,2,regional,Legal aid ID clinic; circuit clerk vital records
Indiana,Adams,transportation,Transportation,B,2,regional,Transit authority voucher programs
Indiana,Bartholomew,transportation,Transportation,B,2,regional,Transit authority voucher programs
Indiana,Benton,transportation,Transportation,B,2,regional,Transit authority voucher programs
Indiana,Blackford,transportation,Transportation,B,2,regional,Transit authority voucher programs
Indiana,Boone,transportation,Transportation,B,2,regional,Transit authority voucher programs
Indiana,Brown,transportation,Transportation,B,2,regional,Transit authority voucher programs
Indiana,Carroll,transportation,Transportation,B,2,regional,Transit authority voucher programs
Indiana,Cass,transportation,Transportation,B,2,regional,Transit authority voucher programs
Indiana,Clark,transportation,Transportation,B,2,regional,Transit authority voucher programs
Indiana,Clay,transportation,Transportation,B,2,regional,Transit authority voucher programs
Indiana,Clinton,transportation,Transportation,B,2,regional,Transit authority voucher programs
Indiana,Crawford,transportation,Transportation,B,2,regional,Transit authority voucher programs
Indiana,Daviess,transportation,Transportation,B,2,regional,Transit authority voucher programs
Indiana,DeKalb,transportation,Transportation,B,2,regional,Transit authority voucher programs
Indiana,Dearborn,transportation,Transportation,B,2,regional,Transit authority voucher programs
Indiana,Decatur,transportation,Transportation,B,2,regional,Transit authority voucher programs
Indiana,Delaware,transportation,Transportation,B,2,regional,Transit authority voucher programs
Indiana,Dubois,transportation,Transportation,B,2,regional,Transit authority voucher programs
Indiana,Elkhart,transportation,Transportation,B,2,regional,Transit authority voucher programs
Indiana,Fayette,transportation,Transportation,B,2,regional,Transit authority voucher programs
Indiana,Floyd,transportation,Transportation,B,2,regional,Transit authority voucher programs
Indiana,Fountain,transportation,Transportation,B,2,regional,Transit authority voucher programs
Indiana,Franklin,transportation,Transportation,B,2,regional,Transit authority voucher programs
Indiana,Fulton,transportation,Transportation,B,2,regional,Transit authority voucher programs
Indiana,Gibson,transportation,Transportation,B,2,regional,Transit authority voucher programs
Indiana,Grant,transportation,Transportation,B,2,regional,Transit authority voucher programs
Indiana,Greene,transportation,Transportation,B,2,regional,Transit authority voucher programs
Indiana,Hamilton,transportation,Transportation,B,2,regional,Transit authority voucher programs
Indiana,Hancock,transportation,Transportation,B,2,regional,Transit authority voucher programs
Indiana,Harrison,transportation,Transportation,B,2,regional,Transit authority voucher programs
Indiana,Hendricks,transportation,Transportation,B,2,regional,Transit authority voucher programs
Indiana,Henry,transportation,Transportation,B,2,regional,Transit authority voucher programs
Indiana,Howard,transportation,Transportation,B,2,regional,Transit authority voucher programs
Indiana,Huntington,transportation,Transportation,B,2,regional,Transit authority voucher programs
Indiana,Jackson,transportation,Transportation,B,2,regional,Transit authority voucher programs
Indiana,Jasper,transportation,Transportation,B,2,regional,Transit authority voucher programs
Indiana,Jay,transportation,Transportation,B,2,regional,Transit authority voucher programs
Indiana,Jefferson,transportation,Transportation,B,2,regional,Transit authority voucher programs
Indiana,Jennings,transportation,Transportation,B,2,regional,Transit authority voucher programs
Indiana,Johnson,transportation,Transportation,B,2,regional,Transit authority voucher programs
Indiana,Knox,transportation,Transportation,B,2,regional,Transit authority voucher programs
Indiana,Kosciusko,transportation,Transportation,B,2,regional,Transit authority voucher programs
Indiana,LaGrange,transportation,Transportation,B,2,regional,Transit authority voucher programs
Indiana,LaPorte,transportation,Transportation,B,2,regional,Transit authority voucher programs
Indiana,Lake,transportation,Transportation,B,2,regional,Transit authority voucher programs
Indiana,Lawrence,transportation,Transportation,B,2,regional,Transit authority voucher programs
Indiana,Madison,transportation,Transportation,B,2,regional,Transit authority voucher programs
Indiana,Marshall,transportation,Transportation,B,2,regional,Transit authority voucher programs
Indiana,Martin,transportation,Transportation,B,2,regional,Transit authority voucher programs
Indiana,Miami,transportation,Transportation,B,2,regional,Transit authority voucher programs
Indiana,Monroe,transportation,Transportation,B,2,regional,Transit authority voucher programs
Indiana,Montgomery,transportation,Transportation,B,2,regional,Transit authority voucher programs
Indiana,Morgan,transportation,Transportation,B,2,regional,Transit authority voucher programs
Indiana,Newton,transportation,Transportation,B,2,regional,Transit authority voucher programs
Indiana,Noble,transportation,Transportation,B,2,regional,Transit authority voucher programs
Indiana,Ohio,transportation,Transportation,B,2,regional,Transit authority voucher programs
Indiana,Orange,transportation,Transportation,B,2,regional,Transit authority voucher programs
Indiana,Owen,transportation,Transportation,B,2,regional,Transit authority voucher programs
Indiana,Parke,transportation,Transportation,B,2,regional,Transit authority voucher programs
Indiana,Perry,transportation,Transportation,B,2,regional,Transit authority voucher programs
Indiana,Pike,transportation,Transportation,B,2,regional,Transit authority voucher programs
Indiana,Porter,transportation,Transportation,B,2,regional,Transit authority voucher programs
Indiana,Posey,transportation,Transportation,B,2,regional,Transit authority voucher programs
Indiana,Pulaski,transportation,Transportation,B,2,regional,Transit authority voucher programs
Indiana,Putnam,transportation,Transportation,B,2,regional,Transit authority voucher programs
Indiana,Randolph,transportation,Transportation,B,2,regional,Transit authority voucher programs
Indiana,Ripley,transportation,Transportation,B,2,regional,Transit authority voucher programs
Indiana,Rush,transportation,Transportation,B,2,regional,Transit authority voucher programs
Indiana,Scott,transportation,Transportation,B,2,regional,Transit authority voucher programs
Indiana,Shelby,transportation,Transportation,B,2,regional,Transit authority voucher programs
Indiana,Spencer,transportation,Transportation,B,2,regional,Transit authority voucher programs
Indiana,St. Joseph,transportation,Transportation,B,2,regional,Transit authority voucher programs
Indiana,Starke,transportation,Transportation,B,2,regional,Transit authority voucher programs
Indiana,Steuben,transportation,Transportation,B,2,regional,Transit authority voucher programs
Indiana,Sullivan,transportation,Transportation,B,2,regional,Transit authority voucher programs
Indiana,Switzerland,transportation,Transportation,B,2,regional,Transit authority voucher programs
Indiana,Tippecanoe,transportation,Transportation,B,2,regional,Transit authority voucher programs
Indiana,Tipton,transportation,Transportation,B,2,regional,Transit authority voucher programs
Indiana,Union,transportation,Transportation,B,2,regional,Transit authority voucher programs
Indiana,Vermillion,transportation,Transportation,B,2,regional,Transit authority voucher programs
Indiana,Vigo,transportation,Transportation,B,2,regional,Transit authority voucher programs
Indiana,Wabash,transportation,Transportation,B,2,regional,Transit authority voucher programs
Indiana,Warren,transportation,Transportation,B,2,regional,Transit authority voucher programs
Indiana,Warrick,transportation,Transportation,B,2,regional,Transit authority voucher programs
Indiana,Washington,transportation,Transportation,B,2,regional,Transit authority voucher programs
Indiana,Wayne,transportation,Transportation,B,2,regional,Transit authority voucher programs
Indiana,Wells,transportation,Transportation,B,2,regional,Transit authority voucher programs
Indiana,White,transportation,Transportation,B,2,regional,Transit authority voucher programs
Indiana,Whitley,transportation,Transportation,B,2,regional,Transit authority voucher programs
Indiana,Adams,peer-support,Peer Support,B,2,regional,State peer certification roster
Indiana,Allen,peer-support,Peer Support,B,2,regional,State peer certification roster
Indiana,Bartholomew,peer-support,Peer Support,B,2,regional,State peer certification roster
Indiana,Benton,peer-support,Peer Support,B,2,regional,State peer certification roster
Indiana,Blackford,peer-support,Peer Support,B,2,regional,State peer certification roster
Indiana,Boone,peer-support,Peer Support,B,2,regional,State peer certification roster
Indiana,Brown,peer-support,Peer Support,B,2,regional,State peer certification roster
Indiana,Carroll,peer-support,Peer Support,B,2,regional,State peer certification roster
Indiana,Cass,peer-support,Peer Support,B,2,regional,State peer certification roster
Indiana,Clark,peer-support,Peer Support,B,2,regional,State peer certification roster
Indiana,Clay,peer-support,Peer Support,B,2,regional,State peer certification roster
Indiana,Clinton,peer-support,Peer Support,B,2,regional,State peer certification roster
Indiana,Crawford,peer-support,Peer Support,B,2,regional,State peer certification roster
Indiana,Daviess,peer-support,Peer Support,B,2,regional,State peer certification roster
Indiana,DeKalb,peer-support,Peer Support,B,2,regional,State peer certification roster
Indiana,Dearborn,peer-support,Peer Support,B,2,regional,State peer certification roster
Indiana,Decatur,peer-support,Peer Support,B,2,regional,State peer certification roster
Indiana,Delaware,peer-support,Peer Support,B,2,regional,State peer certification roster
Indiana,Dubois,peer-support,Peer Support,B,2,regional,State peer certification roster
Indiana,Elkhart,peer-support,Peer Support,B,2,regional,State peer certification roster
Indiana,Fayette,peer-support,Peer Support,B,2,regional,State peer certification roster
Indiana,Floyd,peer-support,Peer Support,B,2,regional,State peer certification roster
Indiana,Fountain,peer-support,Peer Support,B,2,regional,State peer certification roster
Indiana,Franklin,peer-support,Peer Support,B,2,regional,State peer certification roster
Indiana,Fulton,peer-support,Peer Support,B,2,regional,State peer certification roster
Indiana,Gibson,peer-support,Peer Support,B,2,regional,State peer certification roster
Indiana,Grant,peer-support,Peer Support,B,2,regional,State peer certification roster
Indiana,Greene,peer-support,Peer Support,B,2,regional,State peer certification roster
Indiana,Hamilton,peer-support,Peer Support,B,2,regional,State peer certification roster
Indiana,Hancock,peer-support,Peer Support,B,2,regional,State peer certification roster
Indiana,Harrison,peer-support,Peer Support,B,2,regional,State peer certification roster
Indiana,Hendricks,peer-support,Peer Support,B,2,regional,State peer certification roster
Indiana,Henry,peer-support,Peer Support,B,2,regional,State peer certification roster
Indiana,Howard,peer-support,Peer Support,B,2,regional,State peer certification roster
Indiana,Huntington,peer-support,Peer Support,B,2,regional,State peer certification roster
Indiana,Jackson,peer-support,Peer Support,B,2,regional,State peer certification roster
Indiana,Jasper,peer-support,Peer Support,B,2,regional,State peer certification roster
Indiana,Jay,peer-support,Peer Support,B,2,regional,State peer certification roster
Indiana,Jefferson,peer-support,Peer Support,B,2,regional,State peer certification roster
Indiana,Jennings,peer-support,Peer Support,B,2,regional,State peer certification roster
Indiana,Johnson,peer-support,Peer Support,B,2,regional,State peer certification roster
Indiana,Knox,peer-support,Peer Support,B,2,regional,State peer certification roster
Indiana,Kosciusko,peer-support,Peer Support,B,2,regional,State peer certification roster
Indiana,LaGrange,peer-support,Peer Support,B,2,regional,State peer certification roster
Indiana,LaPorte,peer-support,Peer Support,B,2,regional,State peer certification roster
Indiana,Lake,peer-support,Peer Support,B,2,regional,State peer certification roster
Indiana,Lawrence,peer-support,Peer Support,B,2,regional,State peer certification roster
Indiana,Madison,peer-support,Peer Support,B,2,regional,State peer certification roster
Indiana,Marshall,peer-support,Peer Support,B,2,regional,State peer certification roster
Indiana,Martin,peer-support,Peer Support,B,2,regional,State peer certification roster
Indiana,Miami,peer-support,Peer Support,B,2,regional,State peer certification roster
Indiana,Monroe,peer-support,Peer Support,B,2,regional,State peer certification roster
Indiana,Montgomery,peer-support,Peer Support,B,2,regional,State peer certification roster
Indiana,Morgan,peer-support,Peer Support,B,2,regional,State peer certification roster
Indiana,Newton,peer-support,Peer Support,B,2,regional,State peer certification roster
Indiana,Noble,peer-support,Peer Support,B,2,regional,State peer certification roster
Indiana,Ohio,peer-support,Peer Support,B,2,regional,State peer certification roster
Indiana,Orange,peer-support,Peer Support,B,2,regional,State peer certification roster
Indiana,Owen,peer-support,Peer Support,B,2,regional,State peer certification roster
Indiana,Parke,peer-support,Peer Support,B,2,regional,State peer certification roster
Indiana,Perry,peer-support,Peer Support,B,2,regional,State peer certification roster
Indiana,Pike,peer-support,Peer Support,B,2,regional,State peer certification roster
Indiana,Porter,peer-support,Peer Support,B,2,regional,State peer certification roster
Indiana,Posey,peer-support,Peer Support,B,2,regional,State peer certification roster
Indiana,Pulaski,peer-support,Peer Support,B,2,regional,State peer certification roster
Indiana,Putnam,peer-support,Peer Support,B,2,regional,State peer certification roster
Indiana,Randolph,peer-support,Peer Support,B,2,regional,State peer certification roster
Indiana,Ripley,peer-support,Peer Support,B,2,regional,State peer certification roster
Indiana,Rush,peer-support,Peer Support,B,2,regional,State peer certification roster
Indiana,Scott,peer-support,Peer Support,B,2,regional,State peer certification roster
Indiana,Shelby,peer-support,Peer Support,B,2,regional,State peer certification roster
Indiana,Spencer,peer-support,Peer Support,B,2,regional,State peer certification roster
Indiana,St. Joseph,peer-support,Peer Support,B,2,regional,State peer certification roster
Indiana,Starke,peer-support,Peer Support,B,2,regional,State peer certification roster
Indiana,Steuben,peer-support,Peer Support,B,2,regional,State peer certification roster
Indiana,Sullivan,peer-support,Peer Support,B,2,regional,State peer certification roster
Indiana,Switzerland,peer-support,Peer Support,B,2,regional,State peer certification roster
Indiana,Tippecanoe,peer-support,Peer Support,B,2,regional,State peer certification roster
Indiana,Tipton,peer-support,Peer Support,B,2,regional,State peer certification roster
Indiana,Union,peer-support,Peer Support,B,2,regional,State peer certification roster
Indiana,Vanderburgh,peer-support,Peer Support,B,2,regional,State peer certification roster
Indiana,Vermillion,peer-support,Peer Support,B,2,regional,State peer certification roster
Indiana,Vigo,peer-support,Peer Support,B,2,regional,State peer certification roster
Indiana,Wabash,peer-support,Peer Support,B,2,regional,State peer certification roster
Indiana,Warren,peer-support,Peer Support,B,2,regional,State peer certification roster
Indiana,Warrick,peer-support,Peer Support,B,2,regional,State peer certification roster
Indiana,Washington,peer-support,Peer Support,B,2,regional,State peer certification roster
Indiana,Wayne,peer-support,Peer Support,B,2,regional,State peer certification roster
Indiana,Wells,peer-support,Peer Support,B,2,regional,State peer certification roster
Indiana,White,peer-support,Peer Support,B,2,regional,State peer certification roster
Indiana,Whitley,peer-support,Peer Support,B,2,regional,State peer certification roster
Indiana,Adams,family-children,Family & Children,B,2,regional,211; family reentry nonprofits
Indiana,Allen,family-children,Family & Children,B,2,regional,211; family reentry nonprofits
Indiana,Bartholomew,family-children,Family & Children,B,2,regional,211; family reentry nonprofits
Indiana,Benton,family-children,Family & Children,B,2,regional,211; family reentry nonprofits
Indiana,Blackford,family-children,Family & Children,B,2,regional,211; family reentry nonprofits
Indiana,Boone,family-children,Family & Children,B,2,regional,211; family reentry nonprofits
Indiana,Brown,family-children,Family & Children,B,2,regional,211; family reentry nonprofits
Indiana,Carroll,family-children,Family & Children,B,2,regional,211; family reentry nonprofits
Indiana,Cass,family-children,Family & Children,B,2,regional,211; family reentry nonprofits
Indiana,Clark,family-children,Family & Children,B,2,regional,211; family reentry nonprofits
Indiana,Clay,family-children,Family & Children,B,2,regional,211; family reentry nonprofits
Indiana,Clinton,family-children,Family & Children,B,2,regional,211; family reentry nonprofits
Indiana,Crawford,family-children,Family & Children,B,2,regional,211; family reentry nonprofits
Indiana,Daviess,family-children,Family & Children,B,2,regional,211; family reentry nonprofits
Indiana,DeKalb,family-children,Family & Children,B,2,regional,211; family reentry nonprofits
Indiana,Dearborn,family-children,Family & Children,B,2,regional,211; family reentry nonprofits
Indiana,Decatur,family-children,Family & Children,B,2,regional,211; family reentry nonprofits
Indiana,Delaware,family-children,Family & Children,B,2,regional,211; family reentry nonprofits
Indiana,Dubois,family-children,Family & Children,B,2,regional,211; family reentry nonprofits
Indiana,Elkhart,family-children,Family & Children,B,2,regional,211; family reentry nonprofits
Indiana,Fayette,family-children,Family & Children,B,2,regional,211; family reentry nonprofits
Indiana,Floyd,family-children,Family & Children,B,2,regional,211; family reentry nonprofits
Indiana,Fountain,family-children,Family & Children,B,2,regional,211; family reentry nonprofits
Indiana,Franklin,family-children,Family & Children,B,2,regional,211; family reentry nonprofits
Indiana,Fulton,family-children,Family & Children,B,2,regional,211; family reentry nonprofits
Indiana,Gibson,family-children,Family & Children,B,2,regional,211; family reentry nonprofits
Indiana,Grant,family-children,Family & Children,B,2,regional,211; family reentry nonprofits
Indiana,Greene,family-children,Family & Children,B,2,regional,211; family reentry nonprofits
Indiana,Hamilton,family-children,Family & Children,B,2,regional,211; family reentry nonprofits
Indiana,Hancock,family-children,Family & Children,B,2,regional,211; family reentry nonprofits
Indiana,Harrison,family-children,Family & Children,B,2,regional,211; family reentry nonprofits
Indiana,Hendricks,family-children,Family & Children,B,2,regional,211; family reentry nonprofits
Indiana,Henry,family-children,Family & Children,B,2,regional,211; family reentry nonprofits
Indiana,Howard,family-children,Family & Children,B,2,regional,211; family reentry nonprofits
Indiana,Huntington,family-children,Family & Children,B,2,regional,211; family reentry nonprofits
Indiana,Jackson,family-children,Family & Children,B,2,regional,211; family reentry nonprofits
Indiana,Jasper,family-children,Family & Children,B,2,regional,211; family reentry nonprofits
Indiana,Jay,family-children,Family & Children,B,2,regional,211; family reentry nonprofits
Indiana,Jefferson,family-children,Family & Children,B,2,regional,211; family reentry nonprofits
Indiana,Jennings,family-children,Family & Children,B,2,regional,211; family reentry nonprofits
Indiana,Johnson,family-children,Family & Children,B,2,regional,211; family reentry nonprofits
Indiana,Knox,family-children,Family & Children,B,2,regional,211; family reentry nonprofits
Indiana,Kosciusko,family-children,Family & Children,B,2,regional,211; family reentry nonprofits
Indiana,LaGrange,family-children,Family & Children,B,2,regional,211; family reentry nonprofits
Indiana,LaPorte,family-children,Family & Children,B,2,regional,211; family reentry nonprofits
Indiana,Lake,family-children,Family & Children,B,2,regional,211; family reentry nonprofits
Indiana,Lawrence,family-children,Family & Children,B,2,regional,211; family reentry nonprofits
Indiana,Madison,family-children,Family & Children,B,2,regional,211; family reentry nonprofits
Indiana,Marshall,family-children,Family & Children,B,2,regional,211; family reentry nonprofits
Indiana,Martin,family-children,Family & Children,B,2,regional,211; family reentry nonprofits
Indiana,Miami,family-children,Family & Children,B,2,regional,211; family reentry nonprofits
Indiana,Monroe,family-children,Family & Children,B,2,regional,211; family reentry nonprofits
Indiana,Montgomery,family-children,Family & Children,B,2,regional,211; family reentry nonprofits
Indiana,Morgan,family-children,Family & Children,B,2,regional,211; family reentry nonprofits
Indiana,Newton,family-children,Family & Children,B,2,regional,211; family reentry nonprofits
Indiana,Noble,family-children,Family & Children,B,2,regional,211; family reentry nonprofits
Indiana,Ohio,family-children,Family & Children,B,2,regional,211; family reentry nonprofits
Indiana,Orange,family-children,Family & Children,B,2,regional,211; family reentry nonprofits
Indiana,Owen,family-children,Family & Children,B,2,regional,211; family reentry nonprofits
Indiana,Parke,family-children,Family & Children,B,2,regional,211; family reentry nonprofits
Indiana,Perry,family-children,Family & Children,B,2,regional,211; family reentry nonprofits
Indiana,Pike,family-children,Family & Children,B,2,regional,211; family reentry nonprofits
Indiana,Porter,family-children,Family & Children,B,2,regional,211; family reentry nonprofits
Indiana,Posey,family-children,Family & Children,B,2,regional,211; family reentry nonprofits
Indiana,Pulaski,family-children,Family & Children,B,2,regional,211; family reentry nonprofits
Indiana,Putnam,family-children,Family & Children,B,2,regional,211; family reentry nonprofits
Indiana,Randolph,family-children,Family & Children,B,2,regional,211; family reentry nonprofits
Indiana,Ripley,family-children,Family & Children,B,2,regional,211; family reentry nonprofits
Indiana,Rush,family-children,Family & Children,B,2,regional,211; family reentry nonprofits
Indiana,Scott,family-children,Family & Children,B,2,regional,211; family reentry nonprofits
Indiana,Shelby,family-children,Family & Children,B,2,regional,211; family reentry nonprofits
Indiana,Spencer,family-children,Family & Children,B,2,regional,211; family reentry nonprofits
Indiana,St. Joseph,family-children,Family & Children,B,2,regional,211; family reentry nonprofits
Indiana,Starke,family-children,Family & Children,B,2,regional,211; family reentry nonprofits
Indiana,Steuben,family-children,Family & Children,B,2,regional,211; family reentry nonprofits
Indiana,Sullivan,family-children,Family & Children,B,2,regional,211; family reentry nonprofits
Indiana,Switzerland,family-children,Family & Children,B,2,regional,211; family reentry nonprofits
Indiana,Tippecanoe,family-children,Family & Children,B,2,regional,211; family reentry nonprofits
Indiana,Tipton,family-children,Family & Children,B,2,regional,211; family reentry nonprofits
Indiana,Union,family-children,Family & Children,B,2,regional,211; family reentry nonprofits
Indiana,Vanderburgh,family-children,Family & Children,B,2,regional,211; family reentry nonprofits
Indiana,Vermillion,family-children,Family & Children,B,2,regional,211; family reentry nonprofits
Indiana,Vigo,family-children,Family & Children,B,2,regional,211; family reentry nonprofits
Indiana,Wabash,family-children,Family & Children,B,2,regional,211; family reentry nonprofits
Indiana,Warren,family-children,Family & Children,B,2,regional,211; family reentry nonprofits
Indiana,Warrick,family-children,Family & Children,B,2,regional,211; family reentry nonprofits
Indiana,Washington,family-children,Family & Children,B,2,regional,211; family reentry nonprofits
Indiana,Wayne,family-children,Family & Children,B,2,regional,211; family reentry nonprofits
Indiana,Wells,family-children,Family & Children,B,2,regional,211; family reentry nonprofits
Indiana,White,family-children,Family & Children,B,2,regional,211; family reentry nonprofits
Indiana,Whitley,family-children,Family & Children,B,2,regional,211; family reentry nonprofits
Indiana,Adams,veterans,Veterans,B,2,regional,VA; county veterans service officer
Indiana,Bartholomew,veterans,Veterans,B,2,regional,VA; county veterans service officer
Indiana,Benton,veterans,Veterans,B,2,regional,VA; county veterans service officer
Indiana,Blackford,veterans,Veterans,B,2,regional,VA; county veterans service officer
Indiana,Boone,veterans,Veterans,B,2,regional,VA; county veterans service officer
Indiana,Brown,veterans,Veterans,B,2,regional,VA; county veterans service officer
Indiana,Carroll,veterans,Veterans,B,2,regional,VA; county veterans service officer
Indiana,Cass,veterans,Veterans,B,2,regional,VA; county veterans service officer
Indiana,Clark,veterans,Veterans,B,2,regional,VA; county veterans service officer
Indiana,Clay,veterans,Veterans,B,2,regional,VA; county veterans service officer
Indiana,Clinton,veterans,Veterans,B,2,regional,VA; county veterans service officer
Indiana,Crawford,veterans,Veterans,B,2,regional,VA; county veterans service officer
Indiana,Daviess,veterans,Veterans,B,2,regional,VA; county veterans service officer
Indiana,DeKalb,veterans,Veterans,B,2,regional,VA; county veterans service officer
Indiana,Dearborn,veterans,Veterans,B,2,regional,VA; county veterans service officer
Indiana,Decatur,veterans,Veterans,B,2,regional,VA; county veterans service officer
Indiana,Delaware,veterans,Veterans,B,2,regional,VA; county veterans service officer
Indiana,Dubois,veterans,Veterans,B,2,regional,VA; county veterans service officer
Indiana,Elkhart,veterans,Veterans,B,2,regional,VA; county veterans service officer
Indiana,Fayette,veterans,Veterans,B,2,regional,VA; county veterans service officer
Indiana,Floyd,veterans,Veterans,B,2,regional,VA; county veterans service officer
Indiana,Fountain,veterans,Veterans,B,2,regional,VA; county veterans service officer
Indiana,Franklin,veterans,Veterans,B,2,regional,VA; county veterans service officer
Indiana,Fulton,veterans,Veterans,B,2,regional,VA; county veterans service officer
Indiana,Gibson,veterans,Veterans,B,2,regional,VA; county veterans service officer
Indiana,Grant,veterans,Veterans,B,2,regional,VA; county veterans service officer
Indiana,Greene,veterans,Veterans,B,2,regional,VA; county veterans service officer
Indiana,Hamilton,veterans,Veterans,B,2,regional,VA; county veterans service officer
Indiana,Hancock,veterans,Veterans,B,2,regional,VA; county veterans service officer
Indiana,Harrison,veterans,Veterans,B,2,regional,VA; county veterans service officer
Indiana,Hendricks,veterans,Veterans,B,2,regional,VA; county veterans service officer
Indiana,Henry,veterans,Veterans,B,2,regional,VA; county veterans service officer
Indiana,Howard,veterans,Veterans,B,2,regional,VA; county veterans service officer
Indiana,Huntington,veterans,Veterans,B,2,regional,VA; county veterans service officer
Indiana,Jackson,veterans,Veterans,B,2,regional,VA; county veterans service officer
Indiana,Jasper,veterans,Veterans,B,2,regional,VA; county veterans service officer
Indiana,Jay,veterans,Veterans,B,2,regional,VA; county veterans service officer
Indiana,Jefferson,veterans,Veterans,B,2,regional,VA; county veterans service officer
Indiana,Jennings,veterans,Veterans,B,2,regional,VA; county veterans service officer
Indiana,Johnson,veterans,Veterans,B,2,regional,VA; county veterans service officer
Indiana,Knox,veterans,Veterans,B,2,regional,VA; county veterans service officer
Indiana,Kosciusko,veterans,Veterans,B,2,regional,VA; county veterans service officer
Indiana,LaGrange,veterans,Veterans,B,2,regional,VA; county veterans service officer
Indiana,LaPorte,veterans,Veterans,B,2,regional,VA; county veterans service officer
Indiana,Lake,veterans,Veterans,B,2,regional,VA; county veterans service officer
Indiana,Lawrence,veterans,Veterans,B,2,regional,VA; county veterans service officer
Indiana,Madison,veterans,Veterans,B,2,regional,VA; county veterans service officer
Indiana,Marshall,veterans,Veterans,B,2,regional,VA; county veterans service officer
Indiana,Martin,veterans,Veterans,B,2,regional,VA; county veterans service officer
Indiana,Miami,veterans,Veterans,B,2,regional,VA; county veterans service officer
Indiana,Monroe,veterans,Veterans,B,2,regional,VA; county veterans service officer
Indiana,Montgomery,veterans,Veterans,B,2,regional,VA; county veterans service officer
Indiana,Morgan,veterans,Veterans,B,2,regional,VA; county veterans service officer
Indiana,Newton,veterans,Veterans,B,2,regional,VA; county veterans service officer
Indiana,Noble,veterans,Veterans,B,2,regional,VA; county veterans service officer
Indiana,Ohio,veterans,Veterans,B,2,regional,VA; county veterans service officer
Indiana,Orange,veterans,Veterans,B,2,regional,VA; county veterans service officer
Indiana,Owen,veterans,Veterans,B,2,regional,VA; county veterans service officer
Indiana,Parke,veterans,Veterans,B,2,regional,VA; county veterans service officer
Indiana,Perry,veterans,Veterans,B,2,regional,VA; county veterans service officer
Indiana,Pike,veterans,Veterans,B,2,regional,VA; county veterans service officer
Indiana,Porter,veterans,Veterans,B,2,regional,VA; county veterans service officer
Indiana,Posey,veterans,Veterans,B,2,regional,VA; county veterans service officer
Indiana,Pulaski,veterans,Veterans,B,2,regional,VA; county veterans service officer
Indiana,Putnam,veterans,Veterans,B,2,regional,VA; county veterans service officer
Indiana,Randolph,veterans,Veterans,B,2,regional,VA; county veterans service officer
Indiana,Ripley,veterans,Veterans,B,2,regional,VA; county veterans service officer
Indiana,Rush,veterans,Veterans,B,2,regional,VA; county veterans service officer
Indiana,Scott,veterans,Veterans,B,2,regional,VA; county veterans service officer
Indiana,Shelby,veterans,Veterans,B,2,regional,VA; county veterans service officer
Indiana,Spencer,veterans,Veterans,B,2,regional,VA; county veterans service officer
Indiana,Starke,veterans,Veterans,B,2,regional,VA; county veterans service officer
Indiana,Steuben,veterans,Veterans,B,2,regional,VA; county veterans service officer
Indiana,Sullivan,veterans,Veterans,B,2,regional,VA; county veterans service officer
Indiana,Switzerland,veterans,Veterans,B,2,regional,VA; county veterans service officer
Indiana,Tippecanoe,veterans,Veterans,B,2,regional,VA; county veterans service officer
Indiana,Tipton,veterans,Veterans,B,2,regional,VA; county veterans service officer
Indiana,Union,veterans,Veterans,B,2,regional,VA; county veterans service officer
Indiana,Vanderburgh,veterans,Veterans,B,2,regional,VA; county veterans service officer
Indiana,Vermillion,veterans,Veterans,B,2,regional,VA; county veterans service officer
Indiana,Vigo,veterans,Veterans,B,2,regional,VA; county veterans service officer
Indiana,Wabash,veterans,Veterans,B,2,regional,VA; county veterans service officer
Indiana,Warren,veterans,Veterans,B,2,regional,VA; county veterans service officer
Indiana,Warrick,veterans,Veterans,B,2,regional,VA; county veterans service officer
Indiana,Washington,veterans,Veterans,B,2,regional,VA; county veterans service officer
Indiana,Wayne,veterans,Veterans,B,2,regional,VA; county veterans service officer
Indiana,Wells,veterans,Veterans,B,2,regional,VA; county veterans service officer
Indiana,White,veterans,Veterans,B,2,regional,VA; county veterans service officer
Indiana,Whitley,veterans,Veterans,B,2,regional,VA; county veterans service officer
Indiana,Adams,education,Education,B,2,regional,Adult ed/ABLE; community college reentry
Indiana,Bartholomew,education,Education,B,2,regional,Adult ed/ABLE; community college reentry
Indiana,Benton,education,Education,B,2,regional,Adult ed/ABLE; community college reentry
Indiana,Blackford,education,Education,B,2,regional,Adult ed/ABLE; community college reentry
Indiana,Boone,education,Education,B,2,regional,Adult ed/ABLE; community college reentry
Indiana,Brown,education,Education,B,2,regional,Adult ed/ABLE; community college reentry
Indiana,Carroll,education,Education,B,2,regional,Adult ed/ABLE; community college reentry
Indiana,Cass,education,Education,B,2,regional,Adult ed/ABLE; community college reentry
Indiana,Clark,education,Education,B,2,regional,Adult ed/ABLE; community college reentry
Indiana,Clay,education,Education,B,2,regional,Adult ed/ABLE; community college reentry
Indiana,Clinton,education,Education,B,2,regional,Adult ed/ABLE; community college reentry
Indiana,Crawford,education,Education,B,2,regional,Adult ed/ABLE; community college reentry
Indiana,Daviess,education,Education,B,2,regional,Adult ed/ABLE; community college reentry
Indiana,DeKalb,education,Education,B,2,regional,Adult ed/ABLE; community college reentry
Indiana,Dearborn,education,Education,B,2,regional,Adult ed/ABLE; community college reentry
Indiana,Decatur,education,Education,B,2,regional,Adult ed/ABLE; community college reentry
Indiana,Delaware,education,Education,B,2,regional,Adult ed/ABLE; community college reentry
Indiana,Dubois,education,Education,B,2,regional,Adult ed/ABLE; community college reentry
Indiana,Elkhart,education,Education,B,2,regional,Adult ed/ABLE; community college reentry
Indiana,Fayette,education,Education,B,2,regional,Adult ed/ABLE; community college reentry
Indiana,Floyd,education,Education,B,2,regional,Adult ed/ABLE; community college reentry
Indiana,Fountain,education,Education,B,2,regional,Adult ed/ABLE; community college reentry
Indiana,Franklin,education,Education,B,2,regional,Adult ed/ABLE; community college reentry
Indiana,Fulton,education,Education,B,2,regional,Adult ed/ABLE; community college reentry
Indiana,Gibson,education,Education,B,2,regional,Adult ed/ABLE; community college reentry
Indiana,Grant,education,Education,B,2,regional,Adult ed/ABLE; community college reentry
Indiana,Greene,education,Education,B,2,regional,Adult ed/ABLE; community college reentry
Indiana,Hancock,education,Education,B,2,regional,Adult ed/ABLE; community college reentry
Indiana,Harrison,education,Education,B,2,regional,Adult ed/ABLE; community college reentry
Indiana,Hendricks,education,Education,B,2,regional,Adult ed/ABLE; community college reentry
Indiana,Henry,education,Education,B,2,regional,Adult ed/ABLE; community college reentry
Indiana,Howard,education,Education,B,2,regional,Adult ed/ABLE; community college reentry
Indiana,Huntington,education,Education,B,2,regional,Adult ed/ABLE; community college reentry
Indiana,Jackson,education,Education,B,2,regional,Adult ed/ABLE; community college reentry
Indiana,Jasper,education,Education,B,2,regional,Adult ed/ABLE; community college reentry
Indiana,Jay,education,Education,B,2,regional,Adult ed/ABLE; community college reentry
Indiana,Jefferson,education,Education,B,2,regional,Adult ed/ABLE; community college reentry
Indiana,Jennings,education,Education,B,2,regional,Adult ed/ABLE; community college reentry
Indiana,Johnson,education,Education,B,2,regional,Adult ed/ABLE; community college reentry
Indiana,Knox,education,Education,B,2,regional,Adult ed/ABLE; community college reentry
Indiana,Kosciusko,education,Education,B,2,regional,Adult ed/ABLE; community college reentry
Indiana,LaGrange,education,Education,B,2,regional,Adult ed/ABLE; community college reentry
Indiana,LaPorte,education,Education,B,2,regional,Adult ed/ABLE; community college reentry
Indiana,Lake,education,Education,B,2,regional,Adult ed/ABLE; community college reentry
Indiana,Lawrence,education,Education,B,2,regional,Adult ed/ABLE; community college reentry
Indiana,Marshall,education,Education,B,2,regional,Adult ed/ABLE; community college reentry
Indiana,Martin,education,Education,B,2,regional,Adult ed/ABLE; community college reentry
Indiana,Miami,education,Education,B,2,regional,Adult ed/ABLE; community college reentry
Indiana,Monroe,education,Education,B,2,regional,Adult ed/ABLE; community college reentry
Indiana,Montgomery,education,Education,B,2,regional,Adult ed/ABLE; community college reentry
Indiana,Morgan,education,Education,B,2,regional,Adult ed/ABLE; community college reentry
Indiana,Newton,education,Education,B,2,regional,Adult ed/ABLE; community college reentry
Indiana,Noble,education,Education,B,2,regional,Adult ed/ABLE; community college reentry
Indiana,Ohio,education,Education,B,2,regional,Adult ed/ABLE; community college reentry
Indiana,Orange,education,Education,B,2,regional,Adult ed/ABLE; community college reentry
Indiana,Owen,education,Education,B,2,regional,Adult ed/ABLE; community college reentry
Indiana,Parke,education,Education,B,2,regional,Adult ed/ABLE; community college reentry
Indiana,Perry,education,Education,B,2,regional,Adult ed/ABLE; community college reentry
Indiana,Pike,education,Education,B,2,regional,Adult ed/ABLE; community college reentry
Indiana,Porter,education,Education,B,2,regional,Adult ed/ABLE; community college reentry
Indiana,Posey,education,Education,B,2,regional,Adult ed/ABLE; community college reentry
Indiana,Pulaski,education,Education,B,2,regional,Adult ed/ABLE; community college reentry
Indiana,Putnam,education,Education,B,2,regional,Adult ed/ABLE; community college reentry
Indiana,Randolph,education,Education,B,2,regional,Adult ed/ABLE; community college reentry
Indiana,Ripley,education,Education,B,2,regional,Adult ed/ABLE; community college reentry
Indiana,Rush,education,Education,B,2,regional,Adult ed/ABLE; community college reentry
Indiana,Scott,education,Education,B,2,regional,Adult ed/ABLE; community college reentry
Indiana,Shelby,education,Education,B,2,regional,Adult ed/ABLE; community college reentry
Indiana,Spencer,education,Education,B,2,regional,Adult ed/ABLE; community college reentry
Indiana,Starke,education,Education,B,2,regional,Adult ed/ABLE; community college reentry
Indiana,Steuben,education,Education,B,2,regional,Adult ed/ABLE; community college reentry
Indiana,Sullivan,education,Education,B,2,regional,Adult ed/ABLE; community college reentry
Indiana,Switzerland,education,Education,B,2,regional,Adult ed/ABLE; community college reentry
Indiana,Union,education,Education,B,2,regional,Adult ed/ABLE; community college reentry
Indiana,Vermillion,education,Education,B,2,regional,Adult ed/ABLE; community college reentry
Indiana,Warren,education,Education,B,2,regional,Adult ed/ABLE; community college reentry
Indiana,Warrick,education,Education,B,2,regional,Adult ed/ABLE; community college reentry
Indiana,Washington,education,Education,B,2,regional,Adult ed/ABLE; community college reentry
Indiana,Wayne,education,Education,B,2,regional,Adult ed/ABLE; community college reentry
Indiana,Wells,education,Education,B,2,regional,Adult ed/ABLE; community college reentry
Indiana,Whitley,education,Education,B,2,regional,Adult ed/ABLE; community college reentry
Indiana,Adams,basic-needs,Basic Needs,B,2,regional,211; United Way basic needs partners
Indiana,Bartholomew,basic-needs,Basic Needs,B,2,regional,211; United Way basic needs partners
Indiana,Benton,basic-needs,Basic Needs,B,2,regional,211; United Way basic needs partners
Indiana,Blackford,basic-needs,Basic Needs,B,2,regional,211; United Way basic needs partners
Indiana,Boone,basic-needs,Basic Needs,B,2,regional,211; United Way basic needs partners
Indiana,Brown,basic-needs,Basic Needs,B,2,regional,211; United Way basic needs partners
Indiana,Carroll,basic-needs,Basic Needs,B,2,regional,211; United Way basic needs partners
Indiana,Cass,basic-needs,Basic Needs,B,2,regional,211; United Way basic needs partners
Indiana,Clark,basic-needs,Basic Needs,B,2,regional,211; United Way basic needs partners
Indiana,Clay,basic-needs,Basic Needs,B,2,regional,211; United Way basic needs partners
Indiana,Clinton,basic-needs,Basic Needs,B,2,regional,211; United Way basic needs partners
Indiana,Crawford,basic-needs,Basic Needs,B,2,regional,211; United Way basic needs partners
Indiana,Daviess,basic-needs,Basic Needs,B,2,regional,211; United Way basic needs partners
Indiana,DeKalb,basic-needs,Basic Needs,B,2,regional,211; United Way basic needs partners
Indiana,Dearborn,basic-needs,Basic Needs,B,2,regional,211; United Way basic needs partners
Indiana,Decatur,basic-needs,Basic Needs,B,2,regional,211; United Way basic needs partners
Indiana,Delaware,basic-needs,Basic Needs,B,2,regional,211; United Way basic needs partners
Indiana,Dubois,basic-needs,Basic Needs,B,2,regional,211; United Way basic needs partners
Indiana,Elkhart,basic-needs,Basic Needs,B,2,regional,211; United Way basic needs partners
Indiana,Fayette,basic-needs,Basic Needs,B,2,regional,211; United Way basic needs partners
Indiana,Floyd,basic-needs,Basic Needs,B,2,regional,211; United Way basic needs partners
Indiana,Fountain,basic-needs,Basic Needs,B,2,regional,211; United Way basic needs partners
Indiana,Franklin,basic-needs,Basic Needs,B,2,regional,211; United Way basic needs partners
Indiana,Fulton,basic-needs,Basic Needs,B,2,regional,211; United Way basic needs partners
Indiana,Gibson,basic-needs,Basic Needs,B,2,regional,211; United Way basic needs partners
Indiana,Grant,basic-needs,Basic Needs,B,2,regional,211; United Way basic needs partners
Indiana,Greene,basic-needs,Basic Needs,B,2,regional,211; United Way basic needs partners
Indiana,Hamilton,basic-needs,Basic Needs,B,2,regional,211; United Way basic needs partners
Indiana,Hancock,basic-needs,Basic Needs,B,2,regional,211; United Way basic needs partners
Indiana,Harrison,basic-needs,Basic Needs,B,2,regional,211; United Way basic needs partners
Indiana,Hendricks,basic-needs,Basic Needs,B,2,regional,211; United Way basic needs partners
Indiana,Henry,basic-needs,Basic Needs,B,2,regional,211; United Way basic needs partners
Indiana,Huntington,basic-needs,Basic Needs,B,2,regional,211; United Way basic needs partners
Indiana,Jackson,basic-needs,Basic Needs,B,2,regional,211; United Way basic needs partners
Indiana,Jasper,basic-needs,Basic Needs,B,2,regional,211; United Way basic needs partners
Indiana,Jay,basic-needs,Basic Needs,B,2,regional,211; United Way basic needs partners
Indiana,Jefferson,basic-needs,Basic Needs,B,2,regional,211; United Way basic needs partners
Indiana,Jennings,basic-needs,Basic Needs,B,2,regional,211; United Way basic needs partners
Indiana,Johnson,basic-needs,Basic Needs,B,2,regional,211; United Way basic needs partners
Indiana,Knox,basic-needs,Basic Needs,B,2,regional,211; United Way basic needs partners
Indiana,Kosciusko,basic-needs,Basic Needs,B,2,regional,211; United Way basic needs partners
Indiana,LaGrange,basic-needs,Basic Needs,B,2,regional,211; United Way basic needs partners
Indiana,LaPorte,basic-needs,Basic Needs,B,2,regional,211; United Way basic needs partners
Indiana,Lake,basic-needs,Basic Needs,B,2,regional,211; United Way basic needs partners
Indiana,Lawrence,basic-needs,Basic Needs,B,2,regional,211; United Way basic needs partners
Indiana,Madison,basic-needs,Basic Needs,B,2,regional,211; United Way basic needs partners
Indiana,Marshall,basic-needs,Basic Needs,B,2,regional,211; United Way basic needs partners
Indiana,Martin,basic-needs,Basic Needs,B,2,regional,211; United Way basic needs partners
Indiana,Miami,basic-needs,Basic Needs,B,2,regional,211; United Way basic needs partners
Indiana,Monroe,basic-needs,Basic Needs,B,2,regional,211; United Way basic needs partners
Indiana,Montgomery,basic-needs,Basic Needs,B,2,regional,211; United Way basic needs partners
Indiana,Morgan,basic-needs,Basic Needs,B,2,regional,211; United Way basic needs partners
Indiana,Newton,basic-needs,Basic Needs,B,2,regional,211; United Way basic needs partners
Indiana,Noble,basic-needs,Basic Needs,B,2,regional,211; United Way basic needs partners
Indiana,Ohio,basic-needs,Basic Needs,B,2,regional,211; United Way basic needs partners
Indiana,Orange,basic-needs,Basic Needs,B,2,regional,211; United Way basic needs partners
Indiana,Owen,basic-needs,Basic Needs,B,2,regional,211; United Way basic needs partners
Indiana,Parke,basic-needs,Basic Needs,B,2,regional,211; United Way basic needs partners
Indiana,Perry,basic-needs,Basic Needs,B,2,regional,211; United Way basic needs partners
Indiana,Pike,basic-needs,Basic Needs,B,2,regional,211; United Way basic needs partners
Indiana,Porter,basic-needs,Basic Needs,B,2,regional,211; United Way basic needs partners
Indiana,Posey,basic-needs,Basic Needs,B,2,regional,211; United Way basic needs partners
Indiana,Pulaski,basic-needs,Basic Needs,B,2,regional,211; United Way basic needs partners
Indiana,Putnam,basic-needs,Basic Needs,B,2,regional,211; United Way basic needs partners
Indiana,Randolph,basic-needs,Basic Needs,B,2,regional,211; United Way basic needs partners
Indiana,Ripley,basic-needs,Basic Needs,B,2,regional,211; United Way basic needs partners
Indiana,Rush,basic-needs,Basic Needs,B,2,regional,211; United Way basic needs partners
Indiana,Scott,basic-needs,Basic Needs,B,2,regional,211; United Way basic needs partners
Indiana,Shelby,basic-needs,Basic Needs,B,2,regional,211; United Way basic needs partners
Indiana,Spencer,basic-needs,Basic Needs,B,2,regional,211; United Way basic needs partners
Indiana,Starke,basic-needs,Basic Needs,B,2,regional,211; United Way basic needs partners
Indiana,Steuben,basic-needs,Basic Needs,B,2,regional,211; United Way basic needs partners
Indiana,Sullivan,basic-needs,Basic Needs,B,2,regional,211; United Way basic needs partners
Indiana,Switzerland,basic-needs,Basic Needs,B,2,regional,211; United Way basic needs partners
Indiana,Tippecanoe,basic-needs,Basic Needs,B,2,regional,211; United Way basic needs partners
Indiana,Tipton,basic-needs,Basic Needs,B,2,regional,211; United Way basic needs partners
Indiana,Union,basic-needs,Basic Needs,B,2,regional,211; United Way basic needs partners
Indiana,Vermillion,basic-needs,Basic Needs,B,2,regional,211; United Way basic needs partners
Indiana,Vigo,basic-needs,Basic Needs,B,2,regional,211; United Way basic needs partners
Indiana,Wabash,basic-needs,Basic Needs,B,2,regional,211; United Way basic needs partners
Indiana,Warren,basic-needs,Basic Needs,B,2,regional,211; United Way basic needs partners
Indiana,Warrick,basic-needs,Basic Needs,B,2,regional,211; United Way basic needs partners
Indiana,Washington,basic-needs,Basic Needs,B,2,regional,211; United Way basic needs partners
Indiana,Wayne,basic-needs,Basic Needs,B,2,regional,211; United Way basic needs partners
Indiana,Wells,basic-needs,Basic Needs,B,2,regional,211; United Way basic needs partners
Indiana,White,basic-needs,Basic Needs,B,2,regional,211; United Way basic needs partners
Indiana,Whitley,basic-needs,Basic Needs,B,2,regional,211; United Way basic needs partners
Indiana,Adams,reentry-organizations,Reentry Organizations,B,2,regional,State reentry council; nonprofit coalitions
Indiana,Bartholomew,reentry-organizations,Reentry Organizations,B,2,regional,State reentry council; nonprofit coalitions
Indiana,Benton,reentry-organizations,Reentry Organizations,B,2,regional,State reentry council; nonprofit coalitions
Indiana,Blackford,reentry-organizations,Reentry Organizations,B,2,regional,State reentry council; nonprofit coalitions
Indiana,Boone,reentry-organizations,Reentry Organizations,B,2,regional,State reentry council; nonprofit coalitions
Indiana,Brown,reentry-organizations,Reentry Organizations,B,2,regional,State reentry council; nonprofit coalitions
Indiana,Carroll,reentry-organizations,Reentry Organizations,B,2,regional,State reentry council; nonprofit coalitions
Indiana,Cass,reentry-organizations,Reentry Organizations,B,2,regional,State reentry council; nonprofit coalitions
Indiana,Clark,reentry-organizations,Reentry Organizations,B,2,regional,State reentry council; nonprofit coalitions
Indiana,Clay,reentry-organizations,Reentry Organizations,B,2,regional,State reentry council; nonprofit coalitions
Indiana,Clinton,reentry-organizations,Reentry Organizations,B,2,regional,State reentry council; nonprofit coalitions
Indiana,Crawford,reentry-organizations,Reentry Organizations,B,2,regional,State reentry council; nonprofit coalitions
Indiana,Dearborn,reentry-organizations,Reentry Organizations,B,2,regional,State reentry council; nonprofit coalitions
Indiana,Decatur,reentry-organizations,Reentry Organizations,B,2,regional,State reentry council; nonprofit coalitions
Indiana,Delaware,reentry-organizations,Reentry Organizations,B,2,regional,State reentry council; nonprofit coalitions
Indiana,Fayette,reentry-organizations,Reentry Organizations,B,2,regional,State reentry council; nonprofit coalitions
Indiana,Floyd,reentry-organizations,Reentry Organizations,B,2,regional,State reentry council; nonprofit coalitions
Indiana,Fountain,reentry-organizations,Reentry Organizations,B,2,regional,State reentry council; nonprofit coalitions
Indiana,Franklin,reentry-organizations,Reentry Organizations,B,2,regional,State reentry council; nonprofit coalitions
Indiana,Fulton,reentry-organizations,Reentry Organizations,B,2,regional,State reentry council; nonprofit coalitions
Indiana,Grant,reentry-organizations,Reentry Organizations,B,2,regional,State reentry council; nonprofit coalitions
Indiana,Greene,reentry-organizations,Reentry Organizations,B,2,regional,State reentry council; nonprofit coalitions
Indiana,Hancock,reentry-organizations,Reentry Organizations,B,2,regional,State reentry council; nonprofit coalitions
Indiana,Harrison,reentry-organizations,Reentry Organizations,B,2,regional,State reentry council; nonprofit coalitions
Indiana,Hendricks,reentry-organizations,Reentry Organizations,B,2,regional,State reentry council; nonprofit coalitions
Indiana,Henry,reentry-organizations,Reentry Organizations,B,2,regional,State reentry council; nonprofit coalitions
Indiana,Howard,reentry-organizations,Reentry Organizations,B,2,regional,State reentry council; nonprofit coalitions
Indiana,Huntington,reentry-organizations,Reentry Organizations,B,2,regional,State reentry council; nonprofit coalitions
Indiana,Jackson,reentry-organizations,Reentry Organizations,B,2,regional,State reentry council; nonprofit coalitions
Indiana,Jasper,reentry-organizations,Reentry Organizations,B,2,regional,State reentry council; nonprofit coalitions
Indiana,Jay,reentry-organizations,Reentry Organizations,B,2,regional,State reentry council; nonprofit coalitions
Indiana,Jefferson,reentry-organizations,Reentry Organizations,B,2,regional,State reentry council; nonprofit coalitions
Indiana,Jennings,reentry-organizations,Reentry Organizations,B,2,regional,State reentry council; nonprofit coalitions
Indiana,Johnson,reentry-organizations,Reentry Organizations,B,2,regional,State reentry council; nonprofit coalitions
Indiana,Kosciusko,reentry-organizations,Reentry Organizations,B,2,regional,State reentry council; nonprofit coalitions
Indiana,LaGrange,reentry-organizations,Reentry Organizations,B,2,regional,State reentry council; nonprofit coalitions
Indiana,LaPorte,reentry-organizations,Reentry Organizations,B,2,regional,State reentry council; nonprofit coalitions
Indiana,Lawrence,reentry-organizations,Reentry Organizations,B,2,regional,State reentry council; nonprofit coalitions
Indiana,Madison,reentry-organizations,Reentry Organizations,B,2,regional,State reentry council; nonprofit coalitions
Indiana,Marshall,reentry-organizations,Reentry Organizations,B,2,regional,State reentry council; nonprofit coalitions
Indiana,Miami,reentry-organizations,Reentry Organizations,B,2,regional,State reentry council; nonprofit coalitions
Indiana,Montgomery,reentry-organizations,Reentry Organizations,B,2,regional,State reentry council; nonprofit coalitions
Indiana,Morgan,reentry-organizations,Reentry Organizations,B,2,regional,State reentry council; nonprofit coalitions
Indiana,Newton,reentry-organizations,Reentry Organizations,B,2,regional,State reentry council; nonprofit coalitions
Indiana,Ohio,reentry-organizations,Reentry Organizations,B,2,regional,State reentry council; nonprofit coalitions
Indiana,Orange,reentry-organizations,Reentry Organizations,B,2,regional,State reentry council; nonprofit coalitions
Indiana,Owen,reentry-organizations,Reentry Organizations,B,2,regional,State reentry council; nonprofit coalitions
Indiana,Parke,reentry-organizations,Reentry Organizations,B,2,regional,State reentry council; nonprofit coalitions
Indiana,Perry,reentry-organizations,Reentry Organizations,B,2,regional,State reentry council; nonprofit coalitions
Indiana,Porter,reentry-organizations,Reentry Organizations,B,2,regional,State reentry council; nonprofit coalitions
Indiana,Pulaski,reentry-organizations,Reentry Organizations,B,2,regional,State reentry council; nonprofit coalitions
Indiana,Putnam,reentry-organizations,Reentry Organizations,B,2,regional,State reentry council; nonprofit coalitions
Indiana,Randolph,reentry-organizations,Reentry Organizations,B,2,regional,State reentry council; nonprofit coalitions
Indiana,Ripley,reentry-organizations,Reentry Organizations,B,2,regional,State reentry council; nonprofit coalitions
Indiana,Rush,reentry-organizations,Reentry Organizations,B,2,regional,State reentry council; nonprofit coalitions
Indiana,Scott,reentry-organizations,Reentry Organizations,B,2,regional,State reentry council; nonprofit coalitions
Indiana,Shelby,reentry-organizations,Reentry Organizations,B,2,regional,State reentry council; nonprofit coalitions
Indiana,Starke,reentry-organizations,Reentry Organizations,B,2,regional,State reentry council; nonprofit coalitions
Indiana,Sullivan,reentry-organizations,Reentry Organizations,B,2,regional,State reentry council; nonprofit coalitions
Indiana,Switzerland,reentry-organizations,Reentry Organizations,B,2,regional,State reentry council; nonprofit coalitions
Indiana,Tipton,reentry-organizations,Reentry Organizations,B,2,regional,State reentry council; nonprofit coalitions
Indiana,Union,reentry-organizations,Reentry Organizations,B,2,regional,State reentry council; nonprofit coalitions
Indiana,Vermillion,reentry-organizations,Reentry Organizations,B,2,regional,State reentry council; nonprofit coalitions
Indiana,Wabash,reentry-organizations,Reentry Organizations,B,2,regional,State reentry council; nonprofit coalitions
Indiana,Warren,reentry-organizations,Reentry Organizations,B,2,regional,State reentry council; nonprofit coalitions
Indiana,Washington,reentry-organizations,Reentry Organizations,B,2,regional,State reentry council; nonprofit coalitions
Indiana,Wayne,reentry-organizations,Reentry Organizations,B,2,regional,State reentry council; nonprofit coalitions
Indiana,Wells,reentry-organizations,Reentry Organizations,B,2,regional,State reentry council; nonprofit coalitions
Indiana,White,reentry-organizations,Reentry Organizations,B,2,regional,State reentry council; nonprofit coalitions
Kentucky,Adair,id-documentation,ID & Documentation,B,2,regional,Legal aid ID clinic; circuit clerk vital records
Kentucky,Allen,id-documentation,ID & Documentation,B,2,regional,Legal aid ID clinic; circuit clerk vital records
Kentucky,Anderson,id-documentation,ID & Documentation,B,2,regional,Legal aid ID clinic; circuit clerk vital records
Kentucky,Ballard,id-documentation,ID & Documentation,B,2,regional,Legal aid ID clinic; circuit clerk vital records
Kentucky,Barren,id-documentation,ID & Documentation,B,2,regional,Legal aid ID clinic; circuit clerk vital records
Kentucky,Bath,id-documentation,ID & Documentation,B,2,regional,Legal aid ID clinic; circuit clerk vital records
Kentucky,Bell,id-documentation,ID & Documentation,B,2,regional,Legal aid ID clinic; circuit clerk vital records
Kentucky,Boone,id-documentation,ID & Documentation,B,2,regional,Legal aid ID clinic; circuit clerk vital records
Kentucky,Bourbon,id-documentation,ID & Documentation,B,2,regional,Legal aid ID clinic; circuit clerk vital records
Kentucky,Boyd,id-documentation,ID & Documentation,B,2,regional,Legal aid ID clinic; circuit clerk vital records
Kentucky,Boyle,id-documentation,ID & Documentation,B,2,regional,Legal aid ID clinic; circuit clerk vital records
Kentucky,Bracken,id-documentation,ID & Documentation,B,2,regional,Legal aid ID clinic; circuit clerk vital records
Kentucky,Breathitt,id-documentation,ID & Documentation,B,2,regional,Legal aid ID clinic; circuit clerk vital records
Kentucky,Breckinridge,id-documentation,ID & Documentation,B,2,regional,Legal aid ID clinic; circuit clerk vital records
Kentucky,Bullitt,id-documentation,ID & Documentation,B,2,regional,Legal aid ID clinic; circuit clerk vital records
Kentucky,Butler,id-documentation,ID & Documentation,B,2,regional,Legal aid ID clinic; circuit clerk vital records
Kentucky,Caldwell,id-documentation,ID & Documentation,B,2,regional,Legal aid ID clinic; circuit clerk vital records
Kentucky,Calloway,id-documentation,ID & Documentation,B,2,regional,Legal aid ID clinic; circuit clerk vital records
Kentucky,Campbell,id-documentation,ID & Documentation,B,2,regional,Legal aid ID clinic; circuit clerk vital records
Kentucky,Carlisle,id-documentation,ID & Documentation,B,2,regional,Legal aid ID clinic; circuit clerk vital records
Kentucky,Carroll,id-documentation,ID & Documentation,B,2,regional,Legal aid ID clinic; circuit clerk vital records
Kentucky,Carter,id-documentation,ID & Documentation,B,2,regional,Legal aid ID clinic; circuit clerk vital records
Kentucky,Casey,id-documentation,ID & Documentation,B,2,regional,Legal aid ID clinic; circuit clerk vital records
Kentucky,Christian,id-documentation,ID & Documentation,B,2,regional,Legal aid ID clinic; circuit clerk vital records
Kentucky,Clark,id-documentation,ID & Documentation,B,2,regional,Legal aid ID clinic; circuit clerk vital records
Kentucky,Clay,id-documentation,ID & Documentation,B,2,regional,Legal aid ID clinic; circuit clerk vital records
Kentucky,Clinton,id-documentation,ID & Documentation,B,2,regional,Legal aid ID clinic; circuit clerk vital records
Kentucky,Crittenden,id-documentation,ID & Documentation,B,2,regional,Legal aid ID clinic; circuit clerk vital records
Kentucky,Cumberland,id-documentation,ID & Documentation,B,2,regional,Legal aid ID clinic; circuit clerk vital records
Kentucky,Daviess,id-documentation,ID & Documentation,B,2,regional,Legal aid ID clinic; circuit clerk vital records
Kentucky,Edmonson,id-documentation,ID & Documentation,B,2,regional,Legal aid ID clinic; circuit clerk vital records
Kentucky,Elliott,id-documentation,ID & Documentation,B,2,regional,Legal aid ID clinic; circuit clerk vital records
Kentucky,Estill,id-documentation,ID & Documentation,B,2,regional,Legal aid ID clinic; circuit clerk vital records
Kentucky,Fleming,id-documentation,ID & Documentation,B,2,regional,Legal aid ID clinic; circuit clerk vital records
Kentucky,Floyd,id-documentation,ID & Documentation,B,2,regional,Legal aid ID clinic; circuit clerk vital records
Kentucky,Franklin,id-documentation,ID & Documentation,B,2,regional,Legal aid ID clinic; circuit clerk vital records
Kentucky,Fulton,id-documentation,ID & Documentation,B,2,regional,Legal aid ID clinic; circuit clerk vital records
Kentucky,Gallatin,id-documentation,ID & Documentation,B,2,regional,Legal aid ID clinic; circuit clerk vital records
Kentucky,Garrard,id-documentation,ID & Documentation,B,2,regional,Legal aid ID clinic; circuit clerk vital records
Kentucky,Grant,id-documentation,ID & Documentation,B,2,regional,Legal aid ID clinic; circuit clerk vital records
Kentucky,Graves,id-documentation,ID & Documentation,B,2,regional,Legal aid ID clinic; circuit clerk vital records
Kentucky,Grayson,id-documentation,ID & Documentation,B,2,regional,Legal aid ID clinic; circuit clerk vital records
Kentucky,Green,id-documentation,ID & Documentation,B,2,regional,Legal aid ID clinic; circuit clerk vital records
Kentucky,Greenup,id-documentation,ID & Documentation,B,2,regional,Legal aid ID clinic; circuit clerk vital records
Kentucky,Hancock,id-documentation,ID & Documentation,B,2,regional,Legal aid ID clinic; circuit clerk vital records
Kentucky,Hardin,id-documentation,ID & Documentation,B,2,regional,Legal aid ID clinic; circuit clerk vital records
Kentucky,Harlan,id-documentation,ID & Documentation,B,2,regional,Legal aid ID clinic; circuit clerk vital records
Kentucky,Harrison,id-documentation,ID & Documentation,B,2,regional,Legal aid ID clinic; circuit clerk vital records
Kentucky,Hart,id-documentation,ID & Documentation,B,2,regional,Legal aid ID clinic; circuit clerk vital records
Kentucky,Henderson,id-documentation,ID & Documentation,B,2,regional,Legal aid ID clinic; circuit clerk vital records
Kentucky,Henry,id-documentation,ID & Documentation,B,2,regional,Legal aid ID clinic; circuit clerk vital records
Kentucky,Hickman,id-documentation,ID & Documentation,B,2,regional,Legal aid ID clinic; circuit clerk vital records
Kentucky,Hopkins,id-documentation,ID & Documentation,B,2,regional,Legal aid ID clinic; circuit clerk vital records
Kentucky,Jackson,id-documentation,ID & Documentation,B,2,regional,Legal aid ID clinic; circuit clerk vital records
Kentucky,Jessamine,id-documentation,ID & Documentation,B,2,regional,Legal aid ID clinic; circuit clerk vital records
Kentucky,Johnson,id-documentation,ID & Documentation,B,2,regional,Legal aid ID clinic; circuit clerk vital records
Kentucky,Kenton,id-documentation,ID & Documentation,B,2,regional,Legal aid ID clinic; circuit clerk vital records
Kentucky,Knott,id-documentation,ID & Documentation,B,2,regional,Legal aid ID clinic; circuit clerk vital records
Kentucky,Knox,id-documentation,ID & Documentation,B,2,regional,Legal aid ID clinic; circuit clerk vital records
Kentucky,Larue,id-documentation,ID & Documentation,B,2,regional,Legal aid ID clinic; circuit clerk vital records
Kentucky,Laurel,id-documentation,ID & Documentation,B,2,regional,Legal aid ID clinic; circuit clerk vital records
Kentucky,Lawrence,id-documentation,ID & Documentation,B,2,regional,Legal aid ID clinic; circuit clerk vital records
Kentucky,Lee,id-documentation,ID & Documentation,B,2,regional,Legal aid ID clinic; circuit clerk vital records
Kentucky,Leslie,id-documentation,ID & Documentation,B,2,regional,Legal aid ID clinic; circuit clerk vital records
Kentucky,Letcher,id-documentation,ID & Documentation,B,2,regional,Legal aid ID clinic; circuit clerk vital records
Kentucky,Lewis,id-documentation,ID & Documentation,B,2,regional,Legal aid ID clinic; circuit clerk vital records
Kentucky,Lincoln,id-documentation,ID & Documentation,B,2,regional,Legal aid ID clinic; circuit clerk vital records
Kentucky,Livingston,id-documentation,ID & Documentation,B,2,regional,Legal aid ID clinic; circuit clerk vital records
Kentucky,Logan,id-documentation,ID & Documentation,B,2,regional,Legal aid ID clinic; circuit clerk vital records
Kentucky,Lyon,id-documentation,ID & Documentation,B,2,regional,Legal aid ID clinic; circuit clerk vital records
Kentucky,Madison,id-documentation,ID & Documentation,B,2,regional,Legal aid ID clinic; circuit clerk vital records
Kentucky,Magoffin,id-documentation,ID & Documentation,B,2,regional,Legal aid ID clinic; circuit clerk vital records
Kentucky,Marion,id-documentation,ID & Documentation,B,2,regional,Legal aid ID clinic; circuit clerk vital records
Kentucky,Marshall,id-documentation,ID & Documentation,B,2,regional,Legal aid ID clinic; circuit clerk vital records
Kentucky,Martin,id-documentation,ID & Documentation,B,2,regional,Legal aid ID clinic; circuit clerk vital records
Kentucky,Mason,id-documentation,ID & Documentation,B,2,regional,Legal aid ID clinic; circuit clerk vital records
Kentucky,McCracken,id-documentation,ID & Documentation,B,2,regional,Legal aid ID clinic; circuit clerk vital records
Kentucky,McCreary,id-documentation,ID & Documentation,B,2,regional,Legal aid ID clinic; circuit clerk vital records
Kentucky,McLean,id-documentation,ID & Documentation,B,2,regional,Legal aid ID clinic; circuit clerk vital records
Kentucky,Meade,id-documentation,ID & Documentation,B,2,regional,Legal aid ID clinic; circuit clerk vital records
Kentucky,Menifee,id-documentation,ID & Documentation,B,2,regional,Legal aid ID clinic; circuit clerk vital records
Kentucky,Mercer,id-documentation,ID & Documentation,B,2,regional,Legal aid ID clinic; circuit clerk vital records
Kentucky,Metcalfe,id-documentation,ID & Documentation,B,2,regional,Legal aid ID clinic; circuit clerk vital records
Kentucky,Monroe,id-documentation,ID & Documentation,B,2,regional,Legal aid ID clinic; circuit clerk vital records
Kentucky,Montgomery,id-documentation,ID & Documentation,B,2,regional,Legal aid ID clinic; circuit clerk vital records
Kentucky,Morgan,id-documentation,ID & Documentation,B,2,regional,Legal aid ID clinic; circuit clerk vital records
Kentucky,Muhlenberg,id-documentation,ID & Documentation,B,2,regional,Legal aid ID clinic; circuit clerk vital records
Kentucky,Nelson,id-documentation,ID & Documentation,B,2,regional,Legal aid ID clinic; circuit clerk vital records
Kentucky,Nicholas,id-documentation,ID & Documentation,B,2,regional,Legal aid ID clinic; circuit clerk vital records
Kentucky,Ohio,id-documentation,ID & Documentation,B,2,regional,Legal aid ID clinic; circuit clerk vital records
Kentucky,Oldham,id-documentation,ID & Documentation,B,2,regional,Legal aid ID clinic; circuit clerk vital records
Kentucky,Owen,id-documentation,ID & Documentation,B,2,regional,Legal aid ID clinic; circuit clerk vital records
Kentucky,Owsley,id-documentation,ID & Documentation,B,2,regional,Legal aid ID clinic; circuit clerk vital records
Kentucky,Pendleton,id-documentation,ID & Documentation,B,2,regional,Legal aid ID clinic; circuit clerk vital records
Kentucky,Perry,id-documentation,ID & Documentation,B,2,regional,Legal aid ID clinic; circuit clerk vital records
Kentucky,Pike,id-documentation,ID & Documentation,B,2,regional,Legal aid ID clinic; circuit clerk vital records
Kentucky,Powell,id-documentation,ID & Documentation,B,2,regional,Legal aid ID clinic; circuit clerk vital records
Kentucky,Pulaski,id-documentation,ID & Documentation,B,2,regional,Legal aid ID clinic; circuit clerk vital records
Kentucky,Robertson,id-documentation,ID & Documentation,B,2,regional,Legal aid ID clinic; circuit clerk vital records
Kentucky,Rockcastle,id-documentation,ID & Documentation,B,2,regional,Legal aid ID clinic; circuit clerk vital records
Kentucky,Rowan,id-documentation,ID & Documentation,B,2,regional,Legal aid ID clinic; circuit clerk vital records
Kentucky,Russell,id-documentation,ID & Documentation,B,2,regional,Legal aid ID clinic; circuit clerk vital records
Kentucky,Scott,id-documentation,ID & Documentation,B,2,regional,Legal aid ID clinic; circuit clerk vital records
Kentucky,Shelby,id-documentation,ID & Documentation,B,2,regional,Legal aid ID clinic; circuit clerk vital records
Kentucky,Simpson,id-documentation,ID & Documentation,B,2,regional,Legal aid ID clinic; circuit clerk vital records
Kentucky,Spencer,id-documentation,ID & Documentation,B,2,regional,Legal aid ID clinic; circuit clerk vital records
Kentucky,Taylor,id-documentation,ID & Documentation,B,2,regional,Legal aid ID clinic; circuit clerk vital records
Kentucky,Todd,id-documentation,ID & Documentation,B,2,regional,Legal aid ID clinic; circuit clerk vital records
Kentucky,Trigg,id-documentation,ID & Documentation,B,2,regional,Legal aid ID clinic; circuit clerk vital records
Kentucky,Trimble,id-documentation,ID & Documentation,B,2,regional,Legal aid ID clinic; circuit clerk vital records
Kentucky,Union,id-documentation,ID & Documentation,B,2,regional,Legal aid ID clinic; circuit clerk vital records
Kentucky,Warren,id-documentation,ID & Documentation,B,2,regional,Legal aid ID clinic; circuit clerk vital records
Kentucky,Washington,id-documentation,ID & Documentation,B,2,regional,Legal aid ID clinic; circuit clerk vital records
Kentucky,Wayne,id-documentation,ID & Documentation,B,2,regional,Legal aid ID clinic; circuit clerk vital records
Kentucky,Webster,id-documentation,ID & Documentation,B,2,regional,Legal aid ID clinic; circuit clerk vital records
Kentucky,Whitley,id-documentation,ID & Documentation,B,2,regional,Legal aid ID clinic; circuit clerk vital records
Kentucky,Wolfe,id-documentation,ID & Documentation,B,2,regional,Legal aid ID clinic; circuit clerk vital records
Kentucky,Woodford,id-documentation,ID & Documentation,B,2,regional,Legal aid ID clinic; circuit clerk vital records
Kentucky,Adair,transportation,Transportation,B,2,regional,Transit authority voucher programs
Kentucky,Allen,transportation,Transportation,B,2,regional,Transit authority voucher programs
Kentucky,Anderson,transportation,Transportation,B,2,regional,Transit authority voucher programs
Kentucky,Ballard,transportation,Transportation,B,2,regional,Transit authority voucher programs
Kentucky,Barren,transportation,Transportation,B,2,regional,Transit authority voucher programs
Kentucky,Bath,transportation,Transportation,B,2,regional,Transit authority voucher programs
Kentucky,Bell,transportation,Transportation,B,2,regional,Transit authority voucher programs
Kentucky,Bourbon,transportation,Transportation,B,2,regional,Transit authority voucher programs
Kentucky,Boyd,transportation,Transportation,B,2,regional,Transit authority voucher programs
Kentucky,Boyle,transportation,Transportation,B,2,regional,Transit authority voucher programs
Kentucky,Breathitt,transportation,Transportation,B,2,regional,Transit authority voucher programs
Kentucky,Breckinridge,transportation,Transportation,B,2,regional,Transit authority voucher programs
Kentucky,Bullitt,transportation,Transportation,B,2,regional,Transit authority voucher programs
Kentucky,Butler,transportation,Transportation,B,2,regional,Transit authority voucher programs
Kentucky,Caldwell,transportation,Transportation,B,2,regional,Transit authority voucher programs
Kentucky,Calloway,transportation,Transportation,B,2,regional,Transit authority voucher programs
Kentucky,Carlisle,transportation,Transportation,B,2,regional,Transit authority voucher programs
Kentucky,Carter,transportation,Transportation,B,2,regional,Transit authority voucher programs
Kentucky,Casey,transportation,Transportation,B,2,regional,Transit authority voucher programs
Kentucky,Christian,transportation,Transportation,B,2,regional,Transit authority voucher programs
Kentucky,Clark,transportation,Transportation,B,2,regional,Transit authority voucher programs
Kentucky,Clay,transportation,Transportation,B,2,regional,Transit authority voucher programs
Kentucky,Clinton,transportation,Transportation,B,2,regional,Transit authority voucher programs
Kentucky,Crittenden,transportation,Transportation,B,2,regional,Transit authority voucher programs
Kentucky,Cumberland,transportation,Transportation,B,2,regional,Transit authority voucher programs
Kentucky,Daviess,transportation,Transportation,B,2,regional,Transit authority voucher programs
Kentucky,Edmonson,transportation,Transportation,B,2,regional,Transit authority voucher programs
Kentucky,Elliott,transportation,Transportation,B,2,regional,Transit authority voucher programs
Kentucky,Estill,transportation,Transportation,B,2,regional,Transit authority voucher programs
Kentucky,Fleming,transportation,Transportation,B,2,regional,Transit authority voucher programs
Kentucky,Floyd,transportation,Transportation,B,2,regional,Transit authority voucher programs
Kentucky,Franklin,transportation,Transportation,B,2,regional,Transit authority voucher programs
Kentucky,Fulton,transportation,Transportation,B,2,regional,Transit authority voucher programs
Kentucky,Garrard,transportation,Transportation,B,2,regional,Transit authority voucher programs
Kentucky,Graves,transportation,Transportation,B,2,regional,Transit authority voucher programs
Kentucky,Grayson,transportation,Transportation,B,2,regional,Transit authority voucher programs
Kentucky,Green,transportation,Transportation,B,2,regional,Transit authority voucher programs
Kentucky,Greenup,transportation,Transportation,B,2,regional,Transit authority voucher programs
Kentucky,Hancock,transportation,Transportation,B,2,regional,Transit authority voucher programs
Kentucky,Hardin,transportation,Transportation,B,2,regional,Transit authority voucher programs
Kentucky,Harlan,transportation,Transportation,B,2,regional,Transit authority voucher programs
Kentucky,Harrison,transportation,Transportation,B,2,regional,Transit authority voucher programs
Kentucky,Hart,transportation,Transportation,B,2,regional,Transit authority voucher programs
Kentucky,Henderson,transportation,Transportation,B,2,regional,Transit authority voucher programs
Kentucky,Henry,transportation,Transportation,B,2,regional,Transit authority voucher programs
Kentucky,Hickman,transportation,Transportation,B,2,regional,Transit authority voucher programs
Kentucky,Hopkins,transportation,Transportation,B,2,regional,Transit authority voucher programs
Kentucky,Jackson,transportation,Transportation,B,2,regional,Transit authority voucher programs
Kentucky,Jessamine,transportation,Transportation,B,2,regional,Transit authority voucher programs
Kentucky,Johnson,transportation,Transportation,B,2,regional,Transit authority voucher programs
Kentucky,Knott,transportation,Transportation,B,2,regional,Transit authority voucher programs
Kentucky,Knox,transportation,Transportation,B,2,regional,Transit authority voucher programs
Kentucky,Larue,transportation,Transportation,B,2,regional,Transit authority voucher programs
Kentucky,Laurel,transportation,Transportation,B,2,regional,Transit authority voucher programs
Kentucky,Lawrence,transportation,Transportation,B,2,regional,Transit authority voucher programs
Kentucky,Lee,transportation,Transportation,B,2,regional,Transit authority voucher programs
Kentucky,Leslie,transportation,Transportation,B,2,regional,Transit authority voucher programs
Kentucky,Letcher,transportation,Transportation,B,2,regional,Transit authority voucher programs
Kentucky,Lewis,transportation,Transportation,B,2,regional,Transit authority voucher programs
Kentucky,Lincoln,transportation,Transportation,B,2,regional,Transit authority voucher programs
Kentucky,Livingston,transportation,Transportation,B,2,regional,Transit authority voucher programs
Kentucky,Logan,transportation,Transportation,B,2,regional,Transit authority voucher programs
Kentucky,Lyon,transportation,Transportation,B,2,regional,Transit authority voucher programs
Kentucky,Madison,transportation,Transportation,B,2,regional,Transit authority voucher programs
Kentucky,Magoffin,transportation,Transportation,B,2,regional,Transit authority voucher programs
Kentucky,Marion,transportation,Transportation,B,2,regional,Transit authority voucher programs
Kentucky,Marshall,transportation,Transportation,B,2,regional,Transit authority voucher programs
Kentucky,Martin,transportation,Transportation,B,2,regional,Transit authority voucher programs
Kentucky,Mason,transportation,Transportation,B,2,regional,Transit authority voucher programs
Kentucky,McCracken,transportation,Transportation,B,2,regional,Transit authority voucher programs
Kentucky,McCreary,transportation,Transportation,B,2,regional,Transit authority voucher programs
Kentucky,McLean,transportation,Transportation,B,2,regional,Transit authority voucher programs
Kentucky,Meade,transportation,Transportation,B,2,regional,Transit authority voucher programs
Kentucky,Menifee,transportation,Transportation,B,2,regional,Transit authority voucher programs
Kentucky,Mercer,transportation,Transportation,B,2,regional,Transit authority voucher programs
Kentucky,Metcalfe,transportation,Transportation,B,2,regional,Transit authority voucher programs
Kentucky,Monroe,transportation,Transportation,B,2,regional,Transit authority voucher programs
Kentucky,Montgomery,transportation,Transportation,B,2,regional,Transit authority voucher programs
Kentucky,Morgan,transportation,Transportation,B,2,regional,Transit authority voucher programs
Kentucky,Muhlenberg,transportation,Transportation,B,2,regional,Transit authority voucher programs
Kentucky,Nelson,transportation,Transportation,B,2,regional,Transit authority voucher programs
Kentucky,Nicholas,transportation,Transportation,B,2,regional,Transit authority voucher programs
Kentucky,Ohio,transportation,Transportation,B,2,regional,Transit authority voucher programs
Kentucky,Oldham,transportation,Transportation,B,2,regional,Transit authority voucher programs
Kentucky,Owsley,transportation,Transportation,B,2,regional,Transit authority voucher programs
Kentucky,Perry,transportation,Transportation,B,2,regional,Transit authority voucher programs
Kentucky,Pike,transportation,Transportation,B,2,regional,Transit authority voucher programs
Kentucky,Powell,transportation,Transportation,B,2,regional,Transit authority voucher programs
Kentucky,Pulaski,transportation,Transportation,B,2,regional,Transit authority voucher programs
Kentucky,Robertson,transportation,Transportation,B,2,regional,Transit authority voucher programs
Kentucky,Rockcastle,transportation,Transportation,B,2,regional,Transit authority voucher programs
Kentucky,Rowan,transportation,Transportation,B,2,regional,Transit authority voucher programs
Kentucky,Russell,transportation,Transportation,B,2,regional,Transit authority voucher programs
Kentucky,Scott,transportation,Transportation,B,2,regional,Transit authority voucher programs
Kentucky,Shelby,transportation,Transportation,B,2,regional,Transit authority voucher programs
Kentucky,Simpson,transportation,Transportation,B,2,regional,Transit authority voucher programs
Kentucky,Spencer,transportation,Transportation,B,2,regional,Transit authority voucher programs
Kentucky,Taylor,transportation,Transportation,B,2,regional,Transit authority voucher programs
Kentucky,Todd,transportation,Transportation,B,2,regional,Transit authority voucher programs
Kentucky,Trigg,transportation,Transportation,B,2,regional,Transit authority voucher programs
Kentucky,Trimble,transportation,Transportation,B,2,regional,Transit authority voucher programs
Kentucky,Union,transportation,Transportation,B,2,regional,Transit authority voucher programs
Kentucky,Warren,transportation,Transportation,B,2,regional,Transit authority voucher programs
Kentucky,Washington,transportation,Transportation,B,2,regional,Transit authority voucher programs
Kentucky,Wayne,transportation,Transportation,B,2,regional,Transit authority voucher programs
Kentucky,Webster,transportation,Transportation,B,2,regional,Transit authority voucher programs
Kentucky,Whitley,transportation,Transportation,B,2,regional,Transit authority voucher programs
Kentucky,Wolfe,transportation,Transportation,B,2,regional,Transit authority voucher programs
Kentucky,Woodford,transportation,Transportation,B,2,regional,Transit authority voucher programs
Kentucky,Adair,peer-support,Peer Support,B,2,regional,State peer certification roster
Kentucky,Allen,peer-support,Peer Support,B,2,regional,State peer certification roster
Kentucky,Anderson,peer-support,Peer Support,B,2,regional,State peer certification roster
Kentucky,Ballard,peer-support,Peer Support,B,2,regional,State peer certification roster
Kentucky,Barren,peer-support,Peer Support,B,2,regional,State peer certification roster
Kentucky,Bath,peer-support,Peer Support,B,2,regional,State peer certification roster
Kentucky,Boone,peer-support,Peer Support,B,2,regional,State peer certification roster
Kentucky,Bourbon,peer-support,Peer Support,B,2,regional,State peer certification roster
Kentucky,Boyd,peer-support,Peer Support,B,2,regional,State peer certification roster
Kentucky,Boyle,peer-support,Peer Support,B,2,regional,State peer certification roster
Kentucky,Bracken,peer-support,Peer Support,B,2,regional,State peer certification roster
Kentucky,Breckinridge,peer-support,Peer Support,B,2,regional,State peer certification roster
Kentucky,Bullitt,peer-support,Peer Support,B,2,regional,State peer certification roster
Kentucky,Butler,peer-support,Peer Support,B,2,regional,State peer certification roster
Kentucky,Caldwell,peer-support,Peer Support,B,2,regional,State peer certification roster
Kentucky,Calloway,peer-support,Peer Support,B,2,regional,State peer certification roster
Kentucky,Carlisle,peer-support,Peer Support,B,2,regional,State peer certification roster
Kentucky,Carroll,peer-support,Peer Support,B,2,regional,State peer certification roster
Kentucky,Casey,peer-support,Peer Support,B,2,regional,State peer certification roster
Kentucky,Christian,peer-support,Peer Support,B,2,regional,State peer certification roster
Kentucky,Clark,peer-support,Peer Support,B,2,regional,State peer certification roster
Kentucky,Clinton,peer-support,Peer Support,B,2,regional,State peer certification roster
Kentucky,Crittenden,peer-support,Peer Support,B,2,regional,State peer certification roster
Kentucky,Cumberland,peer-support,Peer Support,B,2,regional,State peer certification roster
Kentucky,Daviess,peer-support,Peer Support,B,2,regional,State peer certification roster
Kentucky,Edmonson,peer-support,Peer Support,B,2,regional,State peer certification roster
Kentucky,Estill,peer-support,Peer Support,B,2,regional,State peer certification roster
Kentucky,Fayette,peer-support,Peer Support,B,2,regional,State peer certification roster
Kentucky,Fleming,peer-support,Peer Support,B,2,regional,State peer certification roster
Kentucky,Franklin,peer-support,Peer Support,B,2,regional,State peer certification roster
Kentucky,Fulton,peer-support,Peer Support,B,2,regional,State peer certification roster
Kentucky,Gallatin,peer-support,Peer Support,B,2,regional,State peer certification roster
Kentucky,Garrard,peer-support,Peer Support,B,2,regional,State peer certification roster
Kentucky,Grant,peer-support,Peer Support,B,2,regional,State peer certification roster
Kentucky,Graves,peer-support,Peer Support,B,2,regional,State peer certification roster
Kentucky,Grayson,peer-support,Peer Support,B,2,regional,State peer certification roster
Kentucky,Green,peer-support,Peer Support,B,2,regional,State peer certification roster
Kentucky,Greenup,peer-support,Peer Support,B,2,regional,State peer certification roster
Kentucky,Hancock,peer-support,Peer Support,B,2,regional,State peer certification roster
Kentucky,Hardin,peer-support,Peer Support,B,2,regional,State peer certification roster
Kentucky,Harrison,peer-support,Peer Support,B,2,regional,State peer certification roster
Kentucky,Hart,peer-support,Peer Support,B,2,regional,State peer certification roster
Kentucky,Henderson,peer-support,Peer Support,B,2,regional,State peer certification roster
Kentucky,Henry,peer-support,Peer Support,B,2,regional,State peer certification roster
Kentucky,Hickman,peer-support,Peer Support,B,2,regional,State peer certification roster
Kentucky,Hopkins,peer-support,Peer Support,B,2,regional,State peer certification roster
Kentucky,Jessamine,peer-support,Peer Support,B,2,regional,State peer certification roster
Kentucky,Larue,peer-support,Peer Support,B,2,regional,State peer certification roster
Kentucky,Laurel,peer-support,Peer Support,B,2,regional,State peer certification roster
Kentucky,Lewis,peer-support,Peer Support,B,2,regional,State peer certification roster
Kentucky,Lincoln,peer-support,Peer Support,B,2,regional,State peer certification roster
Kentucky,Livingston,peer-support,Peer Support,B,2,regional,State peer certification roster
Kentucky,Logan,peer-support,Peer Support,B,2,regional,State peer certification roster
Kentucky,Lyon,peer-support,Peer Support,B,2,regional,State peer certification roster
Kentucky,Madison,peer-support,Peer Support,B,2,regional,State peer certification roster
Kentucky,Marion,peer-support,Peer Support,B,2,regional,State peer certification roster
Kentucky,Marshall,peer-support,Peer Support,B,2,regional,State peer certification roster
Kentucky,Mason,peer-support,Peer Support,B,2,regional,State peer certification roster
Kentucky,McCracken,peer-support,Peer Support,B,2,regional,State peer certification roster
Kentucky,McCreary,peer-support,Peer Support,B,2,regional,State peer certification roster
Kentucky,McLean,peer-support,Peer Support,B,2,regional,State peer certification roster
Kentucky,Meade,peer-support,Peer Support,B,2,regional,State peer certification roster
Kentucky,Mercer,peer-support,Peer Support,B,2,regional,State peer certification roster
Kentucky,Metcalfe,peer-support,Peer Support,B,2,regional,State peer certification roster
Kentucky,Monroe,peer-support,Peer Support,B,2,regional,State peer certification roster
Kentucky,Montgomery,peer-support,Peer Support,B,2,regional,State peer certification roster
Kentucky,Muhlenberg,peer-support,Peer Support,B,2,regional,State peer certification roster
Kentucky,Nelson,peer-support,Peer Support,B,2,regional,State peer certification roster
Kentucky,Nicholas,peer-support,Peer Support,B,2,regional,State peer certification roster
Kentucky,Ohio,peer-support,Peer Support,B,2,regional,State peer certification roster
Kentucky,Oldham,peer-support,Peer Support,B,2,regional,State peer certification roster
Kentucky,Owen,peer-support,Peer Support,B,2,regional,State peer certification roster
Kentucky,Pendleton,peer-support,Peer Support,B,2,regional,State peer certification roster
Kentucky,Powell,peer-support,Peer Support,B,2,regional,State peer certification roster
Kentucky,Pulaski,peer-support,Peer Support,B,2,regional,State peer certification roster
Kentucky,Robertson,peer-support,Peer Support,B,2,regional,State peer certification roster
Kentucky,Rockcastle,peer-support,Peer Support,B,2,regional,State peer certification roster
Kentucky,Rowan,peer-support,Peer Support,B,2,regional,State peer certification roster
Kentucky,Russell,peer-support,Peer Support,B,2,regional,State peer certification roster
Kentucky,Scott,peer-support,Peer Support,B,2,regional,State peer certification roster
Kentucky,Shelby,peer-support,Peer Support,B,2,regional,State peer certification roster
Kentucky,Simpson,peer-support,Peer Support,B,2,regional,State peer certification roster
Kentucky,Spencer,peer-support,Peer Support,B,2,regional,State peer certification roster
Kentucky,Taylor,peer-support,Peer Support,B,2,regional,State peer certification roster
Kentucky,Todd,peer-support,Peer Support,B,2,regional,State peer certification roster
Kentucky,Trigg,peer-support,Peer Support,B,2,regional,State peer certification roster
Kentucky,Trimble,peer-support,Peer Support,B,2,regional,State peer certification roster
Kentucky,Union,peer-support,Peer Support,B,2,regional,State peer certification roster
Kentucky,Warren,peer-support,Peer Support,B,2,regional,State peer certification roster
Kentucky,Washington,peer-support,Peer Support,B,2,regional,State peer certification roster
Kentucky,Wayne,peer-support,Peer Support,B,2,regional,State peer certification roster
Kentucky,Webster,peer-support,Peer Support,B,2,regional,State peer certification roster
Kentucky,Whitley,peer-support,Peer Support,B,2,regional,State peer certification roster
Kentucky,Woodford,peer-support,Peer Support,B,2,regional,State peer certification roster
Kentucky,Adair,family-children,Family & Children,B,2,regional,211; family reentry nonprofits
Kentucky,Allen,family-children,Family & Children,B,2,regional,211; family reentry nonprofits
Kentucky,Anderson,family-children,Family & Children,B,2,regional,211; family reentry nonprofits
Kentucky,Ballard,family-children,Family & Children,B,2,regional,211; family reentry nonprofits
Kentucky,Barren,family-children,Family & Children,B,2,regional,211; family reentry nonprofits
Kentucky,Bath,family-children,Family & Children,B,2,regional,211; family reentry nonprofits
Kentucky,Bell,family-children,Family & Children,B,2,regional,211; family reentry nonprofits
Kentucky,Boone,family-children,Family & Children,B,2,regional,211; family reentry nonprofits
Kentucky,Bourbon,family-children,Family & Children,B,2,regional,211; family reentry nonprofits
Kentucky,Boyd,family-children,Family & Children,B,2,regional,211; family reentry nonprofits
Kentucky,Boyle,family-children,Family & Children,B,2,regional,211; family reentry nonprofits
Kentucky,Bracken,family-children,Family & Children,B,2,regional,211; family reentry nonprofits
Kentucky,Breathitt,family-children,Family & Children,B,2,regional,211; family reentry nonprofits
Kentucky,Breckinridge,family-children,Family & Children,B,2,regional,211; family reentry nonprofits
Kentucky,Bullitt,family-children,Family & Children,B,2,regional,211; family reentry nonprofits
Kentucky,Butler,family-children,Family & Children,B,2,regional,211; family reentry nonprofits
Kentucky,Caldwell,family-children,Family & Children,B,2,regional,211; family reentry nonprofits
Kentucky,Calloway,family-children,Family & Children,B,2,regional,211; family reentry nonprofits
Kentucky,Campbell,family-children,Family & Children,B,2,regional,211; family reentry nonprofits
Kentucky,Carlisle,family-children,Family & Children,B,2,regional,211; family reentry nonprofits
Kentucky,Carroll,family-children,Family & Children,B,2,regional,211; family reentry nonprofits
Kentucky,Carter,family-children,Family & Children,B,2,regional,211; family reentry nonprofits
Kentucky,Casey,family-children,Family & Children,B,2,regional,211; family reentry nonprofits
Kentucky,Christian,family-children,Family & Children,B,2,regional,211; family reentry nonprofits
Kentucky,Clark,family-children,Family & Children,B,2,regional,211; family reentry nonprofits
Kentucky,Clay,family-children,Family & Children,B,2,regional,211; family reentry nonprofits
Kentucky,Clinton,family-children,Family & Children,B,2,regional,211; family reentry nonprofits
Kentucky,Crittenden,family-children,Family & Children,B,2,regional,211; family reentry nonprofits
Kentucky,Cumberland,family-children,Family & Children,B,2,regional,211; family reentry nonprofits
Kentucky,Daviess,family-children,Family & Children,B,2,regional,211; family reentry nonprofits
Kentucky,Edmonson,family-children,Family & Children,B,2,regional,211; family reentry nonprofits
Kentucky,Elliott,family-children,Family & Children,B,2,regional,211; family reentry nonprofits
Kentucky,Estill,family-children,Family & Children,B,2,regional,211; family reentry nonprofits
Kentucky,Fayette,family-children,Family & Children,B,2,regional,211; family reentry nonprofits
Kentucky,Fleming,family-children,Family & Children,B,2,regional,211; family reentry nonprofits
Kentucky,Floyd,family-children,Family & Children,B,2,regional,211; family reentry nonprofits
Kentucky,Franklin,family-children,Family & Children,B,2,regional,211; family reentry nonprofits
Kentucky,Fulton,family-children,Family & Children,B,2,regional,211; family reentry nonprofits
Kentucky,Gallatin,family-children,Family & Children,B,2,regional,211; family reentry nonprofits
Kentucky,Garrard,family-children,Family & Children,B,2,regional,211; family reentry nonprofits
Kentucky,Grant,family-children,Family & Children,B,2,regional,211; family reentry nonprofits
Kentucky,Graves,family-children,Family & Children,B,2,regional,211; family reentry nonprofits
Kentucky,Grayson,family-children,Family & Children,B,2,regional,211; family reentry nonprofits
Kentucky,Green,family-children,Family & Children,B,2,regional,211; family reentry nonprofits
Kentucky,Greenup,family-children,Family & Children,B,2,regional,211; family reentry nonprofits
Kentucky,Hancock,family-children,Family & Children,B,2,regional,211; family reentry nonprofits
Kentucky,Hardin,family-children,Family & Children,B,2,regional,211; family reentry nonprofits
Kentucky,Harlan,family-children,Family & Children,B,2,regional,211; family reentry nonprofits
Kentucky,Harrison,family-children,Family & Children,B,2,regional,211; family reentry nonprofits
Kentucky,Hart,family-children,Family & Children,B,2,regional,211; family reentry nonprofits
Kentucky,Henderson,family-children,Family & Children,B,2,regional,211; family reentry nonprofits
Kentucky,Henry,family-children,Family & Children,B,2,regional,211; family reentry nonprofits
Kentucky,Hickman,family-children,Family & Children,B,2,regional,211; family reentry nonprofits
Kentucky,Hopkins,family-children,Family & Children,B,2,regional,211; family reentry nonprofits
Kentucky,Jackson,family-children,Family & Children,B,2,regional,211; family reentry nonprofits
Kentucky,Jessamine,family-children,Family & Children,B,2,regional,211; family reentry nonprofits
Kentucky,Johnson,family-children,Family & Children,B,2,regional,211; family reentry nonprofits
Kentucky,Kenton,family-children,Family & Children,B,2,regional,211; family reentry nonprofits
Kentucky,Knott,family-children,Family & Children,B,2,regional,211; family reentry nonprofits
Kentucky,Knox,family-children,Family & Children,B,2,regional,211; family reentry nonprofits
Kentucky,Larue,family-children,Family & Children,B,2,regional,211; family reentry nonprofits
Kentucky,Laurel,family-children,Family & Children,B,2,regional,211; family reentry nonprofits
Kentucky,Lawrence,family-children,Family & Children,B,2,regional,211; family reentry nonprofits
Kentucky,Lee,family-children,Family & Children,B,2,regional,211; family reentry nonprofits
Kentucky,Leslie,family-children,Family & Children,B,2,regional,211; family reentry nonprofits
Kentucky,Letcher,family-children,Family & Children,B,2,regional,211; family reentry nonprofits
Kentucky,Lewis,family-children,Family & Children,B,2,regional,211; family reentry nonprofits
Kentucky,Lincoln,family-children,Family & Children,B,2,regional,211; family reentry nonprofits
Kentucky,Livingston,family-children,Family & Children,B,2,regional,211; family reentry nonprofits
Kentucky,Logan,family-children,Family & Children,B,2,regional,211; family reentry nonprofits
Kentucky,Lyon,family-children,Family & Children,B,2,regional,211; family reentry nonprofits
Kentucky,Madison,family-children,Family & Children,B,2,regional,211; family reentry nonprofits
Kentucky,Magoffin,family-children,Family & Children,B,2,regional,211; family reentry nonprofits
Kentucky,Marion,family-children,Family & Children,B,2,regional,211; family reentry nonprofits
Kentucky,Marshall,family-children,Family & Children,B,2,regional,211; family reentry nonprofits
Kentucky,Martin,family-children,Family & Children,B,2,regional,211; family reentry nonprofits
Kentucky,Mason,family-children,Family & Children,B,2,regional,211; family reentry nonprofits
Kentucky,McCracken,family-children,Family & Children,B,2,regional,211; family reentry nonprofits
Kentucky,McCreary,family-children,Family & Children,B,2,regional,211; family reentry nonprofits
Kentucky,McLean,family-children,Family & Children,B,2,regional,211; family reentry nonprofits
Kentucky,Meade,family-children,Family & Children,B,2,regional,211; family reentry nonprofits
Kentucky,Menifee,family-children,Family & Children,B,2,regional,211; family reentry nonprofits
Kentucky,Mercer,family-children,Family & Children,B,2,regional,211; family reentry nonprofits
Kentucky,Metcalfe,family-children,Family & Children,B,2,regional,211; family reentry nonprofits
Kentucky,Monroe,family-children,Family & Children,B,2,regional,211; family reentry nonprofits
Kentucky,Montgomery,family-children,Family & Children,B,2,regional,211; family reentry nonprofits
Kentucky,Morgan,family-children,Family & Children,B,2,regional,211; family reentry nonprofits
Kentucky,Muhlenberg,family-children,Family & Children,B,2,regional,211; family reentry nonprofits
Kentucky,Nelson,family-children,Family & Children,B,2,regional,211; family reentry nonprofits
Kentucky,Nicholas,family-children,Family & Children,B,2,regional,211; family reentry nonprofits
Kentucky,Ohio,family-children,Family & Children,B,2,regional,211; family reentry nonprofits
Kentucky,Oldham,family-children,Family & Children,B,2,regional,211; family reentry nonprofits
Kentucky,Owen,family-children,Family & Children,B,2,regional,211; family reentry nonprofits
Kentucky,Owsley,family-children,Family & Children,B,2,regional,211; family reentry nonprofits
Kentucky,Pendleton,family-children,Family & Children,B,2,regional,211; family reentry nonprofits
Kentucky,Perry,family-children,Family & Children,B,2,regional,211; family reentry nonprofits
Kentucky,Pike,family-children,Family & Children,B,2,regional,211; family reentry nonprofits
Kentucky,Powell,family-children,Family & Children,B,2,regional,211; family reentry nonprofits
Kentucky,Pulaski,family-children,Family & Children,B,2,regional,211; family reentry nonprofits
Kentucky,Robertson,family-children,Family & Children,B,2,regional,211; family reentry nonprofits
Kentucky,Rockcastle,family-children,Family & Children,B,2,regional,211; family reentry nonprofits
Kentucky,Rowan,family-children,Family & Children,B,2,regional,211; family reentry nonprofits
Kentucky,Russell,family-children,Family & Children,B,2,regional,211; family reentry nonprofits
Kentucky,Scott,family-children,Family & Children,B,2,regional,211; family reentry nonprofits
Kentucky,Shelby,family-children,Family & Children,B,2,regional,211; family reentry nonprofits
Kentucky,Simpson,family-children,Family & Children,B,2,regional,211; family reentry nonprofits
Kentucky,Spencer,family-children,Family & Children,B,2,regional,211; family reentry nonprofits
Kentucky,Taylor,family-children,Family & Children,B,2,regional,211; family reentry nonprofits
Kentucky,Todd,family-children,Family & Children,B,2,regional,211; family reentry nonprofits
Kentucky,Trigg,family-children,Family & Children,B,2,regional,211; family reentry nonprofits
Kentucky,Trimble,family-children,Family & Children,B,2,regional,211; family reentry nonprofits
Kentucky,Union,family-children,Family & Children,B,2,regional,211; family reentry nonprofits
Kentucky,Warren,family-children,Family & Children,B,2,regional,211; family reentry nonprofits
Kentucky,Washington,family-children,Family & Children,B,2,regional,211; family reentry nonprofits
Kentucky,Wayne,family-children,Family & Children,B,2,regional,211; family reentry nonprofits
Kentucky,Webster,family-children,Family & Children,B,2,regional,211; family reentry nonprofits
Kentucky,Whitley,family-children,Family & Children,B,2,regional,211; family reentry nonprofits
Kentucky,Wolfe,family-children,Family & Children,B,2,regional,211; family reentry nonprofits
Kentucky,Woodford,family-children,Family & Children,B,2,regional,211; family reentry nonprofits
Kentucky,Adair,veterans,Veterans,B,2,regional,VA; county veterans service officer
Kentucky,Allen,veterans,Veterans,B,2,regional,VA; county veterans service officer
Kentucky,Anderson,veterans,Veterans,B,2,regional,VA; county veterans service officer
Kentucky,Ballard,veterans,Veterans,B,2,regional,VA; county veterans service officer
Kentucky,Barren,veterans,Veterans,B,2,regional,VA; county veterans service officer
Kentucky,Bath,veterans,Veterans,B,2,regional,VA; county veterans service officer
Kentucky,Bell,veterans,Veterans,B,2,regional,VA; county veterans service officer
Kentucky,Boone,veterans,Veterans,B,2,regional,VA; county veterans service officer
Kentucky,Bourbon,veterans,Veterans,B,2,regional,VA; county veterans service officer
Kentucky,Boyd,veterans,Veterans,B,2,regional,VA; county veterans service officer
Kentucky,Boyle,veterans,Veterans,B,2,regional,VA; county veterans service officer
Kentucky,Bracken,veterans,Veterans,B,2,regional,VA; county veterans service officer
Kentucky,Breathitt,veterans,Veterans,B,2,regional,VA; county veterans service officer
Kentucky,Breckinridge,veterans,Veterans,B,2,regional,VA; county veterans service officer
Kentucky,Butler,veterans,Veterans,B,2,regional,VA; county veterans service officer
Kentucky,Caldwell,veterans,Veterans,B,2,regional,VA; county veterans service officer
Kentucky,Calloway,veterans,Veterans,B,2,regional,VA; county veterans service officer
Kentucky,Campbell,veterans,Veterans,B,2,regional,VA; county veterans service officer
Kentucky,Carlisle,veterans,Veterans,B,2,regional,VA; county veterans service officer
Kentucky,Carroll,veterans,Veterans,B,2,regional,VA; county veterans service officer
Kentucky,Carter,veterans,Veterans,B,2,regional,VA; county veterans service officer
Kentucky,Casey,veterans,Veterans,B,2,regional,VA; county veterans service officer
Kentucky,Christian,veterans,Veterans,B,2,regional,VA; county veterans service officer
Kentucky,Clark,veterans,Veterans,B,2,regional,VA; county veterans service officer
Kentucky,Clay,veterans,Veterans,B,2,regional,VA; county veterans service officer
Kentucky,Clinton,veterans,Veterans,B,2,regional,VA; county veterans service officer
Kentucky,Crittenden,veterans,Veterans,B,2,regional,VA; county veterans service officer
Kentucky,Cumberland,veterans,Veterans,B,2,regional,VA; county veterans service officer
Kentucky,Daviess,veterans,Veterans,B,2,regional,VA; county veterans service officer
Kentucky,Edmonson,veterans,Veterans,B,2,regional,VA; county veterans service officer
Kentucky,Elliott,veterans,Veterans,B,2,regional,VA; county veterans service officer
Kentucky,Estill,veterans,Veterans,B,2,regional,VA; county veterans service officer
Kentucky,Fleming,veterans,Veterans,B,2,regional,VA; county veterans service officer
Kentucky,Floyd,veterans,Veterans,B,2,regional,VA; county veterans service officer
Kentucky,Franklin,veterans,Veterans,B,2,regional,VA; county veterans service officer
Kentucky,Fulton,veterans,Veterans,B,2,regional,VA; county veterans service officer
Kentucky,Gallatin,veterans,Veterans,B,2,regional,VA; county veterans service officer
Kentucky,Garrard,veterans,Veterans,B,2,regional,VA; county veterans service officer
Kentucky,Grant,veterans,Veterans,B,2,regional,VA; county veterans service officer
Kentucky,Graves,veterans,Veterans,B,2,regional,VA; county veterans service officer
Kentucky,Grayson,veterans,Veterans,B,2,regional,VA; county veterans service officer
Kentucky,Green,veterans,Veterans,B,2,regional,VA; county veterans service officer
Kentucky,Greenup,veterans,Veterans,B,2,regional,VA; county veterans service officer
Kentucky,Hancock,veterans,Veterans,B,2,regional,VA; county veterans service officer
Kentucky,Harlan,veterans,Veterans,B,2,regional,VA; county veterans service officer
Kentucky,Harrison,veterans,Veterans,B,2,regional,VA; county veterans service officer
Kentucky,Hart,veterans,Veterans,B,2,regional,VA; county veterans service officer
Kentucky,Henderson,veterans,Veterans,B,2,regional,VA; county veterans service officer
Kentucky,Henry,veterans,Veterans,B,2,regional,VA; county veterans service officer
Kentucky,Hickman,veterans,Veterans,B,2,regional,VA; county veterans service officer
Kentucky,Hopkins,veterans,Veterans,B,2,regional,VA; county veterans service officer
Kentucky,Jackson,veterans,Veterans,B,2,regional,VA; county veterans service officer
Kentucky,Jessamine,veterans,Veterans,B,2,regional,VA; county veterans service officer
Kentucky,Johnson,veterans,Veterans,B,2,regional,VA; county veterans service officer
Kentucky,Kenton,veterans,Veterans,B,2,regional,VA; county veterans service officer
Kentucky,Knott,veterans,Veterans,B,2,regional,VA; county veterans service officer
Kentucky,Knox,veterans,Veterans,B,2,regional,VA; county veterans service officer
Kentucky,Larue,veterans,Veterans,B,2,regional,VA; county veterans service officer
Kentucky,Laurel,veterans,Veterans,B,2,regional,VA; county veterans service officer
Kentucky,Lawrence,veterans,Veterans,B,2,regional,VA; county veterans service officer
Kentucky,Lee,veterans,Veterans,B,2,regional,VA; county veterans service officer
Kentucky,Leslie,veterans,Veterans,B,2,regional,VA; county veterans service officer
Kentucky,Letcher,veterans,Veterans,B,2,regional,VA; county veterans service officer
Kentucky,Lewis,veterans,Veterans,B,2,regional,VA; county veterans service officer
Kentucky,Lincoln,veterans,Veterans,B,2,regional,VA; county veterans service officer
Kentucky,Livingston,veterans,Veterans,B,2,regional,VA; county veterans service officer
Kentucky,Logan,veterans,Veterans,B,2,regional,VA; county veterans service officer
Kentucky,Lyon,veterans,Veterans,B,2,regional,VA; county veterans service officer
Kentucky,Madison,veterans,Veterans,B,2,regional,VA; county veterans service officer
Kentucky,Magoffin,veterans,Veterans,B,2,regional,VA; county veterans service officer
Kentucky,Marion,veterans,Veterans,B,2,regional,VA; county veterans service officer
Kentucky,Marshall,veterans,Veterans,B,2,regional,VA; county veterans service officer
Kentucky,Martin,veterans,Veterans,B,2,regional,VA; county veterans service officer
Kentucky,Mason,veterans,Veterans,B,2,regional,VA; county veterans service officer
Kentucky,McCracken,veterans,Veterans,B,2,regional,VA; county veterans service officer
Kentucky,McCreary,veterans,Veterans,B,2,regional,VA; county veterans service officer
Kentucky,McLean,veterans,Veterans,B,2,regional,VA; county veterans service officer
Kentucky,Meade,veterans,Veterans,B,2,regional,VA; county veterans service officer
Kentucky,Menifee,veterans,Veterans,B,2,regional,VA; county veterans service officer
Kentucky,Mercer,veterans,Veterans,B,2,regional,VA; county veterans service officer
Kentucky,Metcalfe,veterans,Veterans,B,2,regional,VA; county veterans service officer
Kentucky,Monroe,veterans,Veterans,B,2,regional,VA; county veterans service officer
Kentucky,Montgomery,veterans,Veterans,B,2,regional,VA; county veterans service officer
Kentucky,Morgan,veterans,Veterans,B,2,regional,VA; county veterans service officer
Kentucky,Muhlenberg,veterans,Veterans,B,2,regional,VA; county veterans service officer
Kentucky,Nelson,veterans,Veterans,B,2,regional,VA; county veterans service officer
Kentucky,Nicholas,veterans,Veterans,B,2,regional,VA; county veterans service officer
Kentucky,Ohio,veterans,Veterans,B,2,regional,VA; county veterans service officer
Kentucky,Owen,veterans,Veterans,B,2,regional,VA; county veterans service officer
Kentucky,Owsley,veterans,Veterans,B,2,regional,VA; county veterans service officer
Kentucky,Pendleton,veterans,Veterans,B,2,regional,VA; county veterans service officer
Kentucky,Perry,veterans,Veterans,B,2,regional,VA; county veterans service officer
Kentucky,Pike,veterans,Veterans,B,2,regional,VA; county veterans service officer
Kentucky,Powell,veterans,Veterans,B,2,regional,VA; county veterans service officer
Kentucky,Pulaski,veterans,Veterans,B,2,regional,VA; county veterans service officer
Kentucky,Robertson,veterans,Veterans,B,2,regional,VA; county veterans service officer
Kentucky,Rockcastle,veterans,Veterans,B,2,regional,VA; county veterans service officer
Kentucky,Rowan,veterans,Veterans,B,2,regional,VA; county veterans service officer
Kentucky,Russell,veterans,Veterans,B,2,regional,VA; county veterans service officer
Kentucky,Scott,veterans,Veterans,B,2,regional,VA; county veterans service officer
Kentucky,Simpson,veterans,Veterans,B,2,regional,VA; county veterans service officer
Kentucky,Spencer,veterans,Veterans,B,2,regional,VA; county veterans service officer
Kentucky,Taylor,veterans,Veterans,B,2,regional,VA; county veterans service officer
Kentucky,Todd,veterans,Veterans,B,2,regional,VA; county veterans service officer
Kentucky,Trigg,veterans,Veterans,B,2,regional,VA; county veterans service officer
Kentucky,Trimble,veterans,Veterans,B,2,regional,VA; county veterans service officer
Kentucky,Union,veterans,Veterans,B,2,regional,VA; county veterans service officer
Kentucky,Warren,veterans,Veterans,B,2,regional,VA; county veterans service officer
Kentucky,Washington,veterans,Veterans,B,2,regional,VA; county veterans service officer
Kentucky,Wayne,veterans,Veterans,B,2,regional,VA; county veterans service officer
Kentucky,Webster,veterans,Veterans,B,2,regional,VA; county veterans service officer
Kentucky,Whitley,veterans,Veterans,B,2,regional,VA; county veterans service officer
Kentucky,Wolfe,veterans,Veterans,B,2,regional,VA; county veterans service officer
Kentucky,Woodford,veterans,Veterans,B,2,regional,VA; county veterans service officer
Kentucky,Ballard,education,Education,B,2,regional,Adult ed/ABLE; community college reentry
Kentucky,Bell,education,Education,B,2,regional,Adult ed/ABLE; community college reentry
Kentucky,Bullitt,education,Education,B,2,regional,Adult ed/ABLE; community college reentry
Kentucky,Calloway,education,Education,B,2,regional,Adult ed/ABLE; community college reentry
Kentucky,Carlisle,education,Education,B,2,regional,Adult ed/ABLE; community college reentry
Kentucky,Clay,education,Education,B,2,regional,Adult ed/ABLE; community college reentry
Kentucky,Fulton,education,Education,B,2,regional,Adult ed/ABLE; community college reentry
Kentucky,Gallatin,education,Education,B,2,regional,Adult ed/ABLE; community college reentry
Kentucky,Graves,education,Education,B,2,regional,Adult ed/ABLE; community college reentry
Kentucky,Henry,education,Education,B,2,regional,Adult ed/ABLE; community college reentry
Kentucky,Hickman,education,Education,B,2,regional,Adult ed/ABLE; community college reentry
Kentucky,Jackson,education,Education,B,2,regional,Adult ed/ABLE; community college reentry
Kentucky,Jefferson,education,Education,B,2,regional,Adult ed/ABLE; community college reentry
Kentucky,Knox,education,Education,B,2,regional,Adult ed/ABLE; community college reentry
Kentucky,Laurel,education,Education,B,2,regional,Adult ed/ABLE; community college reentry
Kentucky,Marshall,education,Education,B,2,regional,Adult ed/ABLE; community college reentry
Kentucky,McCracken,education,Education,B,2,regional,Adult ed/ABLE; community college reentry
Kentucky,Oldham,education,Education,B,2,regional,Adult ed/ABLE; community college reentry
Kentucky,Rockcastle,education,Education,B,2,regional,Adult ed/ABLE; community college reentry
Kentucky,Shelby,education,Education,B,2,regional,Adult ed/ABLE; community college reentry
Kentucky,Spencer,education,Education,B,2,regional,Adult ed/ABLE; community college reentry
Kentucky,Trimble,education,Education,B,2,regional,Adult ed/ABLE; community college reentry
Kentucky,Whitley,education,Education,B,2,regional,Adult ed/ABLE; community college reentry
Kentucky,Anderson,basic-needs,Basic Needs,B,2,regional,211; United Way basic needs partners
Kentucky,Bath,basic-needs,Basic Needs,B,2,regional,211; United Way basic needs partners
Kentucky,Bell,basic-needs,Basic Needs,B,2,regional,211; United Way basic needs partners
Kentucky,Boone,basic-needs,Basic Needs,B,2,regional,211; United Way basic needs partners
Kentucky,Bourbon,basic-needs,Basic Needs,B,2,regional,211; United Way basic needs partners
Kentucky,Boyd,basic-needs,Basic Needs,B,2,regional,211; United Way basic needs partners
Kentucky,Boyle,basic-needs,Basic Needs,B,2,regional,211; United Way basic needs partners
Kentucky,Breathitt,basic-needs,Basic Needs,B,2,regional,211; United Way basic needs partners
Kentucky,Bullitt,basic-needs,Basic Needs,B,2,regional,211; United Way basic needs partners
Kentucky,Campbell,basic-needs,Basic Needs,B,2,regional,211; United Way basic needs partners
Kentucky,Carroll,basic-needs,Basic Needs,B,2,regional,211; United Way basic needs partners
Kentucky,Carter,basic-needs,Basic Needs,B,2,regional,211; United Way basic needs partners
Kentucky,Clark,basic-needs,Basic Needs,B,2,regional,211; United Way basic needs partners
Kentucky,Clay,basic-needs,Basic Needs,B,2,regional,211; United Way basic needs partners
Kentucky,Elliott,basic-needs,Basic Needs,B,2,regional,211; United Way basic needs partners
Kentucky,Estill,basic-needs,Basic Needs,B,2,regional,211; United Way basic needs partners
Kentucky,Fayette,basic-needs,Basic Needs,B,2,regional,211; United Way basic needs partners
Kentucky,Franklin,basic-needs,Basic Needs,B,2,regional,211; United Way basic needs partners
Kentucky,Gallatin,basic-needs,Basic Needs,B,2,regional,211; United Way basic needs partners
Kentucky,Garrard,basic-needs,Basic Needs,B,2,regional,211; United Way basic needs partners
Kentucky,Grant,basic-needs,Basic Needs,B,2,regional,211; United Way basic needs partners
Kentucky,Greenup,basic-needs,Basic Needs,B,2,regional,211; United Way basic needs partners
Kentucky,Harlan,basic-needs,Basic Needs,B,2,regional,211; United Way basic needs partners
Kentucky,Harrison,basic-needs,Basic Needs,B,2,regional,211; United Way basic needs partners
Kentucky,Henry,basic-needs,Basic Needs,B,2,regional,211; United Way basic needs partners
Kentucky,Jackson,basic-needs,Basic Needs,B,2,regional,211; United Way basic needs partners
Kentucky,Jessamine,basic-needs,Basic Needs,B,2,regional,211; United Way basic needs partners
Kentucky,Kenton,basic-needs,Basic Needs,B,2,regional,211; United Way basic needs partners
Kentucky,Knox,basic-needs,Basic Needs,B,2,regional,211; United Way basic needs partners
Kentucky,Laurel,basic-needs,Basic Needs,B,2,regional,211; United Way basic needs partners
Kentucky,Lawrence,basic-needs,Basic Needs,B,2,regional,211; United Way basic needs partners
Kentucky,Lee,basic-needs,Basic Needs,B,2,regional,211; United Way basic needs partners
Kentucky,Leslie,basic-needs,Basic Needs,B,2,regional,211; United Way basic needs partners
Kentucky,Lincoln,basic-needs,Basic Needs,B,2,regional,211; United Way basic needs partners
Kentucky,Madison,basic-needs,Basic Needs,B,2,regional,211; United Way basic needs partners
Kentucky,Marshall,basic-needs,Basic Needs,B,2,regional,211; United Way basic needs partners
Kentucky,Menifee,basic-needs,Basic Needs,B,2,regional,211; United Way basic needs partners
Kentucky,Mercer,basic-needs,Basic Needs,B,2,regional,211; United Way basic needs partners
Kentucky,Montgomery,basic-needs,Basic Needs,B,2,regional,211; United Way basic needs partners
Kentucky,Morgan,basic-needs,Basic Needs,B,2,regional,211; United Way basic needs partners
Kentucky,Nelson,basic-needs,Basic Needs,B,2,regional,211; United Way basic needs partners
Kentucky,Nicholas,basic-needs,Basic Needs,B,2,regional,211; United Way basic needs partners
Kentucky,Oldham,basic-needs,Basic Needs,B,2,regional,211; United Way basic needs partners
Kentucky,Owen,basic-needs,Basic Needs,B,2,regional,211; United Way basic needs partners
Kentucky,Owsley,basic-needs,Basic Needs,B,2,regional,211; United Way basic needs partners
Kentucky,Pendleton,basic-needs,Basic Needs,B,2,regional,211; United Way basic needs partners
Kentucky,Perry,basic-needs,Basic Needs,B,2,regional,211; United Way basic needs partners
Kentucky,Powell,basic-needs,Basic Needs,B,2,regional,211; United Way basic needs partners
Kentucky,Rockcastle,basic-needs,Basic Needs,B,2,regional,211; United Way basic needs partners
Kentucky,Rowan,basic-needs,Basic Needs,B,2,regional,211; United Way basic needs partners
Kentucky,Scott,basic-needs,Basic Needs,B,2,regional,211; United Way basic needs partners
Kentucky,Shelby,basic-needs,Basic Needs,B,2,regional,211; United Way basic needs partners
Kentucky,Spencer,basic-needs,Basic Needs,B,2,regional,211; United Way basic needs partners
Kentucky,Trimble,basic-needs,Basic Needs,B,2,regional,211; United Way basic needs partners
Kentucky,Whitley,basic-needs,Basic Needs,B,2,regional,211; United Way basic needs partners
Kentucky,Wolfe,basic-needs,Basic Needs,B,2,regional,211; United Way basic needs partners
Kentucky,Woodford,basic-needs,Basic Needs,B,2,regional,211; United Way basic needs partners
Kentucky,Adair,reentry-organizations,Reentry Organizations,B,2,regional,State reentry council; nonprofit coalitions
Kentucky,Allen,reentry-organizations,Reentry Organizations,B,2,regional,State reentry council; nonprofit coalitions
Kentucky,Anderson,reentry-organizations,Reentry Organizations,B,2,regional,State reentry council; nonprofit coalitions
Kentucky,Ballard,reentry-organizations,Reentry Organizations,B,2,regional,State reentry council; nonprofit coalitions
Kentucky,Barren,reentry-organizations,Reentry Organizations,B,2,regional,State reentry council; nonprofit coalitions
Kentucky,Bath,reentry-organizations,Reentry Organizations,B,2,regional,State reentry council; nonprofit coalitions
Kentucky,Bourbon,reentry-organizations,Reentry Organizations,B,2,regional,State reentry council; nonprofit coalitions
Kentucky,Boyd,reentry-organizations,Reentry Organizations,B,2,regional,State reentry council; nonprofit coalitions
Kentucky,Boyle,reentry-organizations,Reentry Organizations,B,2,regional,State reentry council; nonprofit coalitions
Kentucky,Breathitt,reentry-organizations,Reentry Organizations,B,2,regional,State reentry council; nonprofit coalitions
Kentucky,Breckinridge,reentry-organizations,Reentry Organizations,B,2,regional,State reentry council; nonprofit coalitions
Kentucky,Bullitt,reentry-organizations,Reentry Organizations,B,2,regional,State reentry council; nonprofit coalitions
Kentucky,Butler,reentry-organizations,Reentry Organizations,B,2,regional,State reentry council; nonprofit coalitions
Kentucky,Caldwell,reentry-organizations,Reentry Organizations,B,2,regional,State reentry council; nonprofit coalitions
Kentucky,Calloway,reentry-organizations,Reentry Organizations,B,2,regional,State reentry council; nonprofit coalitions
Kentucky,Carlisle,reentry-organizations,Reentry Organizations,B,2,regional,State reentry council; nonprofit coalitions
Kentucky,Carter,reentry-organizations,Reentry Organizations,B,2,regional,State reentry council; nonprofit coalitions
Kentucky,Casey,reentry-organizations,Reentry Organizations,B,2,regional,State reentry council; nonprofit coalitions
Kentucky,Christian,reentry-organizations,Reentry Organizations,B,2,regional,State reentry council; nonprofit coalitions
Kentucky,Clark,reentry-organizations,Reentry Organizations,B,2,regional,State reentry council; nonprofit coalitions
Kentucky,Clinton,reentry-organizations,Reentry Organizations,B,2,regional,State reentry council; nonprofit coalitions
Kentucky,Crittenden,reentry-organizations,Reentry Organizations,B,2,regional,State reentry council; nonprofit coalitions
Kentucky,Cumberland,reentry-organizations,Reentry Organizations,B,2,regional,State reentry council; nonprofit coalitions
Kentucky,Daviess,reentry-organizations,Reentry Organizations,B,2,regional,State reentry council; nonprofit coalitions
Kentucky,Edmonson,reentry-organizations,Reentry Organizations,B,2,regional,State reentry council; nonprofit coalitions
Kentucky,Elliott,reentry-organizations,Reentry Organizations,B,2,regional,State reentry council; nonprofit coalitions
Kentucky,Estill,reentry-organizations,Reentry Organizations,B,2,regional,State reentry council; nonprofit coalitions
Kentucky,Fayette,reentry-organizations,Reentry Organizations,B,2,regional,State reentry council; nonprofit coalitions
Kentucky,Fleming,reentry-organizations,Reentry Organizations,B,2,regional,State reentry council; nonprofit coalitions
Kentucky,Floyd,reentry-organizations,Reentry Organizations,B,2,regional,State reentry council; nonprofit coalitions
Kentucky,Franklin,reentry-organizations,Reentry Organizations,B,2,regional,State reentry council; nonprofit coalitions
Kentucky,Fulton,reentry-organizations,Reentry Organizations,B,2,regional,State reentry council; nonprofit coalitions
Kentucky,Garrard,reentry-organizations,Reentry Organizations,B,2,regional,State reentry council; nonprofit coalitions
Kentucky,Graves,reentry-organizations,Reentry Organizations,B,2,regional,State reentry council; nonprofit coalitions
Kentucky,Grayson,reentry-organizations,Reentry Organizations,B,2,regional,State reentry council; nonprofit coalitions
Kentucky,Green,reentry-organizations,Reentry Organizations,B,2,regional,State reentry council; nonprofit coalitions
Kentucky,Greenup,reentry-organizations,Reentry Organizations,B,2,regional,State reentry council; nonprofit coalitions
Kentucky,Hancock,reentry-organizations,Reentry Organizations,B,2,regional,State reentry council; nonprofit coalitions
Kentucky,Hardin,reentry-organizations,Reentry Organizations,B,2,regional,State reentry council; nonprofit coalitions
Kentucky,Harrison,reentry-organizations,Reentry Organizations,B,2,regional,State reentry council; nonprofit coalitions
Kentucky,Hart,reentry-organizations,Reentry Organizations,B,2,regional,State reentry council; nonprofit coalitions
Kentucky,Henderson,reentry-organizations,Reentry Organizations,B,2,regional,State reentry council; nonprofit coalitions
Kentucky,Henry,reentry-organizations,Reentry Organizations,B,2,regional,State reentry council; nonprofit coalitions
Kentucky,Hickman,reentry-organizations,Reentry Organizations,B,2,regional,State reentry council; nonprofit coalitions
Kentucky,Hopkins,reentry-organizations,Reentry Organizations,B,2,regional,State reentry council; nonprofit coalitions
Kentucky,Jessamine,reentry-organizations,Reentry Organizations,B,2,regional,State reentry council; nonprofit coalitions
Kentucky,Johnson,reentry-organizations,Reentry Organizations,B,2,regional,State reentry council; nonprofit coalitions
Kentucky,Knott,reentry-organizations,Reentry Organizations,B,2,regional,State reentry council; nonprofit coalitions
Kentucky,Larue,reentry-organizations,Reentry Organizations,B,2,regional,State reentry council; nonprofit coalitions
Kentucky,Lawrence,reentry-organizations,Reentry Organizations,B,2,regional,State reentry council; nonprofit coalitions
Kentucky,Lee,reentry-organizations,Reentry Organizations,B,2,regional,State reentry council; nonprofit coalitions
Kentucky,Leslie,reentry-organizations,Reentry Organizations,B,2,regional,State reentry council; nonprofit coalitions
Kentucky,Letcher,reentry-organizations,Reentry Organizations,B,2,regional,State reentry council; nonprofit coalitions
Kentucky,Lewis,reentry-organizations,Reentry Organizations,B,2,regional,State reentry council; nonprofit coalitions
Kentucky,Lincoln,reentry-organizations,Reentry Organizations,B,2,regional,State reentry council; nonprofit coalitions
Kentucky,Livingston,reentry-organizations,Reentry Organizations,B,2,regional,State reentry council; nonprofit coalitions
Kentucky,Logan,reentry-organizations,Reentry Organizations,B,2,regional,State reentry council; nonprofit coalitions
Kentucky,Lyon,reentry-organizations,Reentry Organizations,B,2,regional,State reentry council; nonprofit coalitions
Kentucky,Madison,reentry-organizations,Reentry Organizations,B,2,regional,State reentry council; nonprofit coalitions
Kentucky,Magoffin,reentry-organizations,Reentry Organizations,B,2,regional,State reentry council; nonprofit coalitions
Kentucky,Marion,reentry-organizations,Reentry Organizations,B,2,regional,State reentry council; nonprofit coalitions
Kentucky,Marshall,reentry-organizations,Reentry Organizations,B,2,regional,State reentry council; nonprofit coalitions
Kentucky,Martin,reentry-organizations,Reentry Organizations,B,2,regional,State reentry council; nonprofit coalitions
Kentucky,Mason,reentry-organizations,Reentry Organizations,B,2,regional,State reentry council; nonprofit coalitions
Kentucky,McCracken,reentry-organizations,Reentry Organizations,B,2,regional,State reentry council; nonprofit coalitions
Kentucky,McLean,reentry-organizations,Reentry Organizations,B,2,regional,State reentry council; nonprofit coalitions
Kentucky,Meade,reentry-organizations,Reentry Organizations,B,2,regional,State reentry council; nonprofit coalitions
Kentucky,Menifee,reentry-organizations,Reentry Organizations,B,2,regional,State reentry council; nonprofit coalitions
Kentucky,Mercer,reentry-organizations,Reentry Organizations,B,2,regional,State reentry council; nonprofit coalitions
Kentucky,Metcalfe,reentry-organizations,Reentry Organizations,B,2,regional,State reentry council; nonprofit coalitions
Kentucky,Monroe,reentry-organizations,Reentry Organizations,B,2,regional,State reentry council; nonprofit coalitions
Kentucky,Montgomery,reentry-organizations,Reentry Organizations,B,2,regional,State reentry council; nonprofit coalitions
Kentucky,Morgan,reentry-organizations,Reentry Organizations,B,2,regional,State reentry council; nonprofit coalitions
Kentucky,Muhlenberg,reentry-organizations,Reentry Organizations,B,2,regional,State reentry council; nonprofit coalitions
Kentucky,Nelson,reentry-organizations,Reentry Organizations,B,2,regional,State reentry council; nonprofit coalitions
Kentucky,Nicholas,reentry-organizations,Reentry Organizations,B,2,regional,State reentry council; nonprofit coalitions
Kentucky,Ohio,reentry-organizations,Reentry Organizations,B,2,regional,State reentry council; nonprofit coalitions
Kentucky,Oldham,reentry-organizations,Reentry Organizations,B,2,regional,State reentry council; nonprofit coalitions
Kentucky,Owsley,reentry-organizations,Reentry Organizations,B,2,regional,State reentry council; nonprofit coalitions
Kentucky,Perry,reentry-organizations,Reentry Organizations,B,2,regional,State reentry council; nonprofit coalitions
Kentucky,Pike,reentry-organizations,Reentry Organizations,B,2,regional,State reentry council; nonprofit coalitions
Kentucky,Powell,reentry-organizations,Reentry Organizations,B,2,regional,State reentry council; nonprofit coalitions
Kentucky,Pulaski,reentry-organizations,Reentry Organizations,B,2,regional,State reentry council; nonprofit coalitions
Kentucky,Robertson,reentry-organizations,Reentry Organizations,B,2,regional,State reentry council; nonprofit coalitions
Kentucky,Rowan,reentry-organizations,Reentry Organizations,B,2,regional,State reentry council; nonprofit coalitions
Kentucky,Russell,reentry-organizations,Reentry Organizations,B,2,regional,State reentry council; nonprofit coalitions
Kentucky,Scott,reentry-organizations,Reentry Organizations,B,2,regional,State reentry council; nonprofit coalitions
Kentucky,Shelby,reentry-organizations,Reentry Organizations,B,2,regional,State reentry council; nonprofit coalitions
Kentucky,Simpson,reentry-organizations,Reentry Organizations,B,2,regional,State reentry council; nonprofit coalitions
Kentucky,Spencer,reentry-organizations,Reentry Organizations,B,2,regional,State reentry council; nonprofit coalitions
Kentucky,Taylor,reentry-organizations,Reentry Organizations,B,2,regional,State reentry council; nonprofit coalitions
Kentucky,Todd,reentry-organizations,Reentry Organizations,B,2,regional,State reentry council; nonprofit coalitions
Kentucky,Trigg,reentry-organizations,Reentry Organizations,B,2,regional,State reentry council; nonprofit coalitions
Kentucky,Trimble,reentry-organizations,Reentry Organizations,B,2,regional,State reentry council; nonprofit coalitions
Kentucky,Union,reentry-organizations,Reentry Organizations,B,2,regional,State reentry council; nonprofit coalitions
Kentucky,Warren,reentry-organizations,Reentry Organizations,B,2,regional,State reentry council; nonprofit coalitions
Kentucky,Washington,reentry-organizations,Reentry Organizations,B,2,regional,State reentry council; nonprofit coalitions
Kentucky,Webster,reentry-organizations,Reentry Organizations,B,2,regional,State reentry council; nonprofit coalitions
Kentucky,Wolfe,reentry-organizations,Reentry Organizations,B,2,regional,State reentry council; nonprofit coalitions
Kentucky,Woodford,reentry-organizations,Reentry Organizations,B,2,regional,State reentry council; nonprofit coalitions
Michigan,Alcona,id-documentation,ID & Documentation,B,2,regional,Legal aid ID clinic; circuit clerk vital records
Michigan,Alger,id-documentation,ID & Documentation,B,2,regional,Legal aid ID clinic; circuit clerk vital records
Michigan,Allegan,id-documentation,ID & Documentation,B,2,regional,Legal aid ID clinic; circuit clerk vital records
Michigan,Alpena,id-documentation,ID & Documentation,B,2,regional,Legal aid ID clinic; circuit clerk vital records
Michigan,Antrim,id-documentation,ID & Documentation,B,2,regional,Legal aid ID clinic; circuit clerk vital records
Michigan,Arenac,id-documentation,ID & Documentation,B,2,regional,Legal aid ID clinic; circuit clerk vital records
Michigan,Baraga,id-documentation,ID & Documentation,B,2,regional,Legal aid ID clinic; circuit clerk vital records
Michigan,Barry,id-documentation,ID & Documentation,B,2,regional,Legal aid ID clinic; circuit clerk vital records
Michigan,Bay,id-documentation,ID & Documentation,B,2,regional,Legal aid ID clinic; circuit clerk vital records
Michigan,Benzie,id-documentation,ID & Documentation,B,2,regional,Legal aid ID clinic; circuit clerk vital records
Michigan,Berrien,id-documentation,ID & Documentation,B,2,regional,Legal aid ID clinic; circuit clerk vital records
Michigan,Branch,id-documentation,ID & Documentation,B,2,regional,Legal aid ID clinic; circuit clerk vital records
Michigan,Calhoun,id-documentation,ID & Documentation,B,2,regional,Legal aid ID clinic; circuit clerk vital records
Michigan,Cass,id-documentation,ID & Documentation,B,2,regional,Legal aid ID clinic; circuit clerk vital records
Michigan,Charlevoix,id-documentation,ID & Documentation,B,2,regional,Legal aid ID clinic; circuit clerk vital records
Michigan,Cheboygan,id-documentation,ID & Documentation,B,2,regional,Legal aid ID clinic; circuit clerk vital records
Michigan,Chippewa,id-documentation,ID & Documentation,B,2,regional,Legal aid ID clinic; circuit clerk vital records
Michigan,Clare,id-documentation,ID & Documentation,B,2,regional,Legal aid ID clinic; circuit clerk vital records
Michigan,Clinton,id-documentation,ID & Documentation,B,2,regional,Legal aid ID clinic; circuit clerk vital records
Michigan,Crawford,id-documentation,ID & Documentation,B,2,regional,Legal aid ID clinic; circuit clerk vital records
Michigan,Delta,id-documentation,ID & Documentation,B,2,regional,Legal aid ID clinic; circuit clerk vital records
Michigan,Dickinson,id-documentation,ID & Documentation,B,2,regional,Legal aid ID clinic; circuit clerk vital records
Michigan,Eaton,id-documentation,ID & Documentation,B,2,regional,Legal aid ID clinic; circuit clerk vital records
Michigan,Emmet,id-documentation,ID & Documentation,B,2,regional,Legal aid ID clinic; circuit clerk vital records
Michigan,Genesee,id-documentation,ID & Documentation,B,2,regional,Legal aid ID clinic; circuit clerk vital records
Michigan,Gladwin,id-documentation,ID & Documentation,B,2,regional,Legal aid ID clinic; circuit clerk vital records
Michigan,Gogebic,id-documentation,ID & Documentation,B,2,regional,Legal aid ID clinic; circuit clerk vital records
Michigan,Grand Traverse,id-documentation,ID & Documentation,B,2,regional,Legal aid ID clinic; circuit clerk vital records
Michigan,Gratiot,id-documentation,ID & Documentation,B,2,regional,Legal aid ID clinic; circuit clerk vital records
Michigan,Hillsdale,id-documentation,ID & Documentation,B,2,regional,Legal aid ID clinic; circuit clerk vital records
Michigan,Houghton,id-documentation,ID & Documentation,B,2,regional,Legal aid ID clinic; circuit clerk vital records
Michigan,Huron,id-documentation,ID & Documentation,B,2,regional,Legal aid ID clinic; circuit clerk vital records
Michigan,Ingham,id-documentation,ID & Documentation,B,2,regional,Legal aid ID clinic; circuit clerk vital records
Michigan,Ionia,id-documentation,ID & Documentation,B,2,regional,Legal aid ID clinic; circuit clerk vital records
Michigan,Iosco,id-documentation,ID & Documentation,B,2,regional,Legal aid ID clinic; circuit clerk vital records
Michigan,Iron,id-documentation,ID & Documentation,B,2,regional,Legal aid ID clinic; circuit clerk vital records
Michigan,Isabella,id-documentation,ID & Documentation,B,2,regional,Legal aid ID clinic; circuit clerk vital records
Michigan,Jackson,id-documentation,ID & Documentation,B,2,regional,Legal aid ID clinic; circuit clerk vital records
Michigan,Kalamazoo,id-documentation,ID & Documentation,B,2,regional,Legal aid ID clinic; circuit clerk vital records
Michigan,Kalkaska,id-documentation,ID & Documentation,B,2,regional,Legal aid ID clinic; circuit clerk vital records
Michigan,Kent,id-documentation,ID & Documentation,B,2,regional,Legal aid ID clinic; circuit clerk vital records
Michigan,Keweenaw,id-documentation,ID & Documentation,B,2,regional,Legal aid ID clinic; circuit clerk vital records
Michigan,Lake,id-documentation,ID & Documentation,B,2,regional,Legal aid ID clinic; circuit clerk vital records
Michigan,Lapeer,id-documentation,ID & Documentation,B,2,regional,Legal aid ID clinic; circuit clerk vital records
Michigan,Leelanau,id-documentation,ID & Documentation,B,2,regional,Legal aid ID clinic; circuit clerk vital records
Michigan,Lenawee,id-documentation,ID & Documentation,B,2,regional,Legal aid ID clinic; circuit clerk vital records
Michigan,Livingston,id-documentation,ID & Documentation,B,2,regional,Legal aid ID clinic; circuit clerk vital records
Michigan,Luce,id-documentation,ID & Documentation,B,2,regional,Legal aid ID clinic; circuit clerk vital records
Michigan,Mackinac,id-documentation,ID & Documentation,B,2,regional,Legal aid ID clinic; circuit clerk vital records
Michigan,Macomb,id-documentation,ID & Documentation,B,2,regional,Legal aid ID clinic; circuit clerk vital records
Michigan,Manistee,id-documentation,ID & Documentation,B,2,regional,Legal aid ID clinic; circuit clerk vital records
Michigan,Marquette,id-documentation,ID & Documentation,B,2,regional,Legal aid ID clinic; circuit clerk vital records
Michigan,Mason,id-documentation,ID & Documentation,B,2,regional,Legal aid ID clinic; circuit clerk vital records
Michigan,Mecosta,id-documentation,ID & Documentation,B,2,regional,Legal aid ID clinic; circuit clerk vital records
Michigan,Menominee,id-documentation,ID & Documentation,B,2,regional,Legal aid ID clinic; circuit clerk vital records
Michigan,Midland,id-documentation,ID & Documentation,B,2,regional,Legal aid ID clinic; circuit clerk vital records
Michigan,Missaukee,id-documentation,ID & Documentation,B,2,regional,Legal aid ID clinic; circuit clerk vital records
Michigan,Monroe,id-documentation,ID & Documentation,B,2,regional,Legal aid ID clinic; circuit clerk vital records
Michigan,Montcalm,id-documentation,ID & Documentation,B,2,regional,Legal aid ID clinic; circuit clerk vital records
Michigan,Montmorency,id-documentation,ID & Documentation,B,2,regional,Legal aid ID clinic; circuit clerk vital records
Michigan,Muskegon,id-documentation,ID & Documentation,B,2,regional,Legal aid ID clinic; circuit clerk vital records
Michigan,Newaygo,id-documentation,ID & Documentation,B,2,regional,Legal aid ID clinic; circuit clerk vital records
Michigan,Oakland,id-documentation,ID & Documentation,B,2,regional,Legal aid ID clinic; circuit clerk vital records
Michigan,Oceana,id-documentation,ID & Documentation,B,2,regional,Legal aid ID clinic; circuit clerk vital records
Michigan,Ogemaw,id-documentation,ID & Documentation,B,2,regional,Legal aid ID clinic; circuit clerk vital records
Michigan,Ontonagon,id-documentation,ID & Documentation,B,2,regional,Legal aid ID clinic; circuit clerk vital records
Michigan,Osceola,id-documentation,ID & Documentation,B,2,regional,Legal aid ID clinic; circuit clerk vital records
Michigan,Oscoda,id-documentation,ID & Documentation,B,2,regional,Legal aid ID clinic; circuit clerk vital records
Michigan,Otsego,id-documentation,ID & Documentation,B,2,regional,Legal aid ID clinic; circuit clerk vital records
Michigan,Ottawa,id-documentation,ID & Documentation,B,2,regional,Legal aid ID clinic; circuit clerk vital records
Michigan,Presque Isle,id-documentation,ID & Documentation,B,2,regional,Legal aid ID clinic; circuit clerk vital records
Michigan,Roscommon,id-documentation,ID & Documentation,B,2,regional,Legal aid ID clinic; circuit clerk vital records
Michigan,Saginaw,id-documentation,ID & Documentation,B,2,regional,Legal aid ID clinic; circuit clerk vital records
Michigan,Sanilac,id-documentation,ID & Documentation,B,2,regional,Legal aid ID clinic; circuit clerk vital records
Michigan,Schoolcraft,id-documentation,ID & Documentation,B,2,regional,Legal aid ID clinic; circuit clerk vital records
Michigan,Shiawassee,id-documentation,ID & Documentation,B,2,regional,Legal aid ID clinic; circuit clerk vital records
Michigan,St. Clair,id-documentation,ID & Documentation,B,2,regional,Legal aid ID clinic; circuit clerk vital records
Michigan,St. Joseph,id-documentation,ID & Documentation,B,2,regional,Legal aid ID clinic; circuit clerk vital records
Michigan,Tuscola,id-documentation,ID & Documentation,B,2,regional,Legal aid ID clinic; circuit clerk vital records
Michigan,Van Buren,id-documentation,ID & Documentation,B,2,regional,Legal aid ID clinic; circuit clerk vital records
Michigan,Washtenaw,id-documentation,ID & Documentation,B,2,regional,Legal aid ID clinic; circuit clerk vital records
Michigan,Wexford,id-documentation,ID & Documentation,B,2,regional,Legal aid ID clinic; circuit clerk vital records
Michigan,Alcona,transportation,Transportation,B,2,regional,Transit authority voucher programs
Michigan,Alger,transportation,Transportation,B,2,regional,Transit authority voucher programs
Michigan,Allegan,transportation,Transportation,B,2,regional,Transit authority voucher programs
Michigan,Alpena,transportation,Transportation,B,2,regional,Transit authority voucher programs
Michigan,Antrim,transportation,Transportation,B,2,regional,Transit authority voucher programs
Michigan,Arenac,transportation,Transportation,B,2,regional,Transit authority voucher programs
Michigan,Baraga,transportation,Transportation,B,2,regional,Transit authority voucher programs
Michigan,Barry,transportation,Transportation,B,2,regional,Transit authority voucher programs
Michigan,Bay,transportation,Transportation,B,2,regional,Transit authority voucher programs
Michigan,Benzie,transportation,Transportation,B,2,regional,Transit authority voucher programs
Michigan,Berrien,transportation,Transportation,B,2,regional,Transit authority voucher programs
Michigan,Branch,transportation,Transportation,B,2,regional,Transit authority voucher programs
Michigan,Calhoun,transportation,Transportation,B,2,regional,Transit authority voucher programs
Michigan,Cass,transportation,Transportation,B,2,regional,Transit authority voucher programs
Michigan,Charlevoix,transportation,Transportation,B,2,regional,Transit authority voucher programs
Michigan,Cheboygan,transportation,Transportation,B,2,regional,Transit authority voucher programs
Michigan,Chippewa,transportation,Transportation,B,2,regional,Transit authority voucher programs
Michigan,Clare,transportation,Transportation,B,2,regional,Transit authority voucher programs
Michigan,Clinton,transportation,Transportation,B,2,regional,Transit authority voucher programs
Michigan,Crawford,transportation,Transportation,B,2,regional,Transit authority voucher programs
Michigan,Delta,transportation,Transportation,B,2,regional,Transit authority voucher programs
Michigan,Dickinson,transportation,Transportation,B,2,regional,Transit authority voucher programs
Michigan,Eaton,transportation,Transportation,B,2,regional,Transit authority voucher programs
Michigan,Emmet,transportation,Transportation,B,2,regional,Transit authority voucher programs
Michigan,Gladwin,transportation,Transportation,B,2,regional,Transit authority voucher programs
Michigan,Gogebic,transportation,Transportation,B,2,regional,Transit authority voucher programs
Michigan,Grand Traverse,transportation,Transportation,B,2,regional,Transit authority voucher programs
Michigan,Gratiot,transportation,Transportation,B,2,regional,Transit authority voucher programs
Michigan,Hillsdale,transportation,Transportation,B,2,regional,Transit authority voucher programs
Michigan,Houghton,transportation,Transportation,B,2,regional,Transit authority voucher programs
Michigan,Huron,transportation,Transportation,B,2,regional,Transit authority voucher programs
Michigan,Ionia,transportation,Transportation,B,2,regional,Transit authority voucher programs
Michigan,Iosco,transportation,Transportation,B,2,regional,Transit authority voucher programs
Michigan,Iron,transportation,Transportation,B,2,regional,Transit authority voucher programs
Michigan,Isabella,transportation,Transportation,B,2,regional,Transit authority voucher programs
Michigan,Jackson,transportation,Transportation,B,2,regional,Transit authority voucher programs
Michigan,Kalamazoo,transportation,Transportation,B,2,regional,Transit authority voucher programs
Michigan,Kalkaska,transportation,Transportation,B,2,regional,Transit authority voucher programs
Michigan,Keweenaw,transportation,Transportation,B,2,regional,Transit authority voucher programs
Michigan,Lake,transportation,Transportation,B,2,regional,Transit authority voucher programs
Michigan,Lapeer,transportation,Transportation,B,2,regional,Transit authority voucher programs
Michigan,Leelanau,transportation,Transportation,B,2,regional,Transit authority voucher programs
Michigan,Lenawee,transportation,Transportation,B,2,regional,Transit authority voucher programs
Michigan,Livingston,transportation,Transportation,B,2,regional,Transit authority voucher programs
Michigan,Luce,transportation,Transportation,B,2,regional,Transit authority voucher programs
Michigan,Mackinac,transportation,Transportation,B,2,regional,Transit authority voucher programs
Michigan,Macomb,transportation,Transportation,B,2,regional,Transit authority voucher programs
Michigan,Manistee,transportation,Transportation,B,2,regional,Transit authority voucher programs
Michigan,Marquette,transportation,Transportation,B,2,regional,Transit authority voucher programs
Michigan,Mason,transportation,Transportation,B,2,regional,Transit authority voucher programs
Michigan,Mecosta,transportation,Transportation,B,2,regional,Transit authority voucher programs
Michigan,Menominee,transportation,Transportation,B,2,regional,Transit authority voucher programs
Michigan,Midland,transportation,Transportation,B,2,regional,Transit authority voucher programs
Michigan,Missaukee,transportation,Transportation,B,2,regional,Transit authority voucher programs
Michigan,Monroe,transportation,Transportation,B,2,regional,Transit authority voucher programs
Michigan,Montcalm,transportation,Transportation,B,2,regional,Transit authority voucher programs
Michigan,Montmorency,transportation,Transportation,B,2,regional,Transit authority voucher programs
Michigan,Muskegon,transportation,Transportation,B,2,regional,Transit authority voucher programs
Michigan,Newaygo,transportation,Transportation,B,2,regional,Transit authority voucher programs
Michigan,Oakland,transportation,Transportation,B,2,regional,Transit authority voucher programs
Michigan,Oceana,transportation,Transportation,B,2,regional,Transit authority voucher programs
Michigan,Ogemaw,transportation,Transportation,B,2,regional,Transit authority voucher programs
Michigan,Ontonagon,transportation,Transportation,B,2,regional,Transit authority voucher programs
Michigan,Osceola,transportation,Transportation,B,2,regional,Transit authority voucher programs
Michigan,Oscoda,transportation,Transportation,B,2,regional,Transit authority voucher programs
Michigan,Otsego,transportation,Transportation,B,2,regional,Transit authority voucher programs
Michigan,Ottawa,transportation,Transportation,B,2,regional,Transit authority voucher programs
Michigan,Presque Isle,transportation,Transportation,B,2,regional,Transit authority voucher programs
Michigan,Roscommon,transportation,Transportation,B,2,regional,Transit authority voucher programs
Michigan,Saginaw,transportation,Transportation,B,2,regional,Transit authority voucher programs
Michigan,Sanilac,transportation,Transportation,B,2,regional,Transit authority voucher programs
Michigan,Schoolcraft,transportation,Transportation,B,2,regional,Transit authority voucher programs
Michigan,Shiawassee,transportation,Transportation,B,2,regional,Transit authority voucher programs
Michigan,St. Clair,transportation,Transportation,B,2,regional,Transit authority voucher programs
Michigan,St. Joseph,transportation,Transportation,B,2,regional,Transit authority voucher programs
Michigan,Tuscola,transportation,Transportation,B,2,regional,Transit authority voucher programs
Michigan,Van Buren,transportation,Transportation,B,2,regional,Transit authority voucher programs
Michigan,Washtenaw,transportation,Transportation,B,2,regional,Transit authority voucher programs
Michigan,Wexford,transportation,Transportation,B,2,regional,Transit authority voucher programs
Michigan,Alcona,peer-support,Peer Support,B,2,regional,State peer certification roster
Michigan,Alger,peer-support,Peer Support,B,2,regional,State peer certification roster
Michigan,Allegan,peer-support,Peer Support,B,2,regional,State peer certification roster
Michigan,Alpena,peer-support,Peer Support,B,2,regional,State peer certification roster
Michigan,Antrim,peer-support,Peer Support,B,2,regional,State peer certification roster
Michigan,Arenac,peer-support,Peer Support,B,2,regional,State peer certification roster
Michigan,Baraga,peer-support,Peer Support,B,2,regional,State peer certification roster
Michigan,Bay,peer-support,Peer Support,B,2,regional,State peer certification roster
Michigan,Benzie,peer-support,Peer Support,B,2,regional,State peer certification roster
Michigan,Berrien,peer-support,Peer Support,B,2,regional,State peer certification roster
Michigan,Branch,peer-support,Peer Support,B,2,regional,State peer certification roster
Michigan,Calhoun,peer-support,Peer Support,B,2,regional,State peer certification roster
Michigan,Cass,peer-support,Peer Support,B,2,regional,State peer certification roster
Michigan,Charlevoix,peer-support,Peer Support,B,2,regional,State peer certification roster
Michigan,Cheboygan,peer-support,Peer Support,B,2,regional,State peer certification roster
Michigan,Chippewa,peer-support,Peer Support,B,2,regional,State peer certification roster
Michigan,Clare,peer-support,Peer Support,B,2,regional,State peer certification roster
Michigan,Clinton,peer-support,Peer Support,B,2,regional,State peer certification roster
Michigan,Crawford,peer-support,Peer Support,B,2,regional,State peer certification roster
Michigan,Delta,peer-support,Peer Support,B,2,regional,State peer certification roster
Michigan,Dickinson,peer-support,Peer Support,B,2,regional,State peer certification roster
Michigan,Eaton,peer-support,Peer Support,B,2,regional,State peer certification roster
Michigan,Emmet,peer-support,Peer Support,B,2,regional,State peer certification roster
Michigan,Genesee,peer-support,Peer Support,B,2,regional,State peer certification roster
Michigan,Gladwin,peer-support,Peer Support,B,2,regional,State peer certification roster
Michigan,Gogebic,peer-support,Peer Support,B,2,regional,State peer certification roster
Michigan,Grand Traverse,peer-support,Peer Support,B,2,regional,State peer certification roster
Michigan,Gratiot,peer-support,Peer Support,B,2,regional,State peer certification roster
Michigan,Hillsdale,peer-support,Peer Support,B,2,regional,State peer certification roster
Michigan,Houghton,peer-support,Peer Support,B,2,regional,State peer certification roster
Michigan,Huron,peer-support,Peer Support,B,2,regional,State peer certification roster
Michigan,Iosco,peer-support,Peer Support,B,2,regional,State peer certification roster
Michigan,Iron,peer-support,Peer Support,B,2,regional,State peer certification roster
Michigan,Isabella,peer-support,Peer Support,B,2,regional,State peer certification roster
Michigan,Jackson,peer-support,Peer Support,B,2,regional,State peer certification roster
Michigan,Kalamazoo,peer-support,Peer Support,B,2,regional,State peer certification roster
Michigan,Kalkaska,peer-support,Peer Support,B,2,regional,State peer certification roster
Michigan,Keweenaw,peer-support,Peer Support,B,2,regional,State peer certification roster
Michigan,Lake,peer-support,Peer Support,B,2,regional,State peer certification roster
Michigan,Lapeer,peer-support,Peer Support,B,2,regional,State peer certification roster
Michigan,Leelanau,peer-support,Peer Support,B,2,regional,State peer certification roster
Michigan,Lenawee,peer-support,Peer Support,B,2,regional,State peer certification roster
Michigan,Livingston,peer-support,Peer Support,B,2,regional,State peer certification roster
Michigan,Luce,peer-support,Peer Support,B,2,regional,State peer certification roster
Michigan,Mackinac,peer-support,Peer Support,B,2,regional,State peer certification roster
Michigan,Manistee,peer-support,Peer Support,B,2,regional,State peer certification roster
Michigan,Marquette,peer-support,Peer Support,B,2,regional,State peer certification roster
Michigan,Mason,peer-support,Peer Support,B,2,regional,State peer certification roster
Michigan,Mecosta,peer-support,Peer Support,B,2,regional,State peer certification roster
Michigan,Menominee,peer-support,Peer Support,B,2,regional,State peer certification roster
Michigan,Midland,peer-support,Peer Support,B,2,regional,State peer certification roster
Michigan,Missaukee,peer-support,Peer Support,B,2,regional,State peer certification roster
Michigan,Monroe,peer-support,Peer Support,B,2,regional,State peer certification roster
Michigan,Montmorency,peer-support,Peer Support,B,2,regional,State peer certification roster
Michigan,Muskegon,peer-support,Peer Support,B,2,regional,State peer certification roster
Michigan,Newaygo,peer-support,Peer Support,B,2,regional,State peer certification roster
Michigan,Oceana,peer-support,Peer Support,B,2,regional,State peer certification roster
Michigan,Ogemaw,peer-support,Peer Support,B,2,regional,State peer certification roster
Michigan,Ontonagon,peer-support,Peer Support,B,2,regional,State peer certification roster
Michigan,Osceola,peer-support,Peer Support,B,2,regional,State peer certification roster
Michigan,Oscoda,peer-support,Peer Support,B,2,regional,State peer certification roster
Michigan,Otsego,peer-support,Peer Support,B,2,regional,State peer certification roster
Michigan,Ottawa,peer-support,Peer Support,B,2,regional,State peer certification roster
Michigan,Presque Isle,peer-support,Peer Support,B,2,regional,State peer certification roster
Michigan,Roscommon,peer-support,Peer Support,B,2,regional,State peer certification roster
Michigan,Saginaw,peer-support,Peer Support,B,2,regional,State peer certification roster
Michigan,Sanilac,peer-support,Peer Support,B,2,regional,State peer certification roster
Michigan,Schoolcraft,peer-support,Peer Support,B,2,regional,State peer certification roster
Michigan,Shiawassee,peer-support,Peer Support,B,2,regional,State peer certification roster
Michigan,St. Clair,peer-support,Peer Support,B,2,regional,State peer certification roster
Michigan,St. Joseph,peer-support,Peer Support,B,2,regional,State peer certification roster
Michigan,Tuscola,peer-support,Peer Support,B,2,regional,State peer certification roster
Michigan,Van Buren,peer-support,Peer Support,B,2,regional,State peer certification roster
Michigan,Wexford,peer-support,Peer Support,B,2,regional,State peer certification roster
Michigan,Alcona,family-children,Family & Children,B,2,regional,211; family reentry nonprofits
Michigan,Alger,family-children,Family & Children,B,2,regional,211; family reentry nonprofits
Michigan,Allegan,family-children,Family & Children,B,2,regional,211; family reentry nonprofits
Michigan,Alpena,family-children,Family & Children,B,2,regional,211; family reentry nonprofits
Michigan,Antrim,family-children,Family & Children,B,2,regional,211; family reentry nonprofits
Michigan,Arenac,family-children,Family & Children,B,2,regional,211; family reentry nonprofits
Michigan,Baraga,family-children,Family & Children,B,2,regional,211; family reentry nonprofits
Michigan,Barry,family-children,Family & Children,B,2,regional,211; family reentry nonprofits
Michigan,Benzie,family-children,Family & Children,B,2,regional,211; family reentry nonprofits
Michigan,Berrien,family-children,Family & Children,B,2,regional,211; family reentry nonprofits
Michigan,Branch,family-children,Family & Children,B,2,regional,211; family reentry nonprofits
Michigan,Calhoun,family-children,Family & Children,B,2,regional,211; family reentry nonprofits
Michigan,Cass,family-children,Family & Children,B,2,regional,211; family reentry nonprofits
Michigan,Charlevoix,family-children,Family & Children,B,2,regional,211; family reentry nonprofits
Michigan,Cheboygan,family-children,Family & Children,B,2,regional,211; family reentry nonprofits
Michigan,Chippewa,family-children,Family & Children,B,2,regional,211; family reentry nonprofits
Michigan,Clare,family-children,Family & Children,B,2,regional,211; family reentry nonprofits
Michigan,Clinton,family-children,Family & Children,B,2,regional,211; family reentry nonprofits
Michigan,Crawford,family-children,Family & Children,B,2,regional,211; family reentry nonprofits
Michigan,Delta,family-children,Family & Children,B,2,regional,211; family reentry nonprofits
Michigan,Dickinson,family-children,Family & Children,B,2,regional,211; family reentry nonprofits
Michigan,Eaton,family-children,Family & Children,B,2,regional,211; family reentry nonprofits
Michigan,Emmet,family-children,Family & Children,B,2,regional,211; family reentry nonprofits
Michigan,Genesee,family-children,Family & Children,B,2,regional,211; family reentry nonprofits
Michigan,Gladwin,family-children,Family & Children,B,2,regional,211; family reentry nonprofits
Michigan,Gogebic,family-children,Family & Children,B,2,regional,211; family reentry nonprofits
Michigan,Grand Traverse,family-children,Family & Children,B,2,regional,211; family reentry nonprofits
Michigan,Gratiot,family-children,Family & Children,B,2,regional,211; family reentry nonprofits
Michigan,Hillsdale,family-children,Family & Children,B,2,regional,211; family reentry nonprofits
Michigan,Houghton,family-children,Family & Children,B,2,regional,211; family reentry nonprofits
Michigan,Huron,family-children,Family & Children,B,2,regional,211; family reentry nonprofits
Michigan,Ingham,family-children,Family & Children,B,2,regional,211; family reentry nonprofits
Michigan,Ionia,family-children,Family & Children,B,2,regional,211; family reentry nonprofits
Michigan,Iosco,family-children,Family & Children,B,2,regional,211; family reentry nonprofits
Michigan,Iron,family-children,Family & Children,B,2,regional,211; family reentry nonprofits
Michigan,Isabella,family-children,Family & Children,B,2,regional,211; family reentry nonprofits
Michigan,Jackson,family-children,Family & Children,B,2,regional,211; family reentry nonprofits
Michigan,Kalamazoo,family-children,Family & Children,B,2,regional,211; family reentry nonprofits
Michigan,Kalkaska,family-children,Family & Children,B,2,regional,211; family reentry nonprofits
Michigan,Kent,family-children,Family & Children,B,2,regional,211; family reentry nonprofits
Michigan,Keweenaw,family-children,Family & Children,B,2,regional,211; family reentry nonprofits
Michigan,Lake,family-children,Family & Children,B,2,regional,211; family reentry nonprofits
Michigan,Lapeer,family-children,Family & Children,B,2,regional,211; family reentry nonprofits
Michigan,Leelanau,family-children,Family & Children,B,2,regional,211; family reentry nonprofits
Michigan,Lenawee,family-children,Family & Children,B,2,regional,211; family reentry nonprofits
Michigan,Livingston,family-children,Family & Children,B,2,regional,211; family reentry nonprofits
Michigan,Luce,family-children,Family & Children,B,2,regional,211; family reentry nonprofits
Michigan,Mackinac,family-children,Family & Children,B,2,regional,211; family reentry nonprofits
Michigan,Macomb,family-children,Family & Children,B,2,regional,211; family reentry nonprofits
Michigan,Manistee,family-children,Family & Children,B,2,regional,211; family reentry nonprofits
Michigan,Marquette,family-children,Family & Children,B,2,regional,211; family reentry nonprofits
Michigan,Mason,family-children,Family & Children,B,2,regional,211; family reentry nonprofits
Michigan,Mecosta,family-children,Family & Children,B,2,regional,211; family reentry nonprofits
Michigan,Menominee,family-children,Family & Children,B,2,regional,211; family reentry nonprofits
Michigan,Missaukee,family-children,Family & Children,B,2,regional,211; family reentry nonprofits
Michigan,Monroe,family-children,Family & Children,B,2,regional,211; family reentry nonprofits
Michigan,Montcalm,family-children,Family & Children,B,2,regional,211; family reentry nonprofits
Michigan,Montmorency,family-children,Family & Children,B,2,regional,211; family reentry nonprofits
Michigan,Muskegon,family-children,Family & Children,B,2,regional,211; family reentry nonprofits
Michigan,Newaygo,family-children,Family & Children,B,2,regional,211; family reentry nonprofits
Michigan,Oakland,family-children,Family & Children,B,2,regional,211; family reentry nonprofits
Michigan,Oceana,family-children,Family & Children,B,2,regional,211; family reentry nonprofits
Michigan,Ogemaw,family-children,Family & Children,B,2,regional,211; family reentry nonprofits
Michigan,Ontonagon,family-children,Family & Children,B,2,regional,211; family reentry nonprofits
Michigan,Osceola,family-children,Family & Children,B,2,regional,211; family reentry nonprofits
Michigan,Oscoda,family-children,Family & Children,B,2,regional,211; family reentry nonprofits
Michigan,Otsego,family-children,Family & Children,B,2,regional,211; family reentry nonprofits
Michigan,Ottawa,family-children,Family & Children,B,2,regional,211; family reentry nonprofits
Michigan,Presque Isle,family-children,Family & Children,B,2,regional,211; family reentry nonprofits
Michigan,Roscommon,family-children,Family & Children,B,2,regional,211; family reentry nonprofits
Michigan,Sanilac,family-children,Family & Children,B,2,regional,211; family reentry nonprofits
Michigan,Schoolcraft,family-children,Family & Children,B,2,regional,211; family reentry nonprofits
Michigan,Shiawassee,family-children,Family & Children,B,2,regional,211; family reentry nonprofits
Michigan,St. Clair,family-children,Family & Children,B,2,regional,211; family reentry nonprofits
Michigan,St. Joseph,family-children,Family & Children,B,2,regional,211; family reentry nonprofits
Michigan,Tuscola,family-children,Family & Children,B,2,regional,211; family reentry nonprofits
Michigan,Van Buren,family-children,Family & Children,B,2,regional,211; family reentry nonprofits
Michigan,Washtenaw,family-children,Family & Children,B,2,regional,211; family reentry nonprofits
Michigan,Wexford,family-children,Family & Children,B,2,regional,211; family reentry nonprofits
Michigan,Alcona,veterans,Veterans,B,2,regional,VA; county veterans service officer
Michigan,Alger,veterans,Veterans,B,2,regional,VA; county veterans service officer
Michigan,Allegan,veterans,Veterans,B,2,regional,VA; county veterans service officer
Michigan,Antrim,veterans,Veterans,B,2,regional,VA; county veterans service officer
Michigan,Arenac,veterans,Veterans,B,2,regional,VA; county veterans service officer
Michigan,Baraga,veterans,Veterans,B,2,regional,VA; county veterans service officer
Michigan,Barry,veterans,Veterans,B,2,regional,VA; county veterans service officer
Michigan,Benzie,veterans,Veterans,B,2,regional,VA; county veterans service officer
Michigan,Berrien,veterans,Veterans,B,2,regional,VA; county veterans service officer
Michigan,Branch,veterans,Veterans,B,2,regional,VA; county veterans service officer
Michigan,Cass,veterans,Veterans,B,2,regional,VA; county veterans service officer
Michigan,Charlevoix,veterans,Veterans,B,2,regional,VA; county veterans service officer
Michigan,Cheboygan,veterans,Veterans,B,2,regional,VA; county veterans service officer
Michigan,Chippewa,veterans,Veterans,B,2,regional,VA; county veterans service officer
Michigan,Clare,veterans,Veterans,B,2,regional,VA; county veterans service officer
Michigan,Clinton,veterans,Veterans,B,2,regional,VA; county veterans service officer
Michigan,Crawford,veterans,Veterans,B,2,regional,VA; county veterans service officer
Michigan,Delta,veterans,Veterans,B,2,regional,VA; county veterans service officer
Michigan,Dickinson,veterans,Veterans,B,2,regional,VA; county veterans service officer
Michigan,Eaton,veterans,Veterans,B,2,regional,VA; county veterans service officer
Michigan,Emmet,veterans,Veterans,B,2,regional,VA; county veterans service officer
Michigan,Genesee,veterans,Veterans,B,2,regional,VA; county veterans service officer
Michigan,Gladwin,veterans,Veterans,B,2,regional,VA; county veterans service officer
Michigan,Gogebic,veterans,Veterans,B,2,regional,VA; county veterans service officer
Michigan,Grand Traverse,veterans,Veterans,B,2,regional,VA; county veterans service officer
Michigan,Gratiot,veterans,Veterans,B,2,regional,VA; county veterans service officer
Michigan,Hillsdale,veterans,Veterans,B,2,regional,VA; county veterans service officer
Michigan,Houghton,veterans,Veterans,B,2,regional,VA; county veterans service officer
Michigan,Huron,veterans,Veterans,B,2,regional,VA; county veterans service officer
Michigan,Ingham,veterans,Veterans,B,2,regional,VA; county veterans service officer
Michigan,Ionia,veterans,Veterans,B,2,regional,VA; county veterans service officer
Michigan,Iosco,veterans,Veterans,B,2,regional,VA; county veterans service officer
Michigan,Iron,veterans,Veterans,B,2,regional,VA; county veterans service officer
Michigan,Isabella,veterans,Veterans,B,2,regional,VA; county veterans service officer
Michigan,Jackson,veterans,Veterans,B,2,regional,VA; county veterans service officer
Michigan,Kalamazoo,veterans,Veterans,B,2,regional,VA; county veterans service officer
Michigan,Kalkaska,veterans,Veterans,B,2,regional,VA; county veterans service officer
Michigan,Keweenaw,veterans,Veterans,B,2,regional,VA; county veterans service officer
Michigan,Lake,veterans,Veterans,B,2,regional,VA; county veterans service officer
Michigan,Lapeer,veterans,Veterans,B,2,regional,VA; county veterans service officer
Michigan,Leelanau,veterans,Veterans,B,2,regional,VA; county veterans service officer
Michigan,Lenawee,veterans,Veterans,B,2,regional,VA; county veterans service officer
Michigan,Livingston,veterans,Veterans,B,2,regional,VA; county veterans service officer
Michigan,Luce,veterans,Veterans,B,2,regional,VA; county veterans service officer
Michigan,Mackinac,veterans,Veterans,B,2,regional,VA; county veterans service officer
Michigan,Macomb,veterans,Veterans,B,2,regional,VA; county veterans service officer
Michigan,Manistee,veterans,Veterans,B,2,regional,VA; county veterans service officer
Michigan,Marquette,veterans,Veterans,B,2,regional,VA; county veterans service officer
Michigan,Mason,veterans,Veterans,B,2,regional,VA; county veterans service officer
Michigan,Mecosta,veterans,Veterans,B,2,regional,VA; county veterans service officer
Michigan,Menominee,veterans,Veterans,B,2,regional,VA; county veterans service officer
Michigan,Midland,veterans,Veterans,B,2,regional,VA; county veterans service officer
Michigan,Missaukee,veterans,Veterans,B,2,regional,VA; county veterans service officer
Michigan,Monroe,veterans,Veterans,B,2,regional,VA; county veterans service officer
Michigan,Montcalm,veterans,Veterans,B,2,regional,VA; county veterans service officer
Michigan,Montmorency,veterans,Veterans,B,2,regional,VA; county veterans service officer
Michigan,Muskegon,veterans,Veterans,B,2,regional,VA; county veterans service officer
Michigan,Newaygo,veterans,Veterans,B,2,regional,VA; county veterans service officer
Michigan,Oceana,veterans,Veterans,B,2,regional,VA; county veterans service officer
Michigan,Ogemaw,veterans,Veterans,B,2,regional,VA; county veterans service officer
Michigan,Ontonagon,veterans,Veterans,B,2,regional,VA; county veterans service officer
Michigan,Osceola,veterans,Veterans,B,2,regional,VA; county veterans service officer
Michigan,Oscoda,veterans,Veterans,B,2,regional,VA; county veterans service officer
Michigan,Otsego,veterans,Veterans,B,2,regional,VA; county veterans service officer
Michigan,Ottawa,veterans,Veterans,B,2,regional,VA; county veterans service officer
Michigan,Presque Isle,veterans,Veterans,B,2,regional,VA; county veterans service officer
Michigan,Roscommon,veterans,Veterans,B,2,regional,VA; county veterans service officer
Michigan,Sanilac,veterans,Veterans,B,2,regional,VA; county veterans service officer
Michigan,Schoolcraft,veterans,Veterans,B,2,regional,VA; county veterans service officer
Michigan,Shiawassee,veterans,Veterans,B,2,regional,VA; county veterans service officer
Michigan,St. Clair,veterans,Veterans,B,2,regional,VA; county veterans service officer
Michigan,St. Joseph,veterans,Veterans,B,2,regional,VA; county veterans service officer
Michigan,Van Buren,veterans,Veterans,B,2,regional,VA; county veterans service officer
Michigan,Washtenaw,veterans,Veterans,B,2,regional,VA; county veterans service officer
Michigan,Wexford,veterans,Veterans,B,2,regional,VA; county veterans service officer
Michigan,Alger,education,Education,B,2,regional,Adult ed/ABLE; community college reentry
Michigan,Allegan,education,Education,B,2,regional,Adult ed/ABLE; community college reentry
Michigan,Antrim,education,Education,B,2,regional,Adult ed/ABLE; community college reentry
Michigan,Arenac,education,Education,B,2,regional,Adult ed/ABLE; community college reentry
Michigan,Baraga,education,Education,B,2,regional,Adult ed/ABLE; community college reentry
Michigan,Barry,education,Education,B,2,regional,Adult ed/ABLE; community college reentry
Michigan,Benzie,education,Education,B,2,regional,Adult ed/ABLE; community college reentry
Michigan,Berrien,education,Education,B,2,regional,Adult ed/ABLE; community college reentry
Michigan,Cass,education,Education,B,2,regional,Adult ed/ABLE; community college reentry
Michigan,Charlevoix,education,Education,B,2,regional,Adult ed/ABLE; community college reentry
Michigan,Chippewa,education,Education,B,2,regional,Adult ed/ABLE; community college reentry
Michigan,Clare,education,Education,B,2,regional,Adult ed/ABLE; community college reentry
Michigan,Clinton,education,Education,B,2,regional,Adult ed/ABLE; community college reentry
Michigan,Delta,education,Education,B,2,regional,Adult ed/ABLE; community college reentry
Michigan,Dickinson,education,Education,B,2,regional,Adult ed/ABLE; community college reentry
Michigan,Eaton,education,Education,B,2,regional,Adult ed/ABLE; community college reentry
Michigan,Emmet,education,Education,B,2,regional,Adult ed/ABLE; community college reentry
Michigan,Gladwin,education,Education,B,2,regional,Adult ed/ABLE; community college reentry
Michigan,Gogebic,education,Education,B,2,regional,Adult ed/ABLE; community college reentry
Michigan,Grand Traverse,education,Education,B,2,regional,Adult ed/ABLE; community college reentry
Michigan,Gratiot,education,Education,B,2,regional,Adult ed/ABLE; community college reentry
Michigan,Hillsdale,education,Education,B,2,regional,Adult ed/ABLE; community college reentry
Michigan,Houghton,education,Education,B,2,regional,Adult ed/ABLE; community college reentry
Michigan,Huron,education,Education,B,2,regional,Adult ed/ABLE; community college reentry
Michigan,Ionia,education,Education,B,2,regional,Adult ed/ABLE; community college reentry
Michigan,Iron,education,Education,B,2,regional,Adult ed/ABLE; community college reentry
Michigan,Isabella,education,Education,B,2,regional,Adult ed/ABLE; community college reentry
Michigan,Jackson,education,Education,B,2,regional,Adult ed/ABLE; community college reentry
Michigan,Kalamazoo,education,Education,B,2,regional,Adult ed/ABLE; community college reentry
Michigan,Kalkaska,education,Education,B,2,regional,Adult ed/ABLE; community college reentry
Michigan,Keweenaw,education,Education,B,2,regional,Adult ed/ABLE; community college reentry
Michigan,Lake,education,Education,B,2,regional,Adult ed/ABLE; community college reentry
Michigan,Lapeer,education,Education,B,2,regional,Adult ed/ABLE; community college reentry
Michigan,Leelanau,education,Education,B,2,regional,Adult ed/ABLE; community college reentry
Michigan,Lenawee,education,Education,B,2,regional,Adult ed/ABLE; community college reentry
Michigan,Livingston,education,Education,B,2,regional,Adult ed/ABLE; community college reentry
Michigan,Luce,education,Education,B,2,regional,Adult ed/ABLE; community college reentry
Michigan,Mackinac,education,Education,B,2,regional,Adult ed/ABLE; community college reentry
Michigan,Manistee,education,Education,B,2,regional,Adult ed/ABLE; community college reentry
Michigan,Marquette,education,Education,B,2,regional,Adult ed/ABLE; community college reentry
Michigan,Mason,education,Education,B,2,regional,Adult ed/ABLE; community college reentry
Michigan,Mecosta,education,Education,B,2,regional,Adult ed/ABLE; community college reentry
Michigan,Menominee,education,Education,B,2,regional,Adult ed/ABLE; community college reentry
Michigan,Missaukee,education,Education,B,2,regional,Adult ed/ABLE; community college reentry
Michigan,Monroe,education,Education,B,2,regional,Adult ed/ABLE; community college reentry
Michigan,Montcalm,education,Education,B,2,regional,Adult ed/ABLE; community college reentry
Michigan,Muskegon,education,Education,B,2,regional,Adult ed/ABLE; community college reentry
Michigan,Newaygo,education,Education,B,2,regional,Adult ed/ABLE; community college reentry
Michigan,Oceana,education,Education,B,2,regional,Adult ed/ABLE; community college reentry
Michigan,Ontonagon,education,Education,B,2,regional,Adult ed/ABLE; community college reentry
Michigan,Osceola,education,Education,B,2,regional,Adult ed/ABLE; community college reentry
Michigan,Ottawa,education,Education,B,2,regional,Adult ed/ABLE; community college reentry
Michigan,Sanilac,education,Education,B,2,regional,Adult ed/ABLE; community college reentry
Michigan,Schoolcraft,education,Education,B,2,regional,Adult ed/ABLE; community college reentry
Michigan,Shiawassee,education,Education,B,2,regional,Adult ed/ABLE; community college reentry
Michigan,St. Joseph,education,Education,B,2,regional,Adult ed/ABLE; community college reentry
Michigan,Tuscola,education,Education,B,2,regional,Adult ed/ABLE; community college reentry
Michigan,Van Buren,education,Education,B,2,regional,Adult ed/ABLE; community college reentry
Michigan,Wayne,education,Education,B,2,regional,Adult ed/ABLE; community college reentry
Michigan,Wexford,education,Education,B,2,regional,Adult ed/ABLE; community college reentry
Michigan,Alger,basic-needs,Basic Needs,B,2,regional,211; United Way basic needs partners
Michigan,Antrim,basic-needs,Basic Needs,B,2,regional,211; United Way basic needs partners
Michigan,Baraga,basic-needs,Basic Needs,B,2,regional,211; United Way basic needs partners
Michigan,Barry,basic-needs,Basic Needs,B,2,regional,211; United Way basic needs partners
Michigan,Bay,basic-needs,Basic Needs,B,2,regional,211; United Way basic needs partners
Michigan,Benzie,basic-needs,Basic Needs,B,2,regional,211; United Way basic needs partners
Michigan,Berrien,basic-needs,Basic Needs,B,2,regional,211; United Way basic needs partners
Michigan,Cass,basic-needs,Basic Needs,B,2,regional,211; United Way basic needs partners
Michigan,Charlevoix,basic-needs,Basic Needs,B,2,regional,211; United Way basic needs partners
Michigan,Chippewa,basic-needs,Basic Needs,B,2,regional,211; United Way basic needs partners
Michigan,Clinton,basic-needs,Basic Needs,B,2,regional,211; United Way basic needs partners
Michigan,Delta,basic-needs,Basic Needs,B,2,regional,211; United Way basic needs partners
Michigan,Dickinson,basic-needs,Basic Needs,B,2,regional,211; United Way basic needs partners
Michigan,Eaton,basic-needs,Basic Needs,B,2,regional,211; United Way basic needs partners
Michigan,Emmet,basic-needs,Basic Needs,B,2,regional,211; United Way basic needs partners
Michigan,Genesee,basic-needs,Basic Needs,B,2,regional,211; United Way basic needs partners
Michigan,Gogebic,basic-needs,Basic Needs,B,2,regional,211; United Way basic needs partners
Michigan,Grand Traverse,basic-needs,Basic Needs,B,2,regional,211; United Way basic needs partners
Michigan,Hillsdale,basic-needs,Basic Needs,B,2,regional,211; United Way basic needs partners
Michigan,Houghton,basic-needs,Basic Needs,B,2,regional,211; United Way basic needs partners
Michigan,Huron,basic-needs,Basic Needs,B,2,regional,211; United Way basic needs partners
Michigan,Ingham,basic-needs,Basic Needs,B,2,regional,211; United Way basic needs partners
Michigan,Ionia,basic-needs,Basic Needs,B,2,regional,211; United Way basic needs partners
Michigan,Iron,basic-needs,Basic Needs,B,2,regional,211; United Way basic needs partners
Michigan,Jackson,basic-needs,Basic Needs,B,2,regional,211; United Way basic needs partners
Michigan,Kalamazoo,basic-needs,Basic Needs,B,2,regional,211; United Way basic needs partners
Michigan,Kalkaska,basic-needs,Basic Needs,B,2,regional,211; United Way basic needs partners
Michigan,Keweenaw,basic-needs,Basic Needs,B,2,regional,211; United Way basic needs partners
Michigan,Lake,basic-needs,Basic Needs,B,2,regional,211; United Way basic needs partners
Michigan,Lapeer,basic-needs,Basic Needs,B,2,regional,211; United Way basic needs partners
Michigan,Leelanau,basic-needs,Basic Needs,B,2,regional,211; United Way basic needs partners
Michigan,Lenawee,basic-needs,Basic Needs,B,2,regional,211; United Way basic needs partners
Michigan,Luce,basic-needs,Basic Needs,B,2,regional,211; United Way basic needs partners
Michigan,Mackinac,basic-needs,Basic Needs,B,2,regional,211; United Way basic needs partners
Michigan,Manistee,basic-needs,Basic Needs,B,2,regional,211; United Way basic needs partners
Michigan,Marquette,basic-needs,Basic Needs,B,2,regional,211; United Way basic needs partners
Michigan,Mason,basic-needs,Basic Needs,B,2,regional,211; United Way basic needs partners
Michigan,Mecosta,basic-needs,Basic Needs,B,2,regional,211; United Way basic needs partners
Michigan,Menominee,basic-needs,Basic Needs,B,2,regional,211; United Way basic needs partners
Michigan,Midland,basic-needs,Basic Needs,B,2,regional,211; United Way basic needs partners
Michigan,Missaukee,basic-needs,Basic Needs,B,2,regional,211; United Way basic needs partners
Michigan,Newaygo,basic-needs,Basic Needs,B,2,regional,211; United Way basic needs partners
Michigan,Oceana,basic-needs,Basic Needs,B,2,regional,211; United Way basic needs partners
Michigan,Ontonagon,basic-needs,Basic Needs,B,2,regional,211; United Way basic needs partners
Michigan,Saginaw,basic-needs,Basic Needs,B,2,regional,211; United Way basic needs partners
Michigan,Sanilac,basic-needs,Basic Needs,B,2,regional,211; United Way basic needs partners
Michigan,Schoolcraft,basic-needs,Basic Needs,B,2,regional,211; United Way basic needs partners
Michigan,Shiawassee,basic-needs,Basic Needs,B,2,regional,211; United Way basic needs partners
Michigan,St. Clair,basic-needs,Basic Needs,B,2,regional,211; United Way basic needs partners
Michigan,St. Joseph,basic-needs,Basic Needs,B,2,regional,211; United Way basic needs partners
Michigan,Tuscola,basic-needs,Basic Needs,B,2,regional,211; United Way basic needs partners
Michigan,Van Buren,basic-needs,Basic Needs,B,2,regional,211; United Way basic needs partners
Michigan,Wexford,basic-needs,Basic Needs,B,2,regional,211; United Way basic needs partners
Mississippi,Adams,id-documentation,ID & Documentation,B,2,regional,Legal aid ID clinic; circuit clerk vital records
Mississippi,Alcorn,id-documentation,ID & Documentation,B,2,regional,Legal aid ID clinic; circuit clerk vital records
Mississippi,Amite,id-documentation,ID & Documentation,B,2,regional,Legal aid ID clinic; circuit clerk vital records
Mississippi,Attala,id-documentation,ID & Documentation,B,2,regional,Legal aid ID clinic; circuit clerk vital records
Mississippi,Benton,id-documentation,ID & Documentation,B,2,regional,Legal aid ID clinic; circuit clerk vital records
Mississippi,Bolivar,id-documentation,ID & Documentation,B,2,regional,Legal aid ID clinic; circuit clerk vital records
Mississippi,Calhoun,id-documentation,ID & Documentation,B,2,regional,Legal aid ID clinic; circuit clerk vital records
Mississippi,Carroll,id-documentation,ID & Documentation,B,2,regional,Legal aid ID clinic; circuit clerk vital records
Mississippi,Chickasaw,id-documentation,ID & Documentation,B,2,regional,Legal aid ID clinic; circuit clerk vital records
Mississippi,Choctaw,id-documentation,ID & Documentation,B,2,regional,Legal aid ID clinic; circuit clerk vital records
Mississippi,Claiborne,id-documentation,ID & Documentation,B,2,regional,Legal aid ID clinic; circuit clerk vital records
Mississippi,Clarke,id-documentation,ID & Documentation,B,2,regional,Legal aid ID clinic; circuit clerk vital records
Mississippi,Clay,id-documentation,ID & Documentation,B,2,regional,Legal aid ID clinic; circuit clerk vital records
Mississippi,Coahoma,id-documentation,ID & Documentation,B,2,regional,Legal aid ID clinic; circuit clerk vital records
Mississippi,Copiah,id-documentation,ID & Documentation,B,2,regional,Legal aid ID clinic; circuit clerk vital records
Mississippi,Covington,id-documentation,ID & Documentation,B,2,regional,Legal aid ID clinic; circuit clerk vital records
Mississippi,DeSoto,id-documentation,ID & Documentation,B,2,regional,Legal aid ID clinic; circuit clerk vital records
Mississippi,Forrest,id-documentation,ID & Documentation,B,2,regional,Legal aid ID clinic; circuit clerk vital records
Mississippi,Franklin,id-documentation,ID & Documentation,B,2,regional,Legal aid ID clinic; circuit clerk vital records
Mississippi,George,id-documentation,ID & Documentation,B,2,regional,Legal aid ID clinic; circuit clerk vital records
Mississippi,Greene,id-documentation,ID & Documentation,B,2,regional,Legal aid ID clinic; circuit clerk vital records
Mississippi,Grenada,id-documentation,ID & Documentation,B,2,regional,Legal aid ID clinic; circuit clerk vital records
Mississippi,Hancock,id-documentation,ID & Documentation,B,2,regional,Legal aid ID clinic; circuit clerk vital records
Mississippi,Harrison,id-documentation,ID & Documentation,B,2,regional,Legal aid ID clinic; circuit clerk vital records
Mississippi,Hinds,id-documentation,ID & Documentation,B,2,regional,Legal aid ID clinic; circuit clerk vital records
Mississippi,Holmes,id-documentation,ID & Documentation,B,2,regional,Legal aid ID clinic; circuit clerk vital records
Mississippi,Humphreys,id-documentation,ID & Documentation,B,2,regional,Legal aid ID clinic; circuit clerk vital records
Mississippi,Issaquena,id-documentation,ID & Documentation,B,2,regional,Legal aid ID clinic; circuit clerk vital records
Mississippi,Itawamba,id-documentation,ID & Documentation,B,2,regional,Legal aid ID clinic; circuit clerk vital records
Mississippi,Jackson,id-documentation,ID & Documentation,B,2,regional,Legal aid ID clinic; circuit clerk vital records
Mississippi,Jasper,id-documentation,ID & Documentation,B,2,regional,Legal aid ID clinic; circuit clerk vital records
Mississippi,Jefferson,id-documentation,ID & Documentation,B,2,regional,Legal aid ID clinic; circuit clerk vital records
Mississippi,Jefferson Davis,id-documentation,ID & Documentation,B,2,regional,Legal aid ID clinic; circuit clerk vital records
Mississippi,Jones,id-documentation,ID & Documentation,B,2,regional,Legal aid ID clinic; circuit clerk vital records
Mississippi,Kemper,id-documentation,ID & Documentation,B,2,regional,Legal aid ID clinic; circuit clerk vital records
Mississippi,Lafayette,id-documentation,ID & Documentation,B,2,regional,Legal aid ID clinic; circuit clerk vital records
Mississippi,Lamar,id-documentation,ID & Documentation,B,2,regional,Legal aid ID clinic; circuit clerk vital records
Mississippi,Lauderdale,id-documentation,ID & Documentation,B,2,regional,Legal aid ID clinic; circuit clerk vital records
Mississippi,Lawrence,id-documentation,ID & Documentation,B,2,regional,Legal aid ID clinic; circuit clerk vital records
Mississippi,Leake,id-documentation,ID & Documentation,B,2,regional,Legal aid ID clinic; circuit clerk vital records
Mississippi,Lee,id-documentation,ID & Documentation,B,2,regional,Legal aid ID clinic; circuit clerk vital records
Mississippi,Leflore,id-documentation,ID & Documentation,B,2,regional,Legal aid ID clinic; circuit clerk vital records
Mississippi,Lincoln,id-documentation,ID & Documentation,B,2,regional,Legal aid ID clinic; circuit clerk vital records
Mississippi,Lowndes,id-documentation,ID & Documentation,B,2,regional,Legal aid ID clinic; circuit clerk vital records
Mississippi,Madison,id-documentation,ID & Documentation,B,2,regional,Legal aid ID clinic; circuit clerk vital records
Mississippi,Marion,id-documentation,ID & Documentation,B,2,regional,Legal aid ID clinic; circuit clerk vital records
Mississippi,Marshall,id-documentation,ID & Documentation,B,2,regional,Legal aid ID clinic; circuit clerk vital records
Mississippi,Monroe,id-documentation,ID & Documentation,B,2,regional,Legal aid ID clinic; circuit clerk vital records
Mississippi,Montgomery,id-documentation,ID & Documentation,B,2,regional,Legal aid ID clinic; circuit clerk vital records
Mississippi,Neshoba,id-documentation,ID & Documentation,B,2,regional,Legal aid ID clinic; circuit clerk vital records
Mississippi,Newton,id-documentation,ID & Documentation,B,2,regional,Legal aid ID clinic; circuit clerk vital records
Mississippi,Noxubee,id-documentation,ID & Documentation,B,2,regional,Legal aid ID clinic; circuit clerk vital records
Mississippi,Oktibbeha,id-documentation,ID & Documentation,B,2,regional,Legal aid ID clinic; circuit clerk vital records
Mississippi,Panola,id-documentation,ID & Documentation,B,2,regional,Legal aid ID clinic; circuit clerk vital records
Mississippi,Pearl River,id-documentation,ID & Documentation,B,2,regional,Legal aid ID clinic; circuit clerk vital records
Mississippi,Perry,id-documentation,ID & Documentation,B,2,regional,Legal aid ID clinic; circuit clerk vital records
Mississippi,Pike,id-documentation,ID & Documentation,B,2,regional,Legal aid ID clinic; circuit clerk vital records
Mississippi,Pontotoc,id-documentation,ID & Documentation,B,2,regional,Legal aid ID clinic; circuit clerk vital records
Mississippi,Prentiss,id-documentation,ID & Documentation,B,2,regional,Legal aid ID clinic; circuit clerk vital records
Mississippi,Quitman,id-documentation,ID & Documentation,B,2,regional,Legal aid ID clinic; circuit clerk vital records
Mississippi,Rankin,id-documentation,ID & Documentation,B,2,regional,Legal aid ID clinic; circuit clerk vital records
Mississippi,Scott,id-documentation,ID & Documentation,B,2,regional,Legal aid ID clinic; circuit clerk vital records
Mississippi,Sharkey,id-documentation,ID & Documentation,B,2,regional,Legal aid ID clinic; circuit clerk vital records
Mississippi,Simpson,id-documentation,ID & Documentation,B,2,regional,Legal aid ID clinic; circuit clerk vital records
Mississippi,Smith,id-documentation,ID & Documentation,B,2,regional,Legal aid ID clinic; circuit clerk vital records
Mississippi,Stone,id-documentation,ID & Documentation,B,2,regional,Legal aid ID clinic; circuit clerk vital records
Mississippi,Sunflower,id-documentation,ID & Documentation,B,2,regional,Legal aid ID clinic; circuit clerk vital records
Mississippi,Tallahatchie,id-documentation,ID & Documentation,B,2,regional,Legal aid ID clinic; circuit clerk vital records
Mississippi,Tate,id-documentation,ID & Documentation,B,2,regional,Legal aid ID clinic; circuit clerk vital records
Mississippi,Tippah,id-documentation,ID & Documentation,B,2,regional,Legal aid ID clinic; circuit clerk vital records
Mississippi,Tishomingo,id-documentation,ID & Documentation,B,2,regional,Legal aid ID clinic; circuit clerk vital records
Mississippi,Tunica,id-documentation,ID & Documentation,B,2,regional,Legal aid ID clinic; circuit clerk vital records
Mississippi,Union,id-documentation,ID & Documentation,B,2,regional,Legal aid ID clinic; circuit clerk vital records
Mississippi,Walthall,id-documentation,ID & Documentation,B,2,regional,Legal aid ID clinic; circuit clerk vital records
Mississippi,Warren,id-documentation,ID & Documentation,B,2,regional,Legal aid ID clinic; circuit clerk vital records
Mississippi,Washington,id-documentation,ID & Documentation,B,2,regional,Legal aid ID clinic; circuit clerk vital records
Mississippi,Wayne,id-documentation,ID & Documentation,B,2,regional,Legal aid ID clinic; circuit clerk vital records
Mississippi,Webster,id-documentation,ID & Documentation,B,2,regional,Legal aid ID clinic; circuit clerk vital records
Mississippi,Wilkinson,id-documentation,ID & Documentation,B,2,regional,Legal aid ID clinic; circuit clerk vital records
Mississippi,Winston,id-documentation,ID & Documentation,B,2,regional,Legal aid ID clinic; circuit clerk vital records
Mississippi,Yalobusha,id-documentation,ID & Documentation,B,2,regional,Legal aid ID clinic; circuit clerk vital records
Mississippi,Yazoo,id-documentation,ID & Documentation,B,2,regional,Legal aid ID clinic; circuit clerk vital records
Mississippi,Adams,transportation,Transportation,B,2,regional,Transit authority voucher programs
Mississippi,Alcorn,transportation,Transportation,B,2,regional,Transit authority voucher programs
Mississippi,Amite,transportation,Transportation,B,2,regional,Transit authority voucher programs
Mississippi,Attala,transportation,Transportation,B,2,regional,Transit authority voucher programs
Mississippi,Benton,transportation,Transportation,B,2,regional,Transit authority voucher programs
Mississippi,Bolivar,transportation,Transportation,B,2,regional,Transit authority voucher programs
Mississippi,Calhoun,transportation,Transportation,B,2,regional,Transit authority voucher programs
Mississippi,Carroll,transportation,Transportation,B,2,regional,Transit authority voucher programs
Mississippi,Chickasaw,transportation,Transportation,B,2,regional,Transit authority voucher programs
Mississippi,Choctaw,transportation,Transportation,B,2,regional,Transit authority voucher programs
Mississippi,Claiborne,transportation,Transportation,B,2,regional,Transit authority voucher programs
Mississippi,Clarke,transportation,Transportation,B,2,regional,Transit authority voucher programs
Mississippi,Clay,transportation,Transportation,B,2,regional,Transit authority voucher programs
Mississippi,Coahoma,transportation,Transportation,B,2,regional,Transit authority voucher programs
Mississippi,Copiah,transportation,Transportation,B,2,regional,Transit authority voucher programs
Mississippi,Covington,transportation,Transportation,B,2,regional,Transit authority voucher programs
Mississippi,DeSoto,transportation,Transportation,B,2,regional,Transit authority voucher programs
Mississippi,Forrest,transportation,Transportation,B,2,regional,Transit authority voucher programs
Mississippi,Franklin,transportation,Transportation,B,2,regional,Transit authority voucher programs
Mississippi,George,transportation,Transportation,B,2,regional,Transit authority voucher programs
Mississippi,Greene,transportation,Transportation,B,2,regional,Transit authority voucher programs
Mississippi,Grenada,transportation,Transportation,B,2,regional,Transit authority voucher programs
Mississippi,Hancock,transportation,Transportation,B,2,regional,Transit authority voucher programs
Mississippi,Harrison,transportation,Transportation,B,2,regional,Transit authority voucher programs
Mississippi,Hinds,transportation,Transportation,B,2,regional,Transit authority voucher programs
Mississippi,Holmes,transportation,Transportation,B,2,regional,Transit authority voucher programs
Mississippi,Humphreys,transportation,Transportation,B,2,regional,Transit authority voucher programs
Mississippi,Issaquena,transportation,Transportation,B,2,regional,Transit authority voucher programs
Mississippi,Itawamba,transportation,Transportation,B,2,regional,Transit authority voucher programs
Mississippi,Jackson,transportation,Transportation,B,2,regional,Transit authority voucher programs
Mississippi,Jasper,transportation,Transportation,B,2,regional,Transit authority voucher programs
Mississippi,Jefferson,transportation,Transportation,B,2,regional,Transit authority voucher programs
Mississippi,Jefferson Davis,transportation,Transportation,B,2,regional,Transit authority voucher programs
Mississippi,Jones,transportation,Transportation,B,2,regional,Transit authority voucher programs
Mississippi,Kemper,transportation,Transportation,B,2,regional,Transit authority voucher programs
Mississippi,Lafayette,transportation,Transportation,B,2,regional,Transit authority voucher programs
Mississippi,Lamar,transportation,Transportation,B,2,regional,Transit authority voucher programs
Mississippi,Lauderdale,transportation,Transportation,B,2,regional,Transit authority voucher programs
Mississippi,Lawrence,transportation,Transportation,B,2,regional,Transit authority voucher programs
Mississippi,Leake,transportation,Transportation,B,2,regional,Transit authority voucher programs
Mississippi,Lee,transportation,Transportation,B,2,regional,Transit authority voucher programs
Mississippi,Leflore,transportation,Transportation,B,2,regional,Transit authority voucher programs
Mississippi,Lincoln,transportation,Transportation,B,2,regional,Transit authority voucher programs
Mississippi,Lowndes,transportation,Transportation,B,2,regional,Transit authority voucher programs
Mississippi,Madison,transportation,Transportation,B,2,regional,Transit authority voucher programs
Mississippi,Marion,transportation,Transportation,B,2,regional,Transit authority voucher programs
Mississippi,Marshall,transportation,Transportation,B,2,regional,Transit authority voucher programs
Mississippi,Monroe,transportation,Transportation,B,2,regional,Transit authority voucher programs
Mississippi,Montgomery,transportation,Transportation,B,2,regional,Transit authority voucher programs
Mississippi,Neshoba,transportation,Transportation,B,2,regional,Transit authority voucher programs
Mississippi,Newton,transportation,Transportation,B,2,regional,Transit authority voucher programs
Mississippi,Noxubee,transportation,Transportation,B,2,regional,Transit authority voucher programs
Mississippi,Oktibbeha,transportation,Transportation,B,2,regional,Transit authority voucher programs
Mississippi,Panola,transportation,Transportation,B,2,regional,Transit authority voucher programs
Mississippi,Pearl River,transportation,Transportation,B,2,regional,Transit authority voucher programs
Mississippi,Perry,transportation,Transportation,B,2,regional,Transit authority voucher programs
Mississippi,Pike,transportation,Transportation,B,2,regional,Transit authority voucher programs
Mississippi,Pontotoc,transportation,Transportation,B,2,regional,Transit authority voucher programs
Mississippi,Prentiss,transportation,Transportation,B,2,regional,Transit authority voucher programs
Mississippi,Quitman,transportation,Transportation,B,2,regional,Transit authority voucher programs
Mississippi,Rankin,transportation,Transportation,B,2,regional,Transit authority voucher programs
Mississippi,Scott,transportation,Transportation,B,2,regional,Transit authority voucher programs
Mississippi,Sharkey,transportation,Transportation,B,2,regional,Transit authority voucher programs
Mississippi,Simpson,transportation,Transportation,B,2,regional,Transit authority voucher programs
Mississippi,Smith,transportation,Transportation,B,2,regional,Transit authority voucher programs
Mississippi,Stone,transportation,Transportation,B,2,regional,Transit authority voucher programs
Mississippi,Sunflower,transportation,Transportation,B,2,regional,Transit authority voucher programs
Mississippi,Tallahatchie,transportation,Transportation,B,2,regional,Transit authority voucher programs
Mississippi,Tate,transportation,Transportation,B,2,regional,Transit authority voucher programs
Mississippi,Tippah,transportation,Transportation,B,2,regional,Transit authority voucher programs
Mississippi,Tishomingo,transportation,Transportation,B,2,regional,Transit authority voucher programs
Mississippi,Tunica,transportation,Transportation,B,2,regional,Transit authority voucher programs
Mississippi,Union,transportation,Transportation,B,2,regional,Transit authority voucher programs
Mississippi,Walthall,transportation,Transportation,B,2,regional,Transit authority voucher programs
Mississippi,Warren,transportation,Transportation,B,2,regional,Transit authority voucher programs
Mississippi,Washington,transportation,Transportation,B,2,regional,Transit authority voucher programs
Mississippi,Wayne,transportation,Transportation,B,2,regional,Transit authority voucher programs
Mississippi,Webster,transportation,Transportation,B,2,regional,Transit authority voucher programs
Mississippi,Wilkinson,transportation,Transportation,B,2,regional,Transit authority voucher programs
Mississippi,Winston,transportation,Transportation,B,2,regional,Transit authority voucher programs
Mississippi,Yalobusha,transportation,Transportation,B,2,regional,Transit authority voucher programs
Mississippi,Yazoo,transportation,Transportation,B,2,regional,Transit authority voucher programs
Mississippi,Adams,peer-support,Peer Support,B,2,regional,State peer certification roster
Mississippi,Alcorn,peer-support,Peer Support,B,2,regional,State peer certification roster
Mississippi,Amite,peer-support,Peer Support,B,2,regional,State peer certification roster
Mississippi,Attala,peer-support,Peer Support,B,2,regional,State peer certification roster
Mississippi,Bolivar,peer-support,Peer Support,B,2,regional,State peer certification roster
Mississippi,Calhoun,peer-support,Peer Support,B,2,regional,State peer certification roster
Mississippi,Carroll,peer-support,Peer Support,B,2,regional,State peer certification roster
Mississippi,Chickasaw,peer-support,Peer Support,B,2,regional,State peer certification roster
Mississippi,Choctaw,peer-support,Peer Support,B,2,regional,State peer certification roster
Mississippi,Claiborne,peer-support,Peer Support,B,2,regional,State peer certification roster
Mississippi,Clarke,peer-support,Peer Support,B,2,regional,State peer certification roster
Mississippi,Clay,peer-support,Peer Support,B,2,regional,State peer certification roster
Mississippi,Coahoma,peer-support,Peer Support,B,2,regional,State peer certification roster
Mississippi,Copiah,peer-support,Peer Support,B,2,regional,State peer certification roster
Mississippi,DeSoto,peer-support,Peer Support,B,2,regional,State peer certification roster
Mississippi,Franklin,peer-support,Peer Support,B,2,regional,State peer certification roster
Mississippi,Greene,peer-support,Peer Support,B,2,regional,State peer certification roster
Mississippi,Grenada,peer-support,Peer Support,B,2,regional,State peer certification roster
Mississippi,Holmes,peer-support,Peer Support,B,2,regional,State peer certification roster
Mississippi,Humphreys,peer-support,Peer Support,B,2,regional,State peer certification roster
Mississippi,Issaquena,peer-support,Peer Support,B,2,regional,State peer certification roster
Mississippi,Jasper,peer-support,Peer Support,B,2,regional,State peer certification roster
Mississippi,Jefferson,peer-support,Peer Support,B,2,regional,State peer certification roster
Mississippi,Jefferson Davis,peer-support,Peer Support,B,2,regional,State peer certification roster
Mississippi,Jones,peer-support,Peer Support,B,2,regional,State peer certification roster
Mississippi,Kemper,peer-support,Peer Support,B,2,regional,State peer certification roster
Mississippi,Lauderdale,peer-support,Peer Support,B,2,regional,State peer certification roster
Mississippi,Lawrence,peer-support,Peer Support,B,2,regional,State peer certification roster
Mississippi,Leake,peer-support,Peer Support,B,2,regional,State peer certification roster
Mississippi,Leflore,peer-support,Peer Support,B,2,regional,State peer certification roster
Mississippi,Lincoln,peer-support,Peer Support,B,2,regional,State peer certification roster
Mississippi,Lowndes,peer-support,Peer Support,B,2,regional,State peer certification roster
Mississippi,Monroe,peer-support,Peer Support,B,2,regional,State peer certification roster
Mississippi,Montgomery,peer-support,Peer Support,B,2,regional,State peer certification roster
Mississippi,Neshoba,peer-support,Peer Support,B,2,regional,State peer certification roster
Mississippi,Newton,peer-support,Peer Support,B,2,regional,State peer certification roster
Mississippi,Noxubee,peer-support,Peer Support,B,2,regional,State peer certification roster
Mississippi,Oktibbeha,peer-support,Peer Support,B,2,regional,State peer certification roster
Mississippi,Pearl River,peer-support,Peer Support,B,2,regional,State peer certification roster
Mississippi,Perry,peer-support,Peer Support,B,2,regional,State peer certification roster
Mississippi,Pike,peer-support,Peer Support,B,2,regional,State peer certification roster
Mississippi,Quitman,peer-support,Peer Support,B,2,regional,State peer certification roster
Mississippi,Scott,peer-support,Peer Support,B,2,regional,State peer certification roster
Mississippi,Sharkey,peer-support,Peer Support,B,2,regional,State peer certification roster
Mississippi,Simpson,peer-support,Peer Support,B,2,regional,State peer certification roster
Mississippi,Smith,peer-support,Peer Support,B,2,regional,State peer certification roster
Mississippi,Sunflower,peer-support,Peer Support,B,2,regional,State peer certification roster
Mississippi,Tallahatchie,peer-support,Peer Support,B,2,regional,State peer certification roster
Mississippi,Tate,peer-support,Peer Support,B,2,regional,State peer certification roster
Mississippi,Tippah,peer-support,Peer Support,B,2,regional,State peer certification roster
Mississippi,Tishomingo,peer-support,Peer Support,B,2,regional,State peer certification roster
Mississippi,Tunica,peer-support,Peer Support,B,2,regional,State peer certification roster
Mississippi,Union,peer-support,Peer Support,B,2,regional,State peer certification roster
Mississippi,Walthall,peer-support,Peer Support,B,2,regional,State peer certification roster
Mississippi,Warren,peer-support,Peer Support,B,2,regional,State peer certification roster
Mississippi,Washington,peer-support,Peer Support,B,2,regional,State peer certification roster
Mississippi,Wayne,peer-support,Peer Support,B,2,regional,State peer certification roster
Mississippi,Webster,peer-support,Peer Support,B,2,regional,State peer certification roster
Mississippi,Wilkinson,peer-support,Peer Support,B,2,regional,State peer certification roster
Mississippi,Winston,peer-support,Peer Support,B,2,regional,State peer certification roster
Mississippi,Yalobusha,peer-support,Peer Support,B,2,regional,State peer certification roster
Mississippi,Yazoo,peer-support,Peer Support,B,2,regional,State peer certification roster
Mississippi,Adams,family-children,Family & Children,B,2,regional,211; family reentry nonprofits
Mississippi,Alcorn,family-children,Family & Children,B,2,regional,211; family reentry nonprofits
Mississippi,Amite,family-children,Family & Children,B,2,regional,211; family reentry nonprofits
Mississippi,Attala,family-children,Family & Children,B,2,regional,211; family reentry nonprofits
Mississippi,Benton,family-children,Family & Children,B,2,regional,211; family reentry nonprofits
Mississippi,Bolivar,family-children,Family & Children,B,2,regional,211; family reentry nonprofits
Mississippi,Calhoun,family-children,Family & Children,B,2,regional,211; family reentry nonprofits
Mississippi,Carroll,family-children,Family & Children,B,2,regional,211; family reentry nonprofits
Mississippi,Chickasaw,family-children,Family & Children,B,2,regional,211; family reentry nonprofits
Mississippi,Choctaw,family-children,Family & Children,B,2,regional,211; family reentry nonprofits
Mississippi,Claiborne,family-children,Family & Children,B,2,regional,211; family reentry nonprofits
Mississippi,Clarke,family-children,Family & Children,B,2,regional,211; family reentry nonprofits
Mississippi,Clay,family-children,Family & Children,B,2,regional,211; family reentry nonprofits
Mississippi,Coahoma,family-children,Family & Children,B,2,regional,211; family reentry nonprofits
Mississippi,Copiah,family-children,Family & Children,B,2,regional,211; family reentry nonprofits
Mississippi,Covington,family-children,Family & Children,B,2,regional,211; family reentry nonprofits
Mississippi,DeSoto,family-children,Family & Children,B,2,regional,211; family reentry nonprofits
Mississippi,Forrest,family-children,Family & Children,B,2,regional,211; family reentry nonprofits
Mississippi,Franklin,family-children,Family & Children,B,2,regional,211; family reentry nonprofits
Mississippi,George,family-children,Family & Children,B,2,regional,211; family reentry nonprofits
Mississippi,Greene,family-children,Family & Children,B,2,regional,211; family reentry nonprofits
Mississippi,Grenada,family-children,Family & Children,B,2,regional,211; family reentry nonprofits
Mississippi,Hancock,family-children,Family & Children,B,2,regional,211; family reentry nonprofits
Mississippi,Harrison,family-children,Family & Children,B,2,regional,211; family reentry nonprofits
Mississippi,Holmes,family-children,Family & Children,B,2,regional,211; family reentry nonprofits
Mississippi,Humphreys,family-children,Family & Children,B,2,regional,211; family reentry nonprofits
Mississippi,Issaquena,family-children,Family & Children,B,2,regional,211; family reentry nonprofits
Mississippi,Itawamba,family-children,Family & Children,B,2,regional,211; family reentry nonprofits
Mississippi,Jackson,family-children,Family & Children,B,2,regional,211; family reentry nonprofits
Mississippi,Jasper,family-children,Family & Children,B,2,regional,211; family reentry nonprofits
Mississippi,Jefferson,family-children,Family & Children,B,2,regional,211; family reentry nonprofits
Mississippi,Jefferson Davis,family-children,Family & Children,B,2,regional,211; family reentry nonprofits
Mississippi,Jones,family-children,Family & Children,B,2,regional,211; family reentry nonprofits
Mississippi,Kemper,family-children,Family & Children,B,2,regional,211; family reentry nonprofits
Mississippi,Lafayette,family-children,Family & Children,B,2,regional,211; family reentry nonprofits
Mississippi,Lamar,family-children,Family & Children,B,2,regional,211; family reentry nonprofits
Mississippi,Lauderdale,family-children,Family & Children,B,2,regional,211; family reentry nonprofits
Mississippi,Lawrence,family-children,Family & Children,B,2,regional,211; family reentry nonprofits
Mississippi,Leake,family-children,Family & Children,B,2,regional,211; family reentry nonprofits
Mississippi,Lee,family-children,Family & Children,B,2,regional,211; family reentry nonprofits
Mississippi,Leflore,family-children,Family & Children,B,2,regional,211; family reentry nonprofits
Mississippi,Lincoln,family-children,Family & Children,B,2,regional,211; family reentry nonprofits
Mississippi,Lowndes,family-children,Family & Children,B,2,regional,211; family reentry nonprofits
Mississippi,Marion,family-children,Family & Children,B,2,regional,211; family reentry nonprofits
Mississippi,Marshall,family-children,Family & Children,B,2,regional,211; family reentry nonprofits
Mississippi,Monroe,family-children,Family & Children,B,2,regional,211; family reentry nonprofits
Mississippi,Montgomery,family-children,Family & Children,B,2,regional,211; family reentry nonprofits
Mississippi,Neshoba,family-children,Family & Children,B,2,regional,211; family reentry nonprofits
Mississippi,Newton,family-children,Family & Children,B,2,regional,211; family reentry nonprofits
Mississippi,Noxubee,family-children,Family & Children,B,2,regional,211; family reentry nonprofits
Mississippi,Oktibbeha,family-children,Family & Children,B,2,regional,211; family reentry nonprofits
Mississippi,Panola,family-children,Family & Children,B,2,regional,211; family reentry nonprofits
Mississippi,Pearl River,family-children,Family & Children,B,2,regional,211; family reentry nonprofits
Mississippi,Perry,family-children,Family & Children,B,2,regional,211; family reentry nonprofits
Mississippi,Pike,family-children,Family & Children,B,2,regional,211; family reentry nonprofits
Mississippi,Pontotoc,family-children,Family & Children,B,2,regional,211; family reentry nonprofits
Mississippi,Prentiss,family-children,Family & Children,B,2,regional,211; family reentry nonprofits
Mississippi,Quitman,family-children,Family & Children,B,2,regional,211; family reentry nonprofits
Mississippi,Scott,family-children,Family & Children,B,2,regional,211; family reentry nonprofits
Mississippi,Sharkey,family-children,Family & Children,B,2,regional,211; family reentry nonprofits
Mississippi,Simpson,family-children,Family & Children,B,2,regional,211; family reentry nonprofits
Mississippi,Smith,family-children,Family & Children,B,2,regional,211; family reentry nonprofits
Mississippi,Stone,family-children,Family & Children,B,2,regional,211; family reentry nonprofits
Mississippi,Sunflower,family-children,Family & Children,B,2,regional,211; family reentry nonprofits
Mississippi,Tallahatchie,family-children,Family & Children,B,2,regional,211; family reentry nonprofits
Mississippi,Tate,family-children,Family & Children,B,2,regional,211; family reentry nonprofits
Mississippi,Tippah,family-children,Family & Children,B,2,regional,211; family reentry nonprofits
Mississippi,Tishomingo,family-children,Family & Children,B,2,regional,211; family reentry nonprofits
Mississippi,Tunica,family-children,Family & Children,B,2,regional,211; family reentry nonprofits
Mississippi,Union,family-children,Family & Children,B,2,regional,211; family reentry nonprofits
Mississippi,Walthall,family-children,Family & Children,B,2,regional,211; family reentry nonprofits
Mississippi,Warren,family-children,Family & Children,B,2,regional,211; family reentry nonprofits
Mississippi,Washington,family-children,Family & Children,B,2,regional,211; family reentry nonprofits
Mississippi,Wayne,family-children,Family & Children,B,2,regional,211; family reentry nonprofits
Mississippi,Webster,family-children,Family & Children,B,2,regional,211; family reentry nonprofits
Mississippi,Wilkinson,family-children,Family & Children,B,2,regional,211; family reentry nonprofits
Mississippi,Winston,family-children,Family & Children,B,2,regional,211; family reentry nonprofits
Mississippi,Yalobusha,family-children,Family & Children,B,2,regional,211; family reentry nonprofits
Mississippi,Yazoo,family-children,Family & Children,B,2,regional,211; family reentry nonprofits
Mississippi,Adams,veterans,Veterans,B,2,regional,VA; county veterans service officer
Mississippi,Alcorn,veterans,Veterans,B,2,regional,VA; county veterans service officer
Mississippi,Amite,veterans,Veterans,B,2,regional,VA; county veterans service officer
Mississippi,Attala,veterans,Veterans,B,2,regional,VA; county veterans service officer
Mississippi,Benton,veterans,Veterans,B,2,regional,VA; county veterans service officer
Mississippi,Calhoun,veterans,Veterans,B,2,regional,VA; county veterans service officer
Mississippi,Carroll,veterans,Veterans,B,2,regional,VA; county veterans service officer
Mississippi,Chickasaw,veterans,Veterans,B,2,regional,VA; county veterans service officer
Mississippi,Choctaw,veterans,Veterans,B,2,regional,VA; county veterans service officer
Mississippi,Claiborne,veterans,Veterans,B,2,regional,VA; county veterans service officer
Mississippi,Clarke,veterans,Veterans,B,2,regional,VA; county veterans service officer
Mississippi,Clay,veterans,Veterans,B,2,regional,VA; county veterans service officer
Mississippi,Coahoma,veterans,Veterans,B,2,regional,VA; county veterans service officer
Mississippi,Copiah,veterans,Veterans,B,2,regional,VA; county veterans service officer
Mississippi,Covington,veterans,Veterans,B,2,regional,VA; county veterans service officer
Mississippi,DeSoto,veterans,Veterans,B,2,regional,VA; county veterans service officer
Mississippi,Forrest,veterans,Veterans,B,2,regional,VA; county veterans service officer
Mississippi,Franklin,veterans,Veterans,B,2,regional,VA; county veterans service officer
Mississippi,Greene,veterans,Veterans,B,2,regional,VA; county veterans service officer
Mississippi,Grenada,veterans,Veterans,B,2,regional,VA; county veterans service officer
Mississippi,Holmes,veterans,Veterans,B,2,regional,VA; county veterans service officer
Mississippi,Humphreys,veterans,Veterans,B,2,regional,VA; county veterans service officer
Mississippi,Itawamba,veterans,Veterans,B,2,regional,VA; county veterans service officer
Mississippi,Jasper,veterans,Veterans,B,2,regional,VA; county veterans service officer
Mississippi,Jefferson,veterans,Veterans,B,2,regional,VA; county veterans service officer
Mississippi,Jefferson Davis,veterans,Veterans,B,2,regional,VA; county veterans service officer
Mississippi,Jones,veterans,Veterans,B,2,regional,VA; county veterans service officer
Mississippi,Kemper,veterans,Veterans,B,2,regional,VA; county veterans service officer
Mississippi,Lafayette,veterans,Veterans,B,2,regional,VA; county veterans service officer
Mississippi,Lamar,veterans,Veterans,B,2,regional,VA; county veterans service officer
Mississippi,Lauderdale,veterans,Veterans,B,2,regional,VA; county veterans service officer
Mississippi,Lawrence,veterans,Veterans,B,2,regional,VA; county veterans service officer
Mississippi,Leake,veterans,Veterans,B,2,regional,VA; county veterans service officer
Mississippi,Lee,veterans,Veterans,B,2,regional,VA; county veterans service officer
Mississippi,Leflore,veterans,Veterans,B,2,regional,VA; county veterans service officer
Mississippi,Lincoln,veterans,Veterans,B,2,regional,VA; county veterans service officer
Mississippi,Lowndes,veterans,Veterans,B,2,regional,VA; county veterans service officer
Mississippi,Madison,veterans,Veterans,B,2,regional,VA; county veterans service officer
Mississippi,Marion,veterans,Veterans,B,2,regional,VA; county veterans service officer
Mississippi,Marshall,veterans,Veterans,B,2,regional,VA; county veterans service officer
Mississippi,Monroe,veterans,Veterans,B,2,regional,VA; county veterans service officer
Mississippi,Montgomery,veterans,Veterans,B,2,regional,VA; county veterans service officer
Mississippi,Neshoba,veterans,Veterans,B,2,regional,VA; county veterans service officer
Mississippi,Newton,veterans,Veterans,B,2,regional,VA; county veterans service officer
Mississippi,Noxubee,veterans,Veterans,B,2,regional,VA; county veterans service officer
Mississippi,Oktibbeha,veterans,Veterans,B,2,regional,VA; county veterans service officer
Mississippi,Panola,veterans,Veterans,B,2,regional,VA; county veterans service officer
Mississippi,Perry,veterans,Veterans,B,2,regional,VA; county veterans service officer
Mississippi,Pike,veterans,Veterans,B,2,regional,VA; county veterans service officer
Mississippi,Pontotoc,veterans,Veterans,B,2,regional,VA; county veterans service officer
Mississippi,Prentiss,veterans,Veterans,B,2,regional,VA; county veterans service officer
Mississippi,Quitman,veterans,Veterans,B,2,regional,VA; county veterans service officer
Mississippi,Rankin,veterans,Veterans,B,2,regional,VA; county veterans service officer
Mississippi,Scott,veterans,Veterans,B,2,regional,VA; county veterans service officer
Mississippi,Simpson,veterans,Veterans,B,2,regional,VA; county veterans service officer
Mississippi,Smith,veterans,Veterans,B,2,regional,VA; county veterans service officer
Mississippi,Tallahatchie,veterans,Veterans,B,2,regional,VA; county veterans service officer
Mississippi,Tate,veterans,Veterans,B,2,regional,VA; county veterans service officer
Mississippi,Tippah,veterans,Veterans,B,2,regional,VA; county veterans service officer
Mississippi,Tishomingo,veterans,Veterans,B,2,regional,VA; county veterans service officer
Mississippi,Tunica,veterans,Veterans,B,2,regional,VA; county veterans service officer
Mississippi,Union,veterans,Veterans,B,2,regional,VA; county veterans service officer
Mississippi,Walthall,veterans,Veterans,B,2,regional,VA; county veterans service officer
Mississippi,Warren,veterans,Veterans,B,2,regional,VA; county veterans service officer
Mississippi,Wayne,veterans,Veterans,B,2,regional,VA; county veterans service officer
Mississippi,Webster,veterans,Veterans,B,2,regional,VA; county veterans service officer
Mississippi,Wilkinson,veterans,Veterans,B,2,regional,VA; county veterans service officer
Mississippi,Winston,veterans,Veterans,B,2,regional,VA; county veterans service officer
Mississippi,Yalobusha,veterans,Veterans,B,2,regional,VA; county veterans service officer
Mississippi,Yazoo,veterans,Veterans,B,2,regional,VA; county veterans service officer
Mississippi,Adams,education,Education,B,2,regional,Adult ed/ABLE; community college reentry
Mississippi,Alcorn,education,Education,B,2,regional,Adult ed/ABLE; community college reentry
Mississippi,Amite,education,Education,B,2,regional,Adult ed/ABLE; community college reentry
Mississippi,Attala,education,Education,B,2,regional,Adult ed/ABLE; community college reentry
Mississippi,Calhoun,education,Education,B,2,regional,Adult ed/ABLE; community college reentry
Mississippi,Carroll,education,Education,B,2,regional,Adult ed/ABLE; community college reentry
Mississippi,Choctaw,education,Education,B,2,regional,Adult ed/ABLE; community college reentry
Mississippi,Claiborne,education,Education,B,2,regional,Adult ed/ABLE; community college reentry
Mississippi,Coahoma,education,Education,B,2,regional,Adult ed/ABLE; community college reentry
Mississippi,Franklin,education,Education,B,2,regional,Adult ed/ABLE; community college reentry
Mississippi,Greene,education,Education,B,2,regional,Adult ed/ABLE; community college reentry
Mississippi,Grenada,education,Education,B,2,regional,Adult ed/ABLE; community college reentry
Mississippi,Holmes,education,Education,B,2,regional,Adult ed/ABLE; community college reentry
Mississippi,Issaquena,education,Education,B,2,regional,Adult ed/ABLE; community college reentry
Mississippi,Jasper,education,Education,B,2,regional,Adult ed/ABLE; community college reentry
Mississippi,Jefferson,education,Education,B,2,regional,Adult ed/ABLE; community college reentry
Mississippi,Jones,education,Education,B,2,regional,Adult ed/ABLE; community college reentry
Mississippi,Lawrence,education,Education,B,2,regional,Adult ed/ABLE; community college reentry
Mississippi,Leake,education,Education,B,2,regional,Adult ed/ABLE; community college reentry
Mississippi,Lincoln,education,Education,B,2,regional,Adult ed/ABLE; community college reentry
Mississippi,Montgomery,education,Education,B,2,regional,Adult ed/ABLE; community college reentry
Mississippi,Newton,education,Education,B,2,regional,Adult ed/ABLE; community college reentry
Mississippi,Pearl River,education,Education,B,2,regional,Adult ed/ABLE; community college reentry
Mississippi,Perry,education,Education,B,2,regional,Adult ed/ABLE; community college reentry
Mississippi,Pike,education,Education,B,2,regional,Adult ed/ABLE; community college reentry
Mississippi,Pontotoc,education,Education,B,2,regional,Adult ed/ABLE; community college reentry
Mississippi,Prentiss,education,Education,B,2,regional,Adult ed/ABLE; community college reentry
Mississippi,Quitman,education,Education,B,2,regional,Adult ed/ABLE; community college reentry
Mississippi,Scott,education,Education,B,2,regional,Adult ed/ABLE; community college reentry
Mississippi,Sharkey,education,Education,B,2,regional,Adult ed/ABLE; community college reentry
Mississippi,Smith,education,Education,B,2,regional,Adult ed/ABLE; community college reentry
Mississippi,Tallahatchie,education,Education,B,2,regional,Adult ed/ABLE; community college reentry
Mississippi,Tate,education,Education,B,2,regional,Adult ed/ABLE; community college reentry
Mississippi,Tishomingo,education,Education,B,2,regional,Adult ed/ABLE; community college reentry
Mississippi,Tunica,education,Education,B,2,regional,Adult ed/ABLE; community college reentry
Mississippi,Union,education,Education,B,2,regional,Adult ed/ABLE; community college reentry
Mississippi,Walthall,education,Education,B,2,regional,Adult ed/ABLE; community college reentry
Mississippi,Warren,education,Education,B,2,regional,Adult ed/ABLE; community college reentry
Mississippi,Wayne,education,Education,B,2,regional,Adult ed/ABLE; community college reentry
Mississippi,Webster,education,Education,B,2,regional,Adult ed/ABLE; community college reentry
Mississippi,Wilkinson,education,Education,B,2,regional,Adult ed/ABLE; community college reentry
Mississippi,Winston,education,Education,B,2,regional,Adult ed/ABLE; community college reentry
Mississippi,Yalobusha,education,Education,B,2,regional,Adult ed/ABLE; community college reentry
Mississippi,Yazoo,education,Education,B,2,regional,Adult ed/ABLE; community college reentry
Mississippi,Adams,basic-needs,Basic Needs,B,2,regional,211; United Way basic needs partners
Mississippi,Alcorn,basic-needs,Basic Needs,B,2,regional,211; United Way basic needs partners
Mississippi,Amite,basic-needs,Basic Needs,B,2,regional,211; United Way basic needs partners
Mississippi,Attala,basic-needs,Basic Needs,B,2,regional,211; United Way basic needs partners
Mississippi,Benton,basic-needs,Basic Needs,B,2,regional,211; United Way basic needs partners
Mississippi,Calhoun,basic-needs,Basic Needs,B,2,regional,211; United Way basic needs partners
Mississippi,Carroll,basic-needs,Basic Needs,B,2,regional,211; United Way basic needs partners
Mississippi,Chickasaw,basic-needs,Basic Needs,B,2,regional,211; United Way basic needs partners
Mississippi,Choctaw,basic-needs,Basic Needs,B,2,regional,211; United Way basic needs partners
Mississippi,Claiborne,basic-needs,Basic Needs,B,2,regional,211; United Way basic needs partners
Mississippi,Clarke,basic-needs,Basic Needs,B,2,regional,211; United Way basic needs partners
Mississippi,Clay,basic-needs,Basic Needs,B,2,regional,211; United Way basic needs partners
Mississippi,Coahoma,basic-needs,Basic Needs,B,2,regional,211; United Way basic needs partners
Mississippi,Copiah,basic-needs,Basic Needs,B,2,regional,211; United Way basic needs partners
Mississippi,Covington,basic-needs,Basic Needs,B,2,regional,211; United Way basic needs partners
Mississippi,DeSoto,basic-needs,Basic Needs,B,2,regional,211; United Way basic needs partners
Mississippi,Forrest,basic-needs,Basic Needs,B,2,regional,211; United Way basic needs partners
Mississippi,Franklin,basic-needs,Basic Needs,B,2,regional,211; United Way basic needs partners
Mississippi,Greene,basic-needs,Basic Needs,B,2,regional,211; United Way basic needs partners
Mississippi,Grenada,basic-needs,Basic Needs,B,2,regional,211; United Way basic needs partners
Mississippi,Holmes,basic-needs,Basic Needs,B,2,regional,211; United Way basic needs partners
Mississippi,Humphreys,basic-needs,Basic Needs,B,2,regional,211; United Way basic needs partners
Mississippi,Issaquena,basic-needs,Basic Needs,B,2,regional,211; United Way basic needs partners
Mississippi,Itawamba,basic-needs,Basic Needs,B,2,regional,211; United Way basic needs partners
Mississippi,Jasper,basic-needs,Basic Needs,B,2,regional,211; United Way basic needs partners
Mississippi,Jefferson,basic-needs,Basic Needs,B,2,regional,211; United Way basic needs partners
Mississippi,Jefferson Davis,basic-needs,Basic Needs,B,2,regional,211; United Way basic needs partners
Mississippi,Jones,basic-needs,Basic Needs,B,2,regional,211; United Way basic needs partners
Mississippi,Kemper,basic-needs,Basic Needs,B,2,regional,211; United Way basic needs partners
Mississippi,Lafayette,basic-needs,Basic Needs,B,2,regional,211; United Way basic needs partners
Mississippi,Lamar,basic-needs,Basic Needs,B,2,regional,211; United Way basic needs partners
Mississippi,Lauderdale,basic-needs,Basic Needs,B,2,regional,211; United Way basic needs partners
Mississippi,Lawrence,basic-needs,Basic Needs,B,2,regional,211; United Way basic needs partners
Mississippi,Leake,basic-needs,Basic Needs,B,2,regional,211; United Way basic needs partners
Mississippi,Lee,basic-needs,Basic Needs,B,2,regional,211; United Way basic needs partners
Mississippi,Lincoln,basic-needs,Basic Needs,B,2,regional,211; United Way basic needs partners
Mississippi,Lowndes,basic-needs,Basic Needs,B,2,regional,211; United Way basic needs partners
Mississippi,Marion,basic-needs,Basic Needs,B,2,regional,211; United Way basic needs partners
Mississippi,Marshall,basic-needs,Basic Needs,B,2,regional,211; United Way basic needs partners
Mississippi,Monroe,basic-needs,Basic Needs,B,2,regional,211; United Way basic needs partners
Mississippi,Montgomery,basic-needs,Basic Needs,B,2,regional,211; United Way basic needs partners
Mississippi,Neshoba,basic-needs,Basic Needs,B,2,regional,211; United Way basic needs partners
Mississippi,Newton,basic-needs,Basic Needs,B,2,regional,211; United Way basic needs partners
Mississippi,Noxubee,basic-needs,Basic Needs,B,2,regional,211; United Way basic needs partners
Mississippi,Oktibbeha,basic-needs,Basic Needs,B,2,regional,211; United Way basic needs partners
Mississippi,Panola,basic-needs,Basic Needs,B,2,regional,211; United Way basic needs partners
Mississippi,Pearl River,basic-needs,Basic Needs,B,2,regional,211; United Way basic needs partners
Mississippi,Perry,basic-needs,Basic Needs,B,2,regional,211; United Way basic needs partners
Mississippi,Pike,basic-needs,Basic Needs,B,2,regional,211; United Way basic needs partners
Mississippi,Pontotoc,basic-needs,Basic Needs,B,2,regional,211; United Way basic needs partners
Mississippi,Prentiss,basic-needs,Basic Needs,B,2,regional,211; United Way basic needs partners
Mississippi,Quitman,basic-needs,Basic Needs,B,2,regional,211; United Way basic needs partners
Mississippi,Scott,basic-needs,Basic Needs,B,2,regional,211; United Way basic needs partners
Mississippi,Sharkey,basic-needs,Basic Needs,B,2,regional,211; United Way basic needs partners
Mississippi,Simpson,basic-needs,Basic Needs,B,2,regional,211; United Way basic needs partners
Mississippi,Smith,basic-needs,Basic Needs,B,2,regional,211; United Way basic needs partners
Mississippi,Tallahatchie,basic-needs,Basic Needs,B,2,regional,211; United Way basic needs partners
Mississippi,Tate,basic-needs,Basic Needs,B,2,regional,211; United Way basic needs partners
Mississippi,Tippah,basic-needs,Basic Needs,B,2,regional,211; United Way basic needs partners
Mississippi,Tishomingo,basic-needs,Basic Needs,B,2,regional,211; United Way basic needs partners
Mississippi,Tunica,basic-needs,Basic Needs,B,2,regional,211; United Way basic needs partners
Mississippi,Union,basic-needs,Basic Needs,B,2,regional,211; United Way basic needs partners
Mississippi,Walthall,basic-needs,Basic Needs,B,2,regional,211; United Way basic needs partners
Mississippi,Warren,basic-needs,Basic Needs,B,2,regional,211; United Way basic needs partners
Mississippi,Wayne,basic-needs,Basic Needs,B,2,regional,211; United Way basic needs partners
Mississippi,Webster,basic-needs,Basic Needs,B,2,regional,211; United Way basic needs partners
Mississippi,Wilkinson,basic-needs,Basic Needs,B,2,regional,211; United Way basic needs partners
Mississippi,Winston,basic-needs,Basic Needs,B,2,regional,211; United Way basic needs partners
Mississippi,Yalobusha,basic-needs,Basic Needs,B,2,regional,211; United Way basic needs partners
Mississippi,Yazoo,basic-needs,Basic Needs,B,2,regional,211; United Way basic needs partners
Mississippi,Adams,reentry-organizations,Reentry Organizations,B,2,regional,State reentry council; nonprofit coalitions
Mississippi,Alcorn,reentry-organizations,Reentry Organizations,B,2,regional,State reentry council; nonprofit coalitions
Mississippi,Amite,reentry-organizations,Reentry Organizations,B,2,regional,State reentry council; nonprofit coalitions
Mississippi,Attala,reentry-organizations,Reentry Organizations,B,2,regional,State reentry council; nonprofit coalitions
Mississippi,Benton,reentry-organizations,Reentry Organizations,B,2,regional,State reentry council; nonprofit coalitions
Mississippi,Bolivar,reentry-organizations,Reentry Organizations,B,2,regional,State reentry council; nonprofit coalitions
Mississippi,Calhoun,reentry-organizations,Reentry Organizations,B,2,regional,State reentry council; nonprofit coalitions
Mississippi,Carroll,reentry-organizations,Reentry Organizations,B,2,regional,State reentry council; nonprofit coalitions
Mississippi,Chickasaw,reentry-organizations,Reentry Organizations,B,2,regional,State reentry council; nonprofit coalitions
Mississippi,Choctaw,reentry-organizations,Reentry Organizations,B,2,regional,State reentry council; nonprofit coalitions
Mississippi,Claiborne,reentry-organizations,Reentry Organizations,B,2,regional,State reentry council; nonprofit coalitions
Mississippi,Clarke,reentry-organizations,Reentry Organizations,B,2,regional,State reentry council; nonprofit coalitions
Mississippi,Clay,reentry-organizations,Reentry Organizations,B,2,regional,State reentry council; nonprofit coalitions
Mississippi,Coahoma,reentry-organizations,Reentry Organizations,B,2,regional,State reentry council; nonprofit coalitions
Mississippi,Copiah,reentry-organizations,Reentry Organizations,B,2,regional,State reentry council; nonprofit coalitions
Mississippi,Covington,reentry-organizations,Reentry Organizations,B,2,regional,State reentry council; nonprofit coalitions
Mississippi,DeSoto,reentry-organizations,Reentry Organizations,B,2,regional,State reentry council; nonprofit coalitions
Mississippi,Forrest,reentry-organizations,Reentry Organizations,B,2,regional,State reentry council; nonprofit coalitions
Mississippi,Franklin,reentry-organizations,Reentry Organizations,B,2,regional,State reentry council; nonprofit coalitions
Mississippi,George,reentry-organizations,Reentry Organizations,B,2,regional,State reentry council; nonprofit coalitions
Mississippi,Greene,reentry-organizations,Reentry Organizations,B,2,regional,State reentry council; nonprofit coalitions
Mississippi,Grenada,reentry-organizations,Reentry Organizations,B,2,regional,State reentry council; nonprofit coalitions
Mississippi,Hancock,reentry-organizations,Reentry Organizations,B,2,regional,State reentry council; nonprofit coalitions
Mississippi,Harrison,reentry-organizations,Reentry Organizations,B,2,regional,State reentry council; nonprofit coalitions
Mississippi,Hinds,reentry-organizations,Reentry Organizations,B,2,regional,State reentry council; nonprofit coalitions
Mississippi,Holmes,reentry-organizations,Reentry Organizations,B,2,regional,State reentry council; nonprofit coalitions
Mississippi,Humphreys,reentry-organizations,Reentry Organizations,B,2,regional,State reentry council; nonprofit coalitions
Mississippi,Issaquena,reentry-organizations,Reentry Organizations,B,2,regional,State reentry council; nonprofit coalitions
Mississippi,Itawamba,reentry-organizations,Reentry Organizations,B,2,regional,State reentry council; nonprofit coalitions
Mississippi,Jackson,reentry-organizations,Reentry Organizations,B,2,regional,State reentry council; nonprofit coalitions
Mississippi,Jasper,reentry-organizations,Reentry Organizations,B,2,regional,State reentry council; nonprofit coalitions
Mississippi,Jefferson,reentry-organizations,Reentry Organizations,B,2,regional,State reentry council; nonprofit coalitions
Mississippi,Jefferson Davis,reentry-organizations,Reentry Organizations,B,2,regional,State reentry council; nonprofit coalitions
Mississippi,Jones,reentry-organizations,Reentry Organizations,B,2,regional,State reentry council; nonprofit coalitions
Mississippi,Kemper,reentry-organizations,Reentry Organizations,B,2,regional,State reentry council; nonprofit coalitions
Mississippi,Lafayette,reentry-organizations,Reentry Organizations,B,2,regional,State reentry council; nonprofit coalitions
Mississippi,Lamar,reentry-organizations,Reentry Organizations,B,2,regional,State reentry council; nonprofit coalitions
Mississippi,Lauderdale,reentry-organizations,Reentry Organizations,B,2,regional,State reentry council; nonprofit coalitions
Mississippi,Lawrence,reentry-organizations,Reentry Organizations,B,2,regional,State reentry council; nonprofit coalitions
Mississippi,Leake,reentry-organizations,Reentry Organizations,B,2,regional,State reentry council; nonprofit coalitions
Mississippi,Lee,reentry-organizations,Reentry Organizations,B,2,regional,State reentry council; nonprofit coalitions
Mississippi,Leflore,reentry-organizations,Reentry Organizations,B,2,regional,State reentry council; nonprofit coalitions
Mississippi,Lincoln,reentry-organizations,Reentry Organizations,B,2,regional,State reentry council; nonprofit coalitions
Mississippi,Lowndes,reentry-organizations,Reentry Organizations,B,2,regional,State reentry council; nonprofit coalitions
Mississippi,Madison,reentry-organizations,Reentry Organizations,B,2,regional,State reentry council; nonprofit coalitions
Mississippi,Marion,reentry-organizations,Reentry Organizations,B,2,regional,State reentry council; nonprofit coalitions
Mississippi,Marshall,reentry-organizations,Reentry Organizations,B,2,regional,State reentry council; nonprofit coalitions
Mississippi,Monroe,reentry-organizations,Reentry Organizations,B,2,regional,State reentry council; nonprofit coalitions
Mississippi,Montgomery,reentry-organizations,Reentry Organizations,B,2,regional,State reentry council; nonprofit coalitions
Mississippi,Neshoba,reentry-organizations,Reentry Organizations,B,2,regional,State reentry council; nonprofit coalitions
Mississippi,Newton,reentry-organizations,Reentry Organizations,B,2,regional,State reentry council; nonprofit coalitions
Mississippi,Noxubee,reentry-organizations,Reentry Organizations,B,2,regional,State reentry council; nonprofit coalitions
Mississippi,Oktibbeha,reentry-organizations,Reentry Organizations,B,2,regional,State reentry council; nonprofit coalitions
Mississippi,Panola,reentry-organizations,Reentry Organizations,B,2,regional,State reentry council; nonprofit coalitions
Mississippi,Pearl River,reentry-organizations,Reentry Organizations,B,2,regional,State reentry council; nonprofit coalitions
Mississippi,Perry,reentry-organizations,Reentry Organizations,B,2,regional,State reentry council; nonprofit coalitions
Mississippi,Pike,reentry-organizations,Reentry Organizations,B,2,regional,State reentry council; nonprofit coalitions
Mississippi,Pontotoc,reentry-organizations,Reentry Organizations,B,2,regional,State reentry council; nonprofit coalitions
Mississippi,Prentiss,reentry-organizations,Reentry Organizations,B,2,regional,State reentry council; nonprofit coalitions
Mississippi,Quitman,reentry-organizations,Reentry Organizations,B,2,regional,State reentry council; nonprofit coalitions
Mississippi,Rankin,reentry-organizations,Reentry Organizations,B,2,regional,State reentry council; nonprofit coalitions
Mississippi,Scott,reentry-organizations,Reentry Organizations,B,2,regional,State reentry council; nonprofit coalitions
Mississippi,Sharkey,reentry-organizations,Reentry Organizations,B,2,regional,State reentry council; nonprofit coalitions
Mississippi,Simpson,reentry-organizations,Reentry Organizations,B,2,regional,State reentry council; nonprofit coalitions
Mississippi,Smith,reentry-organizations,Reentry Organizations,B,2,regional,State reentry council; nonprofit coalitions
Mississippi,Stone,reentry-organizations,Reentry Organizations,B,2,regional,State reentry council; nonprofit coalitions
Mississippi,Sunflower,reentry-organizations,Reentry Organizations,B,2,regional,State reentry council; nonprofit coalitions
Mississippi,Tallahatchie,reentry-organizations,Reentry Organizations,B,2,regional,State reentry council; nonprofit coalitions
Mississippi,Tate,reentry-organizations,Reentry Organizations,B,2,regional,State reentry council; nonprofit coalitions
Mississippi,Tippah,reentry-organizations,Reentry Organizations,B,2,regional,State reentry council; nonprofit coalitions
Mississippi,Tishomingo,reentry-organizations,Reentry Organizations,B,2,regional,State reentry council; nonprofit coalitions
Mississippi,Tunica,reentry-organizations,Reentry Organizations,B,2,regional,State reentry council; nonprofit coalitions
Mississippi,Union,reentry-organizations,Reentry Organizations,B,2,regional,State reentry council; nonprofit coalitions
Mississippi,Walthall,reentry-organizations,Reentry Organizations,B,2,regional,State reentry council; nonprofit coalitions
Mississippi,Warren,reentry-organizations,Reentry Organizations,B,2,regional,State reentry council; nonprofit coalitions
Mississippi,Washington,reentry-organizations,Reentry Organizations,B,2,regional,State reentry council; nonprofit coalitions
Mississippi,Wayne,reentry-organizations,Reentry Organizations,B,2,regional,State reentry council; nonprofit coalitions
Mississippi,Webster,reentry-organizations,Reentry Organizations,B,2,regional,State reentry council; nonprofit coalitions
Mississippi,Wilkinson,reentry-organizations,Reentry Organizations,B,2,regional,State reentry council; nonprofit coalitions
Mississippi,Winston,reentry-organizations,Reentry Organizations,B,2,regional,State reentry council; nonprofit coalitions
Mississippi,Yalobusha,reentry-organizations,Reentry Organizations,B,2,regional,State reentry council; nonprofit coalitions
Mississippi,Yazoo,reentry-organizations,Reentry Organizations,B,2,regional,State reentry council; nonprofit coalitions
North Carolina,Alamance,id-documentation,ID & Documentation,B,2,regional,Legal aid ID clinic; circuit clerk vital records
North Carolina,Alexander,id-documentation,ID & Documentation,B,2,regional,Legal aid ID clinic; circuit clerk vital records
North Carolina,Alleghany,id-documentation,ID & Documentation,B,2,regional,Legal aid ID clinic; circuit clerk vital records
North Carolina,Anson,id-documentation,ID & Documentation,B,2,regional,Legal aid ID clinic; circuit clerk vital records
North Carolina,Ashe,id-documentation,ID & Documentation,B,2,regional,Legal aid ID clinic; circuit clerk vital records
North Carolina,Avery,id-documentation,ID & Documentation,B,2,regional,Legal aid ID clinic; circuit clerk vital records
North Carolina,Beaufort,id-documentation,ID & Documentation,B,2,regional,Legal aid ID clinic; circuit clerk vital records
North Carolina,Bertie,id-documentation,ID & Documentation,B,2,regional,Legal aid ID clinic; circuit clerk vital records
North Carolina,Bladen,id-documentation,ID & Documentation,B,2,regional,Legal aid ID clinic; circuit clerk vital records
North Carolina,Brunswick,id-documentation,ID & Documentation,B,2,regional,Legal aid ID clinic; circuit clerk vital records
North Carolina,Buncombe,id-documentation,ID & Documentation,B,2,regional,Legal aid ID clinic; circuit clerk vital records
North Carolina,Burke,id-documentation,ID & Documentation,B,2,regional,Legal aid ID clinic; circuit clerk vital records
North Carolina,Cabarrus,id-documentation,ID & Documentation,B,2,regional,Legal aid ID clinic; circuit clerk vital records
North Carolina,Caldwell,id-documentation,ID & Documentation,B,2,regional,Legal aid ID clinic; circuit clerk vital records
North Carolina,Camden,id-documentation,ID & Documentation,B,2,regional,Legal aid ID clinic; circuit clerk vital records
North Carolina,Carteret,id-documentation,ID & Documentation,B,2,regional,Legal aid ID clinic; circuit clerk vital records
North Carolina,Caswell,id-documentation,ID & Documentation,B,2,regional,Legal aid ID clinic; circuit clerk vital records
North Carolina,Catawba,id-documentation,ID & Documentation,B,2,regional,Legal aid ID clinic; circuit clerk vital records
North Carolina,Chatham,id-documentation,ID & Documentation,B,2,regional,Legal aid ID clinic; circuit clerk vital records
North Carolina,Cherokee,id-documentation,ID & Documentation,B,2,regional,Legal aid ID clinic; circuit clerk vital records
North Carolina,Chowan,id-documentation,ID & Documentation,B,2,regional,Legal aid ID clinic; circuit clerk vital records
North Carolina,Clay,id-documentation,ID & Documentation,B,2,regional,Legal aid ID clinic; circuit clerk vital records
North Carolina,Cleveland,id-documentation,ID & Documentation,B,2,regional,Legal aid ID clinic; circuit clerk vital records
North Carolina,Columbus,id-documentation,ID & Documentation,B,2,regional,Legal aid ID clinic; circuit clerk vital records
North Carolina,Craven,id-documentation,ID & Documentation,B,2,regional,Legal aid ID clinic; circuit clerk vital records
North Carolina,Cumberland,id-documentation,ID & Documentation,B,2,regional,Legal aid ID clinic; circuit clerk vital records
North Carolina,Currituck,id-documentation,ID & Documentation,B,2,regional,Legal aid ID clinic; circuit clerk vital records
North Carolina,Dare,id-documentation,ID & Documentation,B,2,regional,Legal aid ID clinic; circuit clerk vital records
North Carolina,Davidson,id-documentation,ID & Documentation,B,2,regional,Legal aid ID clinic; circuit clerk vital records
North Carolina,Davie,id-documentation,ID & Documentation,B,2,regional,Legal aid ID clinic; circuit clerk vital records
North Carolina,Duplin,id-documentation,ID & Documentation,B,2,regional,Legal aid ID clinic; circuit clerk vital records
North Carolina,Durham,id-documentation,ID & Documentation,B,2,regional,Legal aid ID clinic; circuit clerk vital records
North Carolina,Edgecombe,id-documentation,ID & Documentation,B,2,regional,Legal aid ID clinic; circuit clerk vital records
North Carolina,Forsyth,id-documentation,ID & Documentation,B,2,regional,Legal aid ID clinic; circuit clerk vital records
North Carolina,Franklin,id-documentation,ID & Documentation,B,2,regional,Legal aid ID clinic; circuit clerk vital records
North Carolina,Gaston,id-documentation,ID & Documentation,B,2,regional,Legal aid ID clinic; circuit clerk vital records
North Carolina,Gates,id-documentation,ID & Documentation,B,2,regional,Legal aid ID clinic; circuit clerk vital records
North Carolina,Graham,id-documentation,ID & Documentation,B,2,regional,Legal aid ID clinic; circuit clerk vital records
North Carolina,Granville,id-documentation,ID & Documentation,B,2,regional,Legal aid ID clinic; circuit clerk vital records
North Carolina,Greene,id-documentation,ID & Documentation,B,2,regional,Legal aid ID clinic; circuit clerk vital records
North Carolina,Guilford,id-documentation,ID & Documentation,B,2,regional,Legal aid ID clinic; circuit clerk vital records
North Carolina,Halifax,id-documentation,ID & Documentation,B,2,regional,Legal aid ID clinic; circuit clerk vital records
North Carolina,Harnett,id-documentation,ID & Documentation,B,2,regional,Legal aid ID clinic; circuit clerk vital records
North Carolina,Haywood,id-documentation,ID & Documentation,B,2,regional,Legal aid ID clinic; circuit clerk vital records
North Carolina,Henderson,id-documentation,ID & Documentation,B,2,regional,Legal aid ID clinic; circuit clerk vital records
North Carolina,Hertford,id-documentation,ID & Documentation,B,2,regional,Legal aid ID clinic; circuit clerk vital records
North Carolina,Hoke,id-documentation,ID & Documentation,B,2,regional,Legal aid ID clinic; circuit clerk vital records
North Carolina,Hyde,id-documentation,ID & Documentation,B,2,regional,Legal aid ID clinic; circuit clerk vital records
North Carolina,Iredell,id-documentation,ID & Documentation,B,2,regional,Legal aid ID clinic; circuit clerk vital records
North Carolina,Jackson,id-documentation,ID & Documentation,B,2,regional,Legal aid ID clinic; circuit clerk vital records
North Carolina,Johnston,id-documentation,ID & Documentation,B,2,regional,Legal aid ID clinic; circuit clerk vital records
North Carolina,Jones,id-documentation,ID & Documentation,B,2,regional,Legal aid ID clinic; circuit clerk vital records
North Carolina,Lee,id-documentation,ID & Documentation,B,2,regional,Legal aid ID clinic; circuit clerk vital records
North Carolina,Lenoir,id-documentation,ID & Documentation,B,2,regional,Legal aid ID clinic; circuit clerk vital records
North Carolina,Lincoln,id-documentation,ID & Documentation,B,2,regional,Legal aid ID clinic; circuit clerk vital records
North Carolina,Macon,id-documentation,ID & Documentation,B,2,regional,Legal aid ID clinic; circuit clerk vital records
North Carolina,Madison,id-documentation,ID & Documentation,B,2,regional,Legal aid ID clinic; circuit clerk vital records
North Carolina,Martin,id-documentation,ID & Documentation,B,2,regional,Legal aid ID clinic; circuit clerk vital records
North Carolina,McDowell,id-documentation,ID & Documentation,B,2,regional,Legal aid ID clinic; circuit clerk vital records
North Carolina,Mecklenburg,id-documentation,ID & Documentation,B,2,regional,Legal aid ID clinic; circuit clerk vital records
North Carolina,Mitchell,id-documentation,ID & Documentation,B,2,regional,Legal aid ID clinic; circuit clerk vital records
North Carolina,Montgomery,id-documentation,ID & Documentation,B,2,regional,Legal aid ID clinic; circuit clerk vital records
North Carolina,Moore,id-documentation,ID & Documentation,B,2,regional,Legal aid ID clinic; circuit clerk vital records
North Carolina,Nash,id-documentation,ID & Documentation,B,2,regional,Legal aid ID clinic; circuit clerk vital records
North Carolina,New Hanover,id-documentation,ID & Documentation,B,2,regional,Legal aid ID clinic; circuit clerk vital records
North Carolina,Northampton,id-documentation,ID & Documentation,B,2,regional,Legal aid ID clinic; circuit clerk vital records
North Carolina,Onslow,id-documentation,ID & Documentation,B,2,regional,Legal aid ID clinic; circuit clerk vital records
North Carolina,Orange,id-documentation,ID & Documentation,B,2,regional,Legal aid ID clinic; circuit clerk vital records
North Carolina,Pamlico,id-documentation,ID & Documentation,B,2,regional,Legal aid ID clinic; circuit clerk vital records
North Carolina,Pasquotank,id-documentation,ID & Documentation,B,2,regional,Legal aid ID clinic; circuit clerk vital records
North Carolina,Pender,id-documentation,ID & Documentation,B,2,regional,Legal aid ID clinic; circuit clerk vital records
North Carolina,Perquimans,id-documentation,ID & Documentation,B,2,regional,Legal aid ID clinic; circuit clerk vital records
North Carolina,Person,id-documentation,ID & Documentation,B,2,regional,Legal aid ID clinic; circuit clerk vital records
North Carolina,Pitt,id-documentation,ID & Documentation,B,2,regional,Legal aid ID clinic; circuit clerk vital records
North Carolina,Polk,id-documentation,ID & Documentation,B,2,regional,Legal aid ID clinic; circuit clerk vital records
North Carolina,Randolph,id-documentation,ID & Documentation,B,2,regional,Legal aid ID clinic; circuit clerk vital records
North Carolina,Richmond,id-documentation,ID & Documentation,B,2,regional,Legal aid ID clinic; circuit clerk vital records
North Carolina,Robeson,id-documentation,ID & Documentation,B,2,regional,Legal aid ID clinic; circuit clerk vital records
North Carolina,Rockingham,id-documentation,ID & Documentation,B,2,regional,Legal aid ID clinic; circuit clerk vital records
North Carolina,Rowan,id-documentation,ID & Documentation,B,2,regional,Legal aid ID clinic; circuit clerk vital records
North Carolina,Rutherford,id-documentation,ID & Documentation,B,2,regional,Legal aid ID clinic; circuit clerk vital records
North Carolina,Sampson,id-documentation,ID & Documentation,B,2,regional,Legal aid ID clinic; circuit clerk vital records
North Carolina,Scotland,id-documentation,ID & Documentation,B,2,regional,Legal aid ID clinic; circuit clerk vital records
North Carolina,Stanly,id-documentation,ID & Documentation,B,2,regional,Legal aid ID clinic; circuit clerk vital records
North Carolina,Stokes,id-documentation,ID & Documentation,B,2,regional,Legal aid ID clinic; circuit clerk vital records
North Carolina,Surry,id-documentation,ID & Documentation,B,2,regional,Legal aid ID clinic; circuit clerk vital records
North Carolina,Swain,id-documentation,ID & Documentation,B,2,regional,Legal aid ID clinic; circuit clerk vital records
North Carolina,Transylvania,id-documentation,ID & Documentation,B,2,regional,Legal aid ID clinic; circuit clerk vital records
North Carolina,Tyrrell,id-documentation,ID & Documentation,B,2,regional,Legal aid ID clinic; circuit clerk vital records
North Carolina,Union,id-documentation,ID & Documentation,B,2,regional,Legal aid ID clinic; circuit clerk vital records
North Carolina,Vance,id-documentation,ID & Documentation,B,2,regional,Legal aid ID clinic; circuit clerk vital records
North Carolina,Wake,id-documentation,ID & Documentation,B,2,regional,Legal aid ID clinic; circuit clerk vital records
North Carolina,Warren,id-documentation,ID & Documentation,B,2,regional,Legal aid ID clinic; circuit clerk vital records
North Carolina,Washington,id-documentation,ID & Documentation,B,2,regional,Legal aid ID clinic; circuit clerk vital records
North Carolina,Watauga,id-documentation,ID & Documentation,B,2,regional,Legal aid ID clinic; circuit clerk vital records
North Carolina,Wayne,id-documentation,ID & Documentation,B,2,regional,Legal aid ID clinic; circuit clerk vital records
North Carolina,Wilkes,id-documentation,ID & Documentation,B,2,regional,Legal aid ID clinic; circuit clerk vital records
North Carolina,Wilson,id-documentation,ID & Documentation,B,2,regional,Legal aid ID clinic; circuit clerk vital records
North Carolina,Yadkin,id-documentation,ID & Documentation,B,2,regional,Legal aid ID clinic; circuit clerk vital records
North Carolina,Yancey,id-documentation,ID & Documentation,B,2,regional,Legal aid ID clinic; circuit clerk vital records
North Carolina,Alamance,transportation,Transportation,B,2,regional,Transit authority voucher programs
North Carolina,Alexander,transportation,Transportation,B,2,regional,Transit authority voucher programs
North Carolina,Alleghany,transportation,Transportation,B,2,regional,Transit authority voucher programs
North Carolina,Anson,transportation,Transportation,B,2,regional,Transit authority voucher programs
North Carolina,Ashe,transportation,Transportation,B,2,regional,Transit authority voucher programs
North Carolina,Avery,transportation,Transportation,B,2,regional,Transit authority voucher programs
North Carolina,Beaufort,transportation,Transportation,B,2,regional,Transit authority voucher programs
North Carolina,Bertie,transportation,Transportation,B,2,regional,Transit authority voucher programs
North Carolina,Bladen,transportation,Transportation,B,2,regional,Transit authority voucher programs
North Carolina,Brunswick,transportation,Transportation,B,2,regional,Transit authority voucher programs
North Carolina,Buncombe,transportation,Transportation,B,2,regional,Transit authority voucher programs
North Carolina,Burke,transportation,Transportation,B,2,regional,Transit authority voucher programs
North Carolina,Cabarrus,transportation,Transportation,B,2,regional,Transit authority voucher programs
North Carolina,Caldwell,transportation,Transportation,B,2,regional,Transit authority voucher programs
North Carolina,Camden,transportation,Transportation,B,2,regional,Transit authority voucher programs
North Carolina,Carteret,transportation,Transportation,B,2,regional,Transit authority voucher programs
North Carolina,Caswell,transportation,Transportation,B,2,regional,Transit authority voucher programs
North Carolina,Catawba,transportation,Transportation,B,2,regional,Transit authority voucher programs
North Carolina,Cherokee,transportation,Transportation,B,2,regional,Transit authority voucher programs
North Carolina,Chowan,transportation,Transportation,B,2,regional,Transit authority voucher programs
North Carolina,Clay,transportation,Transportation,B,2,regional,Transit authority voucher programs
North Carolina,Cleveland,transportation,Transportation,B,2,regional,Transit authority voucher programs
North Carolina,Columbus,transportation,Transportation,B,2,regional,Transit authority voucher programs
North Carolina,Craven,transportation,Transportation,B,2,regional,Transit authority voucher programs
North Carolina,Cumberland,transportation,Transportation,B,2,regional,Transit authority voucher programs
North Carolina,Currituck,transportation,Transportation,B,2,regional,Transit authority voucher programs
North Carolina,Dare,transportation,Transportation,B,2,regional,Transit authority voucher programs
North Carolina,Davidson,transportation,Transportation,B,2,regional,Transit authority voucher programs
North Carolina,Davie,transportation,Transportation,B,2,regional,Transit authority voucher programs
North Carolina,Duplin,transportation,Transportation,B,2,regional,Transit authority voucher programs
North Carolina,Edgecombe,transportation,Transportation,B,2,regional,Transit authority voucher programs
North Carolina,Forsyth,transportation,Transportation,B,2,regional,Transit authority voucher programs
North Carolina,Franklin,transportation,Transportation,B,2,regional,Transit authority voucher programs
North Carolina,Gaston,transportation,Transportation,B,2,regional,Transit authority voucher programs
North Carolina,Gates,transportation,Transportation,B,2,regional,Transit authority voucher programs
North Carolina,Graham,transportation,Transportation,B,2,regional,Transit authority voucher programs
North Carolina,Granville,transportation,Transportation,B,2,regional,Transit authority voucher programs
North Carolina,Greene,transportation,Transportation,B,2,regional,Transit authority voucher programs
North Carolina,Guilford,transportation,Transportation,B,2,regional,Transit authority voucher programs
North Carolina,Halifax,transportation,Transportation,B,2,regional,Transit authority voucher programs
North Carolina,Harnett,transportation,Transportation,B,2,regional,Transit authority voucher programs
North Carolina,Haywood,transportation,Transportation,B,2,regional,Transit authority voucher programs
North Carolina,Henderson,transportation,Transportation,B,2,regional,Transit authority voucher programs
North Carolina,Hertford,transportation,Transportation,B,2,regional,Transit authority voucher programs
North Carolina,Hoke,transportation,Transportation,B,2,regional,Transit authority voucher programs
North Carolina,Hyde,transportation,Transportation,B,2,regional,Transit authority voucher programs
North Carolina,Iredell,transportation,Transportation,B,2,regional,Transit authority voucher programs
North Carolina,Jackson,transportation,Transportation,B,2,regional,Transit authority voucher programs
North Carolina,Jones,transportation,Transportation,B,2,regional,Transit authority voucher programs
North Carolina,Lee,transportation,Transportation,B,2,regional,Transit authority voucher programs
North Carolina,Lenoir,transportation,Transportation,B,2,regional,Transit authority voucher programs
North Carolina,Lincoln,transportation,Transportation,B,2,regional,Transit authority voucher programs
North Carolina,Macon,transportation,Transportation,B,2,regional,Transit authority voucher programs
North Carolina,Madison,transportation,Transportation,B,2,regional,Transit authority voucher programs
North Carolina,Martin,transportation,Transportation,B,2,regional,Transit authority voucher programs
North Carolina,McDowell,transportation,Transportation,B,2,regional,Transit authority voucher programs
North Carolina,Mitchell,transportation,Transportation,B,2,regional,Transit authority voucher programs
North Carolina,Montgomery,transportation,Transportation,B,2,regional,Transit authority voucher programs
North Carolina,Moore,transportation,Transportation,B,2,regional,Transit authority voucher programs
North Carolina,Nash,transportation,Transportation,B,2,regional,Transit authority voucher programs
North Carolina,New Hanover,transportation,Transportation,B,2,regional,Transit authority voucher programs
North Carolina,Northampton,transportation,Transportation,B,2,regional,Transit authority voucher programs
North Carolina,Onslow,transportation,Transportation,B,2,regional,Transit authority voucher programs
North Carolina,Pamlico,transportation,Transportation,B,2,regional,Transit authority voucher programs
North Carolina,Pasquotank,transportation,Transportation,B,2,regional,Transit authority voucher programs
North Carolina,Pender,transportation,Transportation,B,2,regional,Transit authority voucher programs
North Carolina,Perquimans,transportation,Transportation,B,2,regional,Transit authority voucher programs
North Carolina,Person,transportation,Transportation,B,2,regional,Transit authority voucher programs
North Carolina,Pitt,transportation,Transportation,B,2,regional,Transit authority voucher programs
North Carolina,Polk,transportation,Transportation,B,2,regional,Transit authority voucher programs
North Carolina,Randolph,transportation,Transportation,B,2,regional,Transit authority voucher programs
North Carolina,Richmond,transportation,Transportation,B,2,regional,Transit authority voucher programs
North Carolina,Robeson,transportation,Transportation,B,2,regional,Transit authority voucher programs
North Carolina,Rockingham,transportation,Transportation,B,2,regional,Transit authority voucher programs
North Carolina,Rowan,transportation,Transportation,B,2,regional,Transit authority voucher programs
North Carolina,Rutherford,transportation,Transportation,B,2,regional,Transit authority voucher programs
North Carolina,Sampson,transportation,Transportation,B,2,regional,Transit authority voucher programs
North Carolina,Scotland,transportation,Transportation,B,2,regional,Transit authority voucher programs
North Carolina,Stanly,transportation,Transportation,B,2,regional,Transit authority voucher programs
North Carolina,Stokes,transportation,Transportation,B,2,regional,Transit authority voucher programs
North Carolina,Surry,transportation,Transportation,B,2,regional,Transit authority voucher programs
North Carolina,Swain,transportation,Transportation,B,2,regional,Transit authority voucher programs
North Carolina,Transylvania,transportation,Transportation,B,2,regional,Transit authority voucher programs
North Carolina,Tyrrell,transportation,Transportation,B,2,regional,Transit authority voucher programs
North Carolina,Union,transportation,Transportation,B,2,regional,Transit authority voucher programs
North Carolina,Vance,transportation,Transportation,B,2,regional,Transit authority voucher programs
North Carolina,Warren,transportation,Transportation,B,2,regional,Transit authority voucher programs
North Carolina,Washington,transportation,Transportation,B,2,regional,Transit authority voucher programs
North Carolina,Watauga,transportation,Transportation,B,2,regional,Transit authority voucher programs
North Carolina,Wayne,transportation,Transportation,B,2,regional,Transit authority voucher programs
North Carolina,Wilkes,transportation,Transportation,B,2,regional,Transit authority voucher programs
North Carolina,Wilson,transportation,Transportation,B,2,regional,Transit authority voucher programs
North Carolina,Yadkin,transportation,Transportation,B,2,regional,Transit authority voucher programs
North Carolina,Yancey,transportation,Transportation,B,2,regional,Transit authority voucher programs
North Carolina,Alamance,peer-support,Peer Support,B,2,regional,State peer certification roster
North Carolina,Alexander,peer-support,Peer Support,B,2,regional,State peer certification roster
North Carolina,Alleghany,peer-support,Peer Support,B,2,regional,State peer certification roster
North Carolina,Anson,peer-support,Peer Support,B,2,regional,State peer certification roster
North Carolina,Ashe,peer-support,Peer Support,B,2,regional,State peer certification roster
North Carolina,Avery,peer-support,Peer Support,B,2,regional,State peer certification roster
North Carolina,Beaufort,peer-support,Peer Support,B,2,regional,State peer certification roster
North Carolina,Bertie,peer-support,Peer Support,B,2,regional,State peer certification roster
North Carolina,Bladen,peer-support,Peer Support,B,2,regional,State peer certification roster
North Carolina,Brunswick,peer-support,Peer Support,B,2,regional,State peer certification roster
North Carolina,Buncombe,peer-support,Peer Support,B,2,regional,State peer certification roster
North Carolina,Burke,peer-support,Peer Support,B,2,regional,State peer certification roster
North Carolina,Cabarrus,peer-support,Peer Support,B,2,regional,State peer certification roster
North Carolina,Caldwell,peer-support,Peer Support,B,2,regional,State peer certification roster
North Carolina,Camden,peer-support,Peer Support,B,2,regional,State peer certification roster
North Carolina,Carteret,peer-support,Peer Support,B,2,regional,State peer certification roster
North Carolina,Caswell,peer-support,Peer Support,B,2,regional,State peer certification roster
North Carolina,Catawba,peer-support,Peer Support,B,2,regional,State peer certification roster
North Carolina,Chatham,peer-support,Peer Support,B,2,regional,State peer certification roster
North Carolina,Cherokee,peer-support,Peer Support,B,2,regional,State peer certification roster
North Carolina,Chowan,peer-support,Peer Support,B,2,regional,State peer certification roster
North Carolina,Clay,peer-support,Peer Support,B,2,regional,State peer certification roster
North Carolina,Cleveland,peer-support,Peer Support,B,2,regional,State peer certification roster
North Carolina,Columbus,peer-support,Peer Support,B,2,regional,State peer certification roster
North Carolina,Craven,peer-support,Peer Support,B,2,regional,State peer certification roster
North Carolina,Currituck,peer-support,Peer Support,B,2,regional,State peer certification roster
North Carolina,Dare,peer-support,Peer Support,B,2,regional,State peer certification roster
North Carolina,Davidson,peer-support,Peer Support,B,2,regional,State peer certification roster
North Carolina,Davie,peer-support,Peer Support,B,2,regional,State peer certification roster
North Carolina,Duplin,peer-support,Peer Support,B,2,regional,State peer certification roster
North Carolina,Edgecombe,peer-support,Peer Support,B,2,regional,State peer certification roster
North Carolina,Forsyth,peer-support,Peer Support,B,2,regional,State peer certification roster
North Carolina,Franklin,peer-support,Peer Support,B,2,regional,State peer certification roster
North Carolina,Gaston,peer-support,Peer Support,B,2,regional,State peer certification roster
North Carolina,Gates,peer-support,Peer Support,B,2,regional,State peer certification roster
North Carolina,Graham,peer-support,Peer Support,B,2,regional,State peer certification roster
North Carolina,Granville,peer-support,Peer Support,B,2,regional,State peer certification roster
North Carolina,Greene,peer-support,Peer Support,B,2,regional,State peer certification roster
North Carolina,Guilford,peer-support,Peer Support,B,2,regional,State peer certification roster
North Carolina,Halifax,peer-support,Peer Support,B,2,regional,State peer certification roster
North Carolina,Haywood,peer-support,Peer Support,B,2,regional,State peer certification roster
North Carolina,Henderson,peer-support,Peer Support,B,2,regional,State peer certification roster
North Carolina,Hertford,peer-support,Peer Support,B,2,regional,State peer certification roster
North Carolina,Hoke,peer-support,Peer Support,B,2,regional,State peer certification roster
North Carolina,Hyde,peer-support,Peer Support,B,2,regional,State peer certification roster
North Carolina,Iredell,peer-support,Peer Support,B,2,regional,State peer certification roster
North Carolina,Jackson,peer-support,Peer Support,B,2,regional,State peer certification roster
North Carolina,Jones,peer-support,Peer Support,B,2,regional,State peer certification roster
North Carolina,Lee,peer-support,Peer Support,B,2,regional,State peer certification roster
North Carolina,Lenoir,peer-support,Peer Support,B,2,regional,State peer certification roster
North Carolina,Lincoln,peer-support,Peer Support,B,2,regional,State peer certification roster
North Carolina,Macon,peer-support,Peer Support,B,2,regional,State peer certification roster
North Carolina,Madison,peer-support,Peer Support,B,2,regional,State peer certification roster
North Carolina,Martin,peer-support,Peer Support,B,2,regional,State peer certification roster
North Carolina,McDowell,peer-support,Peer Support,B,2,regional,State peer certification roster
North Carolina,Mecklenburg,peer-support,Peer Support,B,2,regional,State peer certification roster
North Carolina,Mitchell,peer-support,Peer Support,B,2,regional,State peer certification roster
North Carolina,Montgomery,peer-support,Peer Support,B,2,regional,State peer certification roster
North Carolina,Moore,peer-support,Peer Support,B,2,regional,State peer certification roster
North Carolina,Nash,peer-support,Peer Support,B,2,regional,State peer certification roster
North Carolina,New Hanover,peer-support,Peer Support,B,2,regional,State peer certification roster
North Carolina,Northampton,peer-support,Peer Support,B,2,regional,State peer certification roster
North Carolina,Onslow,peer-support,Peer Support,B,2,regional,State peer certification roster
North Carolina,Orange,peer-support,Peer Support,B,2,regional,State peer certification roster
North Carolina,Pamlico,peer-support,Peer Support,B,2,regional,State peer certification roster
North Carolina,Pasquotank,peer-support,Peer Support,B,2,regional,State peer certification roster
North Carolina,Pender,peer-support,Peer Support,B,2,regional,State peer certification roster
North Carolina,Perquimans,peer-support,Peer Support,B,2,regional,State peer certification roster
North Carolina,Person,peer-support,Peer Support,B,2,regional,State peer certification roster
North Carolina,Pitt,peer-support,Peer Support,B,2,regional,State peer certification roster
North Carolina,Polk,peer-support,Peer Support,B,2,regional,State peer certification roster
North Carolina,Randolph,peer-support,Peer Support,B,2,regional,State peer certification roster
North Carolina,Richmond,peer-support,Peer Support,B,2,regional,State peer certification roster
North Carolina,Robeson,peer-support,Peer Support,B,2,regional,State peer certification roster
North Carolina,Rockingham,peer-support,Peer Support,B,2,regional,State peer certification roster
North Carolina,Rowan,peer-support,Peer Support,B,2,regional,State peer certification roster
North Carolina,Rutherford,peer-support,Peer Support,B,2,regional,State peer certification roster
North Carolina,Sampson,peer-support,Peer Support,B,2,regional,State peer certification roster
North Carolina,Scotland,peer-support,Peer Support,B,2,regional,State peer certification roster
North Carolina,Stanly,peer-support,Peer Support,B,2,regional,State peer certification roster
North Carolina,Stokes,peer-support,Peer Support,B,2,regional,State peer certification roster
North Carolina,Surry,peer-support,Peer Support,B,2,regional,State peer certification roster
North Carolina,Swain,peer-support,Peer Support,B,2,regional,State peer certification roster
North Carolina,Transylvania,peer-support,Peer Support,B,2,regional,State peer certification roster
North Carolina,Tyrrell,peer-support,Peer Support,B,2,regional,State peer certification roster
North Carolina,Union,peer-support,Peer Support,B,2,regional,State peer certification roster
North Carolina,Vance,peer-support,Peer Support,B,2,regional,State peer certification roster
North Carolina,Warren,peer-support,Peer Support,B,2,regional,State peer certification roster
North Carolina,Washington,peer-support,Peer Support,B,2,regional,State peer certification roster
North Carolina,Watauga,peer-support,Peer Support,B,2,regional,State peer certification roster
North Carolina,Wayne,peer-support,Peer Support,B,2,regional,State peer certification roster
North Carolina,Wilkes,peer-support,Peer Support,B,2,regional,State peer certification roster
North Carolina,Yadkin,peer-support,Peer Support,B,2,regional,State peer certification roster
North Carolina,Yancey,peer-support,Peer Support,B,2,regional,State peer certification roster
North Carolina,Alamance,family-children,Family & Children,B,2,regional,211; family reentry nonprofits
North Carolina,Alexander,family-children,Family & Children,B,2,regional,211; family reentry nonprofits
North Carolina,Alleghany,family-children,Family & Children,B,2,regional,211; family reentry nonprofits
North Carolina,Anson,family-children,Family & Children,B,2,regional,211; family reentry nonprofits
North Carolina,Ashe,family-children,Family & Children,B,2,regional,211; family reentry nonprofits
North Carolina,Avery,family-children,Family & Children,B,2,regional,211; family reentry nonprofits
North Carolina,Beaufort,family-children,Family & Children,B,2,regional,211; family reentry nonprofits
North Carolina,Bertie,family-children,Family & Children,B,2,regional,211; family reentry nonprofits
North Carolina,Bladen,family-children,Family & Children,B,2,regional,211; family reentry nonprofits
North Carolina,Brunswick,family-children,Family & Children,B,2,regional,211; family reentry nonprofits
North Carolina,Buncombe,family-children,Family & Children,B,2,regional,211; family reentry nonprofits
North Carolina,Burke,family-children,Family & Children,B,2,regional,211; family reentry nonprofits
North Carolina,Cabarrus,family-children,Family & Children,B,2,regional,211; family reentry nonprofits
North Carolina,Caldwell,family-children,Family & Children,B,2,regional,211; family reentry nonprofits
North Carolina,Camden,family-children,Family & Children,B,2,regional,211; family reentry nonprofits
North Carolina,Carteret,family-children,Family & Children,B,2,regional,211; family reentry nonprofits
North Carolina,Caswell,family-children,Family & Children,B,2,regional,211; family reentry nonprofits
North Carolina,Catawba,family-children,Family & Children,B,2,regional,211; family reentry nonprofits
North Carolina,Chatham,family-children,Family & Children,B,2,regional,211; family reentry nonprofits
North Carolina,Cherokee,family-children,Family & Children,B,2,regional,211; family reentry nonprofits
North Carolina,Chowan,family-children,Family & Children,B,2,regional,211; family reentry nonprofits
North Carolina,Clay,family-children,Family & Children,B,2,regional,211; family reentry nonprofits
North Carolina,Cleveland,family-children,Family & Children,B,2,regional,211; family reentry nonprofits
North Carolina,Columbus,family-children,Family & Children,B,2,regional,211; family reentry nonprofits
North Carolina,Craven,family-children,Family & Children,B,2,regional,211; family reentry nonprofits
North Carolina,Cumberland,family-children,Family & Children,B,2,regional,211; family reentry nonprofits
North Carolina,Currituck,family-children,Family & Children,B,2,regional,211; family reentry nonprofits
North Carolina,Dare,family-children,Family & Children,B,2,regional,211; family reentry nonprofits
North Carolina,Davidson,family-children,Family & Children,B,2,regional,211; family reentry nonprofits
North Carolina,Davie,family-children,Family & Children,B,2,regional,211; family reentry nonprofits
North Carolina,Duplin,family-children,Family & Children,B,2,regional,211; family reentry nonprofits
North Carolina,Durham,family-children,Family & Children,B,2,regional,211; family reentry nonprofits
North Carolina,Edgecombe,family-children,Family & Children,B,2,regional,211; family reentry nonprofits
North Carolina,Forsyth,family-children,Family & Children,B,2,regional,211; family reentry nonprofits
North Carolina,Franklin,family-children,Family & Children,B,2,regional,211; family reentry nonprofits
North Carolina,Gaston,family-children,Family & Children,B,2,regional,211; family reentry nonprofits
North Carolina,Gates,family-children,Family & Children,B,2,regional,211; family reentry nonprofits
North Carolina,Graham,family-children,Family & Children,B,2,regional,211; family reentry nonprofits
North Carolina,Granville,family-children,Family & Children,B,2,regional,211; family reentry nonprofits
North Carolina,Greene,family-children,Family & Children,B,2,regional,211; family reentry nonprofits
North Carolina,Guilford,family-children,Family & Children,B,2,regional,211; family reentry nonprofits
North Carolina,Halifax,family-children,Family & Children,B,2,regional,211; family reentry nonprofits
North Carolina,Harnett,family-children,Family & Children,B,2,regional,211; family reentry nonprofits
North Carolina,Haywood,family-children,Family & Children,B,2,regional,211; family reentry nonprofits
North Carolina,Henderson,family-children,Family & Children,B,2,regional,211; family reentry nonprofits
North Carolina,Hertford,family-children,Family & Children,B,2,regional,211; family reentry nonprofits
North Carolina,Hoke,family-children,Family & Children,B,2,regional,211; family reentry nonprofits
North Carolina,Hyde,family-children,Family & Children,B,2,regional,211; family reentry nonprofits
North Carolina,Iredell,family-children,Family & Children,B,2,regional,211; family reentry nonprofits
North Carolina,Jackson,family-children,Family & Children,B,2,regional,211; family reentry nonprofits
North Carolina,Johnston,family-children,Family & Children,B,2,regional,211; family reentry nonprofits
North Carolina,Jones,family-children,Family & Children,B,2,regional,211; family reentry nonprofits
North Carolina,Lee,family-children,Family & Children,B,2,regional,211; family reentry nonprofits
North Carolina,Lenoir,family-children,Family & Children,B,2,regional,211; family reentry nonprofits
North Carolina,Lincoln,family-children,Family & Children,B,2,regional,211; family reentry nonprofits
North Carolina,Macon,family-children,Family & Children,B,2,regional,211; family reentry nonprofits
North Carolina,Madison,family-children,Family & Children,B,2,regional,211; family reentry nonprofits
North Carolina,Martin,family-children,Family & Children,B,2,regional,211; family reentry nonprofits
North Carolina,McDowell,family-children,Family & Children,B,2,regional,211; family reentry nonprofits
North Carolina,Mitchell,family-children,Family & Children,B,2,regional,211; family reentry nonprofits
North Carolina,Montgomery,family-children,Family & Children,B,2,regional,211; family reentry nonprofits
North Carolina,Moore,family-children,Family & Children,B,2,regional,211; family reentry nonprofits
North Carolina,Nash,family-children,Family & Children,B,2,regional,211; family reentry nonprofits
North Carolina,New Hanover,family-children,Family & Children,B,2,regional,211; family reentry nonprofits
North Carolina,Northampton,family-children,Family & Children,B,2,regional,211; family reentry nonprofits
North Carolina,Onslow,family-children,Family & Children,B,2,regional,211; family reentry nonprofits
North Carolina,Orange,family-children,Family & Children,B,2,regional,211; family reentry nonprofits
North Carolina,Pamlico,family-children,Family & Children,B,2,regional,211; family reentry nonprofits
North Carolina,Pasquotank,family-children,Family & Children,B,2,regional,211; family reentry nonprofits
North Carolina,Pender,family-children,Family & Children,B,2,regional,211; family reentry nonprofits
North Carolina,Perquimans,family-children,Family & Children,B,2,regional,211; family reentry nonprofits
North Carolina,Person,family-children,Family & Children,B,2,regional,211; family reentry nonprofits
North Carolina,Pitt,family-children,Family & Children,B,2,regional,211; family reentry nonprofits
North Carolina,Polk,family-children,Family & Children,B,2,regional,211; family reentry nonprofits
North Carolina,Randolph,family-children,Family & Children,B,2,regional,211; family reentry nonprofits
North Carolina,Richmond,family-children,Family & Children,B,2,regional,211; family reentry nonprofits
North Carolina,Robeson,family-children,Family & Children,B,2,regional,211; family reentry nonprofits
North Carolina,Rockingham,family-children,Family & Children,B,2,regional,211; family reentry nonprofits
North Carolina,Rowan,family-children,Family & Children,B,2,regional,211; family reentry nonprofits
North Carolina,Rutherford,family-children,Family & Children,B,2,regional,211; family reentry nonprofits
North Carolina,Sampson,family-children,Family & Children,B,2,regional,211; family reentry nonprofits
North Carolina,Scotland,family-children,Family & Children,B,2,regional,211; family reentry nonprofits
North Carolina,Stanly,family-children,Family & Children,B,2,regional,211; family reentry nonprofits
North Carolina,Stokes,family-children,Family & Children,B,2,regional,211; family reentry nonprofits
North Carolina,Surry,family-children,Family & Children,B,2,regional,211; family reentry nonprofits
North Carolina,Swain,family-children,Family & Children,B,2,regional,211; family reentry nonprofits
North Carolina,Transylvania,family-children,Family & Children,B,2,regional,211; family reentry nonprofits
North Carolina,Tyrrell,family-children,Family & Children,B,2,regional,211; family reentry nonprofits
North Carolina,Union,family-children,Family & Children,B,2,regional,211; family reentry nonprofits
North Carolina,Vance,family-children,Family & Children,B,2,regional,211; family reentry nonprofits
North Carolina,Warren,family-children,Family & Children,B,2,regional,211; family reentry nonprofits
North Carolina,Washington,family-children,Family & Children,B,2,regional,211; family reentry nonprofits
North Carolina,Watauga,family-children,Family & Children,B,2,regional,211; family reentry nonprofits
North Carolina,Wayne,family-children,Family & Children,B,2,regional,211; family reentry nonprofits
North Carolina,Wilkes,family-children,Family & Children,B,2,regional,211; family reentry nonprofits
North Carolina,Wilson,family-children,Family & Children,B,2,regional,211; family reentry nonprofits
North Carolina,Yadkin,family-children,Family & Children,B,2,regional,211; family reentry nonprofits
North Carolina,Yancey,family-children,Family & Children,B,2,regional,211; family reentry nonprofits
North Carolina,Alamance,veterans,Veterans,B,2,regional,VA; county veterans service officer
North Carolina,Alexander,veterans,Veterans,B,2,regional,VA; county veterans service officer
North Carolina,Alleghany,veterans,Veterans,B,2,regional,VA; county veterans service officer
North Carolina,Anson,veterans,Veterans,B,2,regional,VA; county veterans service officer
North Carolina,Ashe,veterans,Veterans,B,2,regional,VA; county veterans service officer
North Carolina,Avery,veterans,Veterans,B,2,regional,VA; county veterans service officer
North Carolina,Beaufort,veterans,Veterans,B,2,regional,VA; county veterans service officer
North Carolina,Bertie,veterans,Veterans,B,2,regional,VA; county veterans service officer
North Carolina,Bladen,veterans,Veterans,B,2,regional,VA; county veterans service officer
North Carolina,Brunswick,veterans,Veterans,B,2,regional,VA; county veterans service officer
North Carolina,Buncombe,veterans,Veterans,B,2,regional,VA; county veterans service officer
North Carolina,Burke,veterans,Veterans,B,2,regional,VA; county veterans service officer
North Carolina,Caldwell,veterans,Veterans,B,2,regional,VA; county veterans service officer
North Carolina,Camden,veterans,Veterans,B,2,regional,VA; county veterans service officer
North Carolina,Carteret,veterans,Veterans,B,2,regional,VA; county veterans service officer
North Carolina,Caswell,veterans,Veterans,B,2,regional,VA; county veterans service officer
North Carolina,Catawba,veterans,Veterans,B,2,regional,VA; county veterans service officer
North Carolina,Cherokee,veterans,Veterans,B,2,regional,VA; county veterans service officer
North Carolina,Chowan,veterans,Veterans,B,2,regional,VA; county veterans service officer
North Carolina,Clay,veterans,Veterans,B,2,regional,VA; county veterans service officer
North Carolina,Cleveland,veterans,Veterans,B,2,regional,VA; county veterans service officer
North Carolina,Columbus,veterans,Veterans,B,2,regional,VA; county veterans service officer
North Carolina,Craven,veterans,Veterans,B,2,regional,VA; county veterans service officer
North Carolina,Currituck,veterans,Veterans,B,2,regional,VA; county veterans service officer
North Carolina,Dare,veterans,Veterans,B,2,regional,VA; county veterans service officer
North Carolina,Davidson,veterans,Veterans,B,2,regional,VA; county veterans service officer
North Carolina,Davie,veterans,Veterans,B,2,regional,VA; county veterans service officer
North Carolina,Duplin,veterans,Veterans,B,2,regional,VA; county veterans service officer
North Carolina,Edgecombe,veterans,Veterans,B,2,regional,VA; county veterans service officer
North Carolina,Forsyth,veterans,Veterans,B,2,regional,VA; county veterans service officer
North Carolina,Franklin,veterans,Veterans,B,2,regional,VA; county veterans service officer
North Carolina,Gates,veterans,Veterans,B,2,regional,VA; county veterans service officer
North Carolina,Graham,veterans,Veterans,B,2,regional,VA; county veterans service officer
North Carolina,Granville,veterans,Veterans,B,2,regional,VA; county veterans service officer
North Carolina,Greene,veterans,Veterans,B,2,regional,VA; county veterans service officer
North Carolina,Halifax,veterans,Veterans,B,2,regional,VA; county veterans service officer
North Carolina,Haywood,veterans,Veterans,B,2,regional,VA; county veterans service officer
North Carolina,Henderson,veterans,Veterans,B,2,regional,VA; county veterans service officer
North Carolina,Hertford,veterans,Veterans,B,2,regional,VA; county veterans service officer
North Carolina,Hoke,veterans,Veterans,B,2,regional,VA; county veterans service officer
North Carolina,Hyde,veterans,Veterans,B,2,regional,VA; county veterans service officer
North Carolina,Jackson,veterans,Veterans,B,2,regional,VA; county veterans service officer
North Carolina,Jones,veterans,Veterans,B,2,regional,VA; county veterans service officer
North Carolina,Lenoir,veterans,Veterans,B,2,regional,VA; county veterans service officer
North Carolina,Lincoln,veterans,Veterans,B,2,regional,VA; county veterans service officer
North Carolina,Macon,veterans,Veterans,B,2,regional,VA; county veterans service officer
North Carolina,Madison,veterans,Veterans,B,2,regional,VA; county veterans service officer
North Carolina,Martin,veterans,Veterans,B,2,regional,VA; county veterans service officer
North Carolina,McDowell,veterans,Veterans,B,2,regional,VA; county veterans service officer
North Carolina,Mitchell,veterans,Veterans,B,2,regional,VA; county veterans service officer
North Carolina,Montgomery,veterans,Veterans,B,2,regional,VA; county veterans service officer
North Carolina,Moore,veterans,Veterans,B,2,regional,VA; county veterans service officer
North Carolina,Nash,veterans,Veterans,B,2,regional,VA; county veterans service officer
North Carolina,Northampton,veterans,Veterans,B,2,regional,VA; county veterans service officer
North Carolina,Onslow,veterans,Veterans,B,2,regional,VA; county veterans service officer
North Carolina,Pamlico,veterans,Veterans,B,2,regional,VA; county veterans service officer
North Carolina,Pasquotank,veterans,Veterans,B,2,regional,VA; county veterans service officer
North Carolina,Pender,veterans,Veterans,B,2,regional,VA; county veterans service officer
North Carolina,Perquimans,veterans,Veterans,B,2,regional,VA; county veterans service officer
North Carolina,Person,veterans,Veterans,B,2,regional,VA; county veterans service officer
North Carolina,Pitt,veterans,Veterans,B,2,regional,VA; county veterans service officer
North Carolina,Polk,veterans,Veterans,B,2,regional,VA; county veterans service officer
North Carolina,Randolph,veterans,Veterans,B,2,regional,VA; county veterans service officer
North Carolina,Richmond,veterans,Veterans,B,2,regional,VA; county veterans service officer
North Carolina,Robeson,veterans,Veterans,B,2,regional,VA; county veterans service officer
North Carolina,Rockingham,veterans,Veterans,B,2,regional,VA; county veterans service officer
North Carolina,Rutherford,veterans,Veterans,B,2,regional,VA; county veterans service officer
North Carolina,Sampson,veterans,Veterans,B,2,regional,VA; county veterans service officer
North Carolina,Scotland,veterans,Veterans,B,2,regional,VA; county veterans service officer
North Carolina,Stokes,veterans,Veterans,B,2,regional,VA; county veterans service officer
North Carolina,Surry,veterans,Veterans,B,2,regional,VA; county veterans service officer
North Carolina,Swain,veterans,Veterans,B,2,regional,VA; county veterans service officer
North Carolina,Transylvania,veterans,Veterans,B,2,regional,VA; county veterans service officer
North Carolina,Tyrrell,veterans,Veterans,B,2,regional,VA; county veterans service officer
North Carolina,Vance,veterans,Veterans,B,2,regional,VA; county veterans service officer
North Carolina,Warren,veterans,Veterans,B,2,regional,VA; county veterans service officer
North Carolina,Washington,veterans,Veterans,B,2,regional,VA; county veterans service officer
North Carolina,Watauga,veterans,Veterans,B,2,regional,VA; county veterans service officer
North Carolina,Wayne,veterans,Veterans,B,2,regional,VA; county veterans service officer
North Carolina,Wilkes,veterans,Veterans,B,2,regional,VA; county veterans service officer
North Carolina,Wilson,veterans,Veterans,B,2,regional,VA; county veterans service officer
North Carolina,Yadkin,veterans,Veterans,B,2,regional,VA; county veterans service officer
North Carolina,Yancey,veterans,Veterans,B,2,regional,VA; county veterans service officer
North Carolina,Alamance,education,Education,B,2,regional,Adult ed/ABLE; community college reentry
North Carolina,Alleghany,education,Education,B,2,regional,Adult ed/ABLE; community college reentry
North Carolina,Anson,education,Education,B,2,regional,Adult ed/ABLE; community college reentry
North Carolina,Ashe,education,Education,B,2,regional,Adult ed/ABLE; community college reentry
North Carolina,Avery,education,Education,B,2,regional,Adult ed/ABLE; community college reentry
North Carolina,Beaufort,education,Education,B,2,regional,Adult ed/ABLE; community college reentry
North Carolina,Bertie,education,Education,B,2,regional,Adult ed/ABLE; community college reentry
North Carolina,Bladen,education,Education,B,2,regional,Adult ed/ABLE; community college reentry
North Carolina,Buncombe,education,Education,B,2,regional,Adult ed/ABLE; community college reentry
North Carolina,Burke,education,Education,B,2,regional,Adult ed/ABLE; community college reentry
North Carolina,Caldwell,education,Education,B,2,regional,Adult ed/ABLE; community college reentry
North Carolina,Camden,education,Education,B,2,regional,Adult ed/ABLE; community college reentry
North Carolina,Caswell,education,Education,B,2,regional,Adult ed/ABLE; community college reentry
North Carolina,Chatham,education,Education,B,2,regional,Adult ed/ABLE; community college reentry
North Carolina,Cherokee,education,Education,B,2,regional,Adult ed/ABLE; community college reentry
North Carolina,Chowan,education,Education,B,2,regional,Adult ed/ABLE; community college reentry
North Carolina,Clay,education,Education,B,2,regional,Adult ed/ABLE; community college reentry
North Carolina,Cleveland,education,Education,B,2,regional,Adult ed/ABLE; community college reentry
North Carolina,Columbus,education,Education,B,2,regional,Adult ed/ABLE; community college reentry
North Carolina,Craven,education,Education,B,2,regional,Adult ed/ABLE; community college reentry
North Carolina,Currituck,education,Education,B,2,regional,Adult ed/ABLE; community college reentry
North Carolina,Dare,education,Education,B,2,regional,Adult ed/ABLE; community college reentry
North Carolina,Davidson,education,Education,B,2,regional,Adult ed/ABLE; community college reentry
North Carolina,Forsyth,education,Education,B,2,regional,Adult ed/ABLE; community college reentry
North Carolina,Franklin,education,Education,B,2,regional,Adult ed/ABLE; community college reentry
North Carolina,Gaston,education,Education,B,2,regional,Adult ed/ABLE; community college reentry
North Carolina,Gates,education,Education,B,2,regional,Adult ed/ABLE; community college reentry
North Carolina,Graham,education,Education,B,2,regional,Adult ed/ABLE; community college reentry
North Carolina,Harnett,education,Education,B,2,regional,Adult ed/ABLE; community college reentry
North Carolina,Haywood,education,Education,B,2,regional,Adult ed/ABLE; community college reentry
North Carolina,Henderson,education,Education,B,2,regional,Adult ed/ABLE; community college reentry
North Carolina,Hertford,education,Education,B,2,regional,Adult ed/ABLE; community college reentry
North Carolina,Hyde,education,Education,B,2,regional,Adult ed/ABLE; community college reentry
North Carolina,Jackson,education,Education,B,2,regional,Adult ed/ABLE; community college reentry
North Carolina,Johnston,education,Education,B,2,regional,Adult ed/ABLE; community college reentry
North Carolina,Jones,education,Education,B,2,regional,Adult ed/ABLE; community college reentry
North Carolina,Lenoir,education,Education,B,2,regional,Adult ed/ABLE; community college reentry
North Carolina,Lincoln,education,Education,B,2,regional,Adult ed/ABLE; community college reentry
North Carolina,Macon,education,Education,B,2,regional,Adult ed/ABLE; community college reentry
North Carolina,Madison,education,Education,B,2,regional,Adult ed/ABLE; community college reentry
North Carolina,McDowell,education,Education,B,2,regional,Adult ed/ABLE; community college reentry
North Carolina,Mitchell,education,Education,B,2,regional,Adult ed/ABLE; community college reentry
North Carolina,Northampton,education,Education,B,2,regional,Adult ed/ABLE; community college reentry
North Carolina,Orange,education,Education,B,2,regional,Adult ed/ABLE; community college reentry
North Carolina,Pamlico,education,Education,B,2,regional,Adult ed/ABLE; community college reentry
North Carolina,Pasquotank,education,Education,B,2,regional,Adult ed/ABLE; community college reentry
North Carolina,Perquimans,education,Education,B,2,regional,Adult ed/ABLE; community college reentry
North Carolina,Person,education,Education,B,2,regional,Adult ed/ABLE; community college reentry
North Carolina,Polk,education,Education,B,2,regional,Adult ed/ABLE; community college reentry
North Carolina,Randolph,education,Education,B,2,regional,Adult ed/ABLE; community college reentry
North Carolina,Robeson,education,Education,B,2,regional,Adult ed/ABLE; community college reentry
North Carolina,Rockingham,education,Education,B,2,regional,Adult ed/ABLE; community college reentry
North Carolina,Rutherford,education,Education,B,2,regional,Adult ed/ABLE; community college reentry
North Carolina,Sampson,education,Education,B,2,regional,Adult ed/ABLE; community college reentry
North Carolina,Scotland,education,Education,B,2,regional,Adult ed/ABLE; community college reentry
North Carolina,Stokes,education,Education,B,2,regional,Adult ed/ABLE; community college reentry
North Carolina,Surry,education,Education,B,2,regional,Adult ed/ABLE; community college reentry
North Carolina,Swain,education,Education,B,2,regional,Adult ed/ABLE; community college reentry
North Carolina,Transylvania,education,Education,B,2,regional,Adult ed/ABLE; community college reentry
North Carolina,Tyrrell,education,Education,B,2,regional,Adult ed/ABLE; community college reentry
North Carolina,Union,education,Education,B,2,regional,Adult ed/ABLE; community college reentry
North Carolina,Washington,education,Education,B,2,regional,Adult ed/ABLE; community college reentry
North Carolina,Watauga,education,Education,B,2,regional,Adult ed/ABLE; community college reentry
North Carolina,Wayne,education,Education,B,2,regional,Adult ed/ABLE; community college reentry
North Carolina,Wilson,education,Education,B,2,regional,Adult ed/ABLE; community college reentry
North Carolina,Yadkin,education,Education,B,2,regional,Adult ed/ABLE; community college reentry
North Carolina,Yancey,education,Education,B,2,regional,Adult ed/ABLE; community college reentry
North Carolina,Alamance,basic-needs,Basic Needs,B,2,regional,211; United Way basic needs partners
North Carolina,Alexander,basic-needs,Basic Needs,B,2,regional,211; United Way basic needs partners
North Carolina,Alleghany,basic-needs,Basic Needs,B,2,regional,211; United Way basic needs partners
North Carolina,Anson,basic-needs,Basic Needs,B,2,regional,211; United Way basic needs partners
North Carolina,Ashe,basic-needs,Basic Needs,B,2,regional,211; United Way basic needs partners
North Carolina,Avery,basic-needs,Basic Needs,B,2,regional,211; United Way basic needs partners
North Carolina,Beaufort,basic-needs,Basic Needs,B,2,regional,211; United Way basic needs partners
North Carolina,Bertie,basic-needs,Basic Needs,B,2,regional,211; United Way basic needs partners
North Carolina,Bladen,basic-needs,Basic Needs,B,2,regional,211; United Way basic needs partners
North Carolina,Brunswick,basic-needs,Basic Needs,B,2,regional,211; United Way basic needs partners
North Carolina,Buncombe,basic-needs,Basic Needs,B,2,regional,211; United Way basic needs partners
North Carolina,Burke,basic-needs,Basic Needs,B,2,regional,211; United Way basic needs partners
North Carolina,Cabarrus,basic-needs,Basic Needs,B,2,regional,211; United Way basic needs partners
North Carolina,Caldwell,basic-needs,Basic Needs,B,2,regional,211; United Way basic needs partners
North Carolina,Camden,basic-needs,Basic Needs,B,2,regional,211; United Way basic needs partners
North Carolina,Carteret,basic-needs,Basic Needs,B,2,regional,211; United Way basic needs partners
North Carolina,Caswell,basic-needs,Basic Needs,B,2,regional,211; United Way basic needs partners
North Carolina,Catawba,basic-needs,Basic Needs,B,2,regional,211; United Way basic needs partners
North Carolina,Chatham,basic-needs,Basic Needs,B,2,regional,211; United Way basic needs partners
North Carolina,Cherokee,basic-needs,Basic Needs,B,2,regional,211; United Way basic needs partners
North Carolina,Chowan,basic-needs,Basic Needs,B,2,regional,211; United Way basic needs partners
North Carolina,Clay,basic-needs,Basic Needs,B,2,regional,211; United Way basic needs partners
North Carolina,Cleveland,basic-needs,Basic Needs,B,2,regional,211; United Way basic needs partners
North Carolina,Columbus,basic-needs,Basic Needs,B,2,regional,211; United Way basic needs partners
North Carolina,Craven,basic-needs,Basic Needs,B,2,regional,211; United Way basic needs partners
North Carolina,Cumberland,basic-needs,Basic Needs,B,2,regional,211; United Way basic needs partners
North Carolina,Currituck,basic-needs,Basic Needs,B,2,regional,211; United Way basic needs partners
North Carolina,Dare,basic-needs,Basic Needs,B,2,regional,211; United Way basic needs partners
North Carolina,Davidson,basic-needs,Basic Needs,B,2,regional,211; United Way basic needs partners
North Carolina,Davie,basic-needs,Basic Needs,B,2,regional,211; United Way basic needs partners
North Carolina,Duplin,basic-needs,Basic Needs,B,2,regional,211; United Way basic needs partners
North Carolina,Edgecombe,basic-needs,Basic Needs,B,2,regional,211; United Way basic needs partners
North Carolina,Forsyth,basic-needs,Basic Needs,B,2,regional,211; United Way basic needs partners
North Carolina,Franklin,basic-needs,Basic Needs,B,2,regional,211; United Way basic needs partners
North Carolina,Gaston,basic-needs,Basic Needs,B,2,regional,211; United Way basic needs partners
North Carolina,Gates,basic-needs,Basic Needs,B,2,regional,211; United Way basic needs partners
North Carolina,Graham,basic-needs,Basic Needs,B,2,regional,211; United Way basic needs partners
North Carolina,Granville,basic-needs,Basic Needs,B,2,regional,211; United Way basic needs partners
North Carolina,Greene,basic-needs,Basic Needs,B,2,regional,211; United Way basic needs partners
North Carolina,Halifax,basic-needs,Basic Needs,B,2,regional,211; United Way basic needs partners
North Carolina,Harnett,basic-needs,Basic Needs,B,2,regional,211; United Way basic needs partners
North Carolina,Haywood,basic-needs,Basic Needs,B,2,regional,211; United Way basic needs partners
North Carolina,Henderson,basic-needs,Basic Needs,B,2,regional,211; United Way basic needs partners
North Carolina,Hertford,basic-needs,Basic Needs,B,2,regional,211; United Way basic needs partners
North Carolina,Hoke,basic-needs,Basic Needs,B,2,regional,211; United Way basic needs partners
North Carolina,Hyde,basic-needs,Basic Needs,B,2,regional,211; United Way basic needs partners
North Carolina,Iredell,basic-needs,Basic Needs,B,2,regional,211; United Way basic needs partners
North Carolina,Jackson,basic-needs,Basic Needs,B,2,regional,211; United Way basic needs partners
North Carolina,Jones,basic-needs,Basic Needs,B,2,regional,211; United Way basic needs partners
North Carolina,Lee,basic-needs,Basic Needs,B,2,regional,211; United Way basic needs partners
North Carolina,Lenoir,basic-needs,Basic Needs,B,2,regional,211; United Way basic needs partners
North Carolina,Lincoln,basic-needs,Basic Needs,B,2,regional,211; United Way basic needs partners
North Carolina,Macon,basic-needs,Basic Needs,B,2,regional,211; United Way basic needs partners
North Carolina,Madison,basic-needs,Basic Needs,B,2,regional,211; United Way basic needs partners
North Carolina,Martin,basic-needs,Basic Needs,B,2,regional,211; United Way basic needs partners
North Carolina,McDowell,basic-needs,Basic Needs,B,2,regional,211; United Way basic needs partners
North Carolina,Mitchell,basic-needs,Basic Needs,B,2,regional,211; United Way basic needs partners
North Carolina,Montgomery,basic-needs,Basic Needs,B,2,regional,211; United Way basic needs partners
North Carolina,Moore,basic-needs,Basic Needs,B,2,regional,211; United Way basic needs partners
North Carolina,Nash,basic-needs,Basic Needs,B,2,regional,211; United Way basic needs partners
North Carolina,Northampton,basic-needs,Basic Needs,B,2,regional,211; United Way basic needs partners
North Carolina,Onslow,basic-needs,Basic Needs,B,2,regional,211; United Way basic needs partners
North Carolina,Pamlico,basic-needs,Basic Needs,B,2,regional,211; United Way basic needs partners
North Carolina,Pasquotank,basic-needs,Basic Needs,B,2,regional,211; United Way basic needs partners
North Carolina,Pender,basic-needs,Basic Needs,B,2,regional,211; United Way basic needs partners
North Carolina,Perquimans,basic-needs,Basic Needs,B,2,regional,211; United Way basic needs partners
North Carolina,Person,basic-needs,Basic Needs,B,2,regional,211; United Way basic needs partners
North Carolina,Pitt,basic-needs,Basic Needs,B,2,regional,211; United Way basic needs partners
North Carolina,Polk,basic-needs,Basic Needs,B,2,regional,211; United Way basic needs partners
North Carolina,Randolph,basic-needs,Basic Needs,B,2,regional,211; United Way basic needs partners
North Carolina,Richmond,basic-needs,Basic Needs,B,2,regional,211; United Way basic needs partners
North Carolina,Robeson,basic-needs,Basic Needs,B,2,regional,211; United Way basic needs partners
North Carolina,Rockingham,basic-needs,Basic Needs,B,2,regional,211; United Way basic needs partners
North Carolina,Rowan,basic-needs,Basic Needs,B,2,regional,211; United Way basic needs partners
North Carolina,Rutherford,basic-needs,Basic Needs,B,2,regional,211; United Way basic needs partners
North Carolina,Sampson,basic-needs,Basic Needs,B,2,regional,211; United Way basic needs partners
North Carolina,Scotland,basic-needs,Basic Needs,B,2,regional,211; United Way basic needs partners
North Carolina,Stanly,basic-needs,Basic Needs,B,2,regional,211; United Way basic needs partners
North Carolina,Stokes,basic-needs,Basic Needs,B,2,regional,211; United Way basic needs partners
North Carolina,Surry,basic-needs,Basic Needs,B,2,regional,211; United Way basic needs partners
North Carolina,Swain,basic-needs,Basic Needs,B,2,regional,211; United Way basic needs partners
North Carolina,Transylvania,basic-needs,Basic Needs,B,2,regional,211; United Way basic needs partners
North Carolina,Tyrrell,basic-needs,Basic Needs,B,2,regional,211; United Way basic needs partners
North Carolina,Union,basic-needs,Basic Needs,B,2,regional,211; United Way basic needs partners
North Carolina,Vance,basic-needs,Basic Needs,B,2,regional,211; United Way basic needs partners
North Carolina,Warren,basic-needs,Basic Needs,B,2,regional,211; United Way basic needs partners
North Carolina,Washington,basic-needs,Basic Needs,B,2,regional,211; United Way basic needs partners
North Carolina,Watauga,basic-needs,Basic Needs,B,2,regional,211; United Way basic needs partners
North Carolina,Wayne,basic-needs,Basic Needs,B,2,regional,211; United Way basic needs partners
North Carolina,Wilkes,basic-needs,Basic Needs,B,2,regional,211; United Way basic needs partners
North Carolina,Wilson,basic-needs,Basic Needs,B,2,regional,211; United Way basic needs partners
North Carolina,Yadkin,basic-needs,Basic Needs,B,2,regional,211; United Way basic needs partners
North Carolina,Yancey,basic-needs,Basic Needs,B,2,regional,211; United Way basic needs partners
North Carolina,Alamance,reentry-organizations,Reentry Organizations,B,2,regional,State reentry council; nonprofit coalitions
North Carolina,Alexander,reentry-organizations,Reentry Organizations,B,2,regional,State reentry council; nonprofit coalitions
North Carolina,Alleghany,reentry-organizations,Reentry Organizations,B,2,regional,State reentry council; nonprofit coalitions
North Carolina,Anson,reentry-organizations,Reentry Organizations,B,2,regional,State reentry council; nonprofit coalitions
North Carolina,Ashe,reentry-organizations,Reentry Organizations,B,2,regional,State reentry council; nonprofit coalitions
North Carolina,Avery,reentry-organizations,Reentry Organizations,B,2,regional,State reentry council; nonprofit coalitions
North Carolina,Beaufort,reentry-organizations,Reentry Organizations,B,2,regional,State reentry council; nonprofit coalitions
North Carolina,Bertie,reentry-organizations,Reentry Organizations,B,2,regional,State reentry council; nonprofit coalitions
North Carolina,Bladen,reentry-organizations,Reentry Organizations,B,2,regional,State reentry council; nonprofit coalitions
North Carolina,Brunswick,reentry-organizations,Reentry Organizations,B,2,regional,State reentry council; nonprofit coalitions
North Carolina,Buncombe,reentry-organizations,Reentry Organizations,B,2,regional,State reentry council; nonprofit coalitions
North Carolina,Burke,reentry-organizations,Reentry Organizations,B,2,regional,State reentry council; nonprofit coalitions
North Carolina,Caldwell,reentry-organizations,Reentry Organizations,B,2,regional,State reentry council; nonprofit coalitions
North Carolina,Camden,reentry-organizations,Reentry Organizations,B,2,regional,State reentry council; nonprofit coalitions
North Carolina,Carteret,reentry-organizations,Reentry Organizations,B,2,regional,State reentry council; nonprofit coalitions
North Carolina,Caswell,reentry-organizations,Reentry Organizations,B,2,regional,State reentry council; nonprofit coalitions
North Carolina,Catawba,reentry-organizations,Reentry Organizations,B,2,regional,State reentry council; nonprofit coalitions
North Carolina,Chatham,reentry-organizations,Reentry Organizations,B,2,regional,State reentry council; nonprofit coalitions
North Carolina,Cherokee,reentry-organizations,Reentry Organizations,B,2,regional,State reentry council; nonprofit coalitions
North Carolina,Chowan,reentry-organizations,Reentry Organizations,B,2,regional,State reentry council; nonprofit coalitions
North Carolina,Clay,reentry-organizations,Reentry Organizations,B,2,regional,State reentry council; nonprofit coalitions
North Carolina,Cleveland,reentry-organizations,Reentry Organizations,B,2,regional,State reentry council; nonprofit coalitions
North Carolina,Columbus,reentry-organizations,Reentry Organizations,B,2,regional,State reentry council; nonprofit coalitions
North Carolina,Craven,reentry-organizations,Reentry Organizations,B,2,regional,State reentry council; nonprofit coalitions
North Carolina,Currituck,reentry-organizations,Reentry Organizations,B,2,regional,State reentry council; nonprofit coalitions
North Carolina,Dare,reentry-organizations,Reentry Organizations,B,2,regional,State reentry council; nonprofit coalitions
North Carolina,Davidson,reentry-organizations,Reentry Organizations,B,2,regional,State reentry council; nonprofit coalitions
North Carolina,Davie,reentry-organizations,Reentry Organizations,B,2,regional,State reentry council; nonprofit coalitions
North Carolina,Duplin,reentry-organizations,Reentry Organizations,B,2,regional,State reentry council; nonprofit coalitions
North Carolina,Edgecombe,reentry-organizations,Reentry Organizations,B,2,regional,State reentry council; nonprofit coalitions
North Carolina,Franklin,reentry-organizations,Reentry Organizations,B,2,regional,State reentry council; nonprofit coalitions
North Carolina,Gates,reentry-organizations,Reentry Organizations,B,2,regional,State reentry council; nonprofit coalitions
North Carolina,Graham,reentry-organizations,Reentry Organizations,B,2,regional,State reentry council; nonprofit coalitions
North Carolina,Granville,reentry-organizations,Reentry Organizations,B,2,regional,State reentry council; nonprofit coalitions
North Carolina,Greene,reentry-organizations,Reentry Organizations,B,2,regional,State reentry council; nonprofit coalitions
North Carolina,Halifax,reentry-organizations,Reentry Organizations,B,2,regional,State reentry council; nonprofit coalitions
North Carolina,Harnett,reentry-organizations,Reentry Organizations,B,2,regional,State reentry council; nonprofit coalitions
North Carolina,Haywood,reentry-organizations,Reentry Organizations,B,2,regional,State reentry council; nonprofit coalitions
North Carolina,Henderson,reentry-organizations,Reentry Organizations,B,2,regional,State reentry council; nonprofit coalitions
North Carolina,Hertford,reentry-organizations,Reentry Organizations,B,2,regional,State reentry council; nonprofit coalitions
North Carolina,Hoke,reentry-organizations,Reentry Organizations,B,2,regional,State reentry council; nonprofit coalitions
North Carolina,Hyde,reentry-organizations,Reentry Organizations,B,2,regional,State reentry council; nonprofit coalitions
North Carolina,Iredell,reentry-organizations,Reentry Organizations,B,2,regional,State reentry council; nonprofit coalitions
North Carolina,Jackson,reentry-organizations,Reentry Organizations,B,2,regional,State reentry council; nonprofit coalitions
North Carolina,Johnston,reentry-organizations,Reentry Organizations,B,2,regional,State reentry council; nonprofit coalitions
North Carolina,Jones,reentry-organizations,Reentry Organizations,B,2,regional,State reentry council; nonprofit coalitions
North Carolina,Lee,reentry-organizations,Reentry Organizations,B,2,regional,State reentry council; nonprofit coalitions
North Carolina,Lenoir,reentry-organizations,Reentry Organizations,B,2,regional,State reentry council; nonprofit coalitions
North Carolina,Lincoln,reentry-organizations,Reentry Organizations,B,2,regional,State reentry council; nonprofit coalitions
North Carolina,Macon,reentry-organizations,Reentry Organizations,B,2,regional,State reentry council; nonprofit coalitions
North Carolina,Madison,reentry-organizations,Reentry Organizations,B,2,regional,State reentry council; nonprofit coalitions
North Carolina,Martin,reentry-organizations,Reentry Organizations,B,2,regional,State reentry council; nonprofit coalitions
North Carolina,McDowell,reentry-organizations,Reentry Organizations,B,2,regional,State reentry council; nonprofit coalitions
North Carolina,Mitchell,reentry-organizations,Reentry Organizations,B,2,regional,State reentry council; nonprofit coalitions
North Carolina,Montgomery,reentry-organizations,Reentry Organizations,B,2,regional,State reentry council; nonprofit coalitions
North Carolina,Moore,reentry-organizations,Reentry Organizations,B,2,regional,State reentry council; nonprofit coalitions
North Carolina,Nash,reentry-organizations,Reentry Organizations,B,2,regional,State reentry council; nonprofit coalitions
North Carolina,Northampton,reentry-organizations,Reentry Organizations,B,2,regional,State reentry council; nonprofit coalitions
North Carolina,Onslow,reentry-organizations,Reentry Organizations,B,2,regional,State reentry council; nonprofit coalitions
North Carolina,Orange,reentry-organizations,Reentry Organizations,B,2,regional,State reentry council; nonprofit coalitions
North Carolina,Pamlico,reentry-organizations,Reentry Organizations,B,2,regional,State reentry council; nonprofit coalitions
North Carolina,Pasquotank,reentry-organizations,Reentry Organizations,B,2,regional,State reentry council; nonprofit coalitions
North Carolina,Pender,reentry-organizations,Reentry Organizations,B,2,regional,State reentry council; nonprofit coalitions
North Carolina,Perquimans,reentry-organizations,Reentry Organizations,B,2,regional,State reentry council; nonprofit coalitions
North Carolina,Person,reentry-organizations,Reentry Organizations,B,2,regional,State reentry council; nonprofit coalitions
North Carolina,Pitt,reentry-organizations,Reentry Organizations,B,2,regional,State reentry council; nonprofit coalitions
North Carolina,Polk,reentry-organizations,Reentry Organizations,B,2,regional,State reentry council; nonprofit coalitions
North Carolina,Randolph,reentry-organizations,Reentry Organizations,B,2,regional,State reentry council; nonprofit coalitions
North Carolina,Richmond,reentry-organizations,Reentry Organizations,B,2,regional,State reentry council; nonprofit coalitions
North Carolina,Robeson,reentry-organizations,Reentry Organizations,B,2,regional,State reentry council; nonprofit coalitions
North Carolina,Rockingham,reentry-organizations,Reentry Organizations,B,2,regional,State reentry council; nonprofit coalitions
North Carolina,Rowan,reentry-organizations,Reentry Organizations,B,2,regional,State reentry council; nonprofit coalitions
North Carolina,Rutherford,reentry-organizations,Reentry Organizations,B,2,regional,State reentry council; nonprofit coalitions
North Carolina,Sampson,reentry-organizations,Reentry Organizations,B,2,regional,State reentry council; nonprofit coalitions
North Carolina,Scotland,reentry-organizations,Reentry Organizations,B,2,regional,State reentry council; nonprofit coalitions
North Carolina,Stanly,reentry-organizations,Reentry Organizations,B,2,regional,State reentry council; nonprofit coalitions
North Carolina,Stokes,reentry-organizations,Reentry Organizations,B,2,regional,State reentry council; nonprofit coalitions
North Carolina,Surry,reentry-organizations,Reentry Organizations,B,2,regional,State reentry council; nonprofit coalitions
North Carolina,Swain,reentry-organizations,Reentry Organizations,B,2,regional,State reentry council; nonprofit coalitions
North Carolina,Transylvania,reentry-organizations,Reentry Organizations,B,2,regional,State reentry council; nonprofit coalitions
North Carolina,Tyrrell,reentry-organizations,Reentry Organizations,B,2,regional,State reentry council; nonprofit coalitions
North Carolina,Union,reentry-organizations,Reentry Organizations,B,2,regional,State reentry council; nonprofit coalitions
North Carolina,Vance,reentry-organizations,Reentry Organizations,B,2,regional,State reentry council; nonprofit coalitions
North Carolina,Warren,reentry-organizations,Reentry Organizations,B,2,regional,State reentry council; nonprofit coalitions
North Carolina,Washington,reentry-organizations,Reentry Organizations,B,2,regional,State reentry council; nonprofit coalitions
North Carolina,Watauga,reentry-organizations,Reentry Organizations,B,2,regional,State reentry council; nonprofit coalitions
North Carolina,Wayne,reentry-organizations,Reentry Organizations,B,2,regional,State reentry council; nonprofit coalitions
North Carolina,Wilkes,reentry-organizations,Reentry Organizations,B,2,regional,State reentry council; nonprofit coalitions
North Carolina,Wilson,reentry-organizations,Reentry Organizations,B,2,regional,State reentry council; nonprofit coalitions
North Carolina,Yadkin,reentry-organizations,Reentry Organizations,B,2,regional,State reentry council; nonprofit coalitions
North Carolina,Yancey,reentry-organizations,Reentry Organizations,B,2,regional,State reentry council; nonprofit coalitions
Ohio,Adams,id-documentation,ID & Documentation,B,2,regional,Legal aid ID clinic; circuit clerk vital records
Ohio,Allen,id-documentation,ID & Documentation,B,2,regional,Legal aid ID clinic; circuit clerk vital records
Ohio,Ashland,id-documentation,ID & Documentation,B,2,regional,Legal aid ID clinic; circuit clerk vital records
Ohio,Ashtabula,id-documentation,ID & Documentation,B,2,regional,Legal aid ID clinic; circuit clerk vital records
Ohio,Athens,id-documentation,ID & Documentation,B,2,regional,Legal aid ID clinic; circuit clerk vital records
Ohio,Auglaize,id-documentation,ID & Documentation,B,2,regional,Legal aid ID clinic; circuit clerk vital records
Ohio,Belmont,id-documentation,ID & Documentation,B,2,regional,Legal aid ID clinic; circuit clerk vital records
Ohio,Brown,id-documentation,ID & Documentation,B,2,regional,Legal aid ID clinic; circuit clerk vital records
Ohio,Butler,id-documentation,ID & Documentation,B,2,regional,Legal aid ID clinic; circuit clerk vital records
Ohio,Carroll,id-documentation,ID & Documentation,B,2,regional,Legal aid ID clinic; circuit clerk vital records
Ohio,Champaign,id-documentation,ID & Documentation,B,2,regional,Legal aid ID clinic; circuit clerk vital records
Ohio,Clark,id-documentation,ID & Documentation,B,2,regional,Legal aid ID clinic; circuit clerk vital records
Ohio,Clermont,id-documentation,ID & Documentation,B,2,regional,Legal aid ID clinic; circuit clerk vital records
Ohio,Clinton,id-documentation,ID & Documentation,B,2,regional,Legal aid ID clinic; circuit clerk vital records
Ohio,Columbiana,id-documentation,ID & Documentation,B,2,regional,Legal aid ID clinic; circuit clerk vital records
Ohio,Coshocton,id-documentation,ID & Documentation,B,2,regional,Legal aid ID clinic; circuit clerk vital records
Ohio,Crawford,id-documentation,ID & Documentation,B,2,regional,Legal aid ID clinic; circuit clerk vital records
Ohio,Darke,id-documentation,ID & Documentation,B,2,regional,Legal aid ID clinic; circuit clerk vital records
Ohio,Defiance,id-documentation,ID & Documentation,B,2,regional,Legal aid ID clinic; circuit clerk vital records
Ohio,Delaware,id-documentation,ID & Documentation,B,2,regional,Legal aid ID clinic; circuit clerk vital records
Ohio,Erie,id-documentation,ID & Documentation,B,2,regional,Legal aid ID clinic; circuit clerk vital records
Ohio,Fairfield,id-documentation,ID & Documentation,B,2,regional,Legal aid ID clinic; circuit clerk vital records
Ohio,Fayette,id-documentation,ID & Documentation,B,2,regional,Legal aid ID clinic; circuit clerk vital records
Ohio,Franklin,id-documentation,ID & Documentation,B,2,regional,Legal aid ID clinic; circuit clerk vital records
Ohio,Fulton,id-documentation,ID & Documentation,B,2,regional,Legal aid ID clinic; circuit clerk vital records
Ohio,Gallia,id-documentation,ID & Documentation,B,2,regional,Legal aid ID clinic; circuit clerk vital records
Ohio,Geauga,id-documentation,ID & Documentation,B,2,regional,Legal aid ID clinic; circuit clerk vital records
Ohio,Greene,id-documentation,ID & Documentation,B,2,regional,Legal aid ID clinic; circuit clerk vital records
Ohio,Guernsey,id-documentation,ID & Documentation,B,2,regional,Legal aid ID clinic; circuit clerk vital records
Ohio,Hancock,id-documentation,ID & Documentation,B,2,regional,Legal aid ID clinic; circuit clerk vital records
Ohio,Hardin,id-documentation,ID & Documentation,B,2,regional,Legal aid ID clinic; circuit clerk vital records
Ohio,Harrison,id-documentation,ID & Documentation,B,2,regional,Legal aid ID clinic; circuit clerk vital records
Ohio,Henry,id-documentation,ID & Documentation,B,2,regional,Legal aid ID clinic; circuit clerk vital records
Ohio,Highland,id-documentation,ID & Documentation,B,2,regional,Legal aid ID clinic; circuit clerk vital records
Ohio,Hocking,id-documentation,ID & Documentation,B,2,regional,Legal aid ID clinic; circuit clerk vital records
Ohio,Holmes,id-documentation,ID & Documentation,B,2,regional,Legal aid ID clinic; circuit clerk vital records
Ohio,Huron,id-documentation,ID & Documentation,B,2,regional,Legal aid ID clinic; circuit clerk vital records
Ohio,Jackson,id-documentation,ID & Documentation,B,2,regional,Legal aid ID clinic; circuit clerk vital records
Ohio,Jefferson,id-documentation,ID & Documentation,B,2,regional,Legal aid ID clinic; circuit clerk vital records
Ohio,Knox,id-documentation,ID & Documentation,B,2,regional,Legal aid ID clinic; circuit clerk vital records
Ohio,Lake,id-documentation,ID & Documentation,B,2,regional,Legal aid ID clinic; circuit clerk vital records
Ohio,Lawrence,id-documentation,ID & Documentation,B,2,regional,Legal aid ID clinic; circuit clerk vital records
Ohio,Licking,id-documentation,ID & Documentation,B,2,regional,Legal aid ID clinic; circuit clerk vital records
Ohio,Logan,id-documentation,ID & Documentation,B,2,regional,Legal aid ID clinic; circuit clerk vital records
Ohio,Lorain,id-documentation,ID & Documentation,B,2,regional,Legal aid ID clinic; circuit clerk vital records
Ohio,Lucas,id-documentation,ID & Documentation,B,2,regional,Legal aid ID clinic; circuit clerk vital records
Ohio,Madison,id-documentation,ID & Documentation,B,2,regional,Legal aid ID clinic; circuit clerk vital records
Ohio,Mahoning,id-documentation,ID & Documentation,B,2,regional,Legal aid ID clinic; circuit clerk vital records
Ohio,Marion,id-documentation,ID & Documentation,B,2,regional,Legal aid ID clinic; circuit clerk vital records
Ohio,Medina,id-documentation,ID & Documentation,B,2,regional,Legal aid ID clinic; circuit clerk vital records
Ohio,Meigs,id-documentation,ID & Documentation,B,2,regional,Legal aid ID clinic; circuit clerk vital records
Ohio,Mercer,id-documentation,ID & Documentation,B,2,regional,Legal aid ID clinic; circuit clerk vital records
Ohio,Miami,id-documentation,ID & Documentation,B,2,regional,Legal aid ID clinic; circuit clerk vital records
Ohio,Monroe,id-documentation,ID & Documentation,B,2,regional,Legal aid ID clinic; circuit clerk vital records
Ohio,Montgomery,id-documentation,ID & Documentation,B,2,regional,Legal aid ID clinic; circuit clerk vital records
Ohio,Morgan,id-documentation,ID & Documentation,B,2,regional,Legal aid ID clinic; circuit clerk vital records
Ohio,Morrow,id-documentation,ID & Documentation,B,2,regional,Legal aid ID clinic; circuit clerk vital records
Ohio,Muskingum,id-documentation,ID & Documentation,B,2,regional,Legal aid ID clinic; circuit clerk vital records
Ohio,Noble,id-documentation,ID & Documentation,B,2,regional,Legal aid ID clinic; circuit clerk vital records
Ohio,Ottawa,id-documentation,ID & Documentation,B,2,regional,Legal aid ID clinic; circuit clerk vital records
Ohio,Paulding,id-documentation,ID & Documentation,B,2,regional,Legal aid ID clinic; circuit clerk vital records
Ohio,Perry,id-documentation,ID & Documentation,B,2,regional,Legal aid ID clinic; circuit clerk vital records
Ohio,Pickaway,id-documentation,ID & Documentation,B,2,regional,Legal aid ID clinic; circuit clerk vital records
Ohio,Pike,id-documentation,ID & Documentation,B,2,regional,Legal aid ID clinic; circuit clerk vital records
Ohio,Portage,id-documentation,ID & Documentation,B,2,regional,Legal aid ID clinic; circuit clerk vital records
Ohio,Preble,id-documentation,ID & Documentation,B,2,regional,Legal aid ID clinic; circuit clerk vital records
Ohio,Putnam,id-documentation,ID & Documentation,B,2,regional,Legal aid ID clinic; circuit clerk vital records
Ohio,Richland,id-documentation,ID & Documentation,B,2,regional,Legal aid ID clinic; circuit clerk vital records
Ohio,Ross,id-documentation,ID & Documentation,B,2,regional,Legal aid ID clinic; circuit clerk vital records
Ohio,Sandusky,id-documentation,ID & Documentation,B,2,regional,Legal aid ID clinic; circuit clerk vital records
Ohio,Scioto,id-documentation,ID & Documentation,B,2,regional,Legal aid ID clinic; circuit clerk vital records
Ohio,Seneca,id-documentation,ID & Documentation,B,2,regional,Legal aid ID clinic; circuit clerk vital records
Ohio,Shelby,id-documentation,ID & Documentation,B,2,regional,Legal aid ID clinic; circuit clerk vital records
Ohio,Stark,id-documentation,ID & Documentation,B,2,regional,Legal aid ID clinic; circuit clerk vital records
Ohio,Summit,id-documentation,ID & Documentation,B,2,regional,Legal aid ID clinic; circuit clerk vital records
Ohio,Trumbull,id-documentation,ID & Documentation,B,2,regional,Legal aid ID clinic; circuit clerk vital records
Ohio,Tuscarawas,id-documentation,ID & Documentation,B,2,regional,Legal aid ID clinic; circuit clerk vital records
Ohio,Union,id-documentation,ID & Documentation,B,2,regional,Legal aid ID clinic; circuit clerk vital records
Ohio,Van Wert,id-documentation,ID & Documentation,B,2,regional,Legal aid ID clinic; circuit clerk vital records
Ohio,Vinton,id-documentation,ID & Documentation,B,2,regional,Legal aid ID clinic; circuit clerk vital records
Ohio,Warren,id-documentation,ID & Documentation,B,2,regional,Legal aid ID clinic; circuit clerk vital records
Ohio,Washington,id-documentation,ID & Documentation,B,2,regional,Legal aid ID clinic; circuit clerk vital records
Ohio,Wayne,id-documentation,ID & Documentation,B,2,regional,Legal aid ID clinic; circuit clerk vital records
Ohio,Williams,id-documentation,ID & Documentation,B,2,regional,Legal aid ID clinic; circuit clerk vital records
Ohio,Wood,id-documentation,ID & Documentation,B,2,regional,Legal aid ID clinic; circuit clerk vital records
Ohio,Wyandot,id-documentation,ID & Documentation,B,2,regional,Legal aid ID clinic; circuit clerk vital records
Ohio,Adams,transportation,Transportation,B,2,regional,Transit authority voucher programs
Ohio,Allen,transportation,Transportation,B,2,regional,Transit authority voucher programs
Ohio,Ashland,transportation,Transportation,B,2,regional,Transit authority voucher programs
Ohio,Ashtabula,transportation,Transportation,B,2,regional,Transit authority voucher programs
Ohio,Athens,transportation,Transportation,B,2,regional,Transit authority voucher programs
Ohio,Auglaize,transportation,Transportation,B,2,regional,Transit authority voucher programs
Ohio,Belmont,transportation,Transportation,B,2,regional,Transit authority voucher programs
Ohio,Brown,transportation,Transportation,B,2,regional,Transit authority voucher programs
Ohio,Butler,transportation,Transportation,B,2,regional,Transit authority voucher programs
Ohio,Carroll,transportation,Transportation,B,2,regional,Transit authority voucher programs
Ohio,Champaign,transportation,Transportation,B,2,regional,Transit authority voucher programs
Ohio,Clark,transportation,Transportation,B,2,regional,Transit authority voucher programs
Ohio,Clermont,transportation,Transportation,B,2,regional,Transit authority voucher programs
Ohio,Clinton,transportation,Transportation,B,2,regional,Transit authority voucher programs
Ohio,Columbiana,transportation,Transportation,B,2,regional,Transit authority voucher programs
Ohio,Coshocton,transportation,Transportation,B,2,regional,Transit authority voucher programs
Ohio,Crawford,transportation,Transportation,B,2,regional,Transit authority voucher programs
Ohio,Darke,transportation,Transportation,B,2,regional,Transit authority voucher programs
Ohio,Defiance,transportation,Transportation,B,2,regional,Transit authority voucher programs
Ohio,Delaware,transportation,Transportation,B,2,regional,Transit authority voucher programs
Ohio,Erie,transportation,Transportation,B,2,regional,Transit authority voucher programs
Ohio,Fairfield,transportation,Transportation,B,2,regional,Transit authority voucher programs
Ohio,Fayette,transportation,Transportation,B,2,regional,Transit authority voucher programs
Ohio,Fulton,transportation,Transportation,B,2,regional,Transit authority voucher programs
Ohio,Gallia,transportation,Transportation,B,2,regional,Transit authority voucher programs
Ohio,Geauga,transportation,Transportation,B,2,regional,Transit authority voucher programs
Ohio,Greene,transportation,Transportation,B,2,regional,Transit authority voucher programs
Ohio,Guernsey,transportation,Transportation,B,2,regional,Transit authority voucher programs
Ohio,Hancock,transportation,Transportation,B,2,regional,Transit authority voucher programs
Ohio,Hardin,transportation,Transportation,B,2,regional,Transit authority voucher programs
Ohio,Harrison,transportation,Transportation,B,2,regional,Transit authority voucher programs
Ohio,Henry,transportation,Transportation,B,2,regional,Transit authority voucher programs
Ohio,Highland,transportation,Transportation,B,2,regional,Transit authority voucher programs
Ohio,Hocking,transportation,Transportation,B,2,regional,Transit authority voucher programs
Ohio,Holmes,transportation,Transportation,B,2,regional,Transit authority voucher programs
Ohio,Huron,transportation,Transportation,B,2,regional,Transit authority voucher programs
Ohio,Jackson,transportation,Transportation,B,2,regional,Transit authority voucher programs
Ohio,Jefferson,transportation,Transportation,B,2,regional,Transit authority voucher programs
Ohio,Knox,transportation,Transportation,B,2,regional,Transit authority voucher programs
Ohio,Lake,transportation,Transportation,B,2,regional,Transit authority voucher programs
Ohio,Lawrence,transportation,Transportation,B,2,regional,Transit authority voucher programs
Ohio,Licking,transportation,Transportation,B,2,regional,Transit authority voucher programs
Ohio,Logan,transportation,Transportation,B,2,regional,Transit authority voucher programs
Ohio,Lorain,transportation,Transportation,B,2,regional,Transit authority voucher programs
Ohio,Lucas,transportation,Transportation,B,2,regional,Transit authority voucher programs
Ohio,Madison,transportation,Transportation,B,2,regional,Transit authority voucher programs
Ohio,Mahoning,transportation,Transportation,B,2,regional,Transit authority voucher programs
Ohio,Marion,transportation,Transportation,B,2,regional,Transit authority voucher programs
Ohio,Medina,transportation,Transportation,B,2,regional,Transit authority voucher programs
Ohio,Meigs,transportation,Transportation,B,2,regional,Transit authority voucher programs
Ohio,Mercer,transportation,Transportation,B,2,regional,Transit authority voucher programs
Ohio,Miami,transportation,Transportation,B,2,regional,Transit authority voucher programs
Ohio,Monroe,transportation,Transportation,B,2,regional,Transit authority voucher programs
Ohio,Montgomery,transportation,Transportation,B,2,regional,Transit authority voucher programs
Ohio,Morgan,transportation,Transportation,B,2,regional,Transit authority voucher programs
Ohio,Morrow,transportation,Transportation,B,2,regional,Transit authority voucher programs
Ohio,Muskingum,transportation,Transportation,B,2,regional,Transit authority voucher programs
Ohio,Noble,transportation,Transportation,B,2,regional,Transit authority voucher programs
Ohio,Ottawa,transportation,Transportation,B,2,regional,Transit authority voucher programs
Ohio,Paulding,transportation,Transportation,B,2,regional,Transit authority voucher programs
Ohio,Perry,transportation,Transportation,B,2,regional,Transit authority voucher programs
Ohio,Pickaway,transportation,Transportation,B,2,regional,Transit authority voucher programs
Ohio,Pike,transportation,Transportation,B,2,regional,Transit authority voucher programs
Ohio,Portage,transportation,Transportation,B,2,regional,Transit authority voucher programs
Ohio,Preble,transportation,Transportation,B,2,regional,Transit authority voucher programs
Ohio,Putnam,transportation,Transportation,B,2,regional,Transit authority voucher programs
Ohio,Richland,transportation,Transportation,B,2,regional,Transit authority voucher programs
Ohio,Ross,transportation,Transportation,B,2,regional,Transit authority voucher programs
Ohio,Sandusky,transportation,Transportation,B,2,regional,Transit authority voucher programs
Ohio,Scioto,transportation,Transportation,B,2,regional,Transit authority voucher programs
Ohio,Seneca,transportation,Transportation,B,2,regional,Transit authority voucher programs
Ohio,Shelby,transportation,Transportation,B,2,regional,Transit authority voucher programs
Ohio,Stark,transportation,Transportation,B,2,regional,Transit authority voucher programs
Ohio,Summit,transportation,Transportation,B,2,regional,Transit authority voucher programs
Ohio,Trumbull,transportation,Transportation,B,2,regional,Transit authority voucher programs
Ohio,Tuscarawas,transportation,Transportation,B,2,regional,Transit authority voucher programs
Ohio,Union,transportation,Transportation,B,2,regional,Transit authority voucher programs
Ohio,Van Wert,transportation,Transportation,B,2,regional,Transit authority voucher programs
Ohio,Vinton,transportation,Transportation,B,2,regional,Transit authority voucher programs
Ohio,Warren,transportation,Transportation,B,2,regional,Transit authority voucher programs
Ohio,Washington,transportation,Transportation,B,2,regional,Transit authority voucher programs
Ohio,Wayne,transportation,Transportation,B,2,regional,Transit authority voucher programs
Ohio,Williams,transportation,Transportation,B,2,regional,Transit authority voucher programs
Ohio,Wood,transportation,Transportation,B,2,regional,Transit authority voucher programs
Ohio,Wyandot,transportation,Transportation,B,2,regional,Transit authority voucher programs
Ohio,Adams,peer-support,Peer Support,B,2,regional,State peer certification roster
Ohio,Allen,peer-support,Peer Support,B,2,regional,State peer certification roster
Ohio,Ashland,peer-support,Peer Support,B,2,regional,State peer certification roster
Ohio,Ashtabula,peer-support,Peer Support,B,2,regional,State peer certification roster
Ohio,Athens,peer-support,Peer Support,B,2,regional,State peer certification roster
Ohio,Auglaize,peer-support,Peer Support,B,2,regional,State peer certification roster
Ohio,Belmont,peer-support,Peer Support,B,2,regional,State peer certification roster
Ohio,Brown,peer-support,Peer Support,B,2,regional,State peer certification roster
Ohio,Butler,peer-support,Peer Support,B,2,regional,State peer certification roster
Ohio,Carroll,peer-support,Peer Support,B,2,regional,State peer certification roster
Ohio,Champaign,peer-support,Peer Support,B,2,regional,State peer certification roster
Ohio,Clark,peer-support,Peer Support,B,2,regional,State peer certification roster
Ohio,Clermont,peer-support,Peer Support,B,2,regional,State peer certification roster
Ohio,Clinton,peer-support,Peer Support,B,2,regional,State peer certification roster
Ohio,Columbiana,peer-support,Peer Support,B,2,regional,State peer certification roster
Ohio,Coshocton,peer-support,Peer Support,B,2,regional,State peer certification roster
Ohio,Crawford,peer-support,Peer Support,B,2,regional,State peer certification roster
Ohio,Cuyahoga,peer-support,Peer Support,B,2,regional,State peer certification roster
Ohio,Darke,peer-support,Peer Support,B,2,regional,State peer certification roster
Ohio,Defiance,peer-support,Peer Support,B,2,regional,State peer certification roster
Ohio,Delaware,peer-support,Peer Support,B,2,regional,State peer certification roster
Ohio,Erie,peer-support,Peer Support,B,2,regional,State peer certification roster
Ohio,Fairfield,peer-support,Peer Support,B,2,regional,State peer certification roster
Ohio,Fayette,peer-support,Peer Support,B,2,regional,State peer certification roster
Ohio,Fulton,peer-support,Peer Support,B,2,regional,State peer certification roster
Ohio,Gallia,peer-support,Peer Support,B,2,regional,State peer certification roster
Ohio,Geauga,peer-support,Peer Support,B,2,regional,State peer certification roster
Ohio,Greene,peer-support,Peer Support,B,2,regional,State peer certification roster
Ohio,Guernsey,peer-support,Peer Support,B,2,regional,State peer certification roster
Ohio,Hamilton,peer-support,Peer Support,B,2,regional,State peer certification roster
Ohio,Hardin,peer-support,Peer Support,B,2,regional,State peer certification roster
Ohio,Harrison,peer-support,Peer Support,B,2,regional,State peer certification roster
Ohio,Henry,peer-support,Peer Support,B,2,regional,State peer certification roster
Ohio,Highland,peer-support,Peer Support,B,2,regional,State peer certification roster
Ohio,Hocking,peer-support,Peer Support,B,2,regional,State peer certification roster
Ohio,Holmes,peer-support,Peer Support,B,2,regional,State peer certification roster
Ohio,Huron,peer-support,Peer Support,B,2,regional,State peer certification roster
Ohio,Jackson,peer-support,Peer Support,B,2,regional,State peer certification roster
Ohio,Jefferson,peer-support,Peer Support,B,2,regional,State peer certification roster
Ohio,Knox,peer-support,Peer Support,B,2,regional,State peer certification roster
Ohio,Lake,peer-support,Peer Support,B,2,regional,State peer certification roster
Ohio,Lawrence,peer-support,Peer Support,B,2,regional,State peer certification roster
Ohio,Licking,peer-support,Peer Support,B,2,regional,State peer certification roster
Ohio,Logan,peer-support,Peer Support,B,2,regional,State peer certification roster
Ohio,Lorain,peer-support,Peer Support,B,2,regional,State peer certification roster
Ohio,Lucas,peer-support,Peer Support,B,2,regional,State peer certification roster
Ohio,Madison,peer-support,Peer Support,B,2,regional,State peer certification roster
Ohio,Mahoning,peer-support,Peer Support,B,2,regional,State peer certification roster
Ohio,Marion,peer-support,Peer Support,B,2,regional,State peer certification roster
Ohio,Medina,peer-support,Peer Support,B,2,regional,State peer certification roster
Ohio,Meigs,peer-support,Peer Support,B,2,regional,State peer certification roster
Ohio,Mercer,peer-support,Peer Support,B,2,regional,State peer certification roster
Ohio,Miami,peer-support,Peer Support,B,2,regional,State peer certification roster
Ohio,Monroe,peer-support,Peer Support,B,2,regional,State peer certification roster
Ohio,Montgomery,peer-support,Peer Support,B,2,regional,State peer certification roster
Ohio,Morgan,peer-support,Peer Support,B,2,regional,State peer certification roster
Ohio,Morrow,peer-support,Peer Support,B,2,regional,State peer certification roster
Ohio,Muskingum,peer-support,Peer Support,B,2,regional,State peer certification roster
Ohio,Noble,peer-support,Peer Support,B,2,regional,State peer certification roster
Ohio,Ottawa,peer-support,Peer Support,B,2,regional,State peer certification roster
Ohio,Paulding,peer-support,Peer Support,B,2,regional,State peer certification roster
Ohio,Perry,peer-support,Peer Support,B,2,regional,State peer certification roster
Ohio,Pickaway,peer-support,Peer Support,B,2,regional,State peer certification roster
Ohio,Pike,peer-support,Peer Support,B,2,regional,State peer certification roster
Ohio,Portage,peer-support,Peer Support,B,2,regional,State peer certification roster
Ohio,Preble,peer-support,Peer Support,B,2,regional,State peer certification roster
Ohio,Putnam,peer-support,Peer Support,B,2,regional,State peer certification roster
Ohio,Richland,peer-support,Peer Support,B,2,regional,State peer certification roster
Ohio,Ross,peer-support,Peer Support,B,2,regional,State peer certification roster
Ohio,Sandusky,peer-support,Peer Support,B,2,regional,State peer certification roster
Ohio,Scioto,peer-support,Peer Support,B,2,regional,State peer certification roster
Ohio,Seneca,peer-support,Peer Support,B,2,regional,State peer certification roster
Ohio,Shelby,peer-support,Peer Support,B,2,regional,State peer certification roster
Ohio,Stark,peer-support,Peer Support,B,2,regional,State peer certification roster
Ohio,Summit,peer-support,Peer Support,B,2,regional,State peer certification roster
Ohio,Trumbull,peer-support,Peer Support,B,2,regional,State peer certification roster
Ohio,Tuscarawas,peer-support,Peer Support,B,2,regional,State peer certification roster
Ohio,Union,peer-support,Peer Support,B,2,regional,State peer certification roster
Ohio,Van Wert,peer-support,Peer Support,B,2,regional,State peer certification roster
Ohio,Vinton,peer-support,Peer Support,B,2,regional,State peer certification roster
Ohio,Warren,peer-support,Peer Support,B,2,regional,State peer certification roster
Ohio,Washington,peer-support,Peer Support,B,2,regional,State peer certification roster
Ohio,Wayne,peer-support,Peer Support,B,2,regional,State peer certification roster
Ohio,Williams,peer-support,Peer Support,B,2,regional,State peer certification roster
Ohio,Wood,peer-support,Peer Support,B,2,regional,State peer certification roster
Ohio,Wyandot,peer-support,Peer Support,B,2,regional,State peer certification roster
Ohio,Adams,family-children,Family & Children,B,2,regional,211; family reentry nonprofits
Ohio,Allen,family-children,Family & Children,B,2,regional,211; family reentry nonprofits
Ohio,Ashland,family-children,Family & Children,B,2,regional,211; family reentry nonprofits
Ohio,Ashtabula,family-children,Family & Children,B,2,regional,211; family reentry nonprofits
Ohio,Athens,family-children,Family & Children,B,2,regional,211; family reentry nonprofits
Ohio,Auglaize,family-children,Family & Children,B,2,regional,211; family reentry nonprofits
Ohio,Belmont,family-children,Family & Children,B,2,regional,211; family reentry nonprofits
Ohio,Brown,family-children,Family & Children,B,2,regional,211; family reentry nonprofits
Ohio,Butler,family-children,Family & Children,B,2,regional,211; family reentry nonprofits
Ohio,Carroll,family-children,Family & Children,B,2,regional,211; family reentry nonprofits
Ohio,Champaign,family-children,Family & Children,B,2,regional,211; family reentry nonprofits
Ohio,Clark,family-children,Family & Children,B,2,regional,211; family reentry nonprofits
Ohio,Clermont,family-children,Family & Children,B,2,regional,211; family reentry nonprofits
Ohio,Clinton,family-children,Family & Children,B,2,regional,211; family reentry nonprofits
Ohio,Columbiana,family-children,Family & Children,B,2,regional,211; family reentry nonprofits
Ohio,Coshocton,family-children,Family & Children,B,2,regional,211; family reentry nonprofits
Ohio,Crawford,family-children,Family & Children,B,2,regional,211; family reentry nonprofits
Ohio,Darke,family-children,Family & Children,B,2,regional,211; family reentry nonprofits
Ohio,Defiance,family-children,Family & Children,B,2,regional,211; family reentry nonprofits
Ohio,Delaware,family-children,Family & Children,B,2,regional,211; family reentry nonprofits
Ohio,Erie,family-children,Family & Children,B,2,regional,211; family reentry nonprofits
Ohio,Fairfield,family-children,Family & Children,B,2,regional,211; family reentry nonprofits
Ohio,Fayette,family-children,Family & Children,B,2,regional,211; family reentry nonprofits
Ohio,Fulton,family-children,Family & Children,B,2,regional,211; family reentry nonprofits
Ohio,Gallia,family-children,Family & Children,B,2,regional,211; family reentry nonprofits
Ohio,Geauga,family-children,Family & Children,B,2,regional,211; family reentry nonprofits
Ohio,Greene,family-children,Family & Children,B,2,regional,211; family reentry nonprofits
Ohio,Guernsey,family-children,Family & Children,B,2,regional,211; family reentry nonprofits
Ohio,Hancock,family-children,Family & Children,B,2,regional,211; family reentry nonprofits
Ohio,Hardin,family-children,Family & Children,B,2,regional,211; family reentry nonprofits
Ohio,Harrison,family-children,Family & Children,B,2,regional,211; family reentry nonprofits
Ohio,Henry,family-children,Family & Children,B,2,regional,211; family reentry nonprofits
Ohio,Highland,family-children,Family & Children,B,2,regional,211; family reentry nonprofits
Ohio,Hocking,family-children,Family & Children,B,2,regional,211; family reentry nonprofits
Ohio,Holmes,family-children,Family & Children,B,2,regional,211; family reentry nonprofits
Ohio,Huron,family-children,Family & Children,B,2,regional,211; family reentry nonprofits
Ohio,Jackson,family-children,Family & Children,B,2,regional,211; family reentry nonprofits
Ohio,Jefferson,family-children,Family & Children,B,2,regional,211; family reentry nonprofits
Ohio,Knox,family-children,Family & Children,B,2,regional,211; family reentry nonprofits
Ohio,Lake,family-children,Family & Children,B,2,regional,211; family reentry nonprofits
Ohio,Lawrence,family-children,Family & Children,B,2,regional,211; family reentry nonprofits
Ohio,Licking,family-children,Family & Children,B,2,regional,211; family reentry nonprofits
Ohio,Logan,family-children,Family & Children,B,2,regional,211; family reentry nonprofits
Ohio,Lorain,family-children,Family & Children,B,2,regional,211; family reentry nonprofits
Ohio,Lucas,family-children,Family & Children,B,2,regional,211; family reentry nonprofits
Ohio,Madison,family-children,Family & Children,B,2,regional,211; family reentry nonprofits
Ohio,Mahoning,family-children,Family & Children,B,2,regional,211; family reentry nonprofits
Ohio,Marion,family-children,Family & Children,B,2,regional,211; family reentry nonprofits
Ohio,Medina,family-children,Family & Children,B,2,regional,211; family reentry nonprofits
Ohio,Meigs,family-children,Family & Children,B,2,regional,211; family reentry nonprofits
Ohio,Mercer,family-children,Family & Children,B,2,regional,211; family reentry nonprofits
Ohio,Miami,family-children,Family & Children,B,2,regional,211; family reentry nonprofits
Ohio,Monroe,family-children,Family & Children,B,2,regional,211; family reentry nonprofits
Ohio,Montgomery,family-children,Family & Children,B,2,regional,211; family reentry nonprofits
Ohio,Morgan,family-children,Family & Children,B,2,regional,211; family reentry nonprofits
Ohio,Morrow,family-children,Family & Children,B,2,regional,211; family reentry nonprofits
Ohio,Muskingum,family-children,Family & Children,B,2,regional,211; family reentry nonprofits
Ohio,Noble,family-children,Family & Children,B,2,regional,211; family reentry nonprofits
Ohio,Ottawa,family-children,Family & Children,B,2,regional,211; family reentry nonprofits
Ohio,Paulding,family-children,Family & Children,B,2,regional,211; family reentry nonprofits
Ohio,Perry,family-children,Family & Children,B,2,regional,211; family reentry nonprofits
Ohio,Pickaway,family-children,Family & Children,B,2,regional,211; family reentry nonprofits
Ohio,Pike,family-children,Family & Children,B,2,regional,211; family reentry nonprofits
Ohio,Portage,family-children,Family & Children,B,2,regional,211; family reentry nonprofits
Ohio,Preble,family-children,Family & Children,B,2,regional,211; family reentry nonprofits
Ohio,Putnam,family-children,Family & Children,B,2,regional,211; family reentry nonprofits
Ohio,Richland,family-children,Family & Children,B,2,regional,211; family reentry nonprofits
Ohio,Ross,family-children,Family & Children,B,2,regional,211; family reentry nonprofits
Ohio,Sandusky,family-children,Family & Children,B,2,regional,211; family reentry nonprofits
Ohio,Scioto,family-children,Family & Children,B,2,regional,211; family reentry nonprofits
Ohio,Seneca,family-children,Family & Children,B,2,regional,211; family reentry nonprofits
Ohio,Shelby,family-children,Family & Children,B,2,regional,211; family reentry nonprofits
Ohio,Stark,family-children,Family & Children,B,2,regional,211; family reentry nonprofits
Ohio,Summit,family-children,Family & Children,B,2,regional,211; family reentry nonprofits
Ohio,Trumbull,family-children,Family & Children,B,2,regional,211; family reentry nonprofits
Ohio,Tuscarawas,family-children,Family & Children,B,2,regional,211; family reentry nonprofits
Ohio,Union,family-children,Family & Children,B,2,regional,211; family reentry nonprofits
Ohio,Van Wert,family-children,Family & Children,B,2,regional,211; family reentry nonprofits
Ohio,Vinton,family-children,Family & Children,B,2,regional,211; family reentry nonprofits
Ohio,Warren,family-children,Family & Children,B,2,regional,211; family reentry nonprofits
Ohio,Washington,family-children,Family & Children,B,2,regional,211; family reentry nonprofits
Ohio,Wayne,family-children,Family & Children,B,2,regional,211; family reentry nonprofits
Ohio,Williams,family-children,Family & Children,B,2,regional,211; family reentry nonprofits
Ohio,Wood,family-children,Family & Children,B,2,regional,211; family reentry nonprofits
Ohio,Wyandot,family-children,Family & Children,B,2,regional,211; family reentry nonprofits
Ohio,Adams,veterans,Veterans,B,2,regional,VA; county veterans service officer
Ohio,Allen,veterans,Veterans,B,2,regional,VA; county veterans service officer
Ohio,Ashland,veterans,Veterans,B,2,regional,VA; county veterans service officer
Ohio,Ashtabula,veterans,Veterans,B,2,regional,VA; county veterans service officer
Ohio,Athens,veterans,Veterans,B,2,regional,VA; county veterans service officer
Ohio,Auglaize,veterans,Veterans,B,2,regional,VA; county veterans service officer
Ohio,Belmont,veterans,Veterans,B,2,regional,VA; county veterans service officer
Ohio,Brown,veterans,Veterans,B,2,regional,VA; county veterans service officer
Ohio,Butler,veterans,Veterans,B,2,regional,VA; county veterans service officer
Ohio,Carroll,veterans,Veterans,B,2,regional,VA; county veterans service officer
Ohio,Champaign,veterans,Veterans,B,2,regional,VA; county veterans service officer
Ohio,Clark,veterans,Veterans,B,2,regional,VA; county veterans service officer
Ohio,Clermont,veterans,Veterans,B,2,regional,VA; county veterans service officer
Ohio,Clinton,veterans,Veterans,B,2,regional,VA; county veterans service officer
Ohio,Columbiana,veterans,Veterans,B,2,regional,VA; county veterans service officer
Ohio,Coshocton,veterans,Veterans,B,2,regional,VA; county veterans service officer
Ohio,Crawford,veterans,Veterans,B,2,regional,VA; county veterans service officer
Ohio,Darke,veterans,Veterans,B,2,regional,VA; county veterans service officer
Ohio,Defiance,veterans,Veterans,B,2,regional,VA; county veterans service officer
Ohio,Delaware,veterans,Veterans,B,2,regional,VA; county veterans service officer
Ohio,Erie,veterans,Veterans,B,2,regional,VA; county veterans service officer
Ohio,Fairfield,veterans,Veterans,B,2,regional,VA; county veterans service officer
Ohio,Fayette,veterans,Veterans,B,2,regional,VA; county veterans service officer
Ohio,Fulton,veterans,Veterans,B,2,regional,VA; county veterans service officer
Ohio,Gallia,veterans,Veterans,B,2,regional,VA; county veterans service officer
Ohio,Geauga,veterans,Veterans,B,2,regional,VA; county veterans service officer
Ohio,Greene,veterans,Veterans,B,2,regional,VA; county veterans service officer
Ohio,Guernsey,veterans,Veterans,B,2,regional,VA; county veterans service officer
Ohio,Hancock,veterans,Veterans,B,2,regional,VA; county veterans service officer
Ohio,Hardin,veterans,Veterans,B,2,regional,VA; county veterans service officer
Ohio,Harrison,veterans,Veterans,B,2,regional,VA; county veterans service officer
Ohio,Henry,veterans,Veterans,B,2,regional,VA; county veterans service officer
Ohio,Highland,veterans,Veterans,B,2,regional,VA; county veterans service officer
Ohio,Hocking,veterans,Veterans,B,2,regional,VA; county veterans service officer
Ohio,Holmes,veterans,Veterans,B,2,regional,VA; county veterans service officer
Ohio,Huron,veterans,Veterans,B,2,regional,VA; county veterans service officer
Ohio,Jefferson,veterans,Veterans,B,2,regional,VA; county veterans service officer
Ohio,Knox,veterans,Veterans,B,2,regional,VA; county veterans service officer
Ohio,Lake,veterans,Veterans,B,2,regional,VA; county veterans service officer
Ohio,Lawrence,veterans,Veterans,B,2,regional,VA; county veterans service officer
Ohio,Licking,veterans,Veterans,B,2,regional,VA; county veterans service officer
Ohio,Logan,veterans,Veterans,B,2,regional,VA; county veterans service officer
Ohio,Lorain,veterans,Veterans,B,2,regional,VA; county veterans service officer
Ohio,Lucas,veterans,Veterans,B,2,regional,VA; county veterans service officer
Ohio,Madison,veterans,Veterans,B,2,regional,VA; county veterans service officer
Ohio,Mahoning,veterans,Veterans,B,2,regional,VA; county veterans service officer
Ohio,Marion,veterans,Veterans,B,2,regional,VA; county veterans service officer
Ohio,Medina,veterans,Veterans,B,2,regional,VA; county veterans service officer
Ohio,Meigs,veterans,Veterans,B,2,regional,VA; county veterans service officer
Ohio,Mercer,veterans,Veterans,B,2,regional,VA; county veterans service officer
Ohio,Miami,veterans,Veterans,B,2,regional,VA; county veterans service officer
Ohio,Monroe,veterans,Veterans,B,2,regional,VA; county veterans service officer
Ohio,Morgan,veterans,Veterans,B,2,regional,VA; county veterans service officer
Ohio,Morrow,veterans,Veterans,B,2,regional,VA; county veterans service officer
Ohio,Muskingum,veterans,Veterans,B,2,regional,VA; county veterans service officer
Ohio,Noble,veterans,Veterans,B,2,regional,VA; county veterans service officer
Ohio,Ottawa,veterans,Veterans,B,2,regional,VA; county veterans service officer
Ohio,Paulding,veterans,Veterans,B,2,regional,VA; county veterans service officer
Ohio,Perry,veterans,Veterans,B,2,regional,VA; county veterans service officer
Ohio,Pickaway,veterans,Veterans,B,2,regional,VA; county veterans service officer
Ohio,Portage,veterans,Veterans,B,2,regional,VA; county veterans service officer
Ohio,Preble,veterans,Veterans,B,2,regional,VA; county veterans service officer
Ohio,Putnam,veterans,Veterans,B,2,regional,VA; county veterans service officer
Ohio,Richland,veterans,Veterans,B,2,regional,VA; county veterans service officer
Ohio,Sandusky,veterans,Veterans,B,2,regional,VA; county veterans service officer
Ohio,Seneca,veterans,Veterans,B,2,regional,VA; county veterans service officer
Ohio,Shelby,veterans,Veterans,B,2,regional,VA; county veterans service officer
Ohio,Stark,veterans,Veterans,B,2,regional,VA; county veterans service officer
Ohio,Trumbull,veterans,Veterans,B,2,regional,VA; county veterans service officer
Ohio,Tuscarawas,veterans,Veterans,B,2,regional,VA; county veterans service officer
Ohio,Union,veterans,Veterans,B,2,regional,VA; county veterans service officer
Ohio,Van Wert,veterans,Veterans,B,2,regional,VA; county veterans service officer
Ohio,Warren,veterans,Veterans,B,2,regional,VA; county veterans service officer
Ohio,Washington,veterans,Veterans,B,2,regional,VA; county veterans service officer
Ohio,Wayne,veterans,Veterans,B,2,regional,VA; county veterans service officer
Ohio,Williams,veterans,Veterans,B,2,regional,VA; county veterans service officer
Ohio,Wood,veterans,Veterans,B,2,regional,VA; county veterans service officer
Ohio,Wyandot,veterans,Veterans,B,2,regional,VA; county veterans service officer
Ohio,Adams,education,Education,B,2,regional,Adult ed/ABLE; community college reentry
Ohio,Allen,education,Education,B,2,regional,Adult ed/ABLE; community college reentry
Ohio,Ashland,education,Education,B,2,regional,Adult ed/ABLE; community college reentry
Ohio,Ashtabula,education,Education,B,2,regional,Adult ed/ABLE; community college reentry
Ohio,Athens,education,Education,B,2,regional,Adult ed/ABLE; community college reentry
Ohio,Auglaize,education,Education,B,2,regional,Adult ed/ABLE; community college reentry
Ohio,Belmont,education,Education,B,2,regional,Adult ed/ABLE; community college reentry
Ohio,Brown,education,Education,B,2,regional,Adult ed/ABLE; community college reentry
Ohio,Carroll,education,Education,B,2,regional,Adult ed/ABLE; community college reentry
Ohio,Clark,education,Education,B,2,regional,Adult ed/ABLE; community college reentry
Ohio,Clinton,education,Education,B,2,regional,Adult ed/ABLE; community college reentry
Ohio,Columbiana,education,Education,B,2,regional,Adult ed/ABLE; community college reentry
Ohio,Coshocton,education,Education,B,2,regional,Adult ed/ABLE; community college reentry
Ohio,Crawford,education,Education,B,2,regional,Adult ed/ABLE; community college reentry
Ohio,Darke,education,Education,B,2,regional,Adult ed/ABLE; community college reentry
Ohio,Defiance,education,Education,B,2,regional,Adult ed/ABLE; community college reentry
Ohio,Delaware,education,Education,B,2,regional,Adult ed/ABLE; community college reentry
Ohio,Erie,education,Education,B,2,regional,Adult ed/ABLE; community college reentry
Ohio,Fairfield,education,Education,B,2,regional,Adult ed/ABLE; community college reentry
Ohio,Gallia,education,Education,B,2,regional,Adult ed/ABLE; community college reentry
Ohio,Geauga,education,Education,B,2,regional,Adult ed/ABLE; community college reentry
Ohio,Greene,education,Education,B,2,regional,Adult ed/ABLE; community college reentry
Ohio,Guernsey,education,Education,B,2,regional,Adult ed/ABLE; community college reentry
Ohio,Hancock,education,Education,B,2,regional,Adult ed/ABLE; community college reentry
Ohio,Harrison,education,Education,B,2,regional,Adult ed/ABLE; community college reentry
Ohio,Henry,education,Education,B,2,regional,Adult ed/ABLE; community college reentry
Ohio,Highland,education,Education,B,2,regional,Adult ed/ABLE; community college reentry
Ohio,Hocking,education,Education,B,2,regional,Adult ed/ABLE; community college reentry
Ohio,Holmes,education,Education,B,2,regional,Adult ed/ABLE; community college reentry
Ohio,Huron,education,Education,B,2,regional,Adult ed/ABLE; community college reentry
Ohio,Jackson,education,Education,B,2,regional,Adult ed/ABLE; community college reentry
Ohio,Jefferson,education,Education,B,2,regional,Adult ed/ABLE; community college reentry
Ohio,Knox,education,Education,B,2,regional,Adult ed/ABLE; community college reentry
Ohio,Lake,education,Education,B,2,regional,Adult ed/ABLE; community college reentry
Ohio,Lawrence,education,Education,B,2,regional,Adult ed/ABLE; community college reentry
Ohio,Licking,education,Education,B,2,regional,Adult ed/ABLE; community college reentry
Ohio,Mahoning,education,Education,B,2,regional,Adult ed/ABLE; community college reentry
Ohio,Marion,education,Education,B,2,regional,Adult ed/ABLE; community college reentry
Ohio,Medina,education,Education,B,2,regional,Adult ed/ABLE; community college reentry
Ohio,Meigs,education,Education,B,2,regional,Adult ed/ABLE; community college reentry
Ohio,Mercer,education,Education,B,2,regional,Adult ed/ABLE; community college reentry
Ohio,Miami,education,Education,B,2,regional,Adult ed/ABLE; community college reentry
Ohio,Monroe,education,Education,B,2,regional,Adult ed/ABLE; community college reentry
Ohio,Morgan,education,Education,B,2,regional,Adult ed/ABLE; community college reentry
Ohio,Morrow,education,Education,B,2,regional,Adult ed/ABLE; community college reentry
Ohio,Muskingum,education,Education,B,2,regional,Adult ed/ABLE; community college reentry
Ohio,Noble,education,Education,B,2,regional,Adult ed/ABLE; community college reentry
Ohio,Paulding,education,Education,B,2,regional,Adult ed/ABLE; community college reentry
Ohio,Perry,education,Education,B,2,regional,Adult ed/ABLE; community college reentry
Ohio,Portage,education,Education,B,2,regional,Adult ed/ABLE; community college reentry
Ohio,Preble,education,Education,B,2,regional,Adult ed/ABLE; community college reentry
Ohio,Putnam,education,Education,B,2,regional,Adult ed/ABLE; community college reentry
Ohio,Richland,education,Education,B,2,regional,Adult ed/ABLE; community college reentry
Ohio,Scioto,education,Education,B,2,regional,Adult ed/ABLE; community college reentry
Ohio,Seneca,education,Education,B,2,regional,Adult ed/ABLE; community college reentry
Ohio,Shelby,education,Education,B,2,regional,Adult ed/ABLE; community college reentry
Ohio,Summit,education,Education,B,2,regional,Adult ed/ABLE; community college reentry
Ohio,Trumbull,education,Education,B,2,regional,Adult ed/ABLE; community college reentry
Ohio,Tuscarawas,education,Education,B,2,regional,Adult ed/ABLE; community college reentry
Ohio,Van Wert,education,Education,B,2,regional,Adult ed/ABLE; community college reentry
Ohio,Vinton,education,Education,B,2,regional,Adult ed/ABLE; community college reentry
Ohio,Washington,education,Education,B,2,regional,Adult ed/ABLE; community college reentry
Ohio,Wayne,education,Education,B,2,regional,Adult ed/ABLE; community college reentry
Ohio,Williams,education,Education,B,2,regional,Adult ed/ABLE; community college reentry
Ohio,Wyandot,education,Education,B,2,regional,Adult ed/ABLE; community college reentry
Ohio,Adams,basic-needs,Basic Needs,B,2,regional,211; United Way basic needs partners
Ohio,Allen,basic-needs,Basic Needs,B,2,regional,211; United Way basic needs partners
Ohio,Ashland,basic-needs,Basic Needs,B,2,regional,211; United Way basic needs partners
Ohio,Ashtabula,basic-needs,Basic Needs,B,2,regional,211; United Way basic needs partners
Ohio,Athens,basic-needs,Basic Needs,B,2,regional,211; United Way basic needs partners
Ohio,Auglaize,basic-needs,Basic Needs,B,2,regional,211; United Way basic needs partners
Ohio,Belmont,basic-needs,Basic Needs,B,2,regional,211; United Way basic needs partners
Ohio,Brown,basic-needs,Basic Needs,B,2,regional,211; United Way basic needs partners
Ohio,Butler,basic-needs,Basic Needs,B,2,regional,211; United Way basic needs partners
Ohio,Carroll,basic-needs,Basic Needs,B,2,regional,211; United Way basic needs partners
Ohio,Champaign,basic-needs,Basic Needs,B,2,regional,211; United Way basic needs partners
Ohio,Clark,basic-needs,Basic Needs,B,2,regional,211; United Way basic needs partners
Ohio,Clermont,basic-needs,Basic Needs,B,2,regional,211; United Way basic needs partners
Ohio,Clinton,basic-needs,Basic Needs,B,2,regional,211; United Way basic needs partners
Ohio,Columbiana,basic-needs,Basic Needs,B,2,regional,211; United Way basic needs partners
Ohio,Coshocton,basic-needs,Basic Needs,B,2,regional,211; United Way basic needs partners
Ohio,Crawford,basic-needs,Basic Needs,B,2,regional,211; United Way basic needs partners
Ohio,Darke,basic-needs,Basic Needs,B,2,regional,211; United Way basic needs partners
Ohio,Defiance,basic-needs,Basic Needs,B,2,regional,211; United Way basic needs partners
Ohio,Delaware,basic-needs,Basic Needs,B,2,regional,211; United Way basic needs partners
Ohio,Erie,basic-needs,Basic Needs,B,2,regional,211; United Way basic needs partners
Ohio,Fairfield,basic-needs,Basic Needs,B,2,regional,211; United Way basic needs partners
Ohio,Fayette,basic-needs,Basic Needs,B,2,regional,211; United Way basic needs partners
Ohio,Fulton,basic-needs,Basic Needs,B,2,regional,211; United Way basic needs partners
Ohio,Gallia,basic-needs,Basic Needs,B,2,regional,211; United Way basic needs partners
Ohio,Geauga,basic-needs,Basic Needs,B,2,regional,211; United Way basic needs partners
Ohio,Greene,basic-needs,Basic Needs,B,2,regional,211; United Way basic needs partners
Ohio,Guernsey,basic-needs,Basic Needs,B,2,regional,211; United Way basic needs partners
Ohio,Hancock,basic-needs,Basic Needs,B,2,regional,211; United Way basic needs partners
Ohio,Hardin,basic-needs,Basic Needs,B,2,regional,211; United Way basic needs partners
Ohio,Harrison,basic-needs,Basic Needs,B,2,regional,211; United Way basic needs partners
Ohio,Henry,basic-needs,Basic Needs,B,2,regional,211; United Way basic needs partners
Ohio,Highland,basic-needs,Basic Needs,B,2,regional,211; United Way basic needs partners
Ohio,Hocking,basic-needs,Basic Needs,B,2,regional,211; United Way basic needs partners
Ohio,Holmes,basic-needs,Basic Needs,B,2,regional,211; United Way basic needs partners
Ohio,Huron,basic-needs,Basic Needs,B,2,regional,211; United Way basic needs partners
Ohio,Jackson,basic-needs,Basic Needs,B,2,regional,211; United Way basic needs partners
Ohio,Jefferson,basic-needs,Basic Needs,B,2,regional,211; United Way basic needs partners
Ohio,Knox,basic-needs,Basic Needs,B,2,regional,211; United Way basic needs partners
Ohio,Lake,basic-needs,Basic Needs,B,2,regional,211; United Way basic needs partners
Ohio,Lawrence,basic-needs,Basic Needs,B,2,regional,211; United Way basic needs partners
Ohio,Licking,basic-needs,Basic Needs,B,2,regional,211; United Way basic needs partners
Ohio,Logan,basic-needs,Basic Needs,B,2,regional,211; United Way basic needs partners
Ohio,Lorain,basic-needs,Basic Needs,B,2,regional,211; United Way basic needs partners
Ohio,Lucas,basic-needs,Basic Needs,B,2,regional,211; United Way basic needs partners
Ohio,Madison,basic-needs,Basic Needs,B,2,regional,211; United Way basic needs partners
Ohio,Mahoning,basic-needs,Basic Needs,B,2,regional,211; United Way basic needs partners
Ohio,Marion,basic-needs,Basic Needs,B,2,regional,211; United Way basic needs partners
Ohio,Medina,basic-needs,Basic Needs,B,2,regional,211; United Way basic needs partners
Ohio,Meigs,basic-needs,Basic Needs,B,2,regional,211; United Way basic needs partners
Ohio,Mercer,basic-needs,Basic Needs,B,2,regional,211; United Way basic needs partners
Ohio,Miami,basic-needs,Basic Needs,B,2,regional,211; United Way basic needs partners
Ohio,Monroe,basic-needs,Basic Needs,B,2,regional,211; United Way basic needs partners
Ohio,Morgan,basic-needs,Basic Needs,B,2,regional,211; United Way basic needs partners
Ohio,Morrow,basic-needs,Basic Needs,B,2,regional,211; United Way basic needs partners
Ohio,Muskingum,basic-needs,Basic Needs,B,2,regional,211; United Way basic needs partners
Ohio,Noble,basic-needs,Basic Needs,B,2,regional,211; United Way basic needs partners
Ohio,Ottawa,basic-needs,Basic Needs,B,2,regional,211; United Way basic needs partners
Ohio,Paulding,basic-needs,Basic Needs,B,2,regional,211; United Way basic needs partners
Ohio,Perry,basic-needs,Basic Needs,B,2,regional,211; United Way basic needs partners
Ohio,Pickaway,basic-needs,Basic Needs,B,2,regional,211; United Way basic needs partners
Ohio,Pike,basic-needs,Basic Needs,B,2,regional,211; United Way basic needs partners
Ohio,Portage,basic-needs,Basic Needs,B,2,regional,211; United Way basic needs partners
Ohio,Preble,basic-needs,Basic Needs,B,2,regional,211; United Way basic needs partners
Ohio,Putnam,basic-needs,Basic Needs,B,2,regional,211; United Way basic needs partners
Ohio,Richland,basic-needs,Basic Needs,B,2,regional,211; United Way basic needs partners
Ohio,Ross,basic-needs,Basic Needs,B,2,regional,211; United Way basic needs partners
Ohio,Sandusky,basic-needs,Basic Needs,B,2,regional,211; United Way basic needs partners
Ohio,Scioto,basic-needs,Basic Needs,B,2,regional,211; United Way basic needs partners
Ohio,Seneca,basic-needs,Basic Needs,B,2,regional,211; United Way basic needs partners
Ohio,Shelby,basic-needs,Basic Needs,B,2,regional,211; United Way basic needs partners
Ohio,Stark,basic-needs,Basic Needs,B,2,regional,211; United Way basic needs partners
Ohio,Summit,basic-needs,Basic Needs,B,2,regional,211; United Way basic needs partners
Ohio,Trumbull,basic-needs,Basic Needs,B,2,regional,211; United Way basic needs partners
Ohio,Tuscarawas,basic-needs,Basic Needs,B,2,regional,211; United Way basic needs partners
Ohio,Union,basic-needs,Basic Needs,B,2,regional,211; United Way basic needs partners
Ohio,Van Wert,basic-needs,Basic Needs,B,2,regional,211; United Way basic needs partners
Ohio,Vinton,basic-needs,Basic Needs,B,2,regional,211; United Way basic needs partners
Ohio,Warren,basic-needs,Basic Needs,B,2,regional,211; United Way basic needs partners
Ohio,Washington,basic-needs,Basic Needs,B,2,regional,211; United Way basic needs partners
Ohio,Wayne,basic-needs,Basic Needs,B,2,regional,211; United Way basic needs partners
Ohio,Williams,basic-needs,Basic Needs,B,2,regional,211; United Way basic needs partners
Ohio,Wood,basic-needs,Basic Needs,B,2,regional,211; United Way basic needs partners
Ohio,Wyandot,basic-needs,Basic Needs,B,2,regional,211; United Way basic needs partners
Ohio,Ashland,reentry-organizations,Reentry Organizations,B,2,regional,State reentry council; nonprofit coalitions
Ohio,Belmont,reentry-organizations,Reentry Organizations,B,2,regional,State reentry council; nonprofit coalitions
Ohio,Clermont,reentry-organizations,Reentry Organizations,B,2,regional,State reentry council; nonprofit coalitions
Ohio,Clinton,reentry-organizations,Reentry Organizations,B,2,regional,State reentry council; nonprofit coalitions
Ohio,Defiance,reentry-organizations,Reentry Organizations,B,2,regional,State reentry council; nonprofit coalitions
Ohio,Erie,reentry-organizations,Reentry Organizations,B,2,regional,State reentry council; nonprofit coalitions
Ohio,Fayette,reentry-organizations,Reentry Organizations,B,2,regional,State reentry council; nonprofit coalitions
Ohio,Fulton,reentry-organizations,Reentry Organizations,B,2,regional,State reentry council; nonprofit coalitions
Ohio,Gallia,reentry-organizations,Reentry Organizations,B,2,regional,State reentry council; nonprofit coalitions
Ohio,Guernsey,reentry-organizations,Reentry Organizations,B,2,regional,State reentry council; nonprofit coalitions
Ohio,Harrison,reentry-organizations,Reentry Organizations,B,2,regional,State reentry council; nonprofit coalitions
Ohio,Highland,reentry-organizations,Reentry Organizations,B,2,regional,State reentry council; nonprofit coalitions
Ohio,Hocking,reentry-organizations,Reentry Organizations,B,2,regional,State reentry council; nonprofit coalitions
Ohio,Knox,reentry-organizations,Reentry Organizations,B,2,regional,State reentry council; nonprofit coalitions
Ohio,Lorain,reentry-organizations,Reentry Organizations,B,2,regional,State reentry council; nonprofit coalitions
Ohio,Monroe,reentry-organizations,Reentry Organizations,B,2,regional,State reentry council; nonprofit coalitions
Ohio,Noble,reentry-organizations,Reentry Organizations,B,2,regional,State reentry council; nonprofit coalitions
Ohio,Ottawa,reentry-organizations,Reentry Organizations,B,2,regional,State reentry council; nonprofit coalitions
Ohio,Paulding,reentry-organizations,Reentry Organizations,B,2,regional,State reentry council; nonprofit coalitions
Ohio,Sandusky,reentry-organizations,Reentry Organizations,B,2,regional,State reentry council; nonprofit coalitions
Ohio,Seneca,reentry-organizations,Reentry Organizations,B,2,regional,State reentry council; nonprofit coalitions
Ohio,Tuscarawas,reentry-organizations,Reentry Organizations,B,2,regional,State reentry council; nonprofit coalitions
Ohio,Van Wert,reentry-organizations,Reentry Organizations,B,2,regional,State reentry council; nonprofit coalitions
Ohio,Vinton,reentry-organizations,Reentry Organizations,B,2,regional,State reentry council; nonprofit coalitions
Ohio,Washington,reentry-organizations,Reentry Organizations,B,2,regional,State reentry council; nonprofit coalitions
Ohio,Williams,reentry-organizations,Reentry Organizations,B,2,regional,State reentry council; nonprofit coalitions
Ohio,Wood,reentry-organizations,Reentry Organizations,B,2,regional,State reentry council; nonprofit coalitions
Ohio,Wyandot,reentry-organizations,Reentry Organizations,B,2,regional,State reentry council; nonprofit coalitions
South Carolina,Abbeville,id-documentation,ID & Documentation,B,2,regional,Legal aid ID clinic; circuit clerk vital records
South Carolina,Aiken,id-documentation,ID & Documentation,B,2,regional,Legal aid ID clinic; circuit clerk vital records
South Carolina,Allendale,id-documentation,ID & Documentation,B,2,regional,Legal aid ID clinic; circuit clerk vital records
South Carolina,Anderson,id-documentation,ID & Documentation,B,2,regional,Legal aid ID clinic; circuit clerk vital records
South Carolina,Bamberg,id-documentation,ID & Documentation,B,2,regional,Legal aid ID clinic; circuit clerk vital records
South Carolina,Barnwell,id-documentation,ID & Documentation,B,2,regional,Legal aid ID clinic; circuit clerk vital records
South Carolina,Beaufort,id-documentation,ID & Documentation,B,2,regional,Legal aid ID clinic; circuit clerk vital records
South Carolina,Berkeley,id-documentation,ID & Documentation,B,2,regional,Legal aid ID clinic; circuit clerk vital records
South Carolina,Calhoun,id-documentation,ID & Documentation,B,2,regional,Legal aid ID clinic; circuit clerk vital records
South Carolina,Cherokee,id-documentation,ID & Documentation,B,2,regional,Legal aid ID clinic; circuit clerk vital records
South Carolina,Chester,id-documentation,ID & Documentation,B,2,regional,Legal aid ID clinic; circuit clerk vital records
South Carolina,Chesterfield,id-documentation,ID & Documentation,B,2,regional,Legal aid ID clinic; circuit clerk vital records
South Carolina,Clarendon,id-documentation,ID & Documentation,B,2,regional,Legal aid ID clinic; circuit clerk vital records
South Carolina,Colleton,id-documentation,ID & Documentation,B,2,regional,Legal aid ID clinic; circuit clerk vital records
South Carolina,Darlington,id-documentation,ID & Documentation,B,2,regional,Legal aid ID clinic; circuit clerk vital records
South Carolina,Dillon,id-documentation,ID & Documentation,B,2,regional,Legal aid ID clinic; circuit clerk vital records
South Carolina,Dorchester,id-documentation,ID & Documentation,B,2,regional,Legal aid ID clinic; circuit clerk vital records
South Carolina,Edgefield,id-documentation,ID & Documentation,B,2,regional,Legal aid ID clinic; circuit clerk vital records
South Carolina,Fairfield,id-documentation,ID & Documentation,B,2,regional,Legal aid ID clinic; circuit clerk vital records
South Carolina,Florence,id-documentation,ID & Documentation,B,2,regional,Legal aid ID clinic; circuit clerk vital records
South Carolina,Greenville,id-documentation,ID & Documentation,B,2,regional,Legal aid ID clinic; circuit clerk vital records
South Carolina,Greenwood,id-documentation,ID & Documentation,B,2,regional,Legal aid ID clinic; circuit clerk vital records
South Carolina,Hampton,id-documentation,ID & Documentation,B,2,regional,Legal aid ID clinic; circuit clerk vital records
South Carolina,Horry,id-documentation,ID & Documentation,B,2,regional,Legal aid ID clinic; circuit clerk vital records
South Carolina,Jasper,id-documentation,ID & Documentation,B,2,regional,Legal aid ID clinic; circuit clerk vital records
South Carolina,Kershaw,id-documentation,ID & Documentation,B,2,regional,Legal aid ID clinic; circuit clerk vital records
South Carolina,Lancaster,id-documentation,ID & Documentation,B,2,regional,Legal aid ID clinic; circuit clerk vital records
South Carolina,Laurens,id-documentation,ID & Documentation,B,2,regional,Legal aid ID clinic; circuit clerk vital records
South Carolina,Lee,id-documentation,ID & Documentation,B,2,regional,Legal aid ID clinic; circuit clerk vital records
South Carolina,Marion,id-documentation,ID & Documentation,B,2,regional,Legal aid ID clinic; circuit clerk vital records
South Carolina,Marlboro,id-documentation,ID & Documentation,B,2,regional,Legal aid ID clinic; circuit clerk vital records
South Carolina,McCormick,id-documentation,ID & Documentation,B,2,regional,Legal aid ID clinic; circuit clerk vital records
South Carolina,Newberry,id-documentation,ID & Documentation,B,2,regional,Legal aid ID clinic; circuit clerk vital records
South Carolina,Oconee,id-documentation,ID & Documentation,B,2,regional,Legal aid ID clinic; circuit clerk vital records
South Carolina,Orangeburg,id-documentation,ID & Documentation,B,2,regional,Legal aid ID clinic; circuit clerk vital records
South Carolina,Pickens,id-documentation,ID & Documentation,B,2,regional,Legal aid ID clinic; circuit clerk vital records
South Carolina,Saluda,id-documentation,ID & Documentation,B,2,regional,Legal aid ID clinic; circuit clerk vital records
South Carolina,Spartanburg,id-documentation,ID & Documentation,B,2,regional,Legal aid ID clinic; circuit clerk vital records
South Carolina,Sumter,id-documentation,ID & Documentation,B,2,regional,Legal aid ID clinic; circuit clerk vital records
South Carolina,Union,id-documentation,ID & Documentation,B,2,regional,Legal aid ID clinic; circuit clerk vital records
South Carolina,Williamsburg,id-documentation,ID & Documentation,B,2,regional,Legal aid ID clinic; circuit clerk vital records
South Carolina,York,id-documentation,ID & Documentation,B,2,regional,Legal aid ID clinic; circuit clerk vital records
South Carolina,Abbeville,transportation,Transportation,B,2,regional,Transit authority voucher programs
South Carolina,Aiken,transportation,Transportation,B,2,regional,Transit authority voucher programs
South Carolina,Allendale,transportation,Transportation,B,2,regional,Transit authority voucher programs
South Carolina,Anderson,transportation,Transportation,B,2,regional,Transit authority voucher programs
South Carolina,Bamberg,transportation,Transportation,B,2,regional,Transit authority voucher programs
South Carolina,Barnwell,transportation,Transportation,B,2,regional,Transit authority voucher programs
South Carolina,Beaufort,transportation,Transportation,B,2,regional,Transit authority voucher programs
South Carolina,Berkeley,transportation,Transportation,B,2,regional,Transit authority voucher programs
South Carolina,Calhoun,transportation,Transportation,B,2,regional,Transit authority voucher programs
South Carolina,Charleston,transportation,Transportation,B,2,regional,Transit authority voucher programs
South Carolina,Chester,transportation,Transportation,B,2,regional,Transit authority voucher programs
South Carolina,Chesterfield,transportation,Transportation,B,2,regional,Transit authority voucher programs
South Carolina,Clarendon,transportation,Transportation,B,2,regional,Transit authority voucher programs
South Carolina,Colleton,transportation,Transportation,B,2,regional,Transit authority voucher programs
South Carolina,Dorchester,transportation,Transportation,B,2,regional,Transit authority voucher programs
South Carolina,Edgefield,transportation,Transportation,B,2,regional,Transit authority voucher programs
South Carolina,Fairfield,transportation,Transportation,B,2,regional,Transit authority voucher programs
South Carolina,Greenwood,transportation,Transportation,B,2,regional,Transit authority voucher programs
South Carolina,Hampton,transportation,Transportation,B,2,regional,Transit authority voucher programs
South Carolina,Jasper,transportation,Transportation,B,2,regional,Transit authority voucher programs
South Carolina,Kershaw,transportation,Transportation,B,2,regional,Transit authority voucher programs
South Carolina,Lancaster,transportation,Transportation,B,2,regional,Transit authority voucher programs
South Carolina,Laurens,transportation,Transportation,B,2,regional,Transit authority voucher programs
South Carolina,Lee,transportation,Transportation,B,2,regional,Transit authority voucher programs
South Carolina,McCormick,transportation,Transportation,B,2,regional,Transit authority voucher programs
South Carolina,Newberry,transportation,Transportation,B,2,regional,Transit authority voucher programs
South Carolina,Oconee,transportation,Transportation,B,2,regional,Transit authority voucher programs
South Carolina,Orangeburg,transportation,Transportation,B,2,regional,Transit authority voucher programs
South Carolina,Pickens,transportation,Transportation,B,2,regional,Transit authority voucher programs
South Carolina,Saluda,transportation,Transportation,B,2,regional,Transit authority voucher programs
South Carolina,Sumter,transportation,Transportation,B,2,regional,Transit authority voucher programs
South Carolina,Union,transportation,Transportation,B,2,regional,Transit authority voucher programs
South Carolina,Williamsburg,transportation,Transportation,B,2,regional,Transit authority voucher programs
South Carolina,York,transportation,Transportation,B,2,regional,Transit authority voucher programs
South Carolina,Abbeville,peer-support,Peer Support,B,2,regional,State peer certification roster
South Carolina,Aiken,peer-support,Peer Support,B,2,regional,State peer certification roster
South Carolina,Allendale,peer-support,Peer Support,B,2,regional,State peer certification roster
South Carolina,Anderson,peer-support,Peer Support,B,2,regional,State peer certification roster
South Carolina,Bamberg,peer-support,Peer Support,B,2,regional,State peer certification roster
South Carolina,Barnwell,peer-support,Peer Support,B,2,regional,State peer certification roster
South Carolina,Beaufort,peer-support,Peer Support,B,2,regional,State peer certification roster
South Carolina,Calhoun,peer-support,Peer Support,B,2,regional,State peer certification roster
South Carolina,Cherokee,peer-support,Peer Support,B,2,regional,State peer certification roster
South Carolina,Chester,peer-support,Peer Support,B,2,regional,State peer certification roster
South Carolina,Chesterfield,peer-support,Peer Support,B,2,regional,State peer certification roster
South Carolina,Clarendon,peer-support,Peer Support,B,2,regional,State peer certification roster
South Carolina,Colleton,peer-support,Peer Support,B,2,regional,State peer certification roster
South Carolina,Darlington,peer-support,Peer Support,B,2,regional,State peer certification roster
South Carolina,Dillon,peer-support,Peer Support,B,2,regional,State peer certification roster
South Carolina,Edgefield,peer-support,Peer Support,B,2,regional,State peer certification roster
South Carolina,Fairfield,peer-support,Peer Support,B,2,regional,State peer certification roster
South Carolina,Florence,peer-support,Peer Support,B,2,regional,State peer certification roster
South Carolina,Georgetown,peer-support,Peer Support,B,2,regional,State peer certification roster
South Carolina,Greenville,peer-support,Peer Support,B,2,regional,State peer certification roster
South Carolina,Greenwood,peer-support,Peer Support,B,2,regional,State peer certification roster
South Carolina,Hampton,peer-support,Peer Support,B,2,regional,State peer certification roster
South Carolina,Horry,peer-support,Peer Support,B,2,regional,State peer certification roster
South Carolina,Jasper,peer-support,Peer Support,B,2,regional,State peer certification roster
South Carolina,Kershaw,peer-support,Peer Support,B,2,regional,State peer certification roster
South Carolina,Lancaster,peer-support,Peer Support,B,2,regional,State peer certification roster
South Carolina,Laurens,peer-support,Peer Support,B,2,regional,State peer certification roster
South Carolina,Lee,peer-support,Peer Support,B,2,regional,State peer certification roster
South Carolina,Marion,peer-support,Peer Support,B,2,regional,State peer certification roster
South Carolina,Marlboro,peer-support,Peer Support,B,2,regional,State peer certification roster
South Carolina,McCormick,peer-support,Peer Support,B,2,regional,State peer certification roster
South Carolina,Newberry,peer-support,Peer Support,B,2,regional,State peer certification roster
South Carolina,Oconee,peer-support,Peer Support,B,2,regional,State peer certification roster
South Carolina,Orangeburg,peer-support,Peer Support,B,2,regional,State peer certification roster
South Carolina,Pickens,peer-support,Peer Support,B,2,regional,State peer certification roster
South Carolina,Saluda,peer-support,Peer Support,B,2,regional,State peer certification roster
South Carolina,Spartanburg,peer-support,Peer Support,B,2,regional,State peer certification roster
South Carolina,Union,peer-support,Peer Support,B,2,regional,State peer certification roster
South Carolina,Williamsburg,peer-support,Peer Support,B,2,regional,State peer certification roster
South Carolina,York,peer-support,Peer Support,B,2,regional,State peer certification roster
South Carolina,Abbeville,family-children,Family & Children,B,2,regional,211; family reentry nonprofits
South Carolina,Aiken,family-children,Family & Children,B,2,regional,211; family reentry nonprofits
South Carolina,Allendale,family-children,Family & Children,B,2,regional,211; family reentry nonprofits
South Carolina,Anderson,family-children,Family & Children,B,2,regional,211; family reentry nonprofits
South Carolina,Bamberg,family-children,Family & Children,B,2,regional,211; family reentry nonprofits
South Carolina,Barnwell,family-children,Family & Children,B,2,regional,211; family reentry nonprofits
South Carolina,Beaufort,family-children,Family & Children,B,2,regional,211; family reentry nonprofits
South Carolina,Calhoun,family-children,Family & Children,B,2,regional,211; family reentry nonprofits
South Carolina,Cherokee,family-children,Family & Children,B,2,regional,211; family reentry nonprofits
South Carolina,Chester,family-children,Family & Children,B,2,regional,211; family reentry nonprofits
South Carolina,Clarendon,family-children,Family & Children,B,2,regional,211; family reentry nonprofits
South Carolina,Colleton,family-children,Family & Children,B,2,regional,211; family reentry nonprofits
South Carolina,Edgefield,family-children,Family & Children,B,2,regional,211; family reentry nonprofits
South Carolina,Fairfield,family-children,Family & Children,B,2,regional,211; family reentry nonprofits
South Carolina,Georgetown,family-children,Family & Children,B,2,regional,211; family reentry nonprofits
South Carolina,Greenville,family-children,Family & Children,B,2,regional,211; family reentry nonprofits
South Carolina,Greenwood,family-children,Family & Children,B,2,regional,211; family reentry nonprofits
South Carolina,Hampton,family-children,Family & Children,B,2,regional,211; family reentry nonprofits
South Carolina,Horry,family-children,Family & Children,B,2,regional,211; family reentry nonprofits
South Carolina,Jasper,family-children,Family & Children,B,2,regional,211; family reentry nonprofits
South Carolina,Kershaw,family-children,Family & Children,B,2,regional,211; family reentry nonprofits
South Carolina,Lancaster,family-children,Family & Children,B,2,regional,211; family reentry nonprofits
South Carolina,Laurens,family-children,Family & Children,B,2,regional,211; family reentry nonprofits
South Carolina,Lee,family-children,Family & Children,B,2,regional,211; family reentry nonprofits
South Carolina,Lexington,family-children,Family & Children,B,2,regional,211; family reentry nonprofits
South Carolina,Marlboro,family-children,Family & Children,B,2,regional,211; family reentry nonprofits
South Carolina,McCormick,family-children,Family & Children,B,2,regional,211; family reentry nonprofits
South Carolina,Newberry,family-children,Family & Children,B,2,regional,211; family reentry nonprofits
South Carolina,Oconee,family-children,Family & Children,B,2,regional,211; family reentry nonprofits
South Carolina,Orangeburg,family-children,Family & Children,B,2,regional,211; family reentry nonprofits
South Carolina,Pickens,family-children,Family & Children,B,2,regional,211; family reentry nonprofits
South Carolina,Richland,family-children,Family & Children,B,2,regional,211; family reentry nonprofits
South Carolina,Saluda,family-children,Family & Children,B,2,regional,211; family reentry nonprofits
South Carolina,Spartanburg,family-children,Family & Children,B,2,regional,211; family reentry nonprofits
South Carolina,Sumter,family-children,Family & Children,B,2,regional,211; family reentry nonprofits
South Carolina,Union,family-children,Family & Children,B,2,regional,211; family reentry nonprofits
South Carolina,Williamsburg,family-children,Family & Children,B,2,regional,211; family reentry nonprofits
South Carolina,York,family-children,Family & Children,B,2,regional,211; family reentry nonprofits
South Carolina,Abbeville,veterans,Veterans,B,2,regional,VA; county veterans service officer
South Carolina,Aiken,veterans,Veterans,B,2,regional,VA; county veterans service officer
South Carolina,Allendale,veterans,Veterans,B,2,regional,VA; county veterans service officer
South Carolina,Anderson,veterans,Veterans,B,2,regional,VA; county veterans service officer
South Carolina,Bamberg,veterans,Veterans,B,2,regional,VA; county veterans service officer
South Carolina,Barnwell,veterans,Veterans,B,2,regional,VA; county veterans service officer
South Carolina,Beaufort,veterans,Veterans,B,2,regional,VA; county veterans service officer
South Carolina,Calhoun,veterans,Veterans,B,2,regional,VA; county veterans service officer
South Carolina,Chester,veterans,Veterans,B,2,regional,VA; county veterans service officer
South Carolina,Chesterfield,veterans,Veterans,B,2,regional,VA; county veterans service officer
South Carolina,Colleton,veterans,Veterans,B,2,regional,VA; county veterans service officer
South Carolina,Darlington,veterans,Veterans,B,2,regional,VA; county veterans service officer
South Carolina,Dillon,veterans,Veterans,B,2,regional,VA; county veterans service officer
South Carolina,Edgefield,veterans,Veterans,B,2,regional,VA; county veterans service officer
South Carolina,Georgetown,veterans,Veterans,B,2,regional,VA; county veterans service officer
South Carolina,Greenwood,veterans,Veterans,B,2,regional,VA; county veterans service officer
South Carolina,Hampton,veterans,Veterans,B,2,regional,VA; county veterans service officer
South Carolina,Jasper,veterans,Veterans,B,2,regional,VA; county veterans service officer
South Carolina,Kershaw,veterans,Veterans,B,2,regional,VA; county veterans service officer
South Carolina,Lancaster,veterans,Veterans,B,2,regional,VA; county veterans service officer
South Carolina,Marion,veterans,Veterans,B,2,regional,VA; county veterans service officer
South Carolina,Marlboro,veterans,Veterans,B,2,regional,VA; county veterans service officer
South Carolina,McCormick,veterans,Veterans,B,2,regional,VA; county veterans service officer
South Carolina,Oconee,veterans,Veterans,B,2,regional,VA; county veterans service officer
South Carolina,Orangeburg,veterans,Veterans,B,2,regional,VA; county veterans service officer
South Carolina,Saluda,veterans,Veterans,B,2,regional,VA; county veterans service officer
South Carolina,Union,veterans,Veterans,B,2,regional,VA; county veterans service officer
South Carolina,Williamsburg,veterans,Veterans,B,2,regional,VA; county veterans service officer
South Carolina,Allendale,education,Education,B,2,regional,Adult ed/ABLE; community college reentry
South Carolina,Bamberg,education,Education,B,2,regional,Adult ed/ABLE; community college reentry
South Carolina,Beaufort,education,Education,B,2,regional,Adult ed/ABLE; community college reentry
South Carolina,Calhoun,education,Education,B,2,regional,Adult ed/ABLE; community college reentry
South Carolina,Clarendon,education,Education,B,2,regional,Adult ed/ABLE; community college reentry
South Carolina,Colleton,education,Education,B,2,regional,Adult ed/ABLE; community college reentry
South Carolina,Dillon,education,Education,B,2,regional,Adult ed/ABLE; community college reentry
South Carolina,Hampton,education,Education,B,2,regional,Adult ed/ABLE; community college reentry
South Carolina,Jasper,education,Education,B,2,regional,Adult ed/ABLE; community college reentry
South Carolina,Kershaw,education,Education,B,2,regional,Adult ed/ABLE; community college reentry
South Carolina,Lee,education,Education,B,2,regional,Adult ed/ABLE; community college reentry
South Carolina,Oconee,education,Education,B,2,regional,Adult ed/ABLE; community college reentry
South Carolina,Orangeburg,education,Education,B,2,regional,Adult ed/ABLE; community college reentry
South Carolina,Pickens,education,Education,B,2,regional,Adult ed/ABLE; community college reentry
South Carolina,Saluda,education,Education,B,2,regional,Adult ed/ABLE; community college reentry
South Carolina,Sumter,education,Education,B,2,regional,Adult ed/ABLE; community college reentry
South Carolina,Williamsburg,education,Education,B,2,regional,Adult ed/ABLE; community college reentry
South Carolina,Abbeville,basic-needs,Basic Needs,B,2,regional,211; United Way basic needs partners
South Carolina,Darlington,basic-needs,Basic Needs,B,2,regional,211; United Way basic needs partners
South Carolina,Dillon,basic-needs,Basic Needs,B,2,regional,211; United Way basic needs partners
South Carolina,Florence,basic-needs,Basic Needs,B,2,regional,211; United Way basic needs partners
South Carolina,Greenville,basic-needs,Basic Needs,B,2,regional,211; United Way basic needs partners
South Carolina,Greenwood,basic-needs,Basic Needs,B,2,regional,211; United Way basic needs partners
South Carolina,Hampton,basic-needs,Basic Needs,B,2,regional,211; United Way basic needs partners
South Carolina,Laurens,basic-needs,Basic Needs,B,2,regional,211; United Way basic needs partners
South Carolina,Marion,basic-needs,Basic Needs,B,2,regional,211; United Way basic needs partners
South Carolina,Marlboro,basic-needs,Basic Needs,B,2,regional,211; United Way basic needs partners
South Carolina,McCormick,basic-needs,Basic Needs,B,2,regional,211; United Way basic needs partners
South Carolina,Oconee,basic-needs,Basic Needs,B,2,regional,211; United Way basic needs partners
South Carolina,Pickens,basic-needs,Basic Needs,B,2,regional,211; United Way basic needs partners
South Carolina,Saluda,basic-needs,Basic Needs,B,2,regional,211; United Way basic needs partners
South Carolina,Williamsburg,basic-needs,Basic Needs,B,2,regional,211; United Way basic needs partners
South Carolina,Abbeville,reentry-organizations,Reentry Organizations,B,2,regional,State reentry council; nonprofit coalitions
South Carolina,Aiken,reentry-organizations,Reentry Organizations,B,2,regional,State reentry council; nonprofit coalitions
South Carolina,Allendale,reentry-organizations,Reentry Organizations,B,2,regional,State reentry council; nonprofit coalitions
South Carolina,Bamberg,reentry-organizations,Reentry Organizations,B,2,regional,State reentry council; nonprofit coalitions
South Carolina,Barnwell,reentry-organizations,Reentry Organizations,B,2,regional,State reentry council; nonprofit coalitions
South Carolina,Beaufort,reentry-organizations,Reentry Organizations,B,2,regional,State reentry council; nonprofit coalitions
South Carolina,Calhoun,reentry-organizations,Reentry Organizations,B,2,regional,State reentry council; nonprofit coalitions
South Carolina,Cherokee,reentry-organizations,Reentry Organizations,B,2,regional,State reentry council; nonprofit coalitions
South Carolina,Chester,reentry-organizations,Reentry Organizations,B,2,regional,State reentry council; nonprofit coalitions
South Carolina,Chesterfield,reentry-organizations,Reentry Organizations,B,2,regional,State reentry council; nonprofit coalitions
South Carolina,Clarendon,reentry-organizations,Reentry Organizations,B,2,regional,State reentry council; nonprofit coalitions
South Carolina,Colleton,reentry-organizations,Reentry Organizations,B,2,regional,State reentry council; nonprofit coalitions
South Carolina,Darlington,reentry-organizations,Reentry Organizations,B,2,regional,State reentry council; nonprofit coalitions
South Carolina,Dillon,reentry-organizations,Reentry Organizations,B,2,regional,State reentry council; nonprofit coalitions
South Carolina,Edgefield,reentry-organizations,Reentry Organizations,B,2,regional,State reentry council; nonprofit coalitions
South Carolina,Fairfield,reentry-organizations,Reentry Organizations,B,2,regional,State reentry council; nonprofit coalitions
South Carolina,Florence,reentry-organizations,Reentry Organizations,B,2,regional,State reentry council; nonprofit coalitions
South Carolina,Georgetown,reentry-organizations,Reentry Organizations,B,2,regional,State reentry council; nonprofit coalitions
South Carolina,Greenwood,reentry-organizations,Reentry Organizations,B,2,regional,State reentry council; nonprofit coalitions
South Carolina,Hampton,reentry-organizations,Reentry Organizations,B,2,regional,State reentry council; nonprofit coalitions
South Carolina,Jasper,reentry-organizations,Reentry Organizations,B,2,regional,State reentry council; nonprofit coalitions
South Carolina,Kershaw,reentry-organizations,Reentry Organizations,B,2,regional,State reentry council; nonprofit coalitions
South Carolina,Lancaster,reentry-organizations,Reentry Organizations,B,2,regional,State reentry council; nonprofit coalitions
South Carolina,Laurens,reentry-organizations,Reentry Organizations,B,2,regional,State reentry council; nonprofit coalitions
South Carolina,Lee,reentry-organizations,Reentry Organizations,B,2,regional,State reentry council; nonprofit coalitions
South Carolina,Marion,reentry-organizations,Reentry Organizations,B,2,regional,State reentry council; nonprofit coalitions
South Carolina,Marlboro,reentry-organizations,Reentry Organizations,B,2,regional,State reentry council; nonprofit coalitions
South Carolina,McCormick,reentry-organizations,Reentry Organizations,B,2,regional,State reentry council; nonprofit coalitions
South Carolina,Newberry,reentry-organizations,Reentry Organizations,B,2,regional,State reentry council; nonprofit coalitions
South Carolina,Orangeburg,reentry-organizations,Reentry Organizations,B,2,regional,State reentry council; nonprofit coalitions
South Carolina,Saluda,reentry-organizations,Reentry Organizations,B,2,regional,State reentry council; nonprofit coalitions
South Carolina,Spartanburg,reentry-organizations,Reentry Organizations,B,2,regional,State reentry council; nonprofit coalitions
South Carolina,Sumter,reentry-organizations,Reentry Organizations,B,2,regional,State reentry council; nonprofit coalitions
South Carolina,Union,reentry-organizations,Reentry Organizations,B,2,regional,State reentry council; nonprofit coalitions
South Carolina,Williamsburg,reentry-organizations,Reentry Organizations,B,2,regional,State reentry council; nonprofit coalitions
South Carolina,York,reentry-organizations,Reentry Organizations,B,2,regional,State reentry council; nonprofit coalitions
Tennessee,Anderson,id-documentation,ID & Documentation,B,2,regional,Legal aid ID clinic; circuit clerk vital records
Tennessee,Bedford,id-documentation,ID & Documentation,B,2,regional,Legal aid ID clinic; circuit clerk vital records
Tennessee,Benton,id-documentation,ID & Documentation,B,2,regional,Legal aid ID clinic; circuit clerk vital records
Tennessee,Bledsoe,id-documentation,ID & Documentation,B,2,regional,Legal aid ID clinic; circuit clerk vital records
Tennessee,Blount,id-documentation,ID & Documentation,B,2,regional,Legal aid ID clinic; circuit clerk vital records
Tennessee,Bradley,id-documentation,ID & Documentation,B,2,regional,Legal aid ID clinic; circuit clerk vital records
Tennessee,Campbell,id-documentation,ID & Documentation,B,2,regional,Legal aid ID clinic; circuit clerk vital records
Tennessee,Cannon,id-documentation,ID & Documentation,B,2,regional,Legal aid ID clinic; circuit clerk vital records
Tennessee,Carroll,id-documentation,ID & Documentation,B,2,regional,Legal aid ID clinic; circuit clerk vital records
Tennessee,Carter,id-documentation,ID & Documentation,B,2,regional,Legal aid ID clinic; circuit clerk vital records
Tennessee,Cheatham,id-documentation,ID & Documentation,B,2,regional,Legal aid ID clinic; circuit clerk vital records
Tennessee,Chester,id-documentation,ID & Documentation,B,2,regional,Legal aid ID clinic; circuit clerk vital records
Tennessee,Claiborne,id-documentation,ID & Documentation,B,2,regional,Legal aid ID clinic; circuit clerk vital records
Tennessee,Clay,id-documentation,ID & Documentation,B,2,regional,Legal aid ID clinic; circuit clerk vital records
Tennessee,Cocke,id-documentation,ID & Documentation,B,2,regional,Legal aid ID clinic; circuit clerk vital records
Tennessee,Coffee,id-documentation,ID & Documentation,B,2,regional,Legal aid ID clinic; circuit clerk vital records
Tennessee,Crockett,id-documentation,ID & Documentation,B,2,regional,Legal aid ID clinic; circuit clerk vital records
Tennessee,Cumberland,id-documentation,ID & Documentation,B,2,regional,Legal aid ID clinic; circuit clerk vital records
Tennessee,DeKalb,id-documentation,ID & Documentation,B,2,regional,Legal aid ID clinic; circuit clerk vital records
Tennessee,Decatur,id-documentation,ID & Documentation,B,2,regional,Legal aid ID clinic; circuit clerk vital records
Tennessee,Dickson,id-documentation,ID & Documentation,B,2,regional,Legal aid ID clinic; circuit clerk vital records
Tennessee,Dyer,id-documentation,ID & Documentation,B,2,regional,Legal aid ID clinic; circuit clerk vital records
Tennessee,Fayette,id-documentation,ID & Documentation,B,2,regional,Legal aid ID clinic; circuit clerk vital records
Tennessee,Fentress,id-documentation,ID & Documentation,B,2,regional,Legal aid ID clinic; circuit clerk vital records
Tennessee,Franklin,id-documentation,ID & Documentation,B,2,regional,Legal aid ID clinic; circuit clerk vital records
Tennessee,Gibson,id-documentation,ID & Documentation,B,2,regional,Legal aid ID clinic; circuit clerk vital records
Tennessee,Giles,id-documentation,ID & Documentation,B,2,regional,Legal aid ID clinic; circuit clerk vital records
Tennessee,Grainger,id-documentation,ID & Documentation,B,2,regional,Legal aid ID clinic; circuit clerk vital records
Tennessee,Greene,id-documentation,ID & Documentation,B,2,regional,Legal aid ID clinic; circuit clerk vital records
Tennessee,Grundy,id-documentation,ID & Documentation,B,2,regional,Legal aid ID clinic; circuit clerk vital records
Tennessee,Hamblen,id-documentation,ID & Documentation,B,2,regional,Legal aid ID clinic; circuit clerk vital records
Tennessee,Hamilton,id-documentation,ID & Documentation,B,2,regional,Legal aid ID clinic; circuit clerk vital records
Tennessee,Hancock,id-documentation,ID & Documentation,B,2,regional,Legal aid ID clinic; circuit clerk vital records
Tennessee,Hardeman,id-documentation,ID & Documentation,B,2,regional,Legal aid ID clinic; circuit clerk vital records
Tennessee,Hardin,id-documentation,ID & Documentation,B,2,regional,Legal aid ID clinic; circuit clerk vital records
Tennessee,Hawkins,id-documentation,ID & Documentation,B,2,regional,Legal aid ID clinic; circuit clerk vital records
Tennessee,Haywood,id-documentation,ID & Documentation,B,2,regional,Legal aid ID clinic; circuit clerk vital records
Tennessee,Henderson,id-documentation,ID & Documentation,B,2,regional,Legal aid ID clinic; circuit clerk vital records
Tennessee,Henry,id-documentation,ID & Documentation,B,2,regional,Legal aid ID clinic; circuit clerk vital records
Tennessee,Hickman,id-documentation,ID & Documentation,B,2,regional,Legal aid ID clinic; circuit clerk vital records
Tennessee,Houston,id-documentation,ID & Documentation,B,2,regional,Legal aid ID clinic; circuit clerk vital records
Tennessee,Humphreys,id-documentation,ID & Documentation,B,2,regional,Legal aid ID clinic; circuit clerk vital records
Tennessee,Jackson,id-documentation,ID & Documentation,B,2,regional,Legal aid ID clinic; circuit clerk vital records
Tennessee,Jefferson,id-documentation,ID & Documentation,B,2,regional,Legal aid ID clinic; circuit clerk vital records
Tennessee,Johnson,id-documentation,ID & Documentation,B,2,regional,Legal aid ID clinic; circuit clerk vital records
Tennessee,Knox,id-documentation,ID & Documentation,B,2,regional,Legal aid ID clinic; circuit clerk vital records
Tennessee,Lake,id-documentation,ID & Documentation,B,2,regional,Legal aid ID clinic; circuit clerk vital records
Tennessee,Lauderdale,id-documentation,ID & Documentation,B,2,regional,Legal aid ID clinic; circuit clerk vital records
Tennessee,Lawrence,id-documentation,ID & Documentation,B,2,regional,Legal aid ID clinic; circuit clerk vital records
Tennessee,Lewis,id-documentation,ID & Documentation,B,2,regional,Legal aid ID clinic; circuit clerk vital records
Tennessee,Lincoln,id-documentation,ID & Documentation,B,2,regional,Legal aid ID clinic; circuit clerk vital records
Tennessee,Loudon,id-documentation,ID & Documentation,B,2,regional,Legal aid ID clinic; circuit clerk vital records
Tennessee,Macon,id-documentation,ID & Documentation,B,2,regional,Legal aid ID clinic; circuit clerk vital records
Tennessee,Madison,id-documentation,ID & Documentation,B,2,regional,Legal aid ID clinic; circuit clerk vital records
Tennessee,Marion,id-documentation,ID & Documentation,B,2,regional,Legal aid ID clinic; circuit clerk vital records
Tennessee,Marshall,id-documentation,ID & Documentation,B,2,regional,Legal aid ID clinic; circuit clerk vital records
Tennessee,Maury,id-documentation,ID & Documentation,B,2,regional,Legal aid ID clinic; circuit clerk vital records
Tennessee,McMinn,id-documentation,ID & Documentation,B,2,regional,Legal aid ID clinic; circuit clerk vital records
Tennessee,McNairy,id-documentation,ID & Documentation,B,2,regional,Legal aid ID clinic; circuit clerk vital records
Tennessee,Meigs,id-documentation,ID & Documentation,B,2,regional,Legal aid ID clinic; circuit clerk vital records
Tennessee,Monroe,id-documentation,ID & Documentation,B,2,regional,Legal aid ID clinic; circuit clerk vital records
Tennessee,Montgomery,id-documentation,ID & Documentation,B,2,regional,Legal aid ID clinic; circuit clerk vital records
Tennessee,Moore,id-documentation,ID & Documentation,B,2,regional,Legal aid ID clinic; circuit clerk vital records
Tennessee,Morgan,id-documentation,ID & Documentation,B,2,regional,Legal aid ID clinic; circuit clerk vital records
Tennessee,Obion,id-documentation,ID & Documentation,B,2,regional,Legal aid ID clinic; circuit clerk vital records
Tennessee,Overton,id-documentation,ID & Documentation,B,2,regional,Legal aid ID clinic; circuit clerk vital records
Tennessee,Perry,id-documentation,ID & Documentation,B,2,regional,Legal aid ID clinic; circuit clerk vital records
Tennessee,Pickett,id-documentation,ID & Documentation,B,2,regional,Legal aid ID clinic; circuit clerk vital records
Tennessee,Polk,id-documentation,ID & Documentation,B,2,regional,Legal aid ID clinic; circuit clerk vital records
Tennessee,Putnam,id-documentation,ID & Documentation,B,2,regional,Legal aid ID clinic; circuit clerk vital records
Tennessee,Rhea,id-documentation,ID & Documentation,B,2,regional,Legal aid ID clinic; circuit clerk vital records
Tennessee,Roane,id-documentation,ID & Documentation,B,2,regional,Legal aid ID clinic; circuit clerk vital records
Tennessee,Robertson,id-documentation,ID & Documentation,B,2,regional,Legal aid ID clinic; circuit clerk vital records
Tennessee,Rutherford,id-documentation,ID & Documentation,B,2,regional,Legal aid ID clinic; circuit clerk vital records
Tennessee,Scott,id-documentation,ID & Documentation,B,2,regional,Legal aid ID clinic; circuit clerk vital records
Tennessee,Sequatchie,id-documentation,ID & Documentation,B,2,regional,Legal aid ID clinic; circuit clerk vital records
Tennessee,Sevier,id-documentation,ID & Documentation,B,2,regional,Legal aid ID clinic; circuit clerk vital records
Tennessee,Smith,id-documentation,ID & Documentation,B,2,regional,Legal aid ID clinic; circuit clerk vital records
Tennessee,Stewart,id-documentation,ID & Documentation,B,2,regional,Legal aid ID clinic; circuit clerk vital records
Tennessee,Sullivan,id-documentation,ID & Documentation,B,2,regional,Legal aid ID clinic; circuit clerk vital records
Tennessee,Sumner,id-documentation,ID & Documentation,B,2,regional,Legal aid ID clinic; circuit clerk vital records
Tennessee,Tipton,id-documentation,ID & Documentation,B,2,regional,Legal aid ID clinic; circuit clerk vital records
Tennessee,Trousdale,id-documentation,ID & Documentation,B,2,regional,Legal aid ID clinic; circuit clerk vital records
Tennessee,Unicoi,id-documentation,ID & Documentation,B,2,regional,Legal aid ID clinic; circuit clerk vital records
Tennessee,Union,id-documentation,ID & Documentation,B,2,regional,Legal aid ID clinic; circuit clerk vital records
Tennessee,Van Buren,id-documentation,ID & Documentation,B,2,regional,Legal aid ID clinic; circuit clerk vital records
Tennessee,Warren,id-documentation,ID & Documentation,B,2,regional,Legal aid ID clinic; circuit clerk vital records
Tennessee,Washington,id-documentation,ID & Documentation,B,2,regional,Legal aid ID clinic; circuit clerk vital records
Tennessee,Wayne,id-documentation,ID & Documentation,B,2,regional,Legal aid ID clinic; circuit clerk vital records
Tennessee,Weakley,id-documentation,ID & Documentation,B,2,regional,Legal aid ID clinic; circuit clerk vital records
Tennessee,White,id-documentation,ID & Documentation,B,2,regional,Legal aid ID clinic; circuit clerk vital records
Tennessee,Williamson,id-documentation,ID & Documentation,B,2,regional,Legal aid ID clinic; circuit clerk vital records
Tennessee,Wilson,id-documentation,ID & Documentation,B,2,regional,Legal aid ID clinic; circuit clerk vital records
Tennessee,Anderson,transportation,Transportation,B,2,regional,Transit authority voucher programs
Tennessee,Bedford,transportation,Transportation,B,2,regional,Transit authority voucher programs
Tennessee,Benton,transportation,Transportation,B,2,regional,Transit authority voucher programs
Tennessee,Bledsoe,transportation,Transportation,B,2,regional,Transit authority voucher programs
Tennessee,Blount,transportation,Transportation,B,2,regional,Transit authority voucher programs
Tennessee,Bradley,transportation,Transportation,B,2,regional,Transit authority voucher programs
Tennessee,Campbell,transportation,Transportation,B,2,regional,Transit authority voucher programs
Tennessee,Cannon,transportation,Transportation,B,2,regional,Transit authority voucher programs
Tennessee,Carroll,transportation,Transportation,B,2,regional,Transit authority voucher programs
Tennessee,Carter,transportation,Transportation,B,2,regional,Transit authority voucher programs
Tennessee,Cheatham,transportation,Transportation,B,2,regional,Transit authority voucher programs
Tennessee,Chester,transportation,Transportation,B,2,regional,Transit authority voucher programs
Tennessee,Claiborne,transportation,Transportation,B,2,regional,Transit authority voucher programs
Tennessee,Clay,transportation,Transportation,B,2,regional,Transit authority voucher programs
Tennessee,Cocke,transportation,Transportation,B,2,regional,Transit authority voucher programs
Tennessee,Coffee,transportation,Transportation,B,2,regional,Transit authority voucher programs
Tennessee,Crockett,transportation,Transportation,B,2,regional,Transit authority voucher programs
Tennessee,Cumberland,transportation,Transportation,B,2,regional,Transit authority voucher programs
Tennessee,DeKalb,transportation,Transportation,B,2,regional,Transit authority voucher programs
Tennessee,Decatur,transportation,Transportation,B,2,regional,Transit authority voucher programs
Tennessee,Dickson,transportation,Transportation,B,2,regional,Transit authority voucher programs
Tennessee,Dyer,transportation,Transportation,B,2,regional,Transit authority voucher programs
Tennessee,Fayette,transportation,Transportation,B,2,regional,Transit authority voucher programs
Tennessee,Fentress,transportation,Transportation,B,2,regional,Transit authority voucher programs
Tennessee,Franklin,transportation,Transportation,B,2,regional,Transit authority voucher programs
Tennessee,Gibson,transportation,Transportation,B,2,regional,Transit authority voucher programs
Tennessee,Giles,transportation,Transportation,B,2,regional,Transit authority voucher programs
Tennessee,Grainger,transportation,Transportation,B,2,regional,Transit authority voucher programs
Tennessee,Greene,transportation,Transportation,B,2,regional,Transit authority voucher programs
Tennessee,Grundy,transportation,Transportation,B,2,regional,Transit authority voucher programs
Tennessee,Hamblen,transportation,Transportation,B,2,regional,Transit authority voucher programs
Tennessee,Hamilton,transportation,Transportation,B,2,regional,Transit authority voucher programs
Tennessee,Hancock,transportation,Transportation,B,2,regional,Transit authority voucher programs
Tennessee,Hardeman,transportation,Transportation,B,2,regional,Transit authority voucher programs
Tennessee,Hardin,transportation,Transportation,B,2,regional,Transit authority voucher programs
Tennessee,Hawkins,transportation,Transportation,B,2,regional,Transit authority voucher programs
Tennessee,Haywood,transportation,Transportation,B,2,regional,Transit authority voucher programs
Tennessee,Henderson,transportation,Transportation,B,2,regional,Transit authority voucher programs
Tennessee,Henry,transportation,Transportation,B,2,regional,Transit authority voucher programs
Tennessee,Hickman,transportation,Transportation,B,2,regional,Transit authority voucher programs
Tennessee,Houston,transportation,Transportation,B,2,regional,Transit authority voucher programs
Tennessee,Humphreys,transportation,Transportation,B,2,regional,Transit authority voucher programs
Tennessee,Jackson,transportation,Transportation,B,2,regional,Transit authority voucher programs
Tennessee,Jefferson,transportation,Transportation,B,2,regional,Transit authority voucher programs
Tennessee,Johnson,transportation,Transportation,B,2,regional,Transit authority voucher programs
Tennessee,Lake,transportation,Transportation,B,2,regional,Transit authority voucher programs
Tennessee,Lauderdale,transportation,Transportation,B,2,regional,Transit authority voucher programs
Tennessee,Lawrence,transportation,Transportation,B,2,regional,Transit authority voucher programs
Tennessee,Lewis,transportation,Transportation,B,2,regional,Transit authority voucher programs
Tennessee,Lincoln,transportation,Transportation,B,2,regional,Transit authority voucher programs
Tennessee,Loudon,transportation,Transportation,B,2,regional,Transit authority voucher programs
Tennessee,Macon,transportation,Transportation,B,2,regional,Transit authority voucher programs
Tennessee,Madison,transportation,Transportation,B,2,regional,Transit authority voucher programs
Tennessee,Marion,transportation,Transportation,B,2,regional,Transit authority voucher programs
Tennessee,Marshall,transportation,Transportation,B,2,regional,Transit authority voucher programs
Tennessee,Maury,transportation,Transportation,B,2,regional,Transit authority voucher programs
Tennessee,McMinn,transportation,Transportation,B,2,regional,Transit authority voucher programs
Tennessee,McNairy,transportation,Transportation,B,2,regional,Transit authority voucher programs
Tennessee,Meigs,transportation,Transportation,B,2,regional,Transit authority voucher programs
Tennessee,Monroe,transportation,Transportation,B,2,regional,Transit authority voucher programs
Tennessee,Montgomery,transportation,Transportation,B,2,regional,Transit authority voucher programs
Tennessee,Moore,transportation,Transportation,B,2,regional,Transit authority voucher programs
Tennessee,Morgan,transportation,Transportation,B,2,regional,Transit authority voucher programs
Tennessee,Obion,transportation,Transportation,B,2,regional,Transit authority voucher programs
Tennessee,Overton,transportation,Transportation,B,2,regional,Transit authority voucher programs
Tennessee,Perry,transportation,Transportation,B,2,regional,Transit authority voucher programs
Tennessee,Pickett,transportation,Transportation,B,2,regional,Transit authority voucher programs
Tennessee,Polk,transportation,Transportation,B,2,regional,Transit authority voucher programs
Tennessee,Putnam,transportation,Transportation,B,2,regional,Transit authority voucher programs
Tennessee,Rhea,transportation,Transportation,B,2,regional,Transit authority voucher programs
Tennessee,Roane,transportation,Transportation,B,2,regional,Transit authority voucher programs
Tennessee,Robertson,transportation,Transportation,B,2,regional,Transit authority voucher programs
Tennessee,Rutherford,transportation,Transportation,B,2,regional,Transit authority voucher programs
Tennessee,Scott,transportation,Transportation,B,2,regional,Transit authority voucher programs
Tennessee,Sequatchie,transportation,Transportation,B,2,regional,Transit authority voucher programs
Tennessee,Sevier,transportation,Transportation,B,2,regional,Transit authority voucher programs
Tennessee,Smith,transportation,Transportation,B,2,regional,Transit authority voucher programs
Tennessee,Stewart,transportation,Transportation,B,2,regional,Transit authority voucher programs
Tennessee,Sullivan,transportation,Transportation,B,2,regional,Transit authority voucher programs
Tennessee,Sumner,transportation,Transportation,B,2,regional,Transit authority voucher programs
Tennessee,Tipton,transportation,Transportation,B,2,regional,Transit authority voucher programs
Tennessee,Trousdale,transportation,Transportation,B,2,regional,Transit authority voucher programs
Tennessee,Unicoi,transportation,Transportation,B,2,regional,Transit authority voucher programs
Tennessee,Union,transportation,Transportation,B,2,regional,Transit authority voucher programs
Tennessee,Van Buren,transportation,Transportation,B,2,regional,Transit authority voucher programs
Tennessee,Warren,transportation,Transportation,B,2,regional,Transit authority voucher programs
Tennessee,Washington,transportation,Transportation,B,2,regional,Transit authority voucher programs
Tennessee,Wayne,transportation,Transportation,B,2,regional,Transit authority voucher programs
Tennessee,Weakley,transportation,Transportation,B,2,regional,Transit authority voucher programs
Tennessee,White,transportation,Transportation,B,2,regional,Transit authority voucher programs
Tennessee,Williamson,transportation,Transportation,B,2,regional,Transit authority voucher programs
Tennessee,Wilson,transportation,Transportation,B,2,regional,Transit authority voucher programs
Tennessee,Anderson,peer-support,Peer Support,B,2,regional,State peer certification roster
Tennessee,Bedford,peer-support,Peer Support,B,2,regional,State peer certification roster
Tennessee,Benton,peer-support,Peer Support,B,2,regional,State peer certification roster
Tennessee,Bledsoe,peer-support,Peer Support,B,2,regional,State peer certification roster
Tennessee,Blount,peer-support,Peer Support,B,2,regional,State peer certification roster
Tennessee,Bradley,peer-support,Peer Support,B,2,regional,State peer certification roster
Tennessee,Campbell,peer-support,Peer Support,B,2,regional,State peer certification roster
Tennessee,Cannon,peer-support,Peer Support,B,2,regional,State peer certification roster
Tennessee,Carroll,peer-support,Peer Support,B,2,regional,State peer certification roster
Tennessee,Carter,peer-support,Peer Support,B,2,regional,State peer certification roster
Tennessee,Cheatham,peer-support,Peer Support,B,2,regional,State peer certification roster
Tennessee,Chester,peer-support,Peer Support,B,2,regional,State peer certification roster
Tennessee,Claiborne,peer-support,Peer Support,B,2,regional,State peer certification roster
Tennessee,Clay,peer-support,Peer Support,B,2,regional,State peer certification roster
Tennessee,Cocke,peer-support,Peer Support,B,2,regional,State peer certification roster
Tennessee,Coffee,peer-support,Peer Support,B,2,regional,State peer certification roster
Tennessee,Crockett,peer-support,Peer Support,B,2,regional,State peer certification roster
Tennessee,Cumberland,peer-support,Peer Support,B,2,regional,State peer certification roster
Tennessee,DeKalb,peer-support,Peer Support,B,2,regional,State peer certification roster
Tennessee,Decatur,peer-support,Peer Support,B,2,regional,State peer certification roster
Tennessee,Dickson,peer-support,Peer Support,B,2,regional,State peer certification roster
Tennessee,Dyer,peer-support,Peer Support,B,2,regional,State peer certification roster
Tennessee,Fayette,peer-support,Peer Support,B,2,regional,State peer certification roster
Tennessee,Fentress,peer-support,Peer Support,B,2,regional,State peer certification roster
Tennessee,Franklin,peer-support,Peer Support,B,2,regional,State peer certification roster
Tennessee,Gibson,peer-support,Peer Support,B,2,regional,State peer certification roster
Tennessee,Giles,peer-support,Peer Support,B,2,regional,State peer certification roster
Tennessee,Grainger,peer-support,Peer Support,B,2,regional,State peer certification roster
Tennessee,Greene,peer-support,Peer Support,B,2,regional,State peer certification roster
Tennessee,Grundy,peer-support,Peer Support,B,2,regional,State peer certification roster
Tennessee,Hamblen,peer-support,Peer Support,B,2,regional,State peer certification roster
Tennessee,Hamilton,peer-support,Peer Support,B,2,regional,State peer certification roster
Tennessee,Hancock,peer-support,Peer Support,B,2,regional,State peer certification roster
Tennessee,Hardeman,peer-support,Peer Support,B,2,regional,State peer certification roster
Tennessee,Hardin,peer-support,Peer Support,B,2,regional,State peer certification roster
Tennessee,Hawkins,peer-support,Peer Support,B,2,regional,State peer certification roster
Tennessee,Haywood,peer-support,Peer Support,B,2,regional,State peer certification roster
Tennessee,Henderson,peer-support,Peer Support,B,2,regional,State peer certification roster
Tennessee,Henry,peer-support,Peer Support,B,2,regional,State peer certification roster
Tennessee,Hickman,peer-support,Peer Support,B,2,regional,State peer certification roster
Tennessee,Houston,peer-support,Peer Support,B,2,regional,State peer certification roster
Tennessee,Humphreys,peer-support,Peer Support,B,2,regional,State peer certification roster
Tennessee,Jackson,peer-support,Peer Support,B,2,regional,State peer certification roster
Tennessee,Jefferson,peer-support,Peer Support,B,2,regional,State peer certification roster
Tennessee,Johnson,peer-support,Peer Support,B,2,regional,State peer certification roster
Tennessee,Lake,peer-support,Peer Support,B,2,regional,State peer certification roster
Tennessee,Lauderdale,peer-support,Peer Support,B,2,regional,State peer certification roster
Tennessee,Lawrence,peer-support,Peer Support,B,2,regional,State peer certification roster
Tennessee,Lewis,peer-support,Peer Support,B,2,regional,State peer certification roster
Tennessee,Lincoln,peer-support,Peer Support,B,2,regional,State peer certification roster
Tennessee,Loudon,peer-support,Peer Support,B,2,regional,State peer certification roster
Tennessee,Macon,peer-support,Peer Support,B,2,regional,State peer certification roster
Tennessee,Madison,peer-support,Peer Support,B,2,regional,State peer certification roster
Tennessee,Marion,peer-support,Peer Support,B,2,regional,State peer certification roster
Tennessee,Marshall,peer-support,Peer Support,B,2,regional,State peer certification roster
Tennessee,Maury,peer-support,Peer Support,B,2,regional,State peer certification roster
Tennessee,McMinn,peer-support,Peer Support,B,2,regional,State peer certification roster
Tennessee,McNairy,peer-support,Peer Support,B,2,regional,State peer certification roster
Tennessee,Meigs,peer-support,Peer Support,B,2,regional,State peer certification roster
Tennessee,Monroe,peer-support,Peer Support,B,2,regional,State peer certification roster
Tennessee,Montgomery,peer-support,Peer Support,B,2,regional,State peer certification roster
Tennessee,Moore,peer-support,Peer Support,B,2,regional,State peer certification roster
Tennessee,Morgan,peer-support,Peer Support,B,2,regional,State peer certification roster
Tennessee,Obion,peer-support,Peer Support,B,2,regional,State peer certification roster
Tennessee,Overton,peer-support,Peer Support,B,2,regional,State peer certification roster
Tennessee,Perry,peer-support,Peer Support,B,2,regional,State peer certification roster
Tennessee,Pickett,peer-support,Peer Support,B,2,regional,State peer certification roster
Tennessee,Polk,peer-support,Peer Support,B,2,regional,State peer certification roster
Tennessee,Putnam,peer-support,Peer Support,B,2,regional,State peer certification roster
Tennessee,Rhea,peer-support,Peer Support,B,2,regional,State peer certification roster
Tennessee,Roane,peer-support,Peer Support,B,2,regional,State peer certification roster
Tennessee,Robertson,peer-support,Peer Support,B,2,regional,State peer certification roster
Tennessee,Rutherford,peer-support,Peer Support,B,2,regional,State peer certification roster
Tennessee,Scott,peer-support,Peer Support,B,2,regional,State peer certification roster
Tennessee,Sequatchie,peer-support,Peer Support,B,2,regional,State peer certification roster
Tennessee,Sevier,peer-support,Peer Support,B,2,regional,State peer certification roster
Tennessee,Smith,peer-support,Peer Support,B,2,regional,State peer certification roster
Tennessee,Stewart,peer-support,Peer Support,B,2,regional,State peer certification roster
Tennessee,Sullivan,peer-support,Peer Support,B,2,regional,State peer certification roster
Tennessee,Sumner,peer-support,Peer Support,B,2,regional,State peer certification roster
Tennessee,Tipton,peer-support,Peer Support,B,2,regional,State peer certification roster
Tennessee,Trousdale,peer-support,Peer Support,B,2,regional,State peer certification roster
Tennessee,Unicoi,peer-support,Peer Support,B,2,regional,State peer certification roster
Tennessee,Union,peer-support,Peer Support,B,2,regional,State peer certification roster
Tennessee,Van Buren,peer-support,Peer Support,B,2,regional,State peer certification roster
Tennessee,Warren,peer-support,Peer Support,B,2,regional,State peer certification roster
Tennessee,Washington,peer-support,Peer Support,B,2,regional,State peer certification roster
Tennessee,Wayne,peer-support,Peer Support,B,2,regional,State peer certification roster
Tennessee,Weakley,peer-support,Peer Support,B,2,regional,State peer certification roster
Tennessee,White,peer-support,Peer Support,B,2,regional,State peer certification roster
Tennessee,Williamson,peer-support,Peer Support,B,2,regional,State peer certification roster
Tennessee,Wilson,peer-support,Peer Support,B,2,regional,State peer certification roster
Tennessee,Anderson,family-children,Family & Children,B,2,regional,211; family reentry nonprofits
Tennessee,Bedford,family-children,Family & Children,B,2,regional,211; family reentry nonprofits
Tennessee,Benton,family-children,Family & Children,B,2,regional,211; family reentry nonprofits
Tennessee,Bledsoe,family-children,Family & Children,B,2,regional,211; family reentry nonprofits
Tennessee,Blount,family-children,Family & Children,B,2,regional,211; family reentry nonprofits
Tennessee,Bradley,family-children,Family & Children,B,2,regional,211; family reentry nonprofits
Tennessee,Campbell,family-children,Family & Children,B,2,regional,211; family reentry nonprofits
Tennessee,Cannon,family-children,Family & Children,B,2,regional,211; family reentry nonprofits
Tennessee,Carroll,family-children,Family & Children,B,2,regional,211; family reentry nonprofits
Tennessee,Carter,family-children,Family & Children,B,2,regional,211; family reentry nonprofits
Tennessee,Cheatham,family-children,Family & Children,B,2,regional,211; family reentry nonprofits
Tennessee,Chester,family-children,Family & Children,B,2,regional,211; family reentry nonprofits
Tennessee,Claiborne,family-children,Family & Children,B,2,regional,211; family reentry nonprofits
Tennessee,Clay,family-children,Family & Children,B,2,regional,211; family reentry nonprofits
Tennessee,Cocke,family-children,Family & Children,B,2,regional,211; family reentry nonprofits
Tennessee,Coffee,family-children,Family & Children,B,2,regional,211; family reentry nonprofits
Tennessee,Crockett,family-children,Family & Children,B,2,regional,211; family reentry nonprofits
Tennessee,Cumberland,family-children,Family & Children,B,2,regional,211; family reentry nonprofits
Tennessee,DeKalb,family-children,Family & Children,B,2,regional,211; family reentry nonprofits
Tennessee,Decatur,family-children,Family & Children,B,2,regional,211; family reentry nonprofits
Tennessee,Dickson,family-children,Family & Children,B,2,regional,211; family reentry nonprofits
Tennessee,Dyer,family-children,Family & Children,B,2,regional,211; family reentry nonprofits
Tennessee,Fayette,family-children,Family & Children,B,2,regional,211; family reentry nonprofits
Tennessee,Fentress,family-children,Family & Children,B,2,regional,211; family reentry nonprofits
Tennessee,Franklin,family-children,Family & Children,B,2,regional,211; family reentry nonprofits
Tennessee,Gibson,family-children,Family & Children,B,2,regional,211; family reentry nonprofits
Tennessee,Giles,family-children,Family & Children,B,2,regional,211; family reentry nonprofits
Tennessee,Grainger,family-children,Family & Children,B,2,regional,211; family reentry nonprofits
Tennessee,Greene,family-children,Family & Children,B,2,regional,211; family reentry nonprofits
Tennessee,Grundy,family-children,Family & Children,B,2,regional,211; family reentry nonprofits
Tennessee,Hamblen,family-children,Family & Children,B,2,regional,211; family reentry nonprofits
Tennessee,Hamilton,family-children,Family & Children,B,2,regional,211; family reentry nonprofits
Tennessee,Hancock,family-children,Family & Children,B,2,regional,211; family reentry nonprofits
Tennessee,Hardeman,family-children,Family & Children,B,2,regional,211; family reentry nonprofits
Tennessee,Hardin,family-children,Family & Children,B,2,regional,211; family reentry nonprofits
Tennessee,Hawkins,family-children,Family & Children,B,2,regional,211; family reentry nonprofits
Tennessee,Haywood,family-children,Family & Children,B,2,regional,211; family reentry nonprofits
Tennessee,Henderson,family-children,Family & Children,B,2,regional,211; family reentry nonprofits
Tennessee,Henry,family-children,Family & Children,B,2,regional,211; family reentry nonprofits
Tennessee,Hickman,family-children,Family & Children,B,2,regional,211; family reentry nonprofits
Tennessee,Houston,family-children,Family & Children,B,2,regional,211; family reentry nonprofits
Tennessee,Humphreys,family-children,Family & Children,B,2,regional,211; family reentry nonprofits
Tennessee,Jackson,family-children,Family & Children,B,2,regional,211; family reentry nonprofits
Tennessee,Jefferson,family-children,Family & Children,B,2,regional,211; family reentry nonprofits
Tennessee,Johnson,family-children,Family & Children,B,2,regional,211; family reentry nonprofits
Tennessee,Lake,family-children,Family & Children,B,2,regional,211; family reentry nonprofits
Tennessee,Lauderdale,family-children,Family & Children,B,2,regional,211; family reentry nonprofits
Tennessee,Lawrence,family-children,Family & Children,B,2,regional,211; family reentry nonprofits
Tennessee,Lewis,family-children,Family & Children,B,2,regional,211; family reentry nonprofits
Tennessee,Lincoln,family-children,Family & Children,B,2,regional,211; family reentry nonprofits
Tennessee,Loudon,family-children,Family & Children,B,2,regional,211; family reentry nonprofits
Tennessee,Macon,family-children,Family & Children,B,2,regional,211; family reentry nonprofits
Tennessee,Madison,family-children,Family & Children,B,2,regional,211; family reentry nonprofits
Tennessee,Marion,family-children,Family & Children,B,2,regional,211; family reentry nonprofits
Tennessee,Marshall,family-children,Family & Children,B,2,regional,211; family reentry nonprofits
Tennessee,Maury,family-children,Family & Children,B,2,regional,211; family reentry nonprofits
Tennessee,McMinn,family-children,Family & Children,B,2,regional,211; family reentry nonprofits
Tennessee,McNairy,family-children,Family & Children,B,2,regional,211; family reentry nonprofits
Tennessee,Meigs,family-children,Family & Children,B,2,regional,211; family reentry nonprofits
Tennessee,Monroe,family-children,Family & Children,B,2,regional,211; family reentry nonprofits
Tennessee,Montgomery,family-children,Family & Children,B,2,regional,211; family reentry nonprofits
Tennessee,Moore,family-children,Family & Children,B,2,regional,211; family reentry nonprofits
Tennessee,Morgan,family-children,Family & Children,B,2,regional,211; family reentry nonprofits
Tennessee,Obion,family-children,Family & Children,B,2,regional,211; family reentry nonprofits
Tennessee,Overton,family-children,Family & Children,B,2,regional,211; family reentry nonprofits
Tennessee,Perry,family-children,Family & Children,B,2,regional,211; family reentry nonprofits
Tennessee,Pickett,family-children,Family & Children,B,2,regional,211; family reentry nonprofits
Tennessee,Polk,family-children,Family & Children,B,2,regional,211; family reentry nonprofits
Tennessee,Putnam,family-children,Family & Children,B,2,regional,211; family reentry nonprofits
Tennessee,Rhea,family-children,Family & Children,B,2,regional,211; family reentry nonprofits
Tennessee,Roane,family-children,Family & Children,B,2,regional,211; family reentry nonprofits
Tennessee,Robertson,family-children,Family & Children,B,2,regional,211; family reentry nonprofits
Tennessee,Rutherford,family-children,Family & Children,B,2,regional,211; family reentry nonprofits
Tennessee,Scott,family-children,Family & Children,B,2,regional,211; family reentry nonprofits
Tennessee,Sequatchie,family-children,Family & Children,B,2,regional,211; family reentry nonprofits
Tennessee,Sevier,family-children,Family & Children,B,2,regional,211; family reentry nonprofits
Tennessee,Smith,family-children,Family & Children,B,2,regional,211; family reentry nonprofits
Tennessee,Stewart,family-children,Family & Children,B,2,regional,211; family reentry nonprofits
Tennessee,Sullivan,family-children,Family & Children,B,2,regional,211; family reentry nonprofits
Tennessee,Sumner,family-children,Family & Children,B,2,regional,211; family reentry nonprofits
Tennessee,Tipton,family-children,Family & Children,B,2,regional,211; family reentry nonprofits
Tennessee,Trousdale,family-children,Family & Children,B,2,regional,211; family reentry nonprofits
Tennessee,Unicoi,family-children,Family & Children,B,2,regional,211; family reentry nonprofits
Tennessee,Union,family-children,Family & Children,B,2,regional,211; family reentry nonprofits
Tennessee,Van Buren,family-children,Family & Children,B,2,regional,211; family reentry nonprofits
Tennessee,Warren,family-children,Family & Children,B,2,regional,211; family reentry nonprofits
Tennessee,Washington,family-children,Family & Children,B,2,regional,211; family reentry nonprofits
Tennessee,Wayne,family-children,Family & Children,B,2,regional,211; family reentry nonprofits
Tennessee,Weakley,family-children,Family & Children,B,2,regional,211; family reentry nonprofits
Tennessee,White,family-children,Family & Children,B,2,regional,211; family reentry nonprofits
Tennessee,Williamson,family-children,Family & Children,B,2,regional,211; family reentry nonprofits
Tennessee,Wilson,family-children,Family & Children,B,2,regional,211; family reentry nonprofits
Tennessee,Bedford,veterans,Veterans,B,2,regional,VA; county veterans service officer
Tennessee,Benton,veterans,Veterans,B,2,regional,VA; county veterans service officer
Tennessee,Bledsoe,veterans,Veterans,B,2,regional,VA; county veterans service officer
Tennessee,Bradley,veterans,Veterans,B,2,regional,VA; county veterans service officer
Tennessee,Campbell,veterans,Veterans,B,2,regional,VA; county veterans service officer
Tennessee,Cannon,veterans,Veterans,B,2,regional,VA; county veterans service officer
Tennessee,Carroll,veterans,Veterans,B,2,regional,VA; county veterans service officer
Tennessee,Carter,veterans,Veterans,B,2,regional,VA; county veterans service officer
Tennessee,Chester,veterans,Veterans,B,2,regional,VA; county veterans service officer
Tennessee,Claiborne,veterans,Veterans,B,2,regional,VA; county veterans service officer
Tennessee,Clay,veterans,Veterans,B,2,regional,VA; county veterans service officer
Tennessee,Cocke,veterans,Veterans,B,2,regional,VA; county veterans service officer
Tennessee,Coffee,veterans,Veterans,B,2,regional,VA; county veterans service officer
Tennessee,Crockett,veterans,Veterans,B,2,regional,VA; county veterans service officer
Tennessee,Cumberland,veterans,Veterans,B,2,regional,VA; county veterans service officer
Tennessee,DeKalb,veterans,Veterans,B,2,regional,VA; county veterans service officer
Tennessee,Decatur,veterans,Veterans,B,2,regional,VA; county veterans service officer
Tennessee,Dickson,veterans,Veterans,B,2,regional,VA; county veterans service officer
Tennessee,Dyer,veterans,Veterans,B,2,regional,VA; county veterans service officer
Tennessee,Fentress,veterans,Veterans,B,2,regional,VA; county veterans service officer
Tennessee,Franklin,veterans,Veterans,B,2,regional,VA; county veterans service officer
Tennessee,Gibson,veterans,Veterans,B,2,regional,VA; county veterans service officer
Tennessee,Giles,veterans,Veterans,B,2,regional,VA; county veterans service officer
Tennessee,Grainger,veterans,Veterans,B,2,regional,VA; county veterans service officer
Tennessee,Greene,veterans,Veterans,B,2,regional,VA; county veterans service officer
Tennessee,Grundy,veterans,Veterans,B,2,regional,VA; county veterans service officer
Tennessee,Hamblen,veterans,Veterans,B,2,regional,VA; county veterans service officer
Tennessee,Hamilton,veterans,Veterans,B,2,regional,VA; county veterans service officer
Tennessee,Hancock,veterans,Veterans,B,2,regional,VA; county veterans service officer
Tennessee,Hardeman,veterans,Veterans,B,2,regional,VA; county veterans service officer
Tennessee,Hardin,veterans,Veterans,B,2,regional,VA; county veterans service officer
Tennessee,Hawkins,veterans,Veterans,B,2,regional,VA; county veterans service officer
Tennessee,Henderson,veterans,Veterans,B,2,regional,VA; county veterans service officer
Tennessee,Henry,veterans,Veterans,B,2,regional,VA; county veterans service officer
Tennessee,Hickman,veterans,Veterans,B,2,regional,VA; county veterans service officer
Tennessee,Houston,veterans,Veterans,B,2,regional,VA; county veterans service officer
Tennessee,Humphreys,veterans,Veterans,B,2,regional,VA; county veterans service officer
Tennessee,Jackson,veterans,Veterans,B,2,regional,VA; county veterans service officer
Tennessee,Jefferson,veterans,Veterans,B,2,regional,VA; county veterans service officer
Tennessee,Johnson,veterans,Veterans,B,2,regional,VA; county veterans service officer
Tennessee,Lake,veterans,Veterans,B,2,regional,VA; county veterans service officer
Tennessee,Lawrence,veterans,Veterans,B,2,regional,VA; county veterans service officer
Tennessee,Lewis,veterans,Veterans,B,2,regional,VA; county veterans service officer
Tennessee,Lincoln,veterans,Veterans,B,2,regional,VA; county veterans service officer
Tennessee,Macon,veterans,Veterans,B,2,regional,VA; county veterans service officer
Tennessee,Madison,veterans,Veterans,B,2,regional,VA; county veterans service officer
Tennessee,Marion,veterans,Veterans,B,2,regional,VA; county veterans service officer
Tennessee,Marshall,veterans,Veterans,B,2,regional,VA; county veterans service officer
Tennessee,Maury,veterans,Veterans,B,2,regional,VA; county veterans service officer
Tennessee,McMinn,veterans,Veterans,B,2,regional,VA; county veterans service officer
Tennessee,McNairy,veterans,Veterans,B,2,regional,VA; county veterans service officer
Tennessee,Meigs,veterans,Veterans,B,2,regional,VA; county veterans service officer
Tennessee,Monroe,veterans,Veterans,B,2,regional,VA; county veterans service officer
Tennessee,Montgomery,veterans,Veterans,B,2,regional,VA; county veterans service officer
Tennessee,Moore,veterans,Veterans,B,2,regional,VA; county veterans service officer
Tennessee,Morgan,veterans,Veterans,B,2,regional,VA; county veterans service officer
Tennessee,Obion,veterans,Veterans,B,2,regional,VA; county veterans service officer
Tennessee,Overton,veterans,Veterans,B,2,regional,VA; county veterans service officer
Tennessee,Perry,veterans,Veterans,B,2,regional,VA; county veterans service officer
Tennessee,Pickett,veterans,Veterans,B,2,regional,VA; county veterans service officer
Tennessee,Polk,veterans,Veterans,B,2,regional,VA; county veterans service officer
Tennessee,Putnam,veterans,Veterans,B,2,regional,VA; county veterans service officer
Tennessee,Rhea,veterans,Veterans,B,2,regional,VA; county veterans service officer
Tennessee,Roane,veterans,Veterans,B,2,regional,VA; county veterans service officer
Tennessee,Robertson,veterans,Veterans,B,2,regional,VA; county veterans service officer
Tennessee,Scott,veterans,Veterans,B,2,regional,VA; county veterans service officer
Tennessee,Sequatchie,veterans,Veterans,B,2,regional,VA; county veterans service officer
Tennessee,Smith,veterans,Veterans,B,2,regional,VA; county veterans service officer
Tennessee,Stewart,veterans,Veterans,B,2,regional,VA; county veterans service officer
Tennessee,Sullivan,veterans,Veterans,B,2,regional,VA; county veterans service officer
Tennessee,Trousdale,veterans,Veterans,B,2,regional,VA; county veterans service officer
Tennessee,Unicoi,veterans,Veterans,B,2,regional,VA; county veterans service officer
Tennessee,Union,veterans,Veterans,B,2,regional,VA; county veterans service officer
Tennessee,Van Buren,veterans,Veterans,B,2,regional,VA; county veterans service officer
Tennessee,Warren,veterans,Veterans,B,2,regional,VA; county veterans service officer
Tennessee,Wayne,veterans,Veterans,B,2,regional,VA; county veterans service officer
Tennessee,Weakley,veterans,Veterans,B,2,regional,VA; county veterans service officer
Tennessee,White,veterans,Veterans,B,2,regional,VA; county veterans service officer
Tennessee,Anderson,education,Education,B,2,regional,Adult ed/ABLE; community college reentry
Tennessee,Bedford,education,Education,B,2,regional,Adult ed/ABLE; community college reentry
Tennessee,Benton,education,Education,B,2,regional,Adult ed/ABLE; community college reentry
Tennessee,Bledsoe,education,Education,B,2,regional,Adult ed/ABLE; community college reentry
Tennessee,Blount,education,Education,B,2,regional,Adult ed/ABLE; community college reentry
Tennessee,Bradley,education,Education,B,2,regional,Adult ed/ABLE; community college reentry
Tennessee,Campbell,education,Education,B,2,regional,Adult ed/ABLE; community college reentry
Tennessee,Cannon,education,Education,B,2,regional,Adult ed/ABLE; community college reentry
Tennessee,Carroll,education,Education,B,2,regional,Adult ed/ABLE; community college reentry
Tennessee,Carter,education,Education,B,2,regional,Adult ed/ABLE; community college reentry
Tennessee,Cheatham,education,Education,B,2,regional,Adult ed/ABLE; community college reentry
Tennessee,Chester,education,Education,B,2,regional,Adult ed/ABLE; community college reentry
Tennessee,Claiborne,education,Education,B,2,regional,Adult ed/ABLE; community college reentry
Tennessee,Clay,education,Education,B,2,regional,Adult ed/ABLE; community college reentry
Tennessee,Cocke,education,Education,B,2,regional,Adult ed/ABLE; community college reentry
Tennessee,Coffee,education,Education,B,2,regional,Adult ed/ABLE; community college reentry
Tennessee,Crockett,education,Education,B,2,regional,Adult ed/ABLE; community college reentry
Tennessee,Cumberland,education,Education,B,2,regional,Adult ed/ABLE; community college reentry
Tennessee,DeKalb,education,Education,B,2,regional,Adult ed/ABLE; community college reentry
Tennessee,Decatur,education,Education,B,2,regional,Adult ed/ABLE; community college reentry
Tennessee,Dickson,education,Education,B,2,regional,Adult ed/ABLE; community college reentry
Tennessee,Dyer,education,Education,B,2,regional,Adult ed/ABLE; community college reentry
Tennessee,Fayette,education,Education,B,2,regional,Adult ed/ABLE; community college reentry
Tennessee,Fentress,education,Education,B,2,regional,Adult ed/ABLE; community college reentry
Tennessee,Franklin,education,Education,B,2,regional,Adult ed/ABLE; community college reentry
Tennessee,Gibson,education,Education,B,2,regional,Adult ed/ABLE; community college reentry
Tennessee,Giles,education,Education,B,2,regional,Adult ed/ABLE; community college reentry
Tennessee,Grainger,education,Education,B,2,regional,Adult ed/ABLE; community college reentry
Tennessee,Greene,education,Education,B,2,regional,Adult ed/ABLE; community college reentry
Tennessee,Grundy,education,Education,B,2,regional,Adult ed/ABLE; community college reentry
Tennessee,Hamblen,education,Education,B,2,regional,Adult ed/ABLE; community college reentry
Tennessee,Hancock,education,Education,B,2,regional,Adult ed/ABLE; community college reentry
Tennessee,Hardeman,education,Education,B,2,regional,Adult ed/ABLE; community college reentry
Tennessee,Hardin,education,Education,B,2,regional,Adult ed/ABLE; community college reentry
Tennessee,Hawkins,education,Education,B,2,regional,Adult ed/ABLE; community college reentry
Tennessee,Haywood,education,Education,B,2,regional,Adult ed/ABLE; community college reentry
Tennessee,Henderson,education,Education,B,2,regional,Adult ed/ABLE; community college reentry
Tennessee,Henry,education,Education,B,2,regional,Adult ed/ABLE; community college reentry
Tennessee,Hickman,education,Education,B,2,regional,Adult ed/ABLE; community college reentry
Tennessee,Houston,education,Education,B,2,regional,Adult ed/ABLE; community college reentry
Tennessee,Humphreys,education,Education,B,2,regional,Adult ed/ABLE; community college reentry
Tennessee,Jackson,education,Education,B,2,regional,Adult ed/ABLE; community college reentry
Tennessee,Jefferson,education,Education,B,2,regional,Adult ed/ABLE; community college reentry
Tennessee,Johnson,education,Education,B,2,regional,Adult ed/ABLE; community college reentry
Tennessee,Lake,education,Education,B,2,regional,Adult ed/ABLE; community college reentry
Tennessee,Lauderdale,education,Education,B,2,regional,Adult ed/ABLE; community college reentry
Tennessee,Lawrence,education,Education,B,2,regional,Adult ed/ABLE; community college reentry
Tennessee,Lewis,education,Education,B,2,regional,Adult ed/ABLE; community college reentry
Tennessee,Lincoln,education,Education,B,2,regional,Adult ed/ABLE; community college reentry
Tennessee,Loudon,education,Education,B,2,regional,Adult ed/ABLE; community college reentry
Tennessee,Macon,education,Education,B,2,regional,Adult ed/ABLE; community college reentry
Tennessee,Marion,education,Education,B,2,regional,Adult ed/ABLE; community college reentry
Tennessee,Marshall,education,Education,B,2,regional,Adult ed/ABLE; community college reentry
Tennessee,Maury,education,Education,B,2,regional,Adult ed/ABLE; community college reentry
Tennessee,McMinn,education,Education,B,2,regional,Adult ed/ABLE; community college reentry
Tennessee,McNairy,education,Education,B,2,regional,Adult ed/ABLE; community college reentry
Tennessee,Meigs,education,Education,B,2,regional,Adult ed/ABLE; community college reentry
Tennessee,Monroe,education,Education,B,2,regional,Adult ed/ABLE; community college reentry
Tennessee,Moore,education,Education,B,2,regional,Adult ed/ABLE; community college reentry
Tennessee,Morgan,education,Education,B,2,regional,Adult ed/ABLE; community college reentry
Tennessee,Obion,education,Education,B,2,regional,Adult ed/ABLE; community college reentry
Tennessee,Overton,education,Education,B,2,regional,Adult ed/ABLE; community college reentry
Tennessee,Perry,education,Education,B,2,regional,Adult ed/ABLE; community college reentry
Tennessee,Pickett,education,Education,B,2,regional,Adult ed/ABLE; community college reentry
Tennessee,Polk,education,Education,B,2,regional,Adult ed/ABLE; community college reentry
Tennessee,Putnam,education,Education,B,2,regional,Adult ed/ABLE; community college reentry
Tennessee,Rhea,education,Education,B,2,regional,Adult ed/ABLE; community college reentry
Tennessee,Roane,education,Education,B,2,regional,Adult ed/ABLE; community college reentry
Tennessee,Robertson,education,Education,B,2,regional,Adult ed/ABLE; community college reentry
Tennessee,Scott,education,Education,B,2,regional,Adult ed/ABLE; community college reentry
Tennessee,Sequatchie,education,Education,B,2,regional,Adult ed/ABLE; community college reentry
Tennessee,Sevier,education,Education,B,2,regional,Adult ed/ABLE; community college reentry
Tennessee,Smith,education,Education,B,2,regional,Adult ed/ABLE; community college reentry
Tennessee,Stewart,education,Education,B,2,regional,Adult ed/ABLE; community college reentry
Tennessee,Sullivan,education,Education,B,2,regional,Adult ed/ABLE; community college reentry
Tennessee,Sumner,education,Education,B,2,regional,Adult ed/ABLE; community college reentry
Tennessee,Tipton,education,Education,B,2,regional,Adult ed/ABLE; community college reentry
Tennessee,Trousdale,education,Education,B,2,regional,Adult ed/ABLE; community college reentry
Tennessee,Unicoi,education,Education,B,2,regional,Adult ed/ABLE; community college reentry
Tennessee,Union,education,Education,B,2,regional,Adult ed/ABLE; community college reentry
Tennessee,Van Buren,education,Education,B,2,regional,Adult ed/ABLE; community college reentry
Tennessee,Warren,education,Education,B,2,regional,Adult ed/ABLE; community college reentry
Tennessee,Wayne,education,Education,B,2,regional,Adult ed/ABLE; community college reentry
Tennessee,Weakley,education,Education,B,2,regional,Adult ed/ABLE; community college reentry
Tennessee,White,education,Education,B,2,regional,Adult ed/ABLE; community college reentry
Tennessee,Williamson,education,Education,B,2,regional,Adult ed/ABLE; community college reentry
Tennessee,Wilson,education,Education,B,2,regional,Adult ed/ABLE; community college reentry
Tennessee,Anderson,basic-needs,Basic Needs,B,2,regional,211; United Way basic needs partners
Tennessee,Bedford,basic-needs,Basic Needs,B,2,regional,211; United Way basic needs partners
Tennessee,Benton,basic-needs,Basic Needs,B,2,regional,211; United Way basic needs partners
Tennessee,Bledsoe,basic-needs,Basic Needs,B,2,regional,211; United Way basic needs partners
Tennessee,Blount,basic-needs,Basic Needs,B,2,regional,211; United Way basic needs partners
Tennessee,Bradley,basic-needs,Basic Needs,B,2,regional,211; United Way basic needs partners
Tennessee,Campbell,basic-needs,Basic Needs,B,2,regional,211; United Way basic needs partners
Tennessee,Cannon,basic-needs,Basic Needs,B,2,regional,211; United Way basic needs partners
Tennessee,Carroll,basic-needs,Basic Needs,B,2,regional,211; United Way basic needs partners
Tennessee,Carter,basic-needs,Basic Needs,B,2,regional,211; United Way basic needs partners
Tennessee,Cheatham,basic-needs,Basic Needs,B,2,regional,211; United Way basic needs partners
Tennessee,Chester,basic-needs,Basic Needs,B,2,regional,211; United Way basic needs partners
Tennessee,Claiborne,basic-needs,Basic Needs,B,2,regional,211; United Way basic needs partners
Tennessee,Clay,basic-needs,Basic Needs,B,2,regional,211; United Way basic needs partners
Tennessee,Cocke,basic-needs,Basic Needs,B,2,regional,211; United Way basic needs partners
Tennessee,Coffee,basic-needs,Basic Needs,B,2,regional,211; United Way basic needs partners
Tennessee,Crockett,basic-needs,Basic Needs,B,2,regional,211; United Way basic needs partners
Tennessee,Cumberland,basic-needs,Basic Needs,B,2,regional,211; United Way basic needs partners
Tennessee,DeKalb,basic-needs,Basic Needs,B,2,regional,211; United Way basic needs partners
Tennessee,Decatur,basic-needs,Basic Needs,B,2,regional,211; United Way basic needs partners
Tennessee,Dickson,basic-needs,Basic Needs,B,2,regional,211; United Way basic needs partners
Tennessee,Dyer,basic-needs,Basic Needs,B,2,regional,211; United Way basic needs partners
Tennessee,Fayette,basic-needs,Basic Needs,B,2,regional,211; United Way basic needs partners
Tennessee,Fentress,basic-needs,Basic Needs,B,2,regional,211; United Way basic needs partners
Tennessee,Franklin,basic-needs,Basic Needs,B,2,regional,211; United Way basic needs partners
Tennessee,Gibson,basic-needs,Basic Needs,B,2,regional,211; United Way basic needs partners
Tennessee,Giles,basic-needs,Basic Needs,B,2,regional,211; United Way basic needs partners
Tennessee,Grainger,basic-needs,Basic Needs,B,2,regional,211; United Way basic needs partners
Tennessee,Greene,basic-needs,Basic Needs,B,2,regional,211; United Way basic needs partners
Tennessee,Grundy,basic-needs,Basic Needs,B,2,regional,211; United Way basic needs partners
Tennessee,Hamblen,basic-needs,Basic Needs,B,2,regional,211; United Way basic needs partners
Tennessee,Hancock,basic-needs,Basic Needs,B,2,regional,211; United Way basic needs partners
Tennessee,Hardeman,basic-needs,Basic Needs,B,2,regional,211; United Way basic needs partners
Tennessee,Hardin,basic-needs,Basic Needs,B,2,regional,211; United Way basic needs partners
Tennessee,Hawkins,basic-needs,Basic Needs,B,2,regional,211; United Way basic needs partners
Tennessee,Haywood,basic-needs,Basic Needs,B,2,regional,211; United Way basic needs partners
Tennessee,Henderson,basic-needs,Basic Needs,B,2,regional,211; United Way basic needs partners
Tennessee,Henry,basic-needs,Basic Needs,B,2,regional,211; United Way basic needs partners
Tennessee,Hickman,basic-needs,Basic Needs,B,2,regional,211; United Way basic needs partners
Tennessee,Houston,basic-needs,Basic Needs,B,2,regional,211; United Way basic needs partners
Tennessee,Humphreys,basic-needs,Basic Needs,B,2,regional,211; United Way basic needs partners
Tennessee,Jackson,basic-needs,Basic Needs,B,2,regional,211; United Way basic needs partners
Tennessee,Jefferson,basic-needs,Basic Needs,B,2,regional,211; United Way basic needs partners
Tennessee,Johnson,basic-needs,Basic Needs,B,2,regional,211; United Way basic needs partners
Tennessee,Lake,basic-needs,Basic Needs,B,2,regional,211; United Way basic needs partners
Tennessee,Lauderdale,basic-needs,Basic Needs,B,2,regional,211; United Way basic needs partners
Tennessee,Lawrence,basic-needs,Basic Needs,B,2,regional,211; United Way basic needs partners
Tennessee,Lewis,basic-needs,Basic Needs,B,2,regional,211; United Way basic needs partners
Tennessee,Lincoln,basic-needs,Basic Needs,B,2,regional,211; United Way basic needs partners
Tennessee,Loudon,basic-needs,Basic Needs,B,2,regional,211; United Way basic needs partners
Tennessee,Macon,basic-needs,Basic Needs,B,2,regional,211; United Way basic needs partners
Tennessee,Marion,basic-needs,Basic Needs,B,2,regional,211; United Way basic needs partners
Tennessee,Marshall,basic-needs,Basic Needs,B,2,regional,211; United Way basic needs partners
Tennessee,Maury,basic-needs,Basic Needs,B,2,regional,211; United Way basic needs partners
Tennessee,McMinn,basic-needs,Basic Needs,B,2,regional,211; United Way basic needs partners
Tennessee,McNairy,basic-needs,Basic Needs,B,2,regional,211; United Way basic needs partners
Tennessee,Meigs,basic-needs,Basic Needs,B,2,regional,211; United Way basic needs partners
Tennessee,Monroe,basic-needs,Basic Needs,B,2,regional,211; United Way basic needs partners
Tennessee,Moore,basic-needs,Basic Needs,B,2,regional,211; United Way basic needs partners
Tennessee,Morgan,basic-needs,Basic Needs,B,2,regional,211; United Way basic needs partners
Tennessee,Obion,basic-needs,Basic Needs,B,2,regional,211; United Way basic needs partners
Tennessee,Overton,basic-needs,Basic Needs,B,2,regional,211; United Way basic needs partners
Tennessee,Perry,basic-needs,Basic Needs,B,2,regional,211; United Way basic needs partners
Tennessee,Pickett,basic-needs,Basic Needs,B,2,regional,211; United Way basic needs partners
Tennessee,Polk,basic-needs,Basic Needs,B,2,regional,211; United Way basic needs partners
Tennessee,Putnam,basic-needs,Basic Needs,B,2,regional,211; United Way basic needs partners
Tennessee,Rhea,basic-needs,Basic Needs,B,2,regional,211; United Way basic needs partners
Tennessee,Roane,basic-needs,Basic Needs,B,2,regional,211; United Way basic needs partners
Tennessee,Robertson,basic-needs,Basic Needs,B,2,regional,211; United Way basic needs partners
Tennessee,Rutherford,basic-needs,Basic Needs,B,2,regional,211; United Way basic needs partners
Tennessee,Scott,basic-needs,Basic Needs,B,2,regional,211; United Way basic needs partners
Tennessee,Sequatchie,basic-needs,Basic Needs,B,2,regional,211; United Way basic needs partners
Tennessee,Sevier,basic-needs,Basic Needs,B,2,regional,211; United Way basic needs partners
Tennessee,Smith,basic-needs,Basic Needs,B,2,regional,211; United Way basic needs partners
Tennessee,Stewart,basic-needs,Basic Needs,B,2,regional,211; United Way basic needs partners
Tennessee,Sullivan,basic-needs,Basic Needs,B,2,regional,211; United Way basic needs partners
Tennessee,Sumner,basic-needs,Basic Needs,B,2,regional,211; United Way basic needs partners
Tennessee,Tipton,basic-needs,Basic Needs,B,2,regional,211; United Way basic needs partners
Tennessee,Trousdale,basic-needs,Basic Needs,B,2,regional,211; United Way basic needs partners
Tennessee,Unicoi,basic-needs,Basic Needs,B,2,regional,211; United Way basic needs partners
Tennessee,Union,basic-needs,Basic Needs,B,2,regional,211; United Way basic needs partners
Tennessee,Van Buren,basic-needs,Basic Needs,B,2,regional,211; United Way basic needs partners
Tennessee,Warren,basic-needs,Basic Needs,B,2,regional,211; United Way basic needs partners
Tennessee,Washington,basic-needs,Basic Needs,B,2,regional,211; United Way basic needs partners
Tennessee,Wayne,basic-needs,Basic Needs,B,2,regional,211; United Way basic needs partners
Tennessee,Weakley,basic-needs,Basic Needs,B,2,regional,211; United Way basic needs partners
Tennessee,White,basic-needs,Basic Needs,B,2,regional,211; United Way basic needs partners
Tennessee,Williamson,basic-needs,Basic Needs,B,2,regional,211; United Way basic needs partners
Tennessee,Wilson,basic-needs,Basic Needs,B,2,regional,211; United Way basic needs partners
Tennessee,Anderson,reentry-organizations,Reentry Organizations,B,2,regional,State reentry council; nonprofit coalitions
Tennessee,Bedford,reentry-organizations,Reentry Organizations,B,2,regional,State reentry council; nonprofit coalitions
Tennessee,Benton,reentry-organizations,Reentry Organizations,B,2,regional,State reentry council; nonprofit coalitions
Tennessee,Bledsoe,reentry-organizations,Reentry Organizations,B,2,regional,State reentry council; nonprofit coalitions
Tennessee,Blount,reentry-organizations,Reentry Organizations,B,2,regional,State reentry council; nonprofit coalitions
Tennessee,Bradley,reentry-organizations,Reentry Organizations,B,2,regional,State reentry council; nonprofit coalitions
Tennessee,Campbell,reentry-organizations,Reentry Organizations,B,2,regional,State reentry council; nonprofit coalitions
Tennessee,Cannon,reentry-organizations,Reentry Organizations,B,2,regional,State reentry council; nonprofit coalitions
Tennessee,Carroll,reentry-organizations,Reentry Organizations,B,2,regional,State reentry council; nonprofit coalitions
Tennessee,Cheatham,reentry-organizations,Reentry Organizations,B,2,regional,State reentry council; nonprofit coalitions
Tennessee,Chester,reentry-organizations,Reentry Organizations,B,2,regional,State reentry council; nonprofit coalitions
Tennessee,Claiborne,reentry-organizations,Reentry Organizations,B,2,regional,State reentry council; nonprofit coalitions
Tennessee,Clay,reentry-organizations,Reentry Organizations,B,2,regional,State reentry council; nonprofit coalitions
Tennessee,Cocke,reentry-organizations,Reentry Organizations,B,2,regional,State reentry council; nonprofit coalitions
Tennessee,Coffee,reentry-organizations,Reentry Organizations,B,2,regional,State reentry council; nonprofit coalitions
Tennessee,Crockett,reentry-organizations,Reentry Organizations,B,2,regional,State reentry council; nonprofit coalitions
Tennessee,Cumberland,reentry-organizations,Reentry Organizations,B,2,regional,State reentry council; nonprofit coalitions
Tennessee,DeKalb,reentry-organizations,Reentry Organizations,B,2,regional,State reentry council; nonprofit coalitions
Tennessee,Decatur,reentry-organizations,Reentry Organizations,B,2,regional,State reentry council; nonprofit coalitions
Tennessee,Dickson,reentry-organizations,Reentry Organizations,B,2,regional,State reentry council; nonprofit coalitions
Tennessee,Dyer,reentry-organizations,Reentry Organizations,B,2,regional,State reentry council; nonprofit coalitions
Tennessee,Fayette,reentry-organizations,Reentry Organizations,B,2,regional,State reentry council; nonprofit coalitions
Tennessee,Fentress,reentry-organizations,Reentry Organizations,B,2,regional,State reentry council; nonprofit coalitions
Tennessee,Franklin,reentry-organizations,Reentry Organizations,B,2,regional,State reentry council; nonprofit coalitions
Tennessee,Gibson,reentry-organizations,Reentry Organizations,B,2,regional,State reentry council; nonprofit coalitions
Tennessee,Giles,reentry-organizations,Reentry Organizations,B,2,regional,State reentry council; nonprofit coalitions
Tennessee,Grainger,reentry-organizations,Reentry Organizations,B,2,regional,State reentry council; nonprofit coalitions
Tennessee,Grundy,reentry-organizations,Reentry Organizations,B,2,regional,State reentry council; nonprofit coalitions
Tennessee,Hamblen,reentry-organizations,Reentry Organizations,B,2,regional,State reentry council; nonprofit coalitions
Tennessee,Hancock,reentry-organizations,Reentry Organizations,B,2,regional,State reentry council; nonprofit coalitions
Tennessee,Hardeman,reentry-organizations,Reentry Organizations,B,2,regional,State reentry council; nonprofit coalitions
Tennessee,Hardin,reentry-organizations,Reentry Organizations,B,2,regional,State reentry council; nonprofit coalitions
Tennessee,Haywood,reentry-organizations,Reentry Organizations,B,2,regional,State reentry council; nonprofit coalitions
Tennessee,Henderson,reentry-organizations,Reentry Organizations,B,2,regional,State reentry council; nonprofit coalitions
Tennessee,Henry,reentry-organizations,Reentry Organizations,B,2,regional,State reentry council; nonprofit coalitions
Tennessee,Hickman,reentry-organizations,Reentry Organizations,B,2,regional,State reentry council; nonprofit coalitions
Tennessee,Houston,reentry-organizations,Reentry Organizations,B,2,regional,State reentry council; nonprofit coalitions
Tennessee,Humphreys,reentry-organizations,Reentry Organizations,B,2,regional,State reentry council; nonprofit coalitions
Tennessee,Jackson,reentry-organizations,Reentry Organizations,B,2,regional,State reentry council; nonprofit coalitions
Tennessee,Jefferson,reentry-organizations,Reentry Organizations,B,2,regional,State reentry council; nonprofit coalitions
Tennessee,Lake,reentry-organizations,Reentry Organizations,B,2,regional,State reentry council; nonprofit coalitions
Tennessee,Lauderdale,reentry-organizations,Reentry Organizations,B,2,regional,State reentry council; nonprofit coalitions
Tennessee,Lawrence,reentry-organizations,Reentry Organizations,B,2,regional,State reentry council; nonprofit coalitions
Tennessee,Lewis,reentry-organizations,Reentry Organizations,B,2,regional,State reentry council; nonprofit coalitions
Tennessee,Lincoln,reentry-organizations,Reentry Organizations,B,2,regional,State reentry council; nonprofit coalitions
Tennessee,Loudon,reentry-organizations,Reentry Organizations,B,2,regional,State reentry council; nonprofit coalitions
Tennessee,Macon,reentry-organizations,Reentry Organizations,B,2,regional,State reentry council; nonprofit coalitions
Tennessee,Marion,reentry-organizations,Reentry Organizations,B,2,regional,State reentry council; nonprofit coalitions
Tennessee,Marshall,reentry-organizations,Reentry Organizations,B,2,regional,State reentry council; nonprofit coalitions
Tennessee,Maury,reentry-organizations,Reentry Organizations,B,2,regional,State reentry council; nonprofit coalitions
Tennessee,McMinn,reentry-organizations,Reentry Organizations,B,2,regional,State reentry council; nonprofit coalitions
Tennessee,McNairy,reentry-organizations,Reentry Organizations,B,2,regional,State reentry council; nonprofit coalitions
Tennessee,Meigs,reentry-organizations,Reentry Organizations,B,2,regional,State reentry council; nonprofit coalitions
Tennessee,Monroe,reentry-organizations,Reentry Organizations,B,2,regional,State reentry council; nonprofit coalitions
Tennessee,Moore,reentry-organizations,Reentry Organizations,B,2,regional,State reentry council; nonprofit coalitions
Tennessee,Morgan,reentry-organizations,Reentry Organizations,B,2,regional,State reentry council; nonprofit coalitions
Tennessee,Obion,reentry-organizations,Reentry Organizations,B,2,regional,State reentry council; nonprofit coalitions
Tennessee,Overton,reentry-organizations,Reentry Organizations,B,2,regional,State reentry council; nonprofit coalitions
Tennessee,Perry,reentry-organizations,Reentry Organizations,B,2,regional,State reentry council; nonprofit coalitions
Tennessee,Pickett,reentry-organizations,Reentry Organizations,B,2,regional,State reentry council; nonprofit coalitions
Tennessee,Polk,reentry-organizations,Reentry Organizations,B,2,regional,State reentry council; nonprofit coalitions
Tennessee,Putnam,reentry-organizations,Reentry Organizations,B,2,regional,State reentry council; nonprofit coalitions
Tennessee,Rhea,reentry-organizations,Reentry Organizations,B,2,regional,State reentry council; nonprofit coalitions
Tennessee,Roane,reentry-organizations,Reentry Organizations,B,2,regional,State reentry council; nonprofit coalitions
Tennessee,Robertson,reentry-organizations,Reentry Organizations,B,2,regional,State reentry council; nonprofit coalitions
Tennessee,Scott,reentry-organizations,Reentry Organizations,B,2,regional,State reentry council; nonprofit coalitions
Tennessee,Sequatchie,reentry-organizations,Reentry Organizations,B,2,regional,State reentry council; nonprofit coalitions
Tennessee,Sevier,reentry-organizations,Reentry Organizations,B,2,regional,State reentry council; nonprofit coalitions
Tennessee,Smith,reentry-organizations,Reentry Organizations,B,2,regional,State reentry council; nonprofit coalitions
Tennessee,Stewart,reentry-organizations,Reentry Organizations,B,2,regional,State reentry council; nonprofit coalitions
Tennessee,Sumner,reentry-organizations,Reentry Organizations,B,2,regional,State reentry council; nonprofit coalitions
Tennessee,Tipton,reentry-organizations,Reentry Organizations,B,2,regional,State reentry council; nonprofit coalitions
Tennessee,Trousdale,reentry-organizations,Reentry Organizations,B,2,regional,State reentry council; nonprofit coalitions
Tennessee,Union,reentry-organizations,Reentry Organizations,B,2,regional,State reentry council; nonprofit coalitions
Tennessee,Van Buren,reentry-organizations,Reentry Organizations,B,2,regional,State reentry council; nonprofit coalitions
Tennessee,Warren,reentry-organizations,Reentry Organizations,B,2,regional,State reentry council; nonprofit coalitions
Tennessee,Wayne,reentry-organizations,Reentry Organizations,B,2,regional,State reentry council; nonprofit coalitions
Tennessee,Weakley,reentry-organizations,Reentry Organizations,B,2,regional,State reentry council; nonprofit coalitions
Tennessee,White,reentry-organizations,Reentry Organizations,B,2,regional,State reentry council; nonprofit coalitions
Tennessee,Williamson,reentry-organizations,Reentry Organizations,B,2,regional,State reentry council; nonprofit coalitions
Tennessee,Wilson,reentry-organizations,Reentry Organizations,B,2,regional,State reentry council; nonprofit coalitions
Virginia,Accomack,id-documentation,ID & Documentation,B,2,regional,Legal aid ID clinic; circuit clerk vital records
Virginia,Albemarle,id-documentation,ID & Documentation,B,2,regional,Legal aid ID clinic; circuit clerk vital records
Virginia,Alexandria,id-documentation,ID & Documentation,B,2,regional,Legal aid ID clinic; circuit clerk vital records
Virginia,Alleghany,id-documentation,ID & Documentation,B,2,regional,Legal aid ID clinic; circuit clerk vital records
Virginia,Amelia,id-documentation,ID & Documentation,B,2,regional,Legal aid ID clinic; circuit clerk vital records
Virginia,Amherst,id-documentation,ID & Documentation,B,2,regional,Legal aid ID clinic; circuit clerk vital records
Virginia,Appomattox,id-documentation,ID & Documentation,B,2,regional,Legal aid ID clinic; circuit clerk vital records
Virginia,Arlington,id-documentation,ID & Documentation,B,2,regional,Legal aid ID clinic; circuit clerk vital records
Virginia,Augusta,id-documentation,ID & Documentation,B,2,regional,Legal aid ID clinic; circuit clerk vital records
Virginia,Bath,id-documentation,ID & Documentation,B,2,regional,Legal aid ID clinic; circuit clerk vital records
Virginia,Bedford,id-documentation,ID & Documentation,B,2,regional,Legal aid ID clinic; circuit clerk vital records
Virginia,Bland,id-documentation,ID & Documentation,B,2,regional,Legal aid ID clinic; circuit clerk vital records
Virginia,Botetourt,id-documentation,ID & Documentation,B,2,regional,Legal aid ID clinic; circuit clerk vital records
Virginia,Bristol,id-documentation,ID & Documentation,B,2,regional,Legal aid ID clinic; circuit clerk vital records
Virginia,Brunswick,id-documentation,ID & Documentation,B,2,regional,Legal aid ID clinic; circuit clerk vital records
Virginia,Buchanan,id-documentation,ID & Documentation,B,2,regional,Legal aid ID clinic; circuit clerk vital records
Virginia,Buckingham,id-documentation,ID & Documentation,B,2,regional,Legal aid ID clinic; circuit clerk vital records
Virginia,Buena Vista,id-documentation,ID & Documentation,B,2,regional,Legal aid ID clinic; circuit clerk vital records
Virginia,Campbell,id-documentation,ID & Documentation,B,2,regional,Legal aid ID clinic; circuit clerk vital records
Virginia,Caroline,id-documentation,ID & Documentation,B,2,regional,Legal aid ID clinic; circuit clerk vital records
Virginia,Carroll,id-documentation,ID & Documentation,B,2,regional,Legal aid ID clinic; circuit clerk vital records
Virginia,Charles City,id-documentation,ID & Documentation,B,2,regional,Legal aid ID clinic; circuit clerk vital records
Virginia,Charlotte,id-documentation,ID & Documentation,B,2,regional,Legal aid ID clinic; circuit clerk vital records
Virginia,Charlottesville,id-documentation,ID & Documentation,B,2,regional,Legal aid ID clinic; circuit clerk vital records
Virginia,Chesapeake,id-documentation,ID & Documentation,B,2,regional,Legal aid ID clinic; circuit clerk vital records
Virginia,Chesterfield,id-documentation,ID & Documentation,B,2,regional,Legal aid ID clinic; circuit clerk vital records
Virginia,Clarke,id-documentation,ID & Documentation,B,2,regional,Legal aid ID clinic; circuit clerk vital records
Virginia,Colonial Heights,id-documentation,ID & Documentation,B,2,regional,Legal aid ID clinic; circuit clerk vital records
Virginia,Covington,id-documentation,ID & Documentation,B,2,regional,Legal aid ID clinic; circuit clerk vital records
Virginia,Craig,id-documentation,ID & Documentation,B,2,regional,Legal aid ID clinic; circuit clerk vital records
Virginia,Culpeper,id-documentation,ID & Documentation,B,2,regional,Legal aid ID clinic; circuit clerk vital records
Virginia,Cumberland,id-documentation,ID & Documentation,B,2,regional,Legal aid ID clinic; circuit clerk vital records
Virginia,Danville,id-documentation,ID & Documentation,B,2,regional,Legal aid ID clinic; circuit clerk vital records
Virginia,Dickenson,id-documentation,ID & Documentation,B,2,regional,Legal aid ID clinic; circuit clerk vital records
Virginia,Dinwiddie,id-documentation,ID & Documentation,B,2,regional,Legal aid ID clinic; circuit clerk vital records
Virginia,Emporia,id-documentation,ID & Documentation,B,2,regional,Legal aid ID clinic; circuit clerk vital records
Virginia,Essex,id-documentation,ID & Documentation,B,2,regional,Legal aid ID clinic; circuit clerk vital records
Virginia,Fairfax,id-documentation,ID & Documentation,B,2,regional,Legal aid ID clinic; circuit clerk vital records
Virginia,Fairfax City,id-documentation,ID & Documentation,B,2,regional,Legal aid ID clinic; circuit clerk vital records
Virginia,Falls Church,id-documentation,ID & Documentation,B,2,regional,Legal aid ID clinic; circuit clerk vital records
Virginia,Fauquier,id-documentation,ID & Documentation,B,2,regional,Legal aid ID clinic; circuit clerk vital records
Virginia,Floyd,id-documentation,ID & Documentation,B,2,regional,Legal aid ID clinic; circuit clerk vital records
Virginia,Fluvanna,id-documentation,ID & Documentation,B,2,regional,Legal aid ID clinic; circuit clerk vital records
Virginia,Franklin,id-documentation,ID & Documentation,B,2,regional,Legal aid ID clinic; circuit clerk vital records
Virginia,Franklin City,id-documentation,ID & Documentation,B,2,regional,Legal aid ID clinic; circuit clerk vital records
Virginia,Frederick,id-documentation,ID & Documentation,B,2,regional,Legal aid ID clinic; circuit clerk vital records
Virginia,Fredericksburg,id-documentation,ID & Documentation,B,2,regional,Legal aid ID clinic; circuit clerk vital records
Virginia,Galax,id-documentation,ID & Documentation,B,2,regional,Legal aid ID clinic; circuit clerk vital records
Virginia,Giles,id-documentation,ID & Documentation,B,2,regional,Legal aid ID clinic; circuit clerk vital records
Virginia,Gloucester,id-documentation,ID & Documentation,B,2,regional,Legal aid ID clinic; circuit clerk vital records
Virginia,Goochland,id-documentation,ID & Documentation,B,2,regional,Legal aid ID clinic; circuit clerk vital records
Virginia,Grayson,id-documentation,ID & Documentation,B,2,regional,Legal aid ID clinic; circuit clerk vital records
Virginia,Greene,id-documentation,ID & Documentation,B,2,regional,Legal aid ID clinic; circuit clerk vital records
Virginia,Greensville,id-documentation,ID & Documentation,B,2,regional,Legal aid ID clinic; circuit clerk vital records
Virginia,Halifax,id-documentation,ID & Documentation,B,2,regional,Legal aid ID clinic; circuit clerk vital records
Virginia,Hampton,id-documentation,ID & Documentation,B,2,regional,Legal aid ID clinic; circuit clerk vital records
Virginia,Hanover,id-documentation,ID & Documentation,B,2,regional,Legal aid ID clinic; circuit clerk vital records
Virginia,Harrisonburg,id-documentation,ID & Documentation,B,2,regional,Legal aid ID clinic; circuit clerk vital records
Virginia,Henrico,id-documentation,ID & Documentation,B,2,regional,Legal aid ID clinic; circuit clerk vital records
Virginia,Henry,id-documentation,ID & Documentation,B,2,regional,Legal aid ID clinic; circuit clerk vital records
Virginia,Highland,id-documentation,ID & Documentation,B,2,regional,Legal aid ID clinic; circuit clerk vital records
Virginia,Hopewell,id-documentation,ID & Documentation,B,2,regional,Legal aid ID clinic; circuit clerk vital records
Virginia,Isle of Wight,id-documentation,ID & Documentation,B,2,regional,Legal aid ID clinic; circuit clerk vital records
Virginia,James City,id-documentation,ID & Documentation,B,2,regional,Legal aid ID clinic; circuit clerk vital records
Virginia,King George,id-documentation,ID & Documentation,B,2,regional,Legal aid ID clinic; circuit clerk vital records
Virginia,King William,id-documentation,ID & Documentation,B,2,regional,Legal aid ID clinic; circuit clerk vital records
Virginia,King and Queen,id-documentation,ID & Documentation,B,2,regional,Legal aid ID clinic; circuit clerk vital records
Virginia,Lancaster,id-documentation,ID & Documentation,B,2,regional,Legal aid ID clinic; circuit clerk vital records
Virginia,Lee,id-documentation,ID & Documentation,B,2,regional,Legal aid ID clinic; circuit clerk vital records
Virginia,Lexington,id-documentation,ID & Documentation,B,2,regional,Legal aid ID clinic; circuit clerk vital records
Virginia,Loudoun,id-documentation,ID & Documentation,B,2,regional,Legal aid ID clinic; circuit clerk vital records
Virginia,Louisa,id-documentation,ID & Documentation,B,2,regional,Legal aid ID clinic; circuit clerk vital records
Virginia,Lunenburg,id-documentation,ID & Documentation,B,2,regional,Legal aid ID clinic; circuit clerk vital records
Virginia,Lynchburg,id-documentation,ID & Documentation,B,2,regional,Legal aid ID clinic; circuit clerk vital records
Virginia,Madison,id-documentation,ID & Documentation,B,2,regional,Legal aid ID clinic; circuit clerk vital records
Virginia,Manassas,id-documentation,ID & Documentation,B,2,regional,Legal aid ID clinic; circuit clerk vital records
Virginia,Manassas Park,id-documentation,ID & Documentation,B,2,regional,Legal aid ID clinic; circuit clerk vital records
Virginia,Martinsville,id-documentation,ID & Documentation,B,2,regional,Legal aid ID clinic; circuit clerk vital records
Virginia,Mathews,id-documentation,ID & Documentation,B,2,regional,Legal aid ID clinic; circuit clerk vital records
Virginia,Mecklenburg,id-documentation,ID & Documentation,B,2,regional,Legal aid ID clinic; circuit clerk vital records
Virginia,Middlesex,id-documentation,ID & Documentation,B,2,regional,Legal aid ID clinic; circuit clerk vital records
Virginia,Montgomery,id-documentation,ID & Documentation,B,2,regional,Legal aid ID clinic; circuit clerk vital records
Virginia,Nelson,id-documentation,ID & Documentation,B,2,regional,Legal aid ID clinic; circuit clerk vital records
Virginia,New Kent,id-documentation,ID & Documentation,B,2,regional,Legal aid ID clinic; circuit clerk vital records
Virginia,Newport News,id-documentation,ID & Documentation,B,2,regional,Legal aid ID clinic; circuit clerk vital records
Virginia,Norfolk,id-documentation,ID & Documentation,B,2,regional,Legal aid ID clinic; circuit clerk vital records
Virginia,Northampton,id-documentation,ID & Documentation,B,2,regional,Legal aid ID clinic; circuit clerk vital records
Virginia,Northumberland,id-documentation,ID & Documentation,B,2,regional,Legal aid ID clinic; circuit clerk vital records
Virginia,Norton,id-documentation,ID & Documentation,B,2,regional,Legal aid ID clinic; circuit clerk vital records
Virginia,Nottoway,id-documentation,ID & Documentation,B,2,regional,Legal aid ID clinic; circuit clerk vital records
Virginia,Orange,id-documentation,ID & Documentation,B,2,regional,Legal aid ID clinic; circuit clerk vital records
Virginia,Page,id-documentation,ID & Documentation,B,2,regional,Legal aid ID clinic; circuit clerk vital records
Virginia,Patrick,id-documentation,ID & Documentation,B,2,regional,Legal aid ID clinic; circuit clerk vital records
Virginia,Petersburg,id-documentation,ID & Documentation,B,2,regional,Legal aid ID clinic; circuit clerk vital records
Virginia,Pittsylvania,id-documentation,ID & Documentation,B,2,regional,Legal aid ID clinic; circuit clerk vital records
Virginia,Poquoson,id-documentation,ID & Documentation,B,2,regional,Legal aid ID clinic; circuit clerk vital records
Virginia,Portsmouth,id-documentation,ID & Documentation,B,2,regional,Legal aid ID clinic; circuit clerk vital records
Virginia,Powhatan,id-documentation,ID & Documentation,B,2,regional,Legal aid ID clinic; circuit clerk vital records
Virginia,Prince Edward,id-documentation,ID & Documentation,B,2,regional,Legal aid ID clinic; circuit clerk vital records
Virginia,Prince George,id-documentation,ID & Documentation,B,2,regional,Legal aid ID clinic; circuit clerk vital records
Virginia,Prince William,id-documentation,ID & Documentation,B,2,regional,Legal aid ID clinic; circuit clerk vital records
Virginia,Pulaski,id-documentation,ID & Documentation,B,2,regional,Legal aid ID clinic; circuit clerk vital records
Virginia,Radford,id-documentation,ID & Documentation,B,2,regional,Legal aid ID clinic; circuit clerk vital records
Virginia,Rappahannock,id-documentation,ID & Documentation,B,2,regional,Legal aid ID clinic; circuit clerk vital records
Virginia,Richmond,id-documentation,ID & Documentation,B,2,regional,Legal aid ID clinic; circuit clerk vital records
Virginia,Richmond City,id-documentation,ID & Documentation,B,2,regional,Legal aid ID clinic; circuit clerk vital records
Virginia,Roanoke,id-documentation,ID & Documentation,B,2,regional,Legal aid ID clinic; circuit clerk vital records
Virginia,Roanoke City,id-documentation,ID & Documentation,B,2,regional,Legal aid ID clinic; circuit clerk vital records
Virginia,Rockbridge,id-documentation,ID & Documentation,B,2,regional,Legal aid ID clinic; circuit clerk vital records
Virginia,Rockingham,id-documentation,ID & Documentation,B,2,regional,Legal aid ID clinic; circuit clerk vital records
Virginia,Russell,id-documentation,ID & Documentation,B,2,regional,Legal aid ID clinic; circuit clerk vital records
Virginia,Salem,id-documentation,ID & Documentation,B,2,regional,Legal aid ID clinic; circuit clerk vital records
Virginia,Scott,id-documentation,ID & Documentation,B,2,regional,Legal aid ID clinic; circuit clerk vital records
Virginia,Shenandoah,id-documentation,ID & Documentation,B,2,regional,Legal aid ID clinic; circuit clerk vital records
Virginia,Smyth,id-documentation,ID & Documentation,B,2,regional,Legal aid ID clinic; circuit clerk vital records
Virginia,Southampton,id-documentation,ID & Documentation,B,2,regional,Legal aid ID clinic; circuit clerk vital records
Virginia,Spotsylvania,id-documentation,ID & Documentation,B,2,regional,Legal aid ID clinic; circuit clerk vital records
Virginia,Stafford,id-documentation,ID & Documentation,B,2,regional,Legal aid ID clinic; circuit clerk vital records
Virginia,Staunton,id-documentation,ID & Documentation,B,2,regional,Legal aid ID clinic; circuit clerk vital records
Virginia,Suffolk,id-documentation,ID & Documentation,B,2,regional,Legal aid ID clinic; circuit clerk vital records
Virginia,Surry,id-documentation,ID & Documentation,B,2,regional,Legal aid ID clinic; circuit clerk vital records
Virginia,Sussex,id-documentation,ID & Documentation,B,2,regional,Legal aid ID clinic; circuit clerk vital records
Virginia,Tazewell,id-documentation,ID & Documentation,B,2,regional,Legal aid ID clinic; circuit clerk vital records
Virginia,Virginia Beach,id-documentation,ID & Documentation,B,2,regional,Legal aid ID clinic; circuit clerk vital records
Virginia,Warren,id-documentation,ID & Documentation,B,2,regional,Legal aid ID clinic; circuit clerk vital records
Virginia,Washington,id-documentation,ID & Documentation,B,2,regional,Legal aid ID clinic; circuit clerk vital records
Virginia,Waynesboro,id-documentation,ID & Documentation,B,2,regional,Legal aid ID clinic; circuit clerk vital records
Virginia,Westmoreland,id-documentation,ID & Documentation,B,2,regional,Legal aid ID clinic; circuit clerk vital records
Virginia,Williamsburg,id-documentation,ID & Documentation,B,2,regional,Legal aid ID clinic; circuit clerk vital records
Virginia,Winchester,id-documentation,ID & Documentation,B,2,regional,Legal aid ID clinic; circuit clerk vital records
Virginia,Wise,id-documentation,ID & Documentation,B,2,regional,Legal aid ID clinic; circuit clerk vital records
Virginia,Wythe,id-documentation,ID & Documentation,B,2,regional,Legal aid ID clinic; circuit clerk vital records
Virginia,York,id-documentation,ID & Documentation,B,2,regional,Legal aid ID clinic; circuit clerk vital records
Virginia,Accomack,transportation,Transportation,B,2,regional,Transit authority voucher programs
Virginia,Albemarle,transportation,Transportation,B,2,regional,Transit authority voucher programs
Virginia,Alexandria,transportation,Transportation,B,2,regional,Transit authority voucher programs
Virginia,Alleghany,transportation,Transportation,B,2,regional,Transit authority voucher programs
Virginia,Amelia,transportation,Transportation,B,2,regional,Transit authority voucher programs
Virginia,Amherst,transportation,Transportation,B,2,regional,Transit authority voucher programs
Virginia,Appomattox,transportation,Transportation,B,2,regional,Transit authority voucher programs
Virginia,Arlington,transportation,Transportation,B,2,regional,Transit authority voucher programs
Virginia,Augusta,transportation,Transportation,B,2,regional,Transit authority voucher programs
Virginia,Bath,transportation,Transportation,B,2,regional,Transit authority voucher programs
Virginia,Bedford,transportation,Transportation,B,2,regional,Transit authority voucher programs
Virginia,Bland,transportation,Transportation,B,2,regional,Transit authority voucher programs
Virginia,Botetourt,transportation,Transportation,B,2,regional,Transit authority voucher programs
Virginia,Bristol,transportation,Transportation,B,2,regional,Transit authority voucher programs
Virginia,Brunswick,transportation,Transportation,B,2,regional,Transit authority voucher programs
Virginia,Buchanan,transportation,Transportation,B,2,regional,Transit authority voucher programs
Virginia,Buckingham,transportation,Transportation,B,2,regional,Transit authority voucher programs
Virginia,Buena Vista,transportation,Transportation,B,2,regional,Transit authority voucher programs
Virginia,Campbell,transportation,Transportation,B,2,regional,Transit authority voucher programs
Virginia,Caroline,transportation,Transportation,B,2,regional,Transit authority voucher programs
Virginia,Carroll,transportation,Transportation,B,2,regional,Transit authority voucher programs
Virginia,Charlotte,transportation,Transportation,B,2,regional,Transit authority voucher programs
Virginia,Charlottesville,transportation,Transportation,B,2,regional,Transit authority voucher programs
Virginia,Chesapeake,transportation,Transportation,B,2,regional,Transit authority voucher programs
Virginia,Clarke,transportation,Transportation,B,2,regional,Transit authority voucher programs
Virginia,Colonial Heights,transportation,Transportation,B,2,regional,Transit authority voucher programs
Virginia,Covington,transportation,Transportation,B,2,regional,Transit authority voucher programs
Virginia,Craig,transportation,Transportation,B,2,regional,Transit authority voucher programs
Virginia,Culpeper,transportation,Transportation,B,2,regional,Transit authority voucher programs
Virginia,Cumberland,transportation,Transportation,B,2,regional,Transit authority voucher programs
Virginia,Danville,transportation,Transportation,B,2,regional,Transit authority voucher programs
Virginia,Dickenson,transportation,Transportation,B,2,regional,Transit authority voucher programs
Virginia,Dinwiddie,transportation,Transportation,B,2,regional,Transit authority voucher programs
Virginia,Emporia,transportation,Transportation,B,2,regional,Transit authority voucher programs
Virginia,Fairfax,transportation,Transportation,B,2,regional,Transit authority voucher programs
Virginia,Fairfax City,transportation,Transportation,B,2,regional,Transit authority voucher programs
Virginia,Falls Church,transportation,Transportation,B,2,regional,Transit authority voucher programs
Virginia,Fauquier,transportation,Transportation,B,2,regional,Transit authority voucher programs
Virginia,Floyd,transportation,Transportation,B,2,regional,Transit authority voucher programs
Virginia,Fluvanna,transportation,Transportation,B,2,regional,Transit authority voucher programs
Virginia,Franklin,transportation,Transportation,B,2,regional,Transit authority voucher programs
Virginia,Franklin City,transportation,Transportation,B,2,regional,Transit authority voucher programs
Virginia,Frederick,transportation,Transportation,B,2,regional,Transit authority voucher programs
Virginia,Fredericksburg,transportation,Transportation,B,2,regional,Transit authority voucher programs
Virginia,Galax,transportation,Transportation,B,2,regional,Transit authority voucher programs
Virginia,Giles,transportation,Transportation,B,2,regional,Transit authority voucher programs
Virginia,Goochland,transportation,Transportation,B,2,regional,Transit authority voucher programs
Virginia,Grayson,transportation,Transportation,B,2,regional,Transit authority voucher programs
Virginia,Greene,transportation,Transportation,B,2,regional,Transit authority voucher programs
Virginia,Greensville,transportation,Transportation,B,2,regional,Transit authority voucher programs
Virginia,Halifax,transportation,Transportation,B,2,regional,Transit authority voucher programs
Virginia,Hampton,transportation,Transportation,B,2,regional,Transit authority voucher programs
Virginia,Hanover,transportation,Transportation,B,2,regional,Transit authority voucher programs
Virginia,Harrisonburg,transportation,Transportation,B,2,regional,Transit authority voucher programs
Virginia,Henry,transportation,Transportation,B,2,regional,Transit authority voucher programs
Virginia,Highland,transportation,Transportation,B,2,regional,Transit authority voucher programs
Virginia,Hopewell,transportation,Transportation,B,2,regional,Transit authority voucher programs
Virginia,Isle of Wight,transportation,Transportation,B,2,regional,Transit authority voucher programs
Virginia,James City,transportation,Transportation,B,2,regional,Transit authority voucher programs
Virginia,King George,transportation,Transportation,B,2,regional,Transit authority voucher programs
Virginia,Lexington,transportation,Transportation,B,2,regional,Transit authority voucher programs
Virginia,Loudoun,transportation,Transportation,B,2,regional,Transit authority voucher programs
Virginia,Louisa,transportation,Transportation,B,2,regional,Transit authority voucher programs
Virginia,Lunenburg,transportation,Transportation,B,2,regional,Transit authority voucher programs
Virginia,Lynchburg,transportation,Transportation,B,2,regional,Transit authority voucher programs
Virginia,Madison,transportation,Transportation,B,2,regional,Transit authority voucher programs
Virginia,Manassas,transportation,Transportation,B,2,regional,Transit authority voucher programs
Virginia,Manassas Park,transportation,Transportation,B,2,regional,Transit authority voucher programs
Virginia,Martinsville,transportation,Transportation,B,2,regional,Transit authority voucher programs
Virginia,Mecklenburg,transportation,Transportation,B,2,regional,Transit authority voucher programs
Virginia,Montgomery,transportation,Transportation,B,2,regional,Transit authority voucher programs
Virginia,Nelson,transportation,Transportation,B,2,regional,Transit authority voucher programs
Virginia,Newport News,transportation,Transportation,B,2,regional,Transit authority voucher programs
Virginia,Norfolk,transportation,Transportation,B,2,regional,Transit authority voucher programs
Virginia,Northampton,transportation,Transportation,B,2,regional,Transit authority voucher programs
Virginia,Nottoway,transportation,Transportation,B,2,regional,Transit authority voucher programs
Virginia,Orange,transportation,Transportation,B,2,regional,Transit authority voucher programs
Virginia,Page,transportation,Transportation,B,2,regional,Transit authority voucher programs
Virginia,Patrick,transportation,Transportation,B,2,regional,Transit authority voucher programs
Virginia,Petersburg,transportation,Transportation,B,2,regional,Transit authority voucher programs
Virginia,Pittsylvania,transportation,Transportation,B,2,regional,Transit authority voucher programs
Virginia,Poquoson,transportation,Transportation,B,2,regional,Transit authority voucher programs
Virginia,Portsmouth,transportation,Transportation,B,2,regional,Transit authority voucher programs
Virginia,Powhatan,transportation,Transportation,B,2,regional,Transit authority voucher programs
Virginia,Prince Edward,transportation,Transportation,B,2,regional,Transit authority voucher programs
Virginia,Prince George,transportation,Transportation,B,2,regional,Transit authority voucher programs
Virginia,Prince William,transportation,Transportation,B,2,regional,Transit authority voucher programs
Virginia,Pulaski,transportation,Transportation,B,2,regional,Transit authority voucher programs
Virginia,Radford,transportation,Transportation,B,2,regional,Transit authority voucher programs
Virginia,Rappahannock,transportation,Transportation,B,2,regional,Transit authority voucher programs
Virginia,Roanoke,transportation,Transportation,B,2,regional,Transit authority voucher programs
Virginia,Roanoke City,transportation,Transportation,B,2,regional,Transit authority voucher programs
Virginia,Rockbridge,transportation,Transportation,B,2,regional,Transit authority voucher programs
Virginia,Rockingham,transportation,Transportation,B,2,regional,Transit authority voucher programs
Virginia,Russell,transportation,Transportation,B,2,regional,Transit authority voucher programs
Virginia,Salem,transportation,Transportation,B,2,regional,Transit authority voucher programs
Virginia,Shenandoah,transportation,Transportation,B,2,regional,Transit authority voucher programs
Virginia,Smyth,transportation,Transportation,B,2,regional,Transit authority voucher programs
Virginia,Southampton,transportation,Transportation,B,2,regional,Transit authority voucher programs
Virginia,Spotsylvania,transportation,Transportation,B,2,regional,Transit authority voucher programs
Virginia,Stafford,transportation,Transportation,B,2,regional,Transit authority voucher programs
Virginia,Staunton,transportation,Transportation,B,2,regional,Transit authority voucher programs
Virginia,Suffolk,transportation,Transportation,B,2,regional,Transit authority voucher programs
Virginia,Surry,transportation,Transportation,B,2,regional,Transit authority voucher programs
Virginia,Sussex,transportation,Transportation,B,2,regional,Transit authority voucher programs
Virginia,Tazewell,transportation,Transportation,B,2,regional,Transit authority voucher programs
Virginia,Virginia Beach,transportation,Transportation,B,2,regional,Transit authority voucher programs
Virginia,Warren,transportation,Transportation,B,2,regional,Transit authority voucher programs
Virginia,Washington,transportation,Transportation,B,2,regional,Transit authority voucher programs
Virginia,Waynesboro,transportation,Transportation,B,2,regional,Transit authority voucher programs
Virginia,Williamsburg,transportation,Transportation,B,2,regional,Transit authority voucher programs
Virginia,Winchester,transportation,Transportation,B,2,regional,Transit authority voucher programs
Virginia,Wythe,transportation,Transportation,B,2,regional,Transit authority voucher programs
Virginia,York,transportation,Transportation,B,2,regional,Transit authority voucher programs
Virginia,Accomack,peer-support,Peer Support,B,2,regional,State peer certification roster
Virginia,Albemarle,peer-support,Peer Support,B,2,regional,State peer certification roster
Virginia,Alexandria,peer-support,Peer Support,B,2,regional,State peer certification roster
Virginia,Alleghany,peer-support,Peer Support,B,2,regional,State peer certification roster
Virginia,Amelia,peer-support,Peer Support,B,2,regional,State peer certification roster
Virginia,Amherst,peer-support,Peer Support,B,2,regional,State peer certification roster
Virginia,Appomattox,peer-support,Peer Support,B,2,regional,State peer certification roster
Virginia,Augusta,peer-support,Peer Support,B,2,regional,State peer certification roster
Virginia,Bath,peer-support,Peer Support,B,2,regional,State peer certification roster
Virginia,Bedford,peer-support,Peer Support,B,2,regional,State peer certification roster
Virginia,Bland,peer-support,Peer Support,B,2,regional,State peer certification roster
Virginia,Botetourt,peer-support,Peer Support,B,2,regional,State peer certification roster
Virginia,Bristol,peer-support,Peer Support,B,2,regional,State peer certification roster
Virginia,Brunswick,peer-support,Peer Support,B,2,regional,State peer certification roster
Virginia,Buchanan,peer-support,Peer Support,B,2,regional,State peer certification roster
Virginia,Buckingham,peer-support,Peer Support,B,2,regional,State peer certification roster
Virginia,Buena Vista,peer-support,Peer Support,B,2,regional,State peer certification roster
Virginia,Campbell,peer-support,Peer Support,B,2,regional,State peer certification roster
Virginia,Caroline,peer-support,Peer Support,B,2,regional,State peer certification roster
Virginia,Carroll,peer-support,Peer Support,B,2,regional,State peer certification roster
Virginia,Charles City,peer-support,Peer Support,B,2,regional,State peer certification roster
Virginia,Charlotte,peer-support,Peer Support,B,2,regional,State peer certification roster
Virginia,Charlottesville,peer-support,Peer Support,B,2,regional,State peer certification roster
Virginia,Chesapeake,peer-support,Peer Support,B,2,regional,State peer certification roster
Virginia,Chesterfield,peer-support,Peer Support,B,2,regional,State peer certification roster
Virginia,Clarke,peer-support,Peer Support,B,2,regional,State peer certification roster
Virginia,Colonial Heights,peer-support,Peer Support,B,2,regional,State peer certification roster
Virginia,Covington,peer-support,Peer Support,B,2,regional,State peer certification roster
Virginia,Craig,peer-support,Peer Support,B,2,regional,State peer certification roster
Virginia,Culpeper,peer-support,Peer Support,B,2,regional,State peer certification roster
Virginia,Cumberland,peer-support,Peer Support,B,2,regional,State peer certification roster
Virginia,Danville,peer-support,Peer Support,B,2,regional,State peer certification roster
Virginia,Dickenson,peer-support,Peer Support,B,2,regional,State peer certification roster
Virginia,Dinwiddie,peer-support,Peer Support,B,2,regional,State peer certification roster
Virginia,Emporia,peer-support,Peer Support,B,2,regional,State peer certification roster
Virginia,Essex,peer-support,Peer Support,B,2,regional,State peer certification roster
Virginia,Falls Church,peer-support,Peer Support,B,2,regional,State peer certification roster
Virginia,Fauquier,peer-support,Peer Support,B,2,regional,State peer certification roster
Virginia,Floyd,peer-support,Peer Support,B,2,regional,State peer certification roster
Virginia,Fluvanna,peer-support,Peer Support,B,2,regional,State peer certification roster
Virginia,Franklin,peer-support,Peer Support,B,2,regional,State peer certification roster
Virginia,Franklin City,peer-support,Peer Support,B,2,regional,State peer certification roster
Virginia,Frederick,peer-support,Peer Support,B,2,regional,State peer certification roster
Virginia,Fredericksburg,peer-support,Peer Support,B,2,regional,State peer certification roster
Virginia,Galax,peer-support,Peer Support,B,2,regional,State peer certification roster
Virginia,Giles,peer-support,Peer Support,B,2,regional,State peer certification roster
Virginia,Gloucester,peer-support,Peer Support,B,2,regional,State peer certification roster
Virginia,Goochland,peer-support,Peer Support,B,2,regional,State peer certification roster
Virginia,Grayson,peer-support,Peer Support,B,2,regional,State peer certification roster
Virginia,Greene,peer-support,Peer Support,B,2,regional,State peer certification roster
Virginia,Greensville,peer-support,Peer Support,B,2,regional,State peer certification roster
Virginia,Halifax,peer-support,Peer Support,B,2,regional,State peer certification roster
Virginia,Hampton,peer-support,Peer Support,B,2,regional,State peer certification roster
Virginia,Hanover,peer-support,Peer Support,B,2,regional,State peer certification roster
Virginia,Harrisonburg,peer-support,Peer Support,B,2,regional,State peer certification roster
Virginia,Henrico,peer-support,Peer Support,B,2,regional,State peer certification roster
Virginia,Henry,peer-support,Peer Support,B,2,regional,State peer certification roster
Virginia,Highland,peer-support,Peer Support,B,2,regional,State peer certification roster
Virginia,Hopewell,peer-support,Peer Support,B,2,regional,State peer certification roster
Virginia,Isle of Wight,peer-support,Peer Support,B,2,regional,State peer certification roster
Virginia,James City,peer-support,Peer Support,B,2,regional,State peer certification roster
Virginia,King George,peer-support,Peer Support,B,2,regional,State peer certification roster
Virginia,King William,peer-support,Peer Support,B,2,regional,State peer certification roster
Virginia,King and Queen,peer-support,Peer Support,B,2,regional,State peer certification roster
Virginia,Lancaster,peer-support,Peer Support,B,2,regional,State peer certification roster
Virginia,Lee,peer-support,Peer Support,B,2,regional,State peer certification roster
Virginia,Lexington,peer-support,Peer Support,B,2,regional,State peer certification roster
Virginia,Louisa,peer-support,Peer Support,B,2,regional,State peer certification roster
Virginia,Lunenburg,peer-support,Peer Support,B,2,regional,State peer certification roster
Virginia,Lynchburg,peer-support,Peer Support,B,2,regional,State peer certification roster
Virginia,Madison,peer-support,Peer Support,B,2,regional,State peer certification roster
Virginia,Manassas,peer-support,Peer Support,B,2,regional,State peer certification roster
Virginia,Manassas Park,peer-support,Peer Support,B,2,regional,State peer certification roster
Virginia,Martinsville,peer-support,Peer Support,B,2,regional,State peer certification roster
Virginia,Mathews,peer-support,Peer Support,B,2,regional,State peer certification roster
Virginia,Mecklenburg,peer-support,Peer Support,B,2,regional,State peer certification roster
Virginia,Middlesex,peer-support,Peer Support,B,2,regional,State peer certification roster
Virginia,Montgomery,peer-support,Peer Support,B,2,regional,State peer certification roster
Virginia,Nelson,peer-support,Peer Support,B,2,regional,State peer certification roster
Virginia,New Kent,peer-support,Peer Support,B,2,regional,State peer certification roster
Virginia,Newport News,peer-support,Peer Support,B,2,regional,State peer certification roster
Virginia,Norfolk,peer-support,Peer Support,B,2,regional,State peer certification roster
Virginia,Northampton,peer-support,Peer Support,B,2,regional,State peer certification roster
Virginia,Northumberland,peer-support,Peer Support,B,2,regional,State peer certification roster
Virginia,Norton,peer-support,Peer Support,B,2,regional,State peer certification roster
Virginia,Nottoway,peer-support,Peer Support,B,2,regional,State peer certification roster
Virginia,Orange,peer-support,Peer Support,B,2,regional,State peer certification roster
Virginia,Page,peer-support,Peer Support,B,2,regional,State peer certification roster
Virginia,Patrick,peer-support,Peer Support,B,2,regional,State peer certification roster
Virginia,Petersburg,peer-support,Peer Support,B,2,regional,State peer certification roster
Virginia,Pittsylvania,peer-support,Peer Support,B,2,regional,State peer certification roster
Virginia,Poquoson,peer-support,Peer Support,B,2,regional,State peer certification roster
Virginia,Portsmouth,peer-support,Peer Support,B,2,regional,State peer certification roster
Virginia,Powhatan,peer-support,Peer Support,B,2,regional,State peer certification roster
Virginia,Prince Edward,peer-support,Peer Support,B,2,regional,State peer certification roster
Virginia,Prince George,peer-support,Peer Support,B,2,regional,State peer certification roster
Virginia,Pulaski,peer-support,Peer Support,B,2,regional,State peer certification roster
Virginia,Radford,peer-support,Peer Support,B,2,regional,State peer certification roster
Virginia,Rappahannock,peer-support,Peer Support,B,2,regional,State peer certification roster
Virginia,Richmond,peer-support,Peer Support,B,2,regional,State peer certification roster
Virginia,Richmond City,peer-support,Peer Support,B,2,regional,State peer certification roster
Virginia,Roanoke,peer-support,Peer Support,B,2,regional,State peer certification roster
Virginia,Roanoke City,peer-support,Peer Support,B,2,regional,State peer certification roster
Virginia,Rockbridge,peer-support,Peer Support,B,2,regional,State peer certification roster
Virginia,Rockingham,peer-support,Peer Support,B,2,regional,State peer certification roster
Virginia,Russell,peer-support,Peer Support,B,2,regional,State peer certification roster
Virginia,Salem,peer-support,Peer Support,B,2,regional,State peer certification roster
Virginia,Scott,peer-support,Peer Support,B,2,regional,State peer certification roster
Virginia,Shenandoah,peer-support,Peer Support,B,2,regional,State peer certification roster
Virginia,Smyth,peer-support,Peer Support,B,2,regional,State peer certification roster
Virginia,Southampton,peer-support,Peer Support,B,2,regional,State peer certification roster
Virginia,Spotsylvania,peer-support,Peer Support,B,2,regional,State peer certification roster
Virginia,Stafford,peer-support,Peer Support,B,2,regional,State peer certification roster
Virginia,Staunton,peer-support,Peer Support,B,2,regional,State peer certification roster
Virginia,Suffolk,peer-support,Peer Support,B,2,regional,State peer certification roster
Virginia,Surry,peer-support,Peer Support,B,2,regional,State peer certification roster
Virginia,Sussex,peer-support,Peer Support,B,2,regional,State peer certification roster
Virginia,Tazewell,peer-support,Peer Support,B,2,regional,State peer certification roster
Virginia,Virginia Beach,peer-support,Peer Support,B,2,regional,State peer certification roster
Virginia,Warren,peer-support,Peer Support,B,2,regional,State peer certification roster
Virginia,Washington,peer-support,Peer Support,B,2,regional,State peer certification roster
Virginia,Waynesboro,peer-support,Peer Support,B,2,regional,State peer certification roster
Virginia,Westmoreland,peer-support,Peer Support,B,2,regional,State peer certification roster
Virginia,Williamsburg,peer-support,Peer Support,B,2,regional,State peer certification roster
Virginia,Winchester,peer-support,Peer Support,B,2,regional,State peer certification roster
Virginia,Wise,peer-support,Peer Support,B,2,regional,State peer certification roster
Virginia,Wythe,peer-support,Peer Support,B,2,regional,State peer certification roster
Virginia,York,peer-support,Peer Support,B,2,regional,State peer certification roster
Virginia,Accomack,family-children,Family & Children,B,2,regional,211; family reentry nonprofits
Virginia,Albemarle,family-children,Family & Children,B,2,regional,211; family reentry nonprofits
Virginia,Alexandria,family-children,Family & Children,B,2,regional,211; family reentry nonprofits
Virginia,Alleghany,family-children,Family & Children,B,2,regional,211; family reentry nonprofits
Virginia,Amelia,family-children,Family & Children,B,2,regional,211; family reentry nonprofits
Virginia,Amherst,family-children,Family & Children,B,2,regional,211; family reentry nonprofits
Virginia,Appomattox,family-children,Family & Children,B,2,regional,211; family reentry nonprofits
Virginia,Arlington,family-children,Family & Children,B,2,regional,211; family reentry nonprofits
Virginia,Augusta,family-children,Family & Children,B,2,regional,211; family reentry nonprofits
Virginia,Bath,family-children,Family & Children,B,2,regional,211; family reentry nonprofits
Virginia,Bedford,family-children,Family & Children,B,2,regional,211; family reentry nonprofits
Virginia,Bland,family-children,Family & Children,B,2,regional,211; family reentry nonprofits
Virginia,Botetourt,family-children,Family & Children,B,2,regional,211; family reentry nonprofits
Virginia,Bristol,family-children,Family & Children,B,2,regional,211; family reentry nonprofits
Virginia,Brunswick,family-children,Family & Children,B,2,regional,211; family reentry nonprofits
Virginia,Buchanan,family-children,Family & Children,B,2,regional,211; family reentry nonprofits
Virginia,Buckingham,family-children,Family & Children,B,2,regional,211; family reentry nonprofits
Virginia,Buena Vista,family-children,Family & Children,B,2,regional,211; family reentry nonprofits
Virginia,Campbell,family-children,Family & Children,B,2,regional,211; family reentry nonprofits
Virginia,Caroline,family-children,Family & Children,B,2,regional,211; family reentry nonprofits
Virginia,Carroll,family-children,Family & Children,B,2,regional,211; family reentry nonprofits
Virginia,Charles City,family-children,Family & Children,B,2,regional,211; family reentry nonprofits
Virginia,Charlotte,family-children,Family & Children,B,2,regional,211; family reentry nonprofits
Virginia,Charlottesville,family-children,Family & Children,B,2,regional,211; family reentry nonprofits
Virginia,Chesterfield,family-children,Family & Children,B,2,regional,211; family reentry nonprofits
Virginia,Clarke,family-children,Family & Children,B,2,regional,211; family reentry nonprofits
Virginia,Colonial Heights,family-children,Family & Children,B,2,regional,211; family reentry nonprofits
Virginia,Covington,family-children,Family & Children,B,2,regional,211; family reentry nonprofits
Virginia,Craig,family-children,Family & Children,B,2,regional,211; family reentry nonprofits
Virginia,Culpeper,family-children,Family & Children,B,2,regional,211; family reentry nonprofits
Virginia,Cumberland,family-children,Family & Children,B,2,regional,211; family reentry nonprofits
Virginia,Danville,family-children,Family & Children,B,2,regional,211; family reentry nonprofits
Virginia,Dickenson,family-children,Family & Children,B,2,regional,211; family reentry nonprofits
Virginia,Dinwiddie,family-children,Family & Children,B,2,regional,211; family reentry nonprofits
Virginia,Emporia,family-children,Family & Children,B,2,regional,211; family reentry nonprofits
Virginia,Essex,family-children,Family & Children,B,2,regional,211; family reentry nonprofits
Virginia,Fairfax,family-children,Family & Children,B,2,regional,211; family reentry nonprofits
Virginia,Fairfax City,family-children,Family & Children,B,2,regional,211; family reentry nonprofits
Virginia,Falls Church,family-children,Family & Children,B,2,regional,211; family reentry nonprofits
Virginia,Fauquier,family-children,Family & Children,B,2,regional,211; family reentry nonprofits
Virginia,Floyd,family-children,Family & Children,B,2,regional,211; family reentry nonprofits
Virginia,Fluvanna,family-children,Family & Children,B,2,regional,211; family reentry nonprofits
Virginia,Franklin,family-children,Family & Children,B,2,regional,211; family reentry nonprofits
Virginia,Franklin City,family-children,Family & Children,B,2,regional,211; family reentry nonprofits
Virginia,Frederick,family-children,Family & Children,B,2,regional,211; family reentry nonprofits
Virginia,Fredericksburg,family-children,Family & Children,B,2,regional,211; family reentry nonprofits
Virginia,Galax,family-children,Family & Children,B,2,regional,211; family reentry nonprofits
Virginia,Giles,family-children,Family & Children,B,2,regional,211; family reentry nonprofits
Virginia,Gloucester,family-children,Family & Children,B,2,regional,211; family reentry nonprofits
Virginia,Goochland,family-children,Family & Children,B,2,regional,211; family reentry nonprofits
Virginia,Grayson,family-children,Family & Children,B,2,regional,211; family reentry nonprofits
Virginia,Greene,family-children,Family & Children,B,2,regional,211; family reentry nonprofits
Virginia,Greensville,family-children,Family & Children,B,2,regional,211; family reentry nonprofits
Virginia,Halifax,family-children,Family & Children,B,2,regional,211; family reentry nonprofits
Virginia,Hanover,family-children,Family & Children,B,2,regional,211; family reentry nonprofits
Virginia,Harrisonburg,family-children,Family & Children,B,2,regional,211; family reentry nonprofits
Virginia,Henrico,family-children,Family & Children,B,2,regional,211; family reentry nonprofits
Virginia,Henry,family-children,Family & Children,B,2,regional,211; family reentry nonprofits
Virginia,Highland,family-children,Family & Children,B,2,regional,211; family reentry nonprofits
Virginia,Hopewell,family-children,Family & Children,B,2,regional,211; family reentry nonprofits
Virginia,Isle of Wight,family-children,Family & Children,B,2,regional,211; family reentry nonprofits
Virginia,James City,family-children,Family & Children,B,2,regional,211; family reentry nonprofits
Virginia,King George,family-children,Family & Children,B,2,regional,211; family reentry nonprofits
Virginia,King William,family-children,Family & Children,B,2,regional,211; family reentry nonprofits
Virginia,King and Queen,family-children,Family & Children,B,2,regional,211; family reentry nonprofits
Virginia,Lancaster,family-children,Family & Children,B,2,regional,211; family reentry nonprofits
Virginia,Lee,family-children,Family & Children,B,2,regional,211; family reentry nonprofits
Virginia,Lexington,family-children,Family & Children,B,2,regional,211; family reentry nonprofits
Virginia,Loudoun,family-children,Family & Children,B,2,regional,211; family reentry nonprofits
Virginia,Louisa,family-children,Family & Children,B,2,regional,211; family reentry nonprofits
Virginia,Lunenburg,family-children,Family & Children,B,2,regional,211; family reentry nonprofits
Virginia,Lynchburg,family-children,Family & Children,B,2,regional,211; family reentry nonprofits
Virginia,Madison,family-children,Family & Children,B,2,regional,211; family reentry nonprofits
Virginia,Manassas,family-children,Family & Children,B,2,regional,211; family reentry nonprofits
Virginia,Manassas Park,family-children,Family & Children,B,2,regional,211; family reentry nonprofits
Virginia,Martinsville,family-children,Family & Children,B,2,regional,211; family reentry nonprofits
Virginia,Mathews,family-children,Family & Children,B,2,regional,211; family reentry nonprofits
Virginia,Mecklenburg,family-children,Family & Children,B,2,regional,211; family reentry nonprofits
Virginia,Middlesex,family-children,Family & Children,B,2,regional,211; family reentry nonprofits
Virginia,Montgomery,family-children,Family & Children,B,2,regional,211; family reentry nonprofits
Virginia,Nelson,family-children,Family & Children,B,2,regional,211; family reentry nonprofits
Virginia,New Kent,family-children,Family & Children,B,2,regional,211; family reentry nonprofits
Virginia,Northampton,family-children,Family & Children,B,2,regional,211; family reentry nonprofits
Virginia,Northumberland,family-children,Family & Children,B,2,regional,211; family reentry nonprofits
Virginia,Norton,family-children,Family & Children,B,2,regional,211; family reentry nonprofits
Virginia,Nottoway,family-children,Family & Children,B,2,regional,211; family reentry nonprofits
Virginia,Orange,family-children,Family & Children,B,2,regional,211; family reentry nonprofits
Virginia,Page,family-children,Family & Children,B,2,regional,211; family reentry nonprofits
Virginia,Patrick,family-children,Family & Children,B,2,regional,211; family reentry nonprofits
Virginia,Petersburg,family-children,Family & Children,B,2,regional,211; family reentry nonprofits
Virginia,Pittsylvania,family-children,Family & Children,B,2,regional,211; family reentry nonprofits
Virginia,Poquoson,family-children,Family & Children,B,2,regional,211; family reentry nonprofits
Virginia,Powhatan,family-children,Family & Children,B,2,regional,211; family reentry nonprofits
Virginia,Prince Edward,family-children,Family & Children,B,2,regional,211; family reentry nonprofits
Virginia,Prince George,family-children,Family & Children,B,2,regional,211; family reentry nonprofits
Virginia,Prince William,family-children,Family & Children,B,2,regional,211; family reentry nonprofits
Virginia,Pulaski,family-children,Family & Children,B,2,regional,211; family reentry nonprofits
Virginia,Radford,family-children,Family & Children,B,2,regional,211; family reentry nonprofits
Virginia,Rappahannock,family-children,Family & Children,B,2,regional,211; family reentry nonprofits
Virginia,Richmond,family-children,Family & Children,B,2,regional,211; family reentry nonprofits
Virginia,Richmond City,family-children,Family & Children,B,2,regional,211; family reentry nonprofits
Virginia,Roanoke,family-children,Family & Children,B,2,regional,211; family reentry nonprofits
Virginia,Roanoke City,family-children,Family & Children,B,2,regional,211; family reentry nonprofits
Virginia,Rockbridge,family-children,Family & Children,B,2,regional,211; family reentry nonprofits
Virginia,Rockingham,family-children,Family & Children,B,2,regional,211; family reentry nonprofits
Virginia,Russell,family-children,Family & Children,B,2,regional,211; family reentry nonprofits
Virginia,Salem,family-children,Family & Children,B,2,regional,211; family reentry nonprofits
Virginia,Scott,family-children,Family & Children,B,2,regional,211; family reentry nonprofits
Virginia,Shenandoah,family-children,Family & Children,B,2,regional,211; family reentry nonprofits
Virginia,Smyth,family-children,Family & Children,B,2,regional,211; family reentry nonprofits
Virginia,Southampton,family-children,Family & Children,B,2,regional,211; family reentry nonprofits
Virginia,Spotsylvania,family-children,Family & Children,B,2,regional,211; family reentry nonprofits
Virginia,Stafford,family-children,Family & Children,B,2,regional,211; family reentry nonprofits
Virginia,Staunton,family-children,Family & Children,B,2,regional,211; family reentry nonprofits
Virginia,Surry,family-children,Family & Children,B,2,regional,211; family reentry nonprofits
Virginia,Sussex,family-children,Family & Children,B,2,regional,211; family reentry nonprofits
Virginia,Tazewell,family-children,Family & Children,B,2,regional,211; family reentry nonprofits
Virginia,Warren,family-children,Family & Children,B,2,regional,211; family reentry nonprofits
Virginia,Washington,family-children,Family & Children,B,2,regional,211; family reentry nonprofits
Virginia,Waynesboro,family-children,Family & Children,B,2,regional,211; family reentry nonprofits
Virginia,Westmoreland,family-children,Family & Children,B,2,regional,211; family reentry nonprofits
Virginia,Williamsburg,family-children,Family & Children,B,2,regional,211; family reentry nonprofits
Virginia,Winchester,family-children,Family & Children,B,2,regional,211; family reentry nonprofits
Virginia,Wise,family-children,Family & Children,B,2,regional,211; family reentry nonprofits
Virginia,Wythe,family-children,Family & Children,B,2,regional,211; family reentry nonprofits
Virginia,York,family-children,Family & Children,B,2,regional,211; family reentry nonprofits
Virginia,Accomack,veterans,Veterans,B,2,regional,VA; county veterans service officer
Virginia,Albemarle,veterans,Veterans,B,2,regional,VA; county veterans service officer
Virginia,Alexandria,veterans,Veterans,B,2,regional,VA; county veterans service officer
Virginia,Alleghany,veterans,Veterans,B,2,regional,VA; county veterans service officer
Virginia,Amelia,veterans,Veterans,B,2,regional,VA; county veterans service officer
Virginia,Amherst,veterans,Veterans,B,2,regional,VA; county veterans service officer
Virginia,Appomattox,veterans,Veterans,B,2,regional,VA; county veterans service officer
Virginia,Arlington,veterans,Veterans,B,2,regional,VA; county veterans service officer
Virginia,Augusta,veterans,Veterans,B,2,regional,VA; county veterans service officer
Virginia,Bath,veterans,Veterans,B,2,regional,VA; county veterans service officer
Virginia,Bedford,veterans,Veterans,B,2,regional,VA; county veterans service officer
Virginia,Bland,veterans,Veterans,B,2,regional,VA; county veterans service officer
Virginia,Botetourt,veterans,Veterans,B,2,regional,VA; county veterans service officer
Virginia,Brunswick,veterans,Veterans,B,2,regional,VA; county veterans service officer
Virginia,Buckingham,veterans,Veterans,B,2,regional,VA; county veterans service officer
Virginia,Buena Vista,veterans,Veterans,B,2,regional,VA; county veterans service officer
Virginia,Campbell,veterans,Veterans,B,2,regional,VA; county veterans service officer
Virginia,Caroline,veterans,Veterans,B,2,regional,VA; county veterans service officer
Virginia,Carroll,veterans,Veterans,B,2,regional,VA; county veterans service officer
Virginia,Charles City,veterans,Veterans,B,2,regional,VA; county veterans service officer
Virginia,Charlotte,veterans,Veterans,B,2,regional,VA; county veterans service officer
Virginia,Charlottesville,veterans,Veterans,B,2,regional,VA; county veterans service officer
Virginia,Chesapeake,veterans,Veterans,B,2,regional,VA; county veterans service officer
Virginia,Clarke,veterans,Veterans,B,2,regional,VA; county veterans service officer
Virginia,Colonial Heights,veterans,Veterans,B,2,regional,VA; county veterans service officer
Virginia,Covington,veterans,Veterans,B,2,regional,VA; county veterans service officer
Virginia,Craig,veterans,Veterans,B,2,regional,VA; county veterans service officer
Virginia,Culpeper,veterans,Veterans,B,2,regional,VA; county veterans service officer
Virginia,Cumberland,veterans,Veterans,B,2,regional,VA; county veterans service officer
Virginia,Danville,veterans,Veterans,B,2,regional,VA; county veterans service officer
Virginia,Dinwiddie,veterans,Veterans,B,2,regional,VA; county veterans service officer
Virginia,Emporia,veterans,Veterans,B,2,regional,VA; county veterans service officer
Virginia,Essex,veterans,Veterans,B,2,regional,VA; county veterans service officer
Virginia,Fairfax,veterans,Veterans,B,2,regional,VA; county veterans service officer
Virginia,Fairfax City,veterans,Veterans,B,2,regional,VA; county veterans service officer
Virginia,Falls Church,veterans,Veterans,B,2,regional,VA; county veterans service officer
Virginia,Fauquier,veterans,Veterans,B,2,regional,VA; county veterans service officer
Virginia,Floyd,veterans,Veterans,B,2,regional,VA; county veterans service officer
Virginia,Fluvanna,veterans,Veterans,B,2,regional,VA; county veterans service officer
Virginia,Franklin,veterans,Veterans,B,2,regional,VA; county veterans service officer
Virginia,Franklin City,veterans,Veterans,B,2,regional,VA; county veterans service officer
Virginia,Frederick,veterans,Veterans,B,2,regional,VA; county veterans service officer
Virginia,Fredericksburg,veterans,Veterans,B,2,regional,VA; county veterans service officer
Virginia,Galax,veterans,Veterans,B,2,regional,VA; county veterans service officer
Virginia,Giles,veterans,Veterans,B,2,regional,VA; county veterans service officer
Virginia,Gloucester,veterans,Veterans,B,2,regional,VA; county veterans service officer
Virginia,Goochland,veterans,Veterans,B,2,regional,VA; county veterans service officer
Virginia,Grayson,veterans,Veterans,B,2,regional,VA; county veterans service officer
Virginia,Greene,veterans,Veterans,B,2,regional,VA; county veterans service officer
Virginia,Greensville,veterans,Veterans,B,2,regional,VA; county veterans service officer
Virginia,Halifax,veterans,Veterans,B,2,regional,VA; county veterans service officer
Virginia,Harrisonburg,veterans,Veterans,B,2,regional,VA; county veterans service officer
Virginia,Highland,veterans,Veterans,B,2,regional,VA; county veterans service officer
Virginia,Hopewell,veterans,Veterans,B,2,regional,VA; county veterans service officer
Virginia,Isle of Wight,veterans,Veterans,B,2,regional,VA; county veterans service officer
Virginia,James City,veterans,Veterans,B,2,regional,VA; county veterans service officer
Virginia,King George,veterans,Veterans,B,2,regional,VA; county veterans service officer
Virginia,King William,veterans,Veterans,B,2,regional,VA; county veterans service officer
Virginia,King and Queen,veterans,Veterans,B,2,regional,VA; county veterans service officer
Virginia,Lancaster,veterans,Veterans,B,2,regional,VA; county veterans service officer
Virginia,Lexington,veterans,Veterans,B,2,regional,VA; county veterans service officer
Virginia,Loudoun,veterans,Veterans,B,2,regional,VA; county veterans service officer
Virginia,Louisa,veterans,Veterans,B,2,regional,VA; county veterans service officer
Virginia,Lunenburg,veterans,Veterans,B,2,regional,VA; county veterans service officer
Virginia,Lynchburg,veterans,Veterans,B,2,regional,VA; county veterans service officer
Virginia,Madison,veterans,Veterans,B,2,regional,VA; county veterans service officer
Virginia,Manassas,veterans,Veterans,B,2,regional,VA; county veterans service officer
Virginia,Manassas Park,veterans,Veterans,B,2,regional,VA; county veterans service officer
Virginia,Martinsville,veterans,Veterans,B,2,regional,VA; county veterans service officer
Virginia,Mathews,veterans,Veterans,B,2,regional,VA; county veterans service officer
Virginia,Mecklenburg,veterans,Veterans,B,2,regional,VA; county veterans service officer
Virginia,Middlesex,veterans,Veterans,B,2,regional,VA; county veterans service officer
Virginia,Nelson,veterans,Veterans,B,2,regional,VA; county veterans service officer
Virginia,New Kent,veterans,Veterans,B,2,regional,VA; county veterans service officer
Virginia,Northampton,veterans,Veterans,B,2,regional,VA; county veterans service officer
Virginia,Northumberland,veterans,Veterans,B,2,regional,VA; county veterans service officer
Virginia,Nottoway,veterans,Veterans,B,2,regional,VA; county veterans service officer
Virginia,Orange,veterans,Veterans,B,2,regional,VA; county veterans service officer
Virginia,Page,veterans,Veterans,B,2,regional,VA; county veterans service officer
Virginia,Pittsylvania,veterans,Veterans,B,2,regional,VA; county veterans service officer
Virginia,Poquoson,veterans,Veterans,B,2,regional,VA; county veterans service officer
Virginia,Powhatan,veterans,Veterans,B,2,regional,VA; county veterans service officer
Virginia,Prince Edward,veterans,Veterans,B,2,regional,VA; county veterans service officer
Virginia,Prince George,veterans,Veterans,B,2,regional,VA; county veterans service officer
Virginia,Prince William,veterans,Veterans,B,2,regional,VA; county veterans service officer
Virginia,Rappahannock,veterans,Veterans,B,2,regional,VA; county veterans service officer
Virginia,Richmond,veterans,Veterans,B,2,regional,VA; county veterans service officer
Virginia,Rockbridge,veterans,Veterans,B,2,regional,VA; county veterans service officer
Virginia,Rockingham,veterans,Veterans,B,2,regional,VA; county veterans service officer
Virginia,Shenandoah,veterans,Veterans,B,2,regional,VA; county veterans service officer
Virginia,Southampton,veterans,Veterans,B,2,regional,VA; county veterans service officer
Virginia,Spotsylvania,veterans,Veterans,B,2,regional,VA; county veterans service officer
Virginia,Stafford,veterans,Veterans,B,2,regional,VA; county veterans service officer
Virginia,Staunton,veterans,Veterans,B,2,regional,VA; county veterans service officer
Virginia,Suffolk,veterans,Veterans,B,2,regional,VA; county veterans service officer
Virginia,Surry,veterans,Veterans,B,2,regional,VA; county veterans service officer
Virginia,Sussex,veterans,Veterans,B,2,regional,VA; county veterans service officer
Virginia,Warren,veterans,Veterans,B,2,regional,VA; county veterans service officer
Virginia,Waynesboro,veterans,Veterans,B,2,regional,VA; county veterans service officer
Virginia,Westmoreland,veterans,Veterans,B,2,regional,VA; county veterans service officer
Virginia,Williamsburg,veterans,Veterans,B,2,regional,VA; county veterans service officer
Virginia,Winchester,veterans,Veterans,B,2,regional,VA; county veterans service officer
Virginia,York,veterans,Veterans,B,2,regional,VA; county veterans service officer
Virginia,Albemarle,education,Education,B,2,regional,Adult ed/ABLE; community college reentry
Virginia,Alexandria,education,Education,B,2,regional,Adult ed/ABLE; community college reentry
Virginia,Alleghany,education,Education,B,2,regional,Adult ed/ABLE; community college reentry
Virginia,Amelia,education,Education,B,2,regional,Adult ed/ABLE; community college reentry
Virginia,Amherst,education,Education,B,2,regional,Adult ed/ABLE; community college reentry
Virginia,Appomattox,education,Education,B,2,regional,Adult ed/ABLE; community college reentry
Virginia,Arlington,education,Education,B,2,regional,Adult ed/ABLE; community college reentry
Virginia,Augusta,education,Education,B,2,regional,Adult ed/ABLE; community college reentry
Virginia,Bath,education,Education,B,2,regional,Adult ed/ABLE; community college reentry
Virginia,Bedford,education,Education,B,2,regional,Adult ed/ABLE; community college reentry
Virginia,Brunswick,education,Education,B,2,regional,Adult ed/ABLE; community college reentry
Virginia,Buckingham,education,Education,B,2,regional,Adult ed/ABLE; community college reentry
Virginia,Buena Vista,education,Education,B,2,regional,Adult ed/ABLE; community college reentry
Virginia,Campbell,education,Education,B,2,regional,Adult ed/ABLE; community college reentry
Virginia,Caroline,education,Education,B,2,regional,Adult ed/ABLE; community college reentry
Virginia,Charles City,education,Education,B,2,regional,Adult ed/ABLE; community college reentry
Virginia,Charlotte,education,Education,B,2,regional,Adult ed/ABLE; community college reentry
Virginia,Charlottesville,education,Education,B,2,regional,Adult ed/ABLE; community college reentry
Virginia,Chesapeake,education,Education,B,2,regional,Adult ed/ABLE; community college reentry
Virginia,Chesterfield,education,Education,B,2,regional,Adult ed/ABLE; community college reentry
Virginia,Clarke,education,Education,B,2,regional,Adult ed/ABLE; community college reentry
Virginia,Colonial Heights,education,Education,B,2,regional,Adult ed/ABLE; community college reentry
Virginia,Culpeper,education,Education,B,2,regional,Adult ed/ABLE; community college reentry
Virginia,Cumberland,education,Education,B,2,regional,Adult ed/ABLE; community college reentry
Virginia,Dinwiddie,education,Education,B,2,regional,Adult ed/ABLE; community college reentry
Virginia,Emporia,education,Education,B,2,regional,Adult ed/ABLE; community college reentry
Virginia,Essex,education,Education,B,2,regional,Adult ed/ABLE; community college reentry
Virginia,Fairfax,education,Education,B,2,regional,Adult ed/ABLE; community college reentry
Virginia,Fairfax City,education,Education,B,2,regional,Adult ed/ABLE; community college reentry
Virginia,Falls Church,education,Education,B,2,regional,Adult ed/ABLE; community college reentry
Virginia,Fauquier,education,Education,B,2,regional,Adult ed/ABLE; community college reentry
Virginia,Fluvanna,education,Education,B,2,regional,Adult ed/ABLE; community college reentry
Virginia,Franklin City,education,Education,B,2,regional,Adult ed/ABLE; community college reentry
Virginia,Frederick,education,Education,B,2,regional,Adult ed/ABLE; community college reentry
Virginia,Fredericksburg,education,Education,B,2,regional,Adult ed/ABLE; community college reentry
Virginia,Gloucester,education,Education,B,2,regional,Adult ed/ABLE; community college reentry
Virginia,Goochland,education,Education,B,2,regional,Adult ed/ABLE; community college reentry
Virginia,Greene,education,Education,B,2,regional,Adult ed/ABLE; community college reentry
Virginia,Greensville,education,Education,B,2,regional,Adult ed/ABLE; community college reentry
Virginia,Halifax,education,Education,B,2,regional,Adult ed/ABLE; community college reentry
Virginia,Hampton,education,Education,B,2,regional,Adult ed/ABLE; community college reentry
Virginia,Hanover,education,Education,B,2,regional,Adult ed/ABLE; community college reentry
Virginia,Harrisonburg,education,Education,B,2,regional,Adult ed/ABLE; community college reentry
Virginia,Henrico,education,Education,B,2,regional,Adult ed/ABLE; community college reentry
Virginia,Highland,education,Education,B,2,regional,Adult ed/ABLE; community college reentry
Virginia,Hopewell,education,Education,B,2,regional,Adult ed/ABLE; community college reentry
Virginia,Isle of Wight,education,Education,B,2,regional,Adult ed/ABLE; community college reentry
Virginia,James City,education,Education,B,2,regional,Adult ed/ABLE; community college reentry
Virginia,King George,education,Education,B,2,regional,Adult ed/ABLE; community college reentry
Virginia,King William,education,Education,B,2,regional,Adult ed/ABLE; community college reentry
Virginia,King and Queen,education,Education,B,2,regional,Adult ed/ABLE; community college reentry
Virginia,Lancaster,education,Education,B,2,regional,Adult ed/ABLE; community college reentry
Virginia,Lexington,education,Education,B,2,regional,Adult ed/ABLE; community college reentry
Virginia,Loudoun,education,Education,B,2,regional,Adult ed/ABLE; community college reentry
Virginia,Louisa,education,Education,B,2,regional,Adult ed/ABLE; community college reentry
Virginia,Lunenburg,education,Education,B,2,regional,Adult ed/ABLE; community college reentry
Virginia,Lynchburg,education,Education,B,2,regional,Adult ed/ABLE; community college reentry
Virginia,Madison,education,Education,B,2,regional,Adult ed/ABLE; community college reentry
Virginia,Manassas,education,Education,B,2,regional,Adult ed/ABLE; community college reentry
Virginia,Manassas Park,education,Education,B,2,regional,Adult ed/ABLE; community college reentry
Virginia,Mathews,education,Education,B,2,regional,Adult ed/ABLE; community college reentry
Virginia,Mecklenburg,education,Education,B,2,regional,Adult ed/ABLE; community college reentry
Virginia,Middlesex,education,Education,B,2,regional,Adult ed/ABLE; community college reentry
Virginia,Nelson,education,Education,B,2,regional,Adult ed/ABLE; community college reentry
Virginia,New Kent,education,Education,B,2,regional,Adult ed/ABLE; community college reentry
Virginia,Newport News,education,Education,B,2,regional,Adult ed/ABLE; community college reentry
Virginia,Norfolk,education,Education,B,2,regional,Adult ed/ABLE; community college reentry
Virginia,Northumberland,education,Education,B,2,regional,Adult ed/ABLE; community college reentry
Virginia,Nottoway,education,Education,B,2,regional,Adult ed/ABLE; community college reentry
Virginia,Orange,education,Education,B,2,regional,Adult ed/ABLE; community college reentry
Virginia,Page,education,Education,B,2,regional,Adult ed/ABLE; community college reentry
Virginia,Petersburg,education,Education,B,2,regional,Adult ed/ABLE; community college reentry
Virginia,Poquoson,education,Education,B,2,regional,Adult ed/ABLE; community college reentry
Virginia,Portsmouth,education,Education,B,2,regional,Adult ed/ABLE; community college reentry
Virginia,Powhatan,education,Education,B,2,regional,Adult ed/ABLE; community college reentry
Virginia,Prince Edward,education,Education,B,2,regional,Adult ed/ABLE; community college reentry
Virginia,Prince George,education,Education,B,2,regional,Adult ed/ABLE; community college reentry
Virginia,Prince William,education,Education,B,2,regional,Adult ed/ABLE; community college reentry
Virginia,Rappahannock,education,Education,B,2,regional,Adult ed/ABLE; community college reentry
Virginia,Richmond,education,Education,B,2,regional,Adult ed/ABLE; community college reentry
Virginia,Richmond City,education,Education,B,2,regional,Adult ed/ABLE; community college reentry
Virginia,Rockbridge,education,Education,B,2,regional,Adult ed/ABLE; community college reentry
Virginia,Rockingham,education,Education,B,2,regional,Adult ed/ABLE; community college reentry
Virginia,Shenandoah,education,Education,B,2,regional,Adult ed/ABLE; community college reentry
Virginia,Southampton,education,Education,B,2,regional,Adult ed/ABLE; community college reentry
Virginia,Spotsylvania,education,Education,B,2,regional,Adult ed/ABLE; community college reentry
Virginia,Stafford,education,Education,B,2,regional,Adult ed/ABLE; community college reentry
Virginia,Staunton,education,Education,B,2,regional,Adult ed/ABLE; community college reentry
Virginia,Suffolk,education,Education,B,2,regional,Adult ed/ABLE; community college reentry
Virginia,Surry,education,Education,B,2,regional,Adult ed/ABLE; community college reentry
Virginia,Sussex,education,Education,B,2,regional,Adult ed/ABLE; community college reentry
Virginia,Virginia Beach,education,Education,B,2,regional,Adult ed/ABLE; community college reentry
Virginia,Warren,education,Education,B,2,regional,Adult ed/ABLE; community college reentry
Virginia,Waynesboro,education,Education,B,2,regional,Adult ed/ABLE; community college reentry
Virginia,Westmoreland,education,Education,B,2,regional,Adult ed/ABLE; community college reentry
Virginia,Williamsburg,education,Education,B,2,regional,Adult ed/ABLE; community college reentry
Virginia,Winchester,education,Education,B,2,regional,Adult ed/ABLE; community college reentry
Virginia,York,education,Education,B,2,regional,Adult ed/ABLE; community college reentry
Virginia,Accomack,basic-needs,Basic Needs,B,2,regional,211; United Way basic needs partners
Virginia,Alexandria,basic-needs,Basic Needs,B,2,regional,211; United Way basic needs partners
Virginia,Arlington,basic-needs,Basic Needs,B,2,regional,211; United Way basic needs partners
Virginia,Augusta,basic-needs,Basic Needs,B,2,regional,211; United Way basic needs partners
Virginia,Bath,basic-needs,Basic Needs,B,2,regional,211; United Way basic needs partners
Virginia,Bristol,basic-needs,Basic Needs,B,2,regional,211; United Way basic needs partners
Virginia,Brunswick,basic-needs,Basic Needs,B,2,regional,211; United Way basic needs partners
Virginia,Buchanan,basic-needs,Basic Needs,B,2,regional,211; United Way basic needs partners
Virginia,Buckingham,basic-needs,Basic Needs,B,2,regional,211; United Way basic needs partners
Virginia,Buena Vista,basic-needs,Basic Needs,B,2,regional,211; United Way basic needs partners
Virginia,Carroll,basic-needs,Basic Needs,B,2,regional,211; United Way basic needs partners
Virginia,Charles City,basic-needs,Basic Needs,B,2,regional,211; United Way basic needs partners
Virginia,Charlotte,basic-needs,Basic Needs,B,2,regional,211; United Way basic needs partners
Virginia,Chesapeake,basic-needs,Basic Needs,B,2,regional,211; United Way basic needs partners
Virginia,Culpeper,basic-needs,Basic Needs,B,2,regional,211; United Way basic needs partners
Virginia,Cumberland,basic-needs,Basic Needs,B,2,regional,211; United Way basic needs partners
Virginia,Danville,basic-needs,Basic Needs,B,2,regional,211; United Way basic needs partners
Virginia,Dickenson,basic-needs,Basic Needs,B,2,regional,211; United Way basic needs partners
Virginia,Dinwiddie,basic-needs,Basic Needs,B,2,regional,211; United Way basic needs partners
Virginia,Emporia,basic-needs,Basic Needs,B,2,regional,211; United Way basic needs partners
Virginia,Essex,basic-needs,Basic Needs,B,2,regional,211; United Way basic needs partners
Virginia,Fairfax City,basic-needs,Basic Needs,B,2,regional,211; United Way basic needs partners
Virginia,Falls Church,basic-needs,Basic Needs,B,2,regional,211; United Way basic needs partners
Virginia,Fauquier,basic-needs,Basic Needs,B,2,regional,211; United Way basic needs partners
Virginia,Franklin City,basic-needs,Basic Needs,B,2,regional,211; United Way basic needs partners
Virginia,Galax,basic-needs,Basic Needs,B,2,regional,211; United Way basic needs partners
Virginia,Giles,basic-needs,Basic Needs,B,2,regional,211; United Way basic needs partners
Virginia,Gloucester,basic-needs,Basic Needs,B,2,regional,211; United Way basic needs partners
Virginia,Grayson,basic-needs,Basic Needs,B,2,regional,211; United Way basic needs partners
Virginia,Greensville,basic-needs,Basic Needs,B,2,regional,211; United Way basic needs partners
Virginia,Halifax,basic-needs,Basic Needs,B,2,regional,211; United Way basic needs partners
Virginia,Hampton,basic-needs,Basic Needs,B,2,regional,211; United Way basic needs partners
Virginia,Hanover,basic-needs,Basic Needs,B,2,regional,211; United Way basic needs partners
Virginia,Harrisonburg,basic-needs,Basic Needs,B,2,regional,211; United Way basic needs partners
Virginia,Henry,basic-needs,Basic Needs,B,2,regional,211; United Way basic needs partners
Virginia,Highland,basic-needs,Basic Needs,B,2,regional,211; United Way basic needs partners
Virginia,Hopewell,basic-needs,Basic Needs,B,2,regional,211; United Way basic needs partners
Virginia,Isle of Wight,basic-needs,Basic Needs,B,2,regional,211; United Way basic needs partners
Virginia,James City,basic-needs,Basic Needs,B,2,regional,211; United Way basic needs partners
Virginia,King William,basic-needs,Basic Needs,B,2,regional,211; United Way basic needs partners
Virginia,King and Queen,basic-needs,Basic Needs,B,2,regional,211; United Way basic needs partners
Virginia,Lancaster,basic-needs,Basic Needs,B,2,regional,211; United Way basic needs partners
Virginia,Lee,basic-needs,Basic Needs,B,2,regional,211; United Way basic needs partners
Virginia,Lexington,basic-needs,Basic Needs,B,2,regional,211; United Way basic needs partners
Virginia,Loudoun,basic-needs,Basic Needs,B,2,regional,211; United Way basic needs partners
Virginia,Lunenburg,basic-needs,Basic Needs,B,2,regional,211; United Way basic needs partners
Virginia,Madison,basic-needs,Basic Needs,B,2,regional,211; United Way basic needs partners
Virginia,Manassas,basic-needs,Basic Needs,B,2,regional,211; United Way basic needs partners
Virginia,Manassas Park,basic-needs,Basic Needs,B,2,regional,211; United Way basic needs partners
Virginia,Martinsville,basic-needs,Basic Needs,B,2,regional,211; United Way basic needs partners
Virginia,Mathews,basic-needs,Basic Needs,B,2,regional,211; United Way basic needs partners
Virginia,Mecklenburg,basic-needs,Basic Needs,B,2,regional,211; United Way basic needs partners
Virginia,Middlesex,basic-needs,Basic Needs,B,2,regional,211; United Way basic needs partners
Virginia,Montgomery,basic-needs,Basic Needs,B,2,regional,211; United Way basic needs partners
Virginia,New Kent,basic-needs,Basic Needs,B,2,regional,211; United Way basic needs partners
Virginia,Newport News,basic-needs,Basic Needs,B,2,regional,211; United Way basic needs partners
Virginia,Northampton,basic-needs,Basic Needs,B,2,regional,211; United Way basic needs partners
Virginia,Northumberland,basic-needs,Basic Needs,B,2,regional,211; United Way basic needs partners
Virginia,Norton,basic-needs,Basic Needs,B,2,regional,211; United Way basic needs partners
Virginia,Nottoway,basic-needs,Basic Needs,B,2,regional,211; United Way basic needs partners
Virginia,Orange,basic-needs,Basic Needs,B,2,regional,211; United Way basic needs partners
Virginia,Patrick,basic-needs,Basic Needs,B,2,regional,211; United Way basic needs partners
Virginia,Petersburg,basic-needs,Basic Needs,B,2,regional,211; United Way basic needs partners
Virginia,Pittsylvania,basic-needs,Basic Needs,B,2,regional,211; United Way basic needs partners
Virginia,Poquoson,basic-needs,Basic Needs,B,2,regional,211; United Way basic needs partners
Virginia,Portsmouth,basic-needs,Basic Needs,B,2,regional,211; United Way basic needs partners
Virginia,Prince Edward,basic-needs,Basic Needs,B,2,regional,211; United Way basic needs partners
Virginia,Prince George,basic-needs,Basic Needs,B,2,regional,211; United Way basic needs partners
Virginia,Prince William,basic-needs,Basic Needs,B,2,regional,211; United Way basic needs partners
Virginia,Pulaski,basic-needs,Basic Needs,B,2,regional,211; United Way basic needs partners
Virginia,Radford,basic-needs,Basic Needs,B,2,regional,211; United Way basic needs partners
Virginia,Rappahannock,basic-needs,Basic Needs,B,2,regional,211; United Way basic needs partners
Virginia,Richmond,basic-needs,Basic Needs,B,2,regional,211; United Way basic needs partners
Virginia,Rockbridge,basic-needs,Basic Needs,B,2,regional,211; United Way basic needs partners
Virginia,Rockingham,basic-needs,Basic Needs,B,2,regional,211; United Way basic needs partners
Virginia,Russell,basic-needs,Basic Needs,B,2,regional,211; United Way basic needs partners
Virginia,Scott,basic-needs,Basic Needs,B,2,regional,211; United Way basic needs partners
Virginia,Smyth,basic-needs,Basic Needs,B,2,regional,211; United Way basic needs partners
Virginia,Southampton,basic-needs,Basic Needs,B,2,regional,211; United Way basic needs partners
Virginia,Staunton,basic-needs,Basic Needs,B,2,regional,211; United Way basic needs partners
Virginia,Suffolk,basic-needs,Basic Needs,B,2,regional,211; United Way basic needs partners
Virginia,Surry,basic-needs,Basic Needs,B,2,regional,211; United Way basic needs partners
Virginia,Sussex,basic-needs,Basic Needs,B,2,regional,211; United Way basic needs partners
Virginia,Tazewell,basic-needs,Basic Needs,B,2,regional,211; United Way basic needs partners
Virginia,Virginia Beach,basic-needs,Basic Needs,B,2,regional,211; United Way basic needs partners
Virginia,Washington,basic-needs,Basic Needs,B,2,regional,211; United Way basic needs partners
Virginia,Waynesboro,basic-needs,Basic Needs,B,2,regional,211; United Way basic needs partners
Virginia,Westmoreland,basic-needs,Basic Needs,B,2,regional,211; United Way basic needs partners
Virginia,Williamsburg,basic-needs,Basic Needs,B,2,regional,211; United Way basic needs partners
Virginia,Winchester,basic-needs,Basic Needs,B,2,regional,211; United Way basic needs partners
Virginia,Wise,basic-needs,Basic Needs,B,2,regional,211; United Way basic needs partners
Virginia,York,basic-needs,Basic Needs,B,2,regional,211; United Way basic needs partners
Virginia,Accomack,reentry-organizations,Reentry Organizations,B,2,regional,State reentry council; nonprofit coalitions
Virginia,Albemarle,reentry-organizations,Reentry Organizations,B,2,regional,State reentry council; nonprofit coalitions
Virginia,Amelia,reentry-organizations,Reentry Organizations,B,2,regional,State reentry council; nonprofit coalitions
Virginia,Amherst,reentry-organizations,Reentry Organizations,B,2,regional,State reentry council; nonprofit coalitions
Virginia,Appomattox,reentry-organizations,Reentry Organizations,B,2,regional,State reentry council; nonprofit coalitions
Virginia,Augusta,reentry-organizations,Reentry Organizations,B,2,regional,State reentry council; nonprofit coalitions
Virginia,Bath,reentry-organizations,Reentry Organizations,B,2,regional,State reentry council; nonprofit coalitions
Virginia,Bedford,reentry-organizations,Reentry Organizations,B,2,regional,State reentry council; nonprofit coalitions
Virginia,Brunswick,reentry-organizations,Reentry Organizations,B,2,regional,State reentry council; nonprofit coalitions
Virginia,Buchanan,reentry-organizations,Reentry Organizations,B,2,regional,State reentry council; nonprofit coalitions
Virginia,Buckingham,reentry-organizations,Reentry Organizations,B,2,regional,State reentry council; nonprofit coalitions
Virginia,Campbell,reentry-organizations,Reentry Organizations,B,2,regional,State reentry council; nonprofit coalitions
Virginia,Caroline,reentry-organizations,Reentry Organizations,B,2,regional,State reentry council; nonprofit coalitions
Virginia,Charles City,reentry-organizations,Reentry Organizations,B,2,regional,State reentry council; nonprofit coalitions
Virginia,Charlotte,reentry-organizations,Reentry Organizations,B,2,regional,State reentry council; nonprofit coalitions
Virginia,Charlottesville,reentry-organizations,Reentry Organizations,B,2,regional,State reentry council; nonprofit coalitions
Virginia,Chesapeake,reentry-organizations,Reentry Organizations,B,2,regional,State reentry council; nonprofit coalitions
Virginia,Clarke,reentry-organizations,Reentry Organizations,B,2,regional,State reentry council; nonprofit coalitions
Virginia,Colonial Heights,reentry-organizations,Reentry Organizations,B,2,regional,State reentry council; nonprofit coalitions
Virginia,Culpeper,reentry-organizations,Reentry Organizations,B,2,regional,State reentry council; nonprofit coalitions
Virginia,Cumberland,reentry-organizations,Reentry Organizations,B,2,regional,State reentry council; nonprofit coalitions
Virginia,Danville,reentry-organizations,Reentry Organizations,B,2,regional,State reentry council; nonprofit coalitions
Virginia,Dinwiddie,reentry-organizations,Reentry Organizations,B,2,regional,State reentry council; nonprofit coalitions
Virginia,Emporia,reentry-organizations,Reentry Organizations,B,2,regional,State reentry council; nonprofit coalitions
Virginia,Essex,reentry-organizations,Reentry Organizations,B,2,regional,State reentry council; nonprofit coalitions
Virginia,Fairfax,reentry-organizations,Reentry Organizations,B,2,regional,State reentry council; nonprofit coalitions
Virginia,Fairfax City,reentry-organizations,Reentry Organizations,B,2,regional,State reentry council; nonprofit coalitions
Virginia,Fauquier,reentry-organizations,Reentry Organizations,B,2,regional,State reentry council; nonprofit coalitions
Virginia,Floyd,reentry-organizations,Reentry Organizations,B,2,regional,State reentry council; nonprofit coalitions
Virginia,Fluvanna,reentry-organizations,Reentry Organizations,B,2,regional,State reentry council; nonprofit coalitions
Virginia,Franklin,reentry-organizations,Reentry Organizations,B,2,regional,State reentry council; nonprofit coalitions
Virginia,Franklin City,reentry-organizations,Reentry Organizations,B,2,regional,State reentry council; nonprofit coalitions
Virginia,Frederick,reentry-organizations,Reentry Organizations,B,2,regional,State reentry council; nonprofit coalitions
Virginia,Fredericksburg,reentry-organizations,Reentry Organizations,B,2,regional,State reentry council; nonprofit coalitions
Virginia,Galax,reentry-organizations,Reentry Organizations,B,2,regional,State reentry council; nonprofit coalitions
Virginia,Giles,reentry-organizations,Reentry Organizations,B,2,regional,State reentry council; nonprofit coalitions
Virginia,Gloucester,reentry-organizations,Reentry Organizations,B,2,regional,State reentry council; nonprofit coalitions
Virginia,Goochland,reentry-organizations,Reentry Organizations,B,2,regional,State reentry council; nonprofit coalitions
Virginia,Greene,reentry-organizations,Reentry Organizations,B,2,regional,State reentry council; nonprofit coalitions
Virginia,Greensville,reentry-organizations,Reentry Organizations,B,2,regional,State reentry council; nonprofit coalitions
Virginia,Halifax,reentry-organizations,Reentry Organizations,B,2,regional,State reentry council; nonprofit coalitions
Virginia,Hampton,reentry-organizations,Reentry Organizations,B,2,regional,State reentry council; nonprofit coalitions
Virginia,Harrisonburg,reentry-organizations,Reentry Organizations,B,2,regional,State reentry council; nonprofit coalitions
Virginia,Henry,reentry-organizations,Reentry Organizations,B,2,regional,State reentry council; nonprofit coalitions
Virginia,Highland,reentry-organizations,Reentry Organizations,B,2,regional,State reentry council; nonprofit coalitions
Virginia,Hopewell,reentry-organizations,Reentry Organizations,B,2,regional,State reentry council; nonprofit coalitions
Virginia,Isle of Wight,reentry-organizations,Reentry Organizations,B,2,regional,State reentry council; nonprofit coalitions
Virginia,James City,reentry-organizations,Reentry Organizations,B,2,regional,State reentry council; nonprofit coalitions
Virginia,King George,reentry-organizations,Reentry Organizations,B,2,regional,State reentry council; nonprofit coalitions
Virginia,King William,reentry-organizations,Reentry Organizations,B,2,regional,State reentry council; nonprofit coalitions
Virginia,King and Queen,reentry-organizations,Reentry Organizations,B,2,regional,State reentry council; nonprofit coalitions
Virginia,Lancaster,reentry-organizations,Reentry Organizations,B,2,regional,State reentry council; nonprofit coalitions
Virginia,Loudoun,reentry-organizations,Reentry Organizations,B,2,regional,State reentry council; nonprofit coalitions
Virginia,Louisa,reentry-organizations,Reentry Organizations,B,2,regional,State reentry council; nonprofit coalitions
Virginia,Lunenburg,reentry-organizations,Reentry Organizations,B,2,regional,State reentry council; nonprofit coalitions
Virginia,Lynchburg,reentry-organizations,Reentry Organizations,B,2,regional,State reentry council; nonprofit coalitions
Virginia,Madison,reentry-organizations,Reentry Organizations,B,2,regional,State reentry council; nonprofit coalitions
Virginia,Manassas,reentry-organizations,Reentry Organizations,B,2,regional,State reentry council; nonprofit coalitions
Virginia,Manassas Park,reentry-organizations,Reentry Organizations,B,2,regional,State reentry council; nonprofit coalitions
Virginia,Martinsville,reentry-organizations,Reentry Organizations,B,2,regional,State reentry council; nonprofit coalitions
Virginia,Mathews,reentry-organizations,Reentry Organizations,B,2,regional,State reentry council; nonprofit coalitions
Virginia,Mecklenburg,reentry-organizations,Reentry Organizations,B,2,regional,State reentry council; nonprofit coalitions
Virginia,Middlesex,reentry-organizations,Reentry Organizations,B,2,regional,State reentry council; nonprofit coalitions
Virginia,Montgomery,reentry-organizations,Reentry Organizations,B,2,regional,State reentry council; nonprofit coalitions
Virginia,Nelson,reentry-organizations,Reentry Organizations,B,2,regional,State reentry council; nonprofit coalitions
Virginia,New Kent,reentry-organizations,Reentry Organizations,B,2,regional,State reentry council; nonprofit coalitions
Virginia,Newport News,reentry-organizations,Reentry Organizations,B,2,regional,State reentry council; nonprofit coalitions
Virginia,Norfolk,reentry-organizations,Reentry Organizations,B,2,regional,State reentry council; nonprofit coalitions
Virginia,Northampton,reentry-organizations,Reentry Organizations,B,2,regional,State reentry council; nonprofit coalitions
Virginia,Northumberland,reentry-organizations,Reentry Organizations,B,2,regional,State reentry council; nonprofit coalitions
Virginia,Nottoway,reentry-organizations,Reentry Organizations,B,2,regional,State reentry council; nonprofit coalitions
Virginia,Orange,reentry-organizations,Reentry Organizations,B,2,regional,State reentry council; nonprofit coalitions
Virginia,Page,reentry-organizations,Reentry Organizations,B,2,regional,State reentry council; nonprofit coalitions
Virginia,Patrick,reentry-organizations,Reentry Organizations,B,2,regional,State reentry council; nonprofit coalitions
Virginia,Pittsylvania,reentry-organizations,Reentry Organizations,B,2,regional,State reentry council; nonprofit coalitions
Virginia,Poquoson,reentry-organizations,Reentry Organizations,B,2,regional,State reentry council; nonprofit coalitions
Virginia,Portsmouth,reentry-organizations,Reentry Organizations,B,2,regional,State reentry council; nonprofit coalitions
Virginia,Powhatan,reentry-organizations,Reentry Organizations,B,2,regional,State reentry council; nonprofit coalitions
Virginia,Prince Edward,reentry-organizations,Reentry Organizations,B,2,regional,State reentry council; nonprofit coalitions
Virginia,Prince George,reentry-organizations,Reentry Organizations,B,2,regional,State reentry council; nonprofit coalitions
Virginia,Prince William,reentry-organizations,Reentry Organizations,B,2,regional,State reentry council; nonprofit coalitions
Virginia,Pulaski,reentry-organizations,Reentry Organizations,B,2,regional,State reentry council; nonprofit coalitions
Virginia,Radford,reentry-organizations,Reentry Organizations,B,2,regional,State reentry council; nonprofit coalitions
Virginia,Rappahannock,reentry-organizations,Reentry Organizations,B,2,regional,State reentry council; nonprofit coalitions
Virginia,Richmond,reentry-organizations,Reentry Organizations,B,2,regional,State reentry council; nonprofit coalitions
Virginia,Rockingham,reentry-organizations,Reentry Organizations,B,2,regional,State reentry council; nonprofit coalitions
Virginia,Shenandoah,reentry-organizations,Reentry Organizations,B,2,regional,State reentry council; nonprofit coalitions
Virginia,Southampton,reentry-organizations,Reentry Organizations,B,2,regional,State reentry council; nonprofit coalitions
Virginia,Spotsylvania,reentry-organizations,Reentry Organizations,B,2,regional,State reentry council; nonprofit coalitions
Virginia,Stafford,reentry-organizations,Reentry Organizations,B,2,regional,State reentry council; nonprofit coalitions
Virginia,Staunton,reentry-organizations,Reentry Organizations,B,2,regional,State reentry council; nonprofit coalitions
Virginia,Suffolk,reentry-organizations,Reentry Organizations,B,2,regional,State reentry council; nonprofit coalitions
Virginia,Surry,reentry-organizations,Reentry Organizations,B,2,regional,State reentry council; nonprofit coalitions
Virginia,Sussex,reentry-organizations,Reentry Organizations,B,2,regional,State reentry council; nonprofit coalitions
Virginia,Tazewell,reentry-organizations,Reentry Organizations,B,2,regional,State reentry council; nonprofit coalitions
Virginia,Virginia Beach,reentry-organizations,Reentry Organizations,B,2,regional,State reentry council; nonprofit coalitions
Virginia,Warren,reentry-organizations,Reentry Organizations,B,2,regional,State reentry council; nonprofit coalitions
Virginia,Waynesboro,reentry-organizations,Reentry Organizations,B,2,regional,State reentry council; nonprofit coalitions
Virginia,Westmoreland,reentry-organizations,Reentry Organizations,B,2,regional,State reentry council; nonprofit coalitions
Virginia,Williamsburg,reentry-organizations,Reentry Organizations,B,2,regional,State reentry council; nonprofit coalitions
Virginia,Winchester,reentry-organizations,Reentry Organizations,B,2,regional,State reentry council; nonprofit coalitions
Virginia,York,reentry-organizations,Reentry Organizations,B,2,regional,State reentry council; nonprofit coalitions
West Virginia,Barbour,id-documentation,ID & Documentation,B,2,regional,Legal aid ID clinic; circuit clerk vital records
West Virginia,Boone,id-documentation,ID & Documentation,B,2,regional,Legal aid ID clinic; circuit clerk vital records
West Virginia,Braxton,id-documentation,ID & Documentation,B,2,regional,Legal aid ID clinic; circuit clerk vital records
West Virginia,Brooke,id-documentation,ID & Documentation,B,2,regional,Legal aid ID clinic; circuit clerk vital records
West Virginia,Calhoun,id-documentation,ID & Documentation,B,2,regional,Legal aid ID clinic; circuit clerk vital records
West Virginia,Clay,id-documentation,ID & Documentation,B,2,regional,Legal aid ID clinic; circuit clerk vital records
West Virginia,Doddridge,id-documentation,ID & Documentation,B,2,regional,Legal aid ID clinic; circuit clerk vital records
West Virginia,Fayette,id-documentation,ID & Documentation,B,2,regional,Legal aid ID clinic; circuit clerk vital records
West Virginia,Gilmer,id-documentation,ID & Documentation,B,2,regional,Legal aid ID clinic; circuit clerk vital records
West Virginia,Grant,id-documentation,ID & Documentation,B,2,regional,Legal aid ID clinic; circuit clerk vital records
West Virginia,Greenbrier,id-documentation,ID & Documentation,B,2,regional,Legal aid ID clinic; circuit clerk vital records
West Virginia,Hampshire,id-documentation,ID & Documentation,B,2,regional,Legal aid ID clinic; circuit clerk vital records
West Virginia,Hancock,id-documentation,ID & Documentation,B,2,regional,Legal aid ID clinic; circuit clerk vital records
West Virginia,Hardy,id-documentation,ID & Documentation,B,2,regional,Legal aid ID clinic; circuit clerk vital records
West Virginia,Harrison,id-documentation,ID & Documentation,B,2,regional,Legal aid ID clinic; circuit clerk vital records
West Virginia,Jackson,id-documentation,ID & Documentation,B,2,regional,Legal aid ID clinic; circuit clerk vital records
West Virginia,Jefferson,id-documentation,ID & Documentation,B,2,regional,Legal aid ID clinic; circuit clerk vital records
West Virginia,Lewis,id-documentation,ID & Documentation,B,2,regional,Legal aid ID clinic; circuit clerk vital records
West Virginia,Lincoln,id-documentation,ID & Documentation,B,2,regional,Legal aid ID clinic; circuit clerk vital records
West Virginia,Logan,id-documentation,ID & Documentation,B,2,regional,Legal aid ID clinic; circuit clerk vital records
West Virginia,Marion,id-documentation,ID & Documentation,B,2,regional,Legal aid ID clinic; circuit clerk vital records
West Virginia,Marshall,id-documentation,ID & Documentation,B,2,regional,Legal aid ID clinic; circuit clerk vital records
West Virginia,Mason,id-documentation,ID & Documentation,B,2,regional,Legal aid ID clinic; circuit clerk vital records
West Virginia,McDowell,id-documentation,ID & Documentation,B,2,regional,Legal aid ID clinic; circuit clerk vital records
West Virginia,Mercer,id-documentation,ID & Documentation,B,2,regional,Legal aid ID clinic; circuit clerk vital records
West Virginia,Mineral,id-documentation,ID & Documentation,B,2,regional,Legal aid ID clinic; circuit clerk vital records
West Virginia,Mingo,id-documentation,ID & Documentation,B,2,regional,Legal aid ID clinic; circuit clerk vital records
West Virginia,Monongalia,id-documentation,ID & Documentation,B,2,regional,Legal aid ID clinic; circuit clerk vital records
West Virginia,Monroe,id-documentation,ID & Documentation,B,2,regional,Legal aid ID clinic; circuit clerk vital records
West Virginia,Morgan,id-documentation,ID & Documentation,B,2,regional,Legal aid ID clinic; circuit clerk vital records
West Virginia,Nicholas,id-documentation,ID & Documentation,B,2,regional,Legal aid ID clinic; circuit clerk vital records
West Virginia,Ohio,id-documentation,ID & Documentation,B,2,regional,Legal aid ID clinic; circuit clerk vital records
West Virginia,Pendleton,id-documentation,ID & Documentation,B,2,regional,Legal aid ID clinic; circuit clerk vital records
West Virginia,Pleasants,id-documentation,ID & Documentation,B,2,regional,Legal aid ID clinic; circuit clerk vital records
West Virginia,Pocahontas,id-documentation,ID & Documentation,B,2,regional,Legal aid ID clinic; circuit clerk vital records
West Virginia,Preston,id-documentation,ID & Documentation,B,2,regional,Legal aid ID clinic; circuit clerk vital records
West Virginia,Putnam,id-documentation,ID & Documentation,B,2,regional,Legal aid ID clinic; circuit clerk vital records
West Virginia,Raleigh,id-documentation,ID & Documentation,B,2,regional,Legal aid ID clinic; circuit clerk vital records
West Virginia,Randolph,id-documentation,ID & Documentation,B,2,regional,Legal aid ID clinic; circuit clerk vital records
West Virginia,Ritchie,id-documentation,ID & Documentation,B,2,regional,Legal aid ID clinic; circuit clerk vital records
West Virginia,Roane,id-documentation,ID & Documentation,B,2,regional,Legal aid ID clinic; circuit clerk vital records
West Virginia,Summers,id-documentation,ID & Documentation,B,2,regional,Legal aid ID clinic; circuit clerk vital records
West Virginia,Taylor,id-documentation,ID & Documentation,B,2,regional,Legal aid ID clinic; circuit clerk vital records
West Virginia,Tucker,id-documentation,ID & Documentation,B,2,regional,Legal aid ID clinic; circuit clerk vital records
West Virginia,Tyler,id-documentation,ID & Documentation,B,2,regional,Legal aid ID clinic; circuit clerk vital records
West Virginia,Upshur,id-documentation,ID & Documentation,B,2,regional,Legal aid ID clinic; circuit clerk vital records
West Virginia,Wayne,id-documentation,ID & Documentation,B,2,regional,Legal aid ID clinic; circuit clerk vital records
West Virginia,Webster,id-documentation,ID & Documentation,B,2,regional,Legal aid ID clinic; circuit clerk vital records
West Virginia,Wetzel,id-documentation,ID & Documentation,B,2,regional,Legal aid ID clinic; circuit clerk vital records
West Virginia,Wirt,id-documentation,ID & Documentation,B,2,regional,Legal aid ID clinic; circuit clerk vital records
West Virginia,Wyoming,id-documentation,ID & Documentation,B,2,regional,Legal aid ID clinic; circuit clerk vital records
West Virginia,Barbour,transportation,Transportation,B,2,regional,Transit authority voucher programs
West Virginia,Berkeley,transportation,Transportation,B,2,regional,Transit authority voucher programs
West Virginia,Boone,transportation,Transportation,B,2,regional,Transit authority voucher programs
West Virginia,Braxton,transportation,Transportation,B,2,regional,Transit authority voucher programs
West Virginia,Brooke,transportation,Transportation,B,2,regional,Transit authority voucher programs
West Virginia,Calhoun,transportation,Transportation,B,2,regional,Transit authority voucher programs
West Virginia,Clay,transportation,Transportation,B,2,regional,Transit authority voucher programs
West Virginia,Doddridge,transportation,Transportation,B,2,regional,Transit authority voucher programs
West Virginia,Fayette,transportation,Transportation,B,2,regional,Transit authority voucher programs
West Virginia,Gilmer,transportation,Transportation,B,2,regional,Transit authority voucher programs
West Virginia,Grant,transportation,Transportation,B,2,regional,Transit authority voucher programs
West Virginia,Greenbrier,transportation,Transportation,B,2,regional,Transit authority voucher programs
West Virginia,Hampshire,transportation,Transportation,B,2,regional,Transit authority voucher programs
West Virginia,Hancock,transportation,Transportation,B,2,regional,Transit authority voucher programs
West Virginia,Hardy,transportation,Transportation,B,2,regional,Transit authority voucher programs
West Virginia,Harrison,transportation,Transportation,B,2,regional,Transit authority voucher programs
West Virginia,Jackson,transportation,Transportation,B,2,regional,Transit authority voucher programs
West Virginia,Jefferson,transportation,Transportation,B,2,regional,Transit authority voucher programs
West Virginia,Lewis,transportation,Transportation,B,2,regional,Transit authority voucher programs
West Virginia,Lincoln,transportation,Transportation,B,2,regional,Transit authority voucher programs
West Virginia,Logan,transportation,Transportation,B,2,regional,Transit authority voucher programs
West Virginia,Marion,transportation,Transportation,B,2,regional,Transit authority voucher programs
West Virginia,Marshall,transportation,Transportation,B,2,regional,Transit authority voucher programs
West Virginia,Mason,transportation,Transportation,B,2,regional,Transit authority voucher programs
West Virginia,McDowell,transportation,Transportation,B,2,regional,Transit authority voucher programs
West Virginia,Mercer,transportation,Transportation,B,2,regional,Transit authority voucher programs
West Virginia,Mineral,transportation,Transportation,B,2,regional,Transit authority voucher programs
West Virginia,Mingo,transportation,Transportation,B,2,regional,Transit authority voucher programs
West Virginia,Monongalia,transportation,Transportation,B,2,regional,Transit authority voucher programs
West Virginia,Monroe,transportation,Transportation,B,2,regional,Transit authority voucher programs
West Virginia,Morgan,transportation,Transportation,B,2,regional,Transit authority voucher programs
West Virginia,Nicholas,transportation,Transportation,B,2,regional,Transit authority voucher programs
West Virginia,Ohio,transportation,Transportation,B,2,regional,Transit authority voucher programs
West Virginia,Pendleton,transportation,Transportation,B,2,regional,Transit authority voucher programs
West Virginia,Pleasants,transportation,Transportation,B,2,regional,Transit authority voucher programs
West Virginia,Pocahontas,transportation,Transportation,B,2,regional,Transit authority voucher programs
West Virginia,Preston,transportation,Transportation,B,2,regional,Transit authority voucher programs
West Virginia,Raleigh,transportation,Transportation,B,2,regional,Transit authority voucher programs
West Virginia,Randolph,transportation,Transportation,B,2,regional,Transit authority voucher programs
West Virginia,Ritchie,transportation,Transportation,B,2,regional,Transit authority voucher programs
West Virginia,Roane,transportation,Transportation,B,2,regional,Transit authority voucher programs
West Virginia,Summers,transportation,Transportation,B,2,regional,Transit authority voucher programs
West Virginia,Taylor,transportation,Transportation,B,2,regional,Transit authority voucher programs
West Virginia,Tucker,transportation,Transportation,B,2,regional,Transit authority voucher programs
West Virginia,Tyler,transportation,Transportation,B,2,regional,Transit authority voucher programs
West Virginia,Upshur,transportation,Transportation,B,2,regional,Transit authority voucher programs
West Virginia,Webster,transportation,Transportation,B,2,regional,Transit authority voucher programs
West Virginia,Wetzel,transportation,Transportation,B,2,regional,Transit authority voucher programs
West Virginia,Wirt,transportation,Transportation,B,2,regional,Transit authority voucher programs
West Virginia,Wood,transportation,Transportation,B,2,regional,Transit authority voucher programs
West Virginia,Wyoming,transportation,Transportation,B,2,regional,Transit authority voucher programs
West Virginia,Barbour,peer-support,Peer Support,B,2,regional,State peer certification roster
West Virginia,Berkeley,peer-support,Peer Support,B,2,regional,State peer certification roster
West Virginia,Braxton,peer-support,Peer Support,B,2,regional,State peer certification roster
West Virginia,Brooke,peer-support,Peer Support,B,2,regional,State peer certification roster
West Virginia,Calhoun,peer-support,Peer Support,B,2,regional,State peer certification roster
West Virginia,Clay,peer-support,Peer Support,B,2,regional,State peer certification roster
West Virginia,Doddridge,peer-support,Peer Support,B,2,regional,State peer certification roster
West Virginia,Fayette,peer-support,Peer Support,B,2,regional,State peer certification roster
West Virginia,Gilmer,peer-support,Peer Support,B,2,regional,State peer certification roster
West Virginia,Grant,peer-support,Peer Support,B,2,regional,State peer certification roster
West Virginia,Greenbrier,peer-support,Peer Support,B,2,regional,State peer certification roster
West Virginia,Hampshire,peer-support,Peer Support,B,2,regional,State peer certification roster
West Virginia,Hancock,peer-support,Peer Support,B,2,regional,State peer certification roster
West Virginia,Hardy,peer-support,Peer Support,B,2,regional,State peer certification roster
West Virginia,Harrison,peer-support,Peer Support,B,2,regional,State peer certification roster
West Virginia,Jackson,peer-support,Peer Support,B,2,regional,State peer certification roster
West Virginia,Jefferson,peer-support,Peer Support,B,2,regional,State peer certification roster
West Virginia,Lewis,peer-support,Peer Support,B,2,regional,State peer certification roster
West Virginia,Logan,peer-support,Peer Support,B,2,regional,State peer certification roster
West Virginia,Marion,peer-support,Peer Support,B,2,regional,State peer certification roster
West Virginia,Marshall,peer-support,Peer Support,B,2,regional,State peer certification roster
West Virginia,McDowell,peer-support,Peer Support,B,2,regional,State peer certification roster
West Virginia,Mercer,peer-support,Peer Support,B,2,regional,State peer certification roster
West Virginia,Mineral,peer-support,Peer Support,B,2,regional,State peer certification roster
West Virginia,Mingo,peer-support,Peer Support,B,2,regional,State peer certification roster
West Virginia,Monongalia,peer-support,Peer Support,B,2,regional,State peer certification roster
West Virginia,Monroe,peer-support,Peer Support,B,2,regional,State peer certification roster
West Virginia,Morgan,peer-support,Peer Support,B,2,regional,State peer certification roster
West Virginia,Nicholas,peer-support,Peer Support,B,2,regional,State peer certification roster
West Virginia,Ohio,peer-support,Peer Support,B,2,regional,State peer certification roster
West Virginia,Pendleton,peer-support,Peer Support,B,2,regional,State peer certification roster
West Virginia,Pleasants,peer-support,Peer Support,B,2,regional,State peer certification roster
West Virginia,Pocahontas,peer-support,Peer Support,B,2,regional,State peer certification roster
West Virginia,Preston,peer-support,Peer Support,B,2,regional,State peer certification roster
West Virginia,Raleigh,peer-support,Peer Support,B,2,regional,State peer certification roster
West Virginia,Randolph,peer-support,Peer Support,B,2,regional,State peer certification roster
West Virginia,Ritchie,peer-support,Peer Support,B,2,regional,State peer certification roster
West Virginia,Roane,peer-support,Peer Support,B,2,regional,State peer certification roster
West Virginia,Summers,peer-support,Peer Support,B,2,regional,State peer certification roster
West Virginia,Taylor,peer-support,Peer Support,B,2,regional,State peer certification roster
West Virginia,Tucker,peer-support,Peer Support,B,2,regional,State peer certification roster
West Virginia,Tyler,peer-support,Peer Support,B,2,regional,State peer certification roster
West Virginia,Upshur,peer-support,Peer Support,B,2,regional,State peer certification roster
West Virginia,Webster,peer-support,Peer Support,B,2,regional,State peer certification roster
West Virginia,Wetzel,peer-support,Peer Support,B,2,regional,State peer certification roster
West Virginia,Wirt,peer-support,Peer Support,B,2,regional,State peer certification roster
West Virginia,Wood,peer-support,Peer Support,B,2,regional,State peer certification roster
West Virginia,Wyoming,peer-support,Peer Support,B,2,regional,State peer certification roster
West Virginia,Barbour,family-children,Family & Children,B,2,regional,211; family reentry nonprofits
West Virginia,Berkeley,family-children,Family & Children,B,2,regional,211; family reentry nonprofits
West Virginia,Braxton,family-children,Family & Children,B,2,regional,211; family reentry nonprofits
West Virginia,Brooke,family-children,Family & Children,B,2,regional,211; family reentry nonprofits
West Virginia,Cabell,family-children,Family & Children,B,2,regional,211; family reentry nonprofits
West Virginia,Calhoun,family-children,Family & Children,B,2,regional,211; family reentry nonprofits
West Virginia,Doddridge,family-children,Family & Children,B,2,regional,211; family reentry nonprofits
West Virginia,Gilmer,family-children,Family & Children,B,2,regional,211; family reentry nonprofits
West Virginia,Grant,family-children,Family & Children,B,2,regional,211; family reentry nonprofits
West Virginia,Hampshire,family-children,Family & Children,B,2,regional,211; family reentry nonprofits
West Virginia,Hancock,family-children,Family & Children,B,2,regional,211; family reentry nonprofits
West Virginia,Hardy,family-children,Family & Children,B,2,regional,211; family reentry nonprofits
West Virginia,Harrison,family-children,Family & Children,B,2,regional,211; family reentry nonprofits
West Virginia,Jackson,family-children,Family & Children,B,2,regional,211; family reentry nonprofits
West Virginia,Jefferson,family-children,Family & Children,B,2,regional,211; family reentry nonprofits
West Virginia,Lewis,family-children,Family & Children,B,2,regional,211; family reentry nonprofits
West Virginia,Marion,family-children,Family & Children,B,2,regional,211; family reentry nonprofits
West Virginia,Marshall,family-children,Family & Children,B,2,regional,211; family reentry nonprofits
West Virginia,Mason,family-children,Family & Children,B,2,regional,211; family reentry nonprofits
West Virginia,McDowell,family-children,Family & Children,B,2,regional,211; family reentry nonprofits
West Virginia,Mercer,family-children,Family & Children,B,2,regional,211; family reentry nonprofits
West Virginia,Mineral,family-children,Family & Children,B,2,regional,211; family reentry nonprofits
West Virginia,Mingo,family-children,Family & Children,B,2,regional,211; family reentry nonprofits
West Virginia,Monongalia,family-children,Family & Children,B,2,regional,211; family reentry nonprofits
West Virginia,Morgan,family-children,Family & Children,B,2,regional,211; family reentry nonprofits
West Virginia,Nicholas,family-children,Family & Children,B,2,regional,211; family reentry nonprofits
West Virginia,Ohio,family-children,Family & Children,B,2,regional,211; family reentry nonprofits
West Virginia,Pendleton,family-children,Family & Children,B,2,regional,211; family reentry nonprofits
West Virginia,Pleasants,family-children,Family & Children,B,2,regional,211; family reentry nonprofits
West Virginia,Preston,family-children,Family & Children,B,2,regional,211; family reentry nonprofits
West Virginia,Randolph,family-children,Family & Children,B,2,regional,211; family reentry nonprofits
West Virginia,Ritchie,family-children,Family & Children,B,2,regional,211; family reentry nonprofits
West Virginia,Roane,family-children,Family & Children,B,2,regional,211; family reentry nonprofits
West Virginia,Taylor,family-children,Family & Children,B,2,regional,211; family reentry nonprofits
West Virginia,Tucker,family-children,Family & Children,B,2,regional,211; family reentry nonprofits
West Virginia,Tyler,family-children,Family & Children,B,2,regional,211; family reentry nonprofits
West Virginia,Upshur,family-children,Family & Children,B,2,regional,211; family reentry nonprofits
West Virginia,Wayne,family-children,Family & Children,B,2,regional,211; family reentry nonprofits
West Virginia,Webster,family-children,Family & Children,B,2,regional,211; family reentry nonprofits
West Virginia,Wetzel,family-children,Family & Children,B,2,regional,211; family reentry nonprofits
West Virginia,Wirt,family-children,Family & Children,B,2,regional,211; family reentry nonprofits
West Virginia,Wood,family-children,Family & Children,B,2,regional,211; family reentry nonprofits
West Virginia,Barbour,veterans,Veterans,B,2,regional,VA; county veterans service officer
West Virginia,Boone,veterans,Veterans,B,2,regional,VA; county veterans service officer
West Virginia,Braxton,veterans,Veterans,B,2,regional,VA; county veterans service officer
West Virginia,Brooke,veterans,Veterans,B,2,regional,VA; county veterans service officer
West Virginia,Calhoun,veterans,Veterans,B,2,regional,VA; county veterans service officer
West Virginia,Clay,veterans,Veterans,B,2,regional,VA; county veterans service officer
West Virginia,Doddridge,veterans,Veterans,B,2,regional,VA; county veterans service officer
West Virginia,Gilmer,veterans,Veterans,B,2,regional,VA; county veterans service officer
West Virginia,Grant,veterans,Veterans,B,2,regional,VA; county veterans service officer
West Virginia,Hampshire,veterans,Veterans,B,2,regional,VA; county veterans service officer
West Virginia,Hancock,veterans,Veterans,B,2,regional,VA; county veterans service officer
West Virginia,Hardy,veterans,Veterans,B,2,regional,VA; county veterans service officer
West Virginia,Harrison,veterans,Veterans,B,2,regional,VA; county veterans service officer
West Virginia,Jackson,veterans,Veterans,B,2,regional,VA; county veterans service officer
West Virginia,Jefferson,veterans,Veterans,B,2,regional,VA; county veterans service officer
West Virginia,Lewis,veterans,Veterans,B,2,regional,VA; county veterans service officer
West Virginia,Logan,veterans,Veterans,B,2,regional,VA; county veterans service officer
West Virginia,Marion,veterans,Veterans,B,2,regional,VA; county veterans service officer
West Virginia,Marshall,veterans,Veterans,B,2,regional,VA; county veterans service officer
West Virginia,McDowell,veterans,Veterans,B,2,regional,VA; county veterans service officer
West Virginia,Mineral,veterans,Veterans,B,2,regional,VA; county veterans service officer
West Virginia,Mingo,veterans,Veterans,B,2,regional,VA; county veterans service officer
West Virginia,Monroe,veterans,Veterans,B,2,regional,VA; county veterans service officer
West Virginia,Morgan,veterans,Veterans,B,2,regional,VA; county veterans service officer
West Virginia,Ohio,veterans,Veterans,B,2,regional,VA; county veterans service officer
West Virginia,Pendleton,veterans,Veterans,B,2,regional,VA; county veterans service officer
West Virginia,Pleasants,veterans,Veterans,B,2,regional,VA; county veterans service officer
West Virginia,Pocahontas,veterans,Veterans,B,2,regional,VA; county veterans service officer
West Virginia,Preston,veterans,Veterans,B,2,regional,VA; county veterans service officer
West Virginia,Randolph,veterans,Veterans,B,2,regional,VA; county veterans service officer
West Virginia,Ritchie,veterans,Veterans,B,2,regional,VA; county veterans service officer
West Virginia,Roane,veterans,Veterans,B,2,regional,VA; county veterans service officer
West Virginia,Taylor,veterans,Veterans,B,2,regional,VA; county veterans service officer
West Virginia,Tucker,veterans,Veterans,B,2,regional,VA; county veterans service officer
West Virginia,Tyler,veterans,Veterans,B,2,regional,VA; county veterans service officer
West Virginia,Upshur,veterans,Veterans,B,2,regional,VA; county veterans service officer
West Virginia,Webster,veterans,Veterans,B,2,regional,VA; county veterans service officer
West Virginia,Wetzel,veterans,Veterans,B,2,regional,VA; county veterans service officer
West Virginia,Wirt,veterans,Veterans,B,2,regional,VA; county veterans service officer
West Virginia,Barbour,education,Education,B,2,regional,Adult ed/ABLE; community college reentry
West Virginia,Braxton,education,Education,B,2,regional,Adult ed/ABLE; community college reentry
West Virginia,Brooke,education,Education,B,2,regional,Adult ed/ABLE; community college reentry
West Virginia,Calhoun,education,Education,B,2,regional,Adult ed/ABLE; community college reentry
West Virginia,Clay,education,Education,B,2,regional,Adult ed/ABLE; community college reentry
West Virginia,Gilmer,education,Education,B,2,regional,Adult ed/ABLE; community college reentry
West Virginia,Greenbrier,education,Education,B,2,regional,Adult ed/ABLE; community college reentry
West Virginia,Hancock,education,Education,B,2,regional,Adult ed/ABLE; community college reentry
West Virginia,Lincoln,education,Education,B,2,regional,Adult ed/ABLE; community college reentry
West Virginia,Logan,education,Education,B,2,regional,Adult ed/ABLE; community college reentry
West Virginia,Marshall,education,Education,B,2,regional,Adult ed/ABLE; community college reentry
West Virginia,Mason,education,Education,B,2,regional,Adult ed/ABLE; community college reentry
West Virginia,Mingo,education,Education,B,2,regional,Adult ed/ABLE; community college reentry
West Virginia,Ohio,education,Education,B,2,regional,Adult ed/ABLE; community college reentry
West Virginia,Pocahontas,education,Education,B,2,regional,Adult ed/ABLE; community college reentry
West Virginia,Preston,education,Education,B,2,regional,Adult ed/ABLE; community college reentry
West Virginia,Randolph,education,Education,B,2,regional,Adult ed/ABLE; community college reentry
West Virginia,Ritchie,education,Education,B,2,regional,Adult ed/ABLE; community college reentry
West Virginia,Tucker,education,Education,B,2,regional,Adult ed/ABLE; community college reentry
West Virginia,Tyler,education,Education,B,2,regional,Adult ed/ABLE; community college reentry
West Virginia,Upshur,education,Education,B,2,regional,Adult ed/ABLE; community college reentry
West Virginia,Wayne,education,Education,B,2,regional,Adult ed/ABLE; community college reentry
West Virginia,Webster,education,Education,B,2,regional,Adult ed/ABLE; community college reentry
West Virginia,Wetzel,education,Education,B,2,regional,Adult ed/ABLE; community college reentry
West Virginia,Berkeley,basic-needs,Basic Needs,B,2,regional,211; United Way basic needs partners
West Virginia,Calhoun,basic-needs,Basic Needs,B,2,regional,211; United Way basic needs partners
West Virginia,Doddridge,basic-needs,Basic Needs,B,2,regional,211; United Way basic needs partners
West Virginia,Grant,basic-needs,Basic Needs,B,2,regional,211; United Way basic needs partners
West Virginia,Hampshire,basic-needs,Basic Needs,B,2,regional,211; United Way basic needs partners
West Virginia,Hardy,basic-needs,Basic Needs,B,2,regional,211; United Way basic needs partners
West Virginia,Harrison,basic-needs,Basic Needs,B,2,regional,211; United Way basic needs partners
West Virginia,Jackson,basic-needs,Basic Needs,B,2,regional,211; United Way basic needs partners
West Virginia,Jefferson,basic-needs,Basic Needs,B,2,regional,211; United Way basic needs partners
West Virginia,Logan,basic-needs,Basic Needs,B,2,regional,211; United Way basic needs partners
West Virginia,Mason,basic-needs,Basic Needs,B,2,regional,211; United Way basic needs partners
West Virginia,Mineral,basic-needs,Basic Needs,B,2,regional,211; United Way basic needs partners
West Virginia,Mingo,basic-needs,Basic Needs,B,2,regional,211; United Way basic needs partners
West Virginia,Morgan,basic-needs,Basic Needs,B,2,regional,211; United Way basic needs partners
West Virginia,Pendleton,basic-needs,Basic Needs,B,2,regional,211; United Way basic needs partners
West Virginia,Pleasants,basic-needs,Basic Needs,B,2,regional,211; United Way basic needs partners
West Virginia,Ritchie,basic-needs,Basic Needs,B,2,regional,211; United Way basic needs partners
West Virginia,Roane,basic-needs,Basic Needs,B,2,regional,211; United Way basic needs partners
West Virginia,Taylor,basic-needs,Basic Needs,B,2,regional,211; United Way basic needs partners
West Virginia,Tucker,basic-needs,Basic Needs,B,2,regional,211; United Way basic needs partners
West Virginia,Tyler,basic-needs,Basic Needs,B,2,regional,211; United Way basic needs partners
West Virginia,Wetzel,basic-needs,Basic Needs,B,2,regional,211; United Way basic needs partners
West Virginia,Wirt,basic-needs,Basic Needs,B,2,regional,211; United Way basic needs partners
West Virginia,Wood,basic-needs,Basic Needs,B,2,regional,211; United Way basic needs partners
West Virginia,Brooke,reentry-organizations,Reentry Organizations,B,2,regional,State reentry council; nonprofit coalitions
West Virginia,Calhoun,reentry-organizations,Reentry Organizations,B,2,regional,State reentry council; nonprofit coalitions
West Virginia,Clay,reentry-organizations,Reentry Organizations,B,2,regional,State reentry council; nonprofit coalitions
West Virginia,Hancock,reentry-organizations,Reentry Organizations,B,2,regional,State reentry council; nonprofit coalitions
West Virginia,Jackson,reentry-organizations,Reentry Organizations,B,2,regional,State reentry council; nonprofit coalitions
West Virginia,Kanawha,reentry-organizations,Reentry Organizations,B,2,regional,State reentry council; nonprofit coalitions
West Virginia,Marshall,reentry-organizations,Reentry Organizations,B,2,regional,State reentry council; nonprofit coalitions
West Virginia,Mason,reentry-organizations,Reentry Organizations,B,2,regional,State reentry council; nonprofit coalitions
West Virginia,Ohio,reentry-organizations,Reentry Organizations,B,2,regional,State reentry council; nonprofit coalitions
West Virginia,Pleasants,reentry-organizations,Reentry Organizations,B,2,regional,State reentry council; nonprofit coalitions
West Virginia,Ritchie,reentry-organizations,Reentry Organizations,B,2,regional,State reentry council; nonprofit coalitions
West Virginia,Roane,reentry-organizations,Reentry Organizations,B,2,regional,State reentry council; nonprofit coalitions
West Virginia,Tyler,reentry-organizations,Reentry Organizations,B,2,regional,State reentry council; nonprofit coalitions
West Virginia,Wetzel,reentry-organizations,Reentry Organizations,B,2,regional,State reentry council; nonprofit coalitions
West Virginia,Wirt,reentry-organizations,Reentry Organizations,B,2,regional,State reentry council; nonprofit coalitions
West Virginia,Wood,reentry-organizations,Reentry Organizations,B,2,regional,State reentry council; nonprofit coalitions
