id,name,category,region,description,description_es,address,city,phone,email,website,eligibility,eligibility_es,notes,notes_es,hours,tags,services,county,served_counties,coverage
1,SCDC — Reentry Programs,state-agency,Statewide,"The South Carolina Department of Corrections coordinates statewide reentry programming, pre-release planning, and community partner connections for individuals preparing to leave SCDC custody or under community supervision through the Department of Probation, Parole and Pardon Services. Staff work with county DSS offices, SC Works career centers, and treatment providers on housing, employment, and benefits navigation before and after release. This office provides planning and referrals—not a walk-in crisis line or emergency cash provider.","El Departamento de Correcciones de Carolina del Sur coordina programación estatal de reinserción, planificación previa a la liberación y conexiones con aliados comunitarios para personas que preparan salir de custodia de SCDC o bajo supervisión comunitaria a través del Departamento de Probatoria, Libertad Condicional e Indulto. El personal trabaja con oficinas DSS del condado, centros SC Works y proveedores de tratamiento. Esta oficina ofrece planificación y referencias, no es una línea de crisis ni proveedor de efectivo de emergencia.",4444 Broad River Road,Columbia,803-896-8555,,https://doc.sc.gov/programs,Individuals in SCDC custody or recently released seeking state reentry coordination; community partners seeking SCDC engagement.,Personas en custodia de SCDC o recién liberadas que buscan coordinación estatal de reinserción; aliados comunitarios.,Visit doc.sc.gov/programs for reentry resources; coordinate through facility reentry staff and assigned probation or parole officer after release.,Visite doc.sc.gov/programs para recursos de reinserción; coordine a través del personal de reinserción de la instalación y el oficial de probatoria asignado.,State office Monday–Friday business hours,statewide|reentry|SCDC|DOC|pre-release|parole,Pre-release planning|Transitional programming coordination|Community partner referrals|Reentry resource navigation|Supervision linkage,Richland,,statewide
2,"SCDPPPS — Probation, Parole & Pardon Services",probation-parole,Statewide,"The South Carolina Department of Probation, Parole and Pardon Services supervises more than 30,000 adults on probation and parole through field offices in every region of the state. District agents connect justice-involved South Carolinians to local reentry partners for housing, employment, treatment compliance, and community reporting. Contact your assigned agent—not a walk-in benefits or emergency housing intake center.","El Departamento de Probatoria, Libertad Condicional e Indulto de Carolina del Sur supervisa a más de 30.000 adultos en probatoria y libertad condicional a través de oficinas de campo en cada región del estado. Los agentes conectan a carolinenses con antecedentes penales con aliados locales de reinserción para vivienda, empleo y cumplimiento de tratamiento. Contacte a su agente asignado; no es un centro de admisión de beneficios o vivienda de emergencia.",1100 North Main Street,Columbia,803-734-3900,,https://www.ppp.sc.gov,"Adults under SCDPPPS probation, parole, or community supervision in South Carolina; report to assigned agent.","Adultos bajo supervisión probatoria, libertad condicional o comunitaria de SCDPPPS en Carolina del Sur; reporte al agente asignado.",Find regional field offices at ppp.sc.gov; statewide information 803-734-3900; ask your agent about local reentry referrals.,Encuentre oficinas regionales en ppp.sc.gov; información estatal 803-734-3900; pregunte a su agente sobre referencias locales de reinserción.,Field offices typically Monday–Friday business hours,statewide|probation-parole|SCDPPPS|community-supervision|reentry,Probation supervision|Parole supervision|Community reporting|Treatment referrals|Reentry partner coordination,Richland,,statewide
3,SC Benefits Portal — Online Applications,financial-assistance,Statewide,"The South Carolina Benefits Portal at benefitsportal.dss.sc.gov is the official online system for applying for and managing SNAP food assistance, Medicaid and Healthy Connections coverage, TANF cash benefits, child care subsidies, and energy assistance through county Department of Social Services offices. Justice-involved South Carolinians can apply for health coverage and food support after release; county DSS staff assist with verification at all 46 county offices.","El Portal de Beneficios de Carolina del Sur en benefitsportal.dss.sc.gov es el sistema en línea oficial para solicitar y administrar asistencia alimentaria SNAP, cobertura Medicaid y Healthy Connections, beneficios en efectivo TANF, subsidios de cuidado infantil y asistencia energética a través de oficinas DSS del condado. Los carolinenses en reinserción pueden solicitar cobertura de salud y apoyo alimentario después de la liberación.",,,1-800-616-1309,,https://benefitsportal.dss.sc.gov,"South Carolina residents meeting income and program requirements for Medicaid, SNAP, or TANF; criminal record generally not a barrier.","Residentes de Carolina del Sur que cumplan requisitos de ingresos para Medicaid, SNAP o TANF; los antecedentes penales generalmente no son barrera.",Apply online at benefitsportal.dss.sc.gov; call 1-800-616-1309 for DSS help; visit your county DSS office for in-person assistance.,Solicite en benefitsportal.dss.sc.gov; llame al 1-800-616-1309; visite su oficina DSS del condado para asistencia presencial.,Online 24/7; county DSS office hours vary,statewide|benefits|SNAP|Medicaid|online|reentry,Medicaid application|SNAP enrollment|TANF cash assistance|Child care subsidies|Benefits account management,,,statewide
4,SC DSS — Benefits & Family Support Portal,financial-assistance,Statewide,"The South Carolina Department of Social Services administers SNAP, TANF, Medicaid intake, energy assistance, and child care subsidies through 46 county offices organized in four regional service areas. Returning citizens can apply online through portal.dss.sc.gov or in person at their county DSS office with help establishing food and health benefits after release from SCDC custody or county jails.","El Departamento de Servicios Sociales de Carolina del Sur administra SNAP, TANF, admisión de Medicaid, asistencia energética y subsidios de cuidado infantil a través de 46 oficinas del condado organizadas en cuatro áreas de servicio regionales. Los ciudadanos que regresan pueden solicitar en línea a través de portal.dss.sc.gov o en persona en su oficina DSS del condado.",1535 Confederate Avenue,Columbia,1-800-616-1309,,https://portal.dss.sc.gov,South Carolina residents meeting income and household-size requirements; criminal record generally not a barrier to SNAP and Medicaid.,Residentes de Carolina del Sur que cumplan requisitos de ingresos y tamaño del hogar; los antecedentes penales generalmente no son barrera para SNAP y Medicaid.,Apply at portal.dss.sc.gov or benefitsportal.dss.sc.gov; call 1-800-616-1309; bring ID and release documents to county office.,Solicite en portal.dss.sc.gov o benefitsportal.dss.sc.gov; llame al 1-800-616-1309; traiga identificación y documentos de liberación.,County DSS offices typically Monday–Friday business hours,statewide|benefits|SNAP|Medicaid|DSS|reentry,SNAP enrollment|Medicaid application|TANF intake|County DSS referrals|Document verification,Richland,,statewide
5,SC 211,state-agency,Statewide,"SC 211 is a free statewide information and referral service connecting South Carolina residents to health and human services including housing, food, utilities, employment, and crisis support across all 46 counties. United Way-supported navigators help callers find local programs by need and ZIP code through sc211.org and the 211 phone line. SC 211 is a referral service—not a direct-service provider.","SC 211 es un servicio gratuito de información y referencia estatal que conecta a residentes de Carolina del Sur con servicios de salud y humanos incluyendo vivienda, alimentos, servicios públicos, empleo y apoyo en crisis en los 46 condados. Navegadores apoyados por United Way ayudan a encontrar programas locales por necesidad y código postal. Es un servicio de referencia, no un proveedor directo.",,,211,,https://sc211.org,Open to all South Carolina residents; no criminal-record restrictions stated.,Abierto a todos los residentes de Carolina del Sur; sin restricciones de antecedentes indicadas.,Dial 211 from any South Carolina phone; search resources online at sc211.org; text your ZIP code to 898-211.,Marque 211 desde cualquier teléfono de Carolina del Sur; busque recursos en sc211.org; envíe su código postal al 898-211.,Available during published service hours; check sc211.org,statewide|hotline|211|referral-only|basic-needs,Information and referral|Housing resource navigation|Benefits referrals|Crisis resource connections,,,statewide
6,South Carolina Legal Services — Statewide Helpline,legal-aid,Statewide,"South Carolina Legal Services is the state's primary nonprofit civil legal aid provider serving low-income South Carolinians with housing, public benefits, family law, and criminal record relief assistance including expungement under South Carolina statutes. Centralized intake at 1-888-346-5592 routes callers to regional offices in Charleston, Columbia, Florence, Greenville, and Spartanburg—not criminal defense representation.","South Carolina Legal Services es el principal proveedor sin fines de lucro de asistencia legal civil del estado que sirve a carolinenses de bajos ingresos con vivienda, beneficios públicos, derecho familiar y alivio de antecedentes penales incluida expungación. La admisión centralizada al 1-888-346-5592 enruta a oficinas regionales, no defensa penal.",2109 Bull Street,Columbia,1-888-346-5592,,https://sclegal.org,Low-income South Carolina residents with non-criminal legal problems; LSC income limits apply; offense-type restrictions may apply for record relief.,Residentes de Carolina del Sur de bajos ingresos con problemas legales no penales; aplican límites de ingresos LSC; pueden aplicar restricciones por tipo de delito para alivio de antecedentes.,Apply online at sclegal.org or call 1-888-346-5592; regional offices serve specific counties listed on the website.,Solicite en sclegal.org o llame al 1-888-346-5592; las oficinas regionales sirven condados específicos listados en el sitio web.,Intake Monday–Friday business hours; online application 24/7,statewide|legal-aid|low-income|expungement|hotline,Civil legal representation|Expungement assistance|Housing legal aid|Benefits advocacy|Regional office referrals,Richland,,statewide
7,SC Appleseed Legal Justice Center,reentry-organizations,Statewide,"The South Carolina Appleseed Legal Justice Center advocates for fair public policies and connects low-income South Carolinians—including justice-involved residents—to legal resources, benefits navigation, and workforce partners across the state. Staff provide policy education, community outreach, and referral navigation for housing, employment, and record relief—not direct emergency cash or shelter placement.","El Centro de Justicia Legal SC Appleseed aboga por políticas públicas justas y conecta a carolinenses de bajos ingresos—incluidos residentes con antecedentes penales—a recursos legales, navegación de beneficios y aliados laborales en todo el estado. El personal ofrece educación de políticas y referencias, no efectivo de emergencia ni colocación en refugio.","1201 Main Street, Suite 1820",Columbia,803-779-1112,,https://scjustice.org,"Low-income South Carolina residents and advocates seeking policy information, legal referrals, and reentry resource navigation.","Residentes de Carolina del Sur de bajos ingresos y defensores que buscan información de políticas, referencias legales y navegación de recursos de reinserción.",Visit scjustice.org for policy resources; connects to SCLS regional offices and local reentry coalitions.,Visite scjustice.org para recursos de políticas; conecta con oficinas regionales de SCLS y coaliciones locales de reinserción.,Monday–Friday business hours,statewide|reentry|policy|fair-chance|referral-only,Policy advocacy|Legal resource referrals|Benefits education|Workforce partner navigation|Community outreach,Richland,,statewide
8,SC Bar — Lawyer Referral & Pro Bono Program,legal-aid,Statewide,"The South Carolina Bar Lawyer Referral Service and Pro Bono Program connect South Carolinians to attorneys for civil matters including housing, family law, and limited criminal record relief guidance. The PILS pro bono initiative coordinates volunteer attorneys for qualifying low-income clients who do not meet full legal aid eligibility. Referral and limited pro bono—not a public defender office.","El Servicio de Referencia de Abogados y Programa Pro Bono del Colegio de Abogados de Carolina del Sur conecta a carolinenses con abogados para asuntos civiles incluyendo vivienda, derecho familiar y orientación limitada sobre alivio de antecedentes penales. La iniciativa PILS coordina abogados voluntarios para clientes de bajos ingresos. Referencia y pro bono limitado, no defensor público.",950 Taylor Street,Columbia,803-799-6653,,https://www.scbar.org/public/get-legal-help/lawyer-referral-service/,South Carolina residents seeking attorney referrals; pro bono through PILS for qualifying low-income civil matters.,Residentes de Carolina del Sur que buscan referencias de abogados; pro bono a través de PILS para asuntos civiles de bajos ingresos calificados.,Call 803-799-6653 for lawyer referral; visit scbar.org for PILS and pro bono program information.,Llame al 803-799-6653 para referencia de abogado; visite scbar.org para información del programa PILS y pro bono.,Monday–Friday business hours,statewide|legal-aid|lawyer-referral|pro-bono|reentry,Attorney referrals|Pro bono civil assistance|PILS volunteer coordination|Legal information resources,Richland,,statewide
9,SC Works — Statewide Workforce System,employment,Statewide,"SC Works is South Carolina's statewide workforce system connecting job seekers—including justice-involved South Carolinians—to SC Works centers, career coaching, unemployment services, and WIOA training referrals through regional workforce boards covering all 46 counties. Fair-chance employment partners and SC Second Chance initiatives coordinate through SC Works offices for returning citizens seeking sustainable employment.","SC Works es el sistema estatal de fuerza laboral de Carolina del Sur que conecta a buscadores de empleo—incluidos carolinenses con antecedentes penales—a centros SC Works, coaching de carrera, servicios de desempleo y referencias de capacitación WIOA a través de juntas regionales en los 46 condados. Las iniciativas de empleo de segunda oportunidad se coordinan a través de oficinas SC Works.",1550 Gadsden Street,Columbia,1-866-359-3222,,https://www.scworks.org,Open to South Carolina job seekers including justice-involved individuals; core career center services are free.,Abierto a buscadores de empleo de Carolina del Sur incluidas personas con antecedentes penales; servicios básicos del centro de carrera son gratuitos.,Find your nearest SC Works center at scworks.org; register for job search tools; pairs with DEW unemployment services.,Encuentre su centro SC Works más cercano en scworks.org; regístrese para herramientas de búsqueda de empleo; se vincula con servicios de desempleo DEW.,Career centers Monday–Friday business hours,statewide|employment|SC-Works|WIOA|fair-chance|reentry,Job search assistance|Career coaching|WIOA training referrals|Unemployment services|Fair-chance employment navigation,Richland,,statewide
10,SC Department of Employment and Workforce (DEW),employment,Statewide,"The South Carolina Department of Employment and Workforce administers unemployment insurance, labor market information, and workforce development programs that partner with SC Works centers statewide. Justice-involved South Carolinians can file unemployment claims, access job training referrals, and connect to employer services through dew.sc.gov and local SC Works offices after release.","El Departamento de Empleo y Fuerza Laboral de Carolina del Sur administra seguro de desempleo, información del mercado laboral y programas de desarrollo de la fuerza laboral que se asocian con centros SC Works en todo el estado. Los carolinenses con antecedentes penales pueden presentar reclamaciones de desempleo y conectarse con servicios para empleadores a través de dew.sc.gov.",1550 Gadsden Street,Columbia,1-866-831-1724,,https://dew.sc.gov,South Carolina workers meeting unemployment eligibility requirements; job seekers may access SC Works partner services.,Trabajadores de Carolina del Sur que cumplan requisitos de elegibilidad para desempleo; buscadores de empleo pueden acceder a servicios aliados de SC Works.,File unemployment at dew.sc.gov; employer services and labor data at dew.sc.gov; SC Works centers for reemployment help.,Presente desempleo en dew.sc.gov; servicios para empleadores y datos laborales en dew.sc.gov; centros SC Works para ayuda de reempleo.,Online 24/7; phone support Monday–Friday business hours,statewide|employment|DEW|unemployment|SC-Works|reentry,Unemployment insurance|Labor market information|Workforce development|SC Works partnerships|Employer services,Richland,,statewide
11,SC Vocational Rehabilitation Department (SCVRD),employment,Statewide,"The South Carolina Vocational Rehabilitation Department helps South Carolinians with disabilities—including justice-involved individuals with qualifying disabilities—prepare for, obtain, and maintain employment through counseling, training, job placement, and employer partnerships at offices statewide. SCVRD coordinates with SC Works and SCDC reentry programs for disability employment supports after release from custody.","El Departamento de Rehabilitación Vocacional de Carolina del Sur ayuda a carolinenses con discapacidades—incluidas personas con antecedentes penales con discapacidades calificadas—a prepararse, obtener y mantener empleo a través de consejería, capacitación, colocación laboral y alianzas con empleadores. SCVRD coordina con SC Works y programas de reinserción de SCDC.",1410 Boston Avenue,West Columbia,1-800-832-7524,,https://scvrd.net,South Carolina residents with physical or mental disabilities that create employment barriers; eligibility determined through SCVRD assessment.,Residentes de Carolina del Sur con discapacidades físicas o mentales que crean barreras laborales; elegibilidad determinada por evaluación SCVRD.,Apply at scvrd.net or call 1-800-832-7524; area offices listed at scvrd.net/locations.,Solicite en scvrd.net o llame al 1-800-832-7524; oficinas de área en scvrd.net/locations.,State and regional offices Monday–Friday business hours,statewide|employment|SCVRD|disability|reentry|WIOA,Vocational counseling|Job placement|Skills training|Employer partnerships|Disability employment supports,Lexington,,statewide
12,SCDMH — Behavioral Health Services,healthcare,Statewide,"The South Carolina Department of Mental Health operates community mental health centers, crisis services, and substance use treatment programs serving all 46 counties. Justice-involved South Carolinians can access outpatient counseling, psychiatric services, and community-based treatment through local SCDMH centers—not emergency housing or benefits intake at the state office.","El Departamento de Salud Mental de Carolina del Sur opera centros comunitarios de salud mental, servicios de crisis y programas de tratamiento de uso de sustancias en los 46 condados. Los carolinenses con antecedentes penales pueden acceder a consejería ambulatoria, servicios psiquiátricos y tratamiento comunitario a través de centros locales SCDMH.",2414 Bull Street,Columbia,803-898-8581,,https://scdmh.net,South Carolina residents needing mental health or substance use services; intake through local community mental health centers.,Residentes de Carolina del Sur que necesiten servicios de salud mental o uso de sustancias; admisión a través de centros comunitarios locales.,Find your local center at scdmh.net; crisis line 833-364-2274; pairs with 988 for behavioral health emergencies.,Encuentre su centro local en scdmh.net; línea de crisis 833-364-2274; se vincula con 988 para emergencias de salud conductual.,Crisis services 24/7; clinic hours vary by center,statewide|healthcare|behavioral-health|SCDMH|crisis|reentry,Outpatient mental health|Psychiatric services|Substance use treatment|Crisis intervention|Community mental health centers,Richland,,statewide
13,SC CARES — Statewide Reentry Network,reentry-organizations,Statewide,"SC CARES is South Carolina's statewide community-based reentry network providing mentoring, case management, employment navigation, and life-skills support for justice-involved adults returning from SCDC custody and local jails. Regional SC CARES sites in Columbia, Charleston, Greenville, Florence, and Rock Hill coordinate with SCDPPPS agents, SC Works, and local housing partners. Direct reentry services—not a benefits application office.","SC CARES es la red estatal comunitaria de reinserción de Carolina del Sur que ofrece mentoría, manejo de casos, navegación de empleo y apoyo en habilidades de vida para adultos con antecedentes penales que regresan de custodia SCDC y cárceles locales. Los sitios regionales en Columbia, Charleston, Greenville, Florence y Rock Hill coordinan con agentes SCDPPPS y SC Works.","2711 Middleburg Drive, Suite 111",Columbia,803-708-4863,,https://sccares.org,Justice-involved South Carolina adults within 12 months of release or under community supervision; regional enrollment requirements vary.,Adultos de Carolina del Sur con antecedentes penales dentro de 12 meses de la liberación o bajo supervisión comunitaria; los requisitos de inscripción regional varían.,Visit sccares.org for regional site contacts; Columbia hub 803-708-4863; pairs with SCDPPPS and SC Works in each region.,Visite sccares.org para contactos de sitios regionales; centro de Columbia 803-708-4863; se vincula con SCDPPPS y SC Works en cada región.,Regional offices Monday–Friday business hours,statewide|reentry|SC-CARES|mentoring|employment|case-management,Reentry mentoring|Case management|Employment navigation|Life skills training|Regional reentry coordination,Richland,,statewide
14,SCDMV Online — ID & Driver Services,id-documentation,Statewide,"SCDMV Online at scdmvonline.com is South Carolina's portal for scheduling DMV appointments, renewing licenses, and obtaining identification documents needed for employment, housing, and benefits applications after release. Returning citizens can use branch locator tools and online services to replace lost IDs and restore driving privileges per SCDMV policy. ID and licensing services—not a legal aid or benefits office.","SCDMV Online en scdmvonline.com es el portal de Carolina del Sur para programar citas del DMV, renovar licencias y obtener documentos de identificación necesarios para empleo, vivienda y solicitudes de beneficios después de la liberación. Los ciudadanos que regresan pueden usar herramientas de localización de sucursales y servicios en línea para reemplazar identificaciones perdidas.",,,803-896-5000,,https://www.scdmvonline.com,"South Carolina residents seeking driver's licenses, state IDs, or vehicle registration; bring required identity documents per SCDMV checklist.","Residentes de Carolina del Sur que busquen licencias de conducir, identificaciones estatales o registro de vehículos; traiga documentos de identidad requeridos según lista SCDMV.",Schedule appointments at scdmvonline.com; call 803-896-5000; SCDC and county jail reentry staff may coordinate DMV visits before release.,Programe citas en scdmvonline.com; llame al 803-896-5000; el personal de reinserción de SCDC puede coordinar visitas al DMV antes de la liberación.,Online 24/7; branch hours vary,statewide|id-documentation|DMV|driver-license|reentry,State ID issuance|Driver license services|Appointment scheduling|Vehicle registration|Online DMV transactions,,,statewide
15,SC Department of Veterans' Affairs (SCDVA),veterans,Statewide,"The South Carolina Department of Veterans' Affairs helps honorably discharged and qualifying veterans and their families access VA benefits, disability claims, education benefits, and employment programs through county veterans service officers in all 46 counties. Justice-involved veterans can receive free benefits claims assistance and referrals to veteran treatment courts and SC CARES veteran tracks.","El Departamento de Asuntos de Veteranos de Carolina del Sur ayuda a veteranos con baja honorable o calificados y sus familias a acceder a beneficios VA, reclamaciones de discapacidad, beneficios educativos y programas de empleo a través de oficiales de servicios para veteranos del condado en los 46 condados.",1205 Pendleton Street,Columbia,803-734-0200,,https://scdva.sc.gov,Honorably discharged or qualifying South Carolina veterans and their dependents; service documentation required.,Veteranos de Carolina del Sur con baja honorable o calificados y sus dependientes; se requiere documentación de servicio.,Find your county veterans service office at scdva.sc.gov; free VA claims assistance at all 46 county offices.,Encuentre su oficina de servicios para veteranos del condado en scdva.sc.gov; asistencia gratuita con reclamaciones VA.,County offices Monday–Friday business hours,statewide|veterans|VA-benefits|reentry|justice-involved-veterans,VA benefits claims assistance|Disability claims navigation|Education benefit referrals|Veteran employment programs|County VSO coordination,Richland,,statewide
16,988 Suicide & Crisis Lifeline,healthcare,Statewide,"The 988 Suicide and Crisis Lifeline provides free, confidential 24/7 support for people in mental health, substance use, or suicidal crises across South Carolina. Callers are connected to trained counselors who can de-escalate emergencies, provide crisis counseling, and refer to local SCDMH centers and mobile crisis teams. Crisis support—not reentry housing or benefits intake.","La Línea de Crisis y Prevención del Suicidio 988 ofrece apoyo gratuito y confidencial 24/7 para personas en crisis de salud mental, uso de sustancias o suicidio en toda Carolina del Sur. Los llamantes se conectan con consejeros capacitados que pueden desescalar emergencias y referir a centros SCDMH locales.",,,988,,https://988lifeline.org,Anyone in the United States experiencing a mental health or suicidal crisis; Spanish-language support available.,Cualquier persona en Estados Unidos que experimente una crisis de salud mental o suicida; apoyo en español disponible.,Dial or text 988; chat at 988lifeline.org; veterans press 1; pairs with SCDMH crisis line 833-364-2274 for local follow-up.,Marque o envíe mensaje al 988; chat en 988lifeline.org; veteranos presione 1; se vincula con línea de crisis SCDMH 833-364-2274.,24/7,statewide|crisis|988|behavioral-health|hotline,Crisis counseling|Suicide prevention|Substance use crisis support|Local referral connections|Veterans crisis line,,,statewide
17,SAMHSA National Helpline,substance-use-treatment,Statewide,"The SAMHSA National Helpline at 1-800-662-4357 is a free, confidential, 24/7 treatment referral service connecting South Carolinians to local substance use disorder treatment providers, detox programs, and recovery support including justice-involved individuals seeking treatment after release. Referral specialists search by ZIP code and insurance status—not direct treatment at the helpline.","La Línea Nacional de Ayuda de SAMHSA al 1-800-662-4357 es un servicio gratuito y confidencial de referencia a tratamiento 24/7 que conecta a carolinenses con proveedores locales de trastornos por uso de sustancias, programas de desintoxicación y apoyo en recuperación incluidas personas con antecedentes penales.",,,1-800-662-4357,,https://www.samhsa.gov/find-help/national-helpline,Anyone in the United States seeking substance use treatment information and referrals; no insurance required to call.,Cualquier persona en Estados Unidos que busque información y referencias de tratamiento de uso de sustancias; no se requiere seguro para llamar.,Call 1-800-662-4357; TTY 1-800-487-4889; also use FindTreatment.gov for provider search; Spanish-language support available.,Llame al 1-800-662-4357; TTY 1-800-487-4889; también use FindTreatment.gov; apoyo en español disponible.,24/7,statewide|substance-use-treatment|SAMHSA|hotline|referral-only,Treatment referrals|Detox program navigation|Recovery support connections|Insurance guidance|Provider search assistance,,,statewide
18,FindTreatment.gov — Treatment Locator,substance-use-treatment,Statewide,"FindTreatment.gov is SAMHSA's official online locator for substance use disorder treatment facilities across South Carolina, searchable by location, treatment type, payment options, and services offered including outpatient, residential, and medication-assisted treatment. Justice-involved South Carolinians and SCDPPPS agents use the tool to identify certified providers accepting Medicaid or offering sliding-fee care near their county.","FindTreatment.gov es el localizador en línea oficial de SAMHSA para instalaciones de tratamiento de trastornos por uso de sustancias en Carolina del Sur, buscable por ubicación, tipo de tratamiento, opciones de pago y servicios ofrecidos. Los carolinenses con antecedentes penales y agentes SCDPPPS usan la herramienta para identificar proveedores certificados.",,,1-800-662-4357,,https://findtreatment.gov,Open to anyone seeking substance use treatment information; facility-specific eligibility applies at enrollment.,Abierto a cualquier persona que busque información de tratamiento de uso de sustancias; la elegibilidad específica de la instalación aplica al inscribirse.,Search by ZIP code at findtreatment.gov; call SAMHSA helpline 1-800-662-4357 for live referral help; verify Medicaid acceptance with each provider.,Busque por código postal en findtreatment.gov; llame a la línea SAMHSA 1-800-662-4357; verifique aceptación de Medicaid con cada proveedor.,Online 24/7,statewide|substance-use-treatment|SAMHSA|locator|MAT|reentry,Treatment facility search|Outpatient program locator|Residential treatment finder|MAT provider search|Payment option filtering,,,statewide
19,SC DHEC — Vital Records,id-documentation,Statewide,"The South Carolina Department of Health and Environmental Control Vital Records office issues certified birth certificates, death certificates, and marriage records needed for benefits applications, employment verification, and ID restoration after incarceration. Returning citizens can order records online, by mail, or in person at the Columbia vital records office or through county health departments.","La oficina de Registros Vitales del Departamento de Salud y Control Ambiental de Carolina del Sur emite certificados de nacimiento, defunción y matrimonio certificados necesarios para solicitudes de beneficios, verificación de empleo y restauración de identificación después de la encarcelación.",2600 Bull Street,Columbia,803-898-3630,,https://scdhec.gov/vital-records,Individuals requesting their own vital records or authorized family members; government-issued photo ID required for in-person requests.,Personas que soliciten sus propios registros vitales o familiares autorizados; se requiere identificación con foto emitida por el gobierno para solicitudes en persona.,Order online at scdhec.gov/vital-records; Columbia office 2600 Bull Street; fees apply; needed for DMV ID and benefits verification.,Ordene en línea en scdhec.gov/vital-records; oficina de Columbia 2600 Bull Street; aplican tarifas; necesario para identificación DMV y verificación de beneficios.,Monday–Friday business hours; online ordering 24/7,statewide|id-documentation|vital-records|birth-certificate|reentry,Birth certificate issuance|Death certificate copies|Marriage record requests|Online vital records ordering|County health department referrals,Richland,,statewide
20,One80 Place — Charleston Reentry Housing,housing,Charleston / Charleston County,"One80 Place is the Lowcountry's leading homeless services organization providing emergency shelter, rapid rehousing, permanent supportive housing, and veteran-specific programs for unhoused adults in Charleston County including returning citizens recently released from Charleston County Detention Center or SCDC custody. Case managers connect residents to SC Works, DSS benefits, and local employers through coordinated entry partners. Direct housing services—not a statewide hotline.","One80 Place es la principal organización de servicios para personas sin hogar del Lowcountry que ofrece refugio de emergencia, realojamiento rápido, vivienda de apoyo permanente y programas específicos para veteranos en el condado Charleston incluidos ciudadanos que regresan recién liberados. Los administradores de casos conectan a residentes con SC Works, beneficios DSS y empleadores locales.",35 Walnut Street,Charleston,843-723-9477,,https://one80place.org,Unhoused adults in Charleston County; justice-involved individuals welcome through coordinated entry intake.,Adultos sin hogar en el condado Charleston; personas con antecedentes penales bienvenidas mediante admisión de entrada coordinada.,Call 843-723-9477 for housing intake; veteran programs through SSVF; pairs with Turning Leaf and SC CARES Charleston.,Llame al 843-723-9477 para admisión de vivienda; programas para veteranos a través de SSVF; se vincula con Turning Leaf y SC CARES Charleston.,Contact for intake hours,charleston|housing|shelter|rapid-rehousing|reentry|veterans,Emergency shelter|Rapid rehousing|Permanent supportive housing|Veteran housing|Case management,Charleston,Charleston,single
21,Turning Leaf Project — Charleston,reentry-organizations,Charleston / Charleston County,"Turning Leaf Project provides cognitive-behavioral programming, transitional employment, and case management for justice-involved men returning to Charleston County after incarceration. Participants complete evidence-based classes while working in Turning Leaf's social enterprise printing shop, building job skills and stable employment histories before transitioning to community employers. Men-only reentry program—not emergency shelter for families.","Turning Leaf Project ofrece programación cognitivo-conductual, empleo transicional y manejo de casos para hombres con antecedentes penales que regresan al condado Charleston después de la encarcelación. Los participantes completan clases basadas en evidencia mientras trabajan en la imprenta de empresa social de Turning Leaf.",423 Meeting Street,Charleston,843-972-7399,,https://turningleafproject.com,"Justice-involved men referred from SCDC, Charleston County Jail, or SCDPPPS; program-specific enrollment requirements.","Hombres con antecedentes penales referidos por SCDC, cárcel del condado Charleston o SCDPPPS; requisitos específicos de inscripción.",Call 843-972-7399 for enrollment; referral from probation agent or facility reentry staff preferred; pairs with One80 Place and SC Works Charleston.,Llame al 843-972-7399 para inscripción; se prefiere referencia del agente de probatoria; se vincula con One80 Place y SC Works Charleston.,Monday–Friday business hours; program schedules vary,charleston|reentry|employment|cognitive-behavioral|men|reentry-organizations,Cognitive-behavioral classes|Transitional employment|Social enterprise work|Case management|Employer transition support,Charleston,Charleston|Berkeley|Dorchester,multi
22,Lowcountry Food Bank,food-nutrition,Charleston / Tri-County,"Lowcountry Food Bank distributes millions of pounds of food annually through partner agencies, mobile pantries, and direct programs serving food-insecure households in Berkeley, Charleston, Dorchester, and coastal South Carolina counties. Returning citizens reestablishing food security after release can find partner pantries by ZIP code and access SNAP application assistance through agency partners.","Lowcountry Food Bank distribuye millones de libras de alimentos anualmente a través de agencias aliadas, despensas móviles y programas directos sirviendo hogares con inseguridad alimentaria en Berkeley, Charleston, Dorchester y condados costeros de Carolina del Sur.",2864 Azalea Drive,North Charleston,843-747-8146,,https://lowcountryfoodbank.org,Food-insecure residents of the Lowcountry service area; partner agency registration may require proof of address.,Residentes con inseguridad alimentaria del área de servicio del Lowcountry; el registro en agencias aliadas puede requerir prueba de dirección.,Find partner pantries at lowcountryfoodbank.org/find-food; call 843-747-8146; mobile pantry schedule online.,Encuentre despensas aliadas en lowcountryfoodbank.org/find-food; llame al 843-747-8146; horario de despensa móvil en línea.,Warehouse Monday–Friday; partner pantry hours vary,charleston|food-nutrition|food-bank|pantry|tri-county|reentry,Food distribution|Mobile food pantry|Partner agency network|SNAP outreach|Nutrition programs,Charleston,Berkeley|Charleston|Dorchester|Beaufort|Colleton|Georgetown|Hampton|Jasper,multi
23,Metanoia — North Charleston Community Development,basic-needs,North Charleston / Charleston County,"Metanoia is a community development corporation in North Charleston providing youth programs, affordable housing, workforce development, and basic needs support for low-income residents including justice-involved adults in the Cooper River Bridge area. Staff connect participants to SC Works, DSS benefits, and local employers while operating community gardens and housing rehabilitation projects.","Metanoia es una corporación de desarrollo comunitario en North Charleston que ofrece programas juveniles, vivienda asequible, desarrollo de la fuerza laboral y apoyo de necesidades básicas para residentes de bajos ingresos incluidos adultos con antecedentes penales en el área del Puente Cooper River.",3100 Rivers Avenue,North Charleston,843-529-3010,,https://pushingforward.org,Low-income North Charleston and Charleston County residents; justice-involved participants welcome in workforce and housing programs.,Residentes de bajos ingresos de North Charleston y el condado Charleston; participantes con antecedentes penales bienvenidos en programas de fuerza laboral y vivienda.,Call 843-529-3010; workforce programs pair with SC Works North Charleston; affordable housing waitlist applies.,Llame al 843-529-3010; programas de fuerza laboral se vinculan con SC Works North Charleston; aplica lista de espera de vivienda asequible.,Monday–Friday business hours,charleston|north-charleston|basic-needs|workforce|affordable-housing|reentry,Workforce development|Affordable housing|Youth programs|Community gardens|Basic needs navigation,Charleston,Charleston,single
24,Oliver Gospel Mission — Columbia,housing,Columbia / Richland County,"Oliver Gospel Mission in Columbia provides emergency shelter, addiction recovery, transitional housing, and workforce development for homeless men in Richland County including returning citizens recently released from Alvin S. Glenn Detention Center or SCDC custody. The long-term recovery program offers meals, counseling, GED preparation, and job placement on the Taylor Street campus. Men's shelter and recovery—not a women's or family intake center.","Oliver Gospel Mission en Columbia ofrece refugio de emergencia, recuperación de adicciones, vivienda transicional y desarrollo de la fuerza laboral para hombres sin hogar en el condado Richland incluidos ciudadanos que regresan recién liberados. El programa de recuperación a largo plazo ofrece comidas, consejería, preparación GED y colocación laboral.",1100 Taylor Street,Columbia,803-256-7392,,https://olivergospelmission.org,Homeless men in Richland County seeking shelter or recovery; justice-involved men welcome per program policy.,Hombres sin hogar en el condado Richland que busquen refugio o recuperación; hombres con antecedentes penales bienvenidos según política.,Call 803-256-7392 for intake; recovery program requires commitment; pairs with SC CARES Columbia and SC Works Midlands.,Llame al 803-256-7392 para admisión; el programa de recuperación requiere compromiso; se vincula con SC CARES Columbia y SC Works Midlands.,Shelter intake daily; office Monday–Friday business hours,columbia|richland|housing|shelter|recovery|men|reentry,Emergency shelter|Addiction recovery|Transitional housing|GED preparation|Job placement,Richland,Richland|Lexington,multi
25,New Directions of the Midlands — Columbia,reentry-organizations,Columbia / Richland County,"New Directions of the Midlands provides reentry case management, transitional housing referrals, employment coaching, and life-skills classes for justice-involved adults returning to Richland and Lexington counties. Staff coordinate with SCDPPPS agents, SC CARES, and Midlands employers to help returning citizens obtain IDs, benefits, and stable housing within 90 days of release.","New Directions of the Midlands ofrece manejo de casos de reinserción, referencias de vivienda transicional, coaching de empleo y clases de habilidades de vida para adultos con antecedentes penales que regresan a los condados Richland y Lexington.","2711 Middleburg Drive, Suite 304",Columbia,803-731-3000,,https://newdirectionsmidlands.org,Justice-involved adults in Richland or Lexington counties within 12 months of release; referral from SCDPPPS or self-referral.,Adultos con antecedentes penales en los condados Richland o Lexington dentro de 12 meses de la liberación; referencia de SCDPPPS o autorreferencia.,Call 803-731-3000 for intake; co-located with SC CARES regional hub; pairs with Oliver Gospel Mission and Transitions SC.,Llame al 803-731-3000 para admisión; ubicado con el centro regional SC CARES; se vincula con Oliver Gospel Mission y Transitions SC.,Monday–Friday business hours,columbia|richland|lexington|reentry|case-management|employment|reentry-organizations,Reentry case management|Housing referrals|Employment coaching|Life skills classes|Benefits navigation,Richland,Richland|Lexington,multi
26,Transitions — Columbia Homeless Services,housing,Columbia / Richland County,"Transitions is Columbia's primary homeless services provider offering emergency shelter, rapid rehousing, permanent supportive housing, and veteran programs for unhoused adults and families in Richland County including justice-involved individuals exiting jail or prison. The Main Street campus provides case management, employment navigation, and connections to Midlands SC Works and DSS offices.","Transitions es el principal proveedor de servicios para personas sin hogar de Columbia que ofrece refugio de emergencia, realojamiento rápido, vivienda de apoyo permanente y programas para veteranos para adultos y familias sin hogar en el condado Richland incluidas personas con antecedentes penales.",2025 Main Street,Columbia,803-708-4862,,https://transitionssc.org,Unhoused adults and families in Richland County; coordinated entry screening required for housing programs.,Adultos y familias sin hogar en el condado Richland; se requiere evaluación de entrada coordinada para programas de vivienda.,Call 803-708-4862 for coordinated entry; veteran SSVF program available; pairs with New Directions and SC CARES.,Llame al 803-708-4862 para entrada coordinada; programa SSVF para veteranos disponible; se vincula con New Directions y SC CARES.,Contact for shelter intake hours,columbia|richland|housing|shelter|rapid-rehousing|veterans|reentry,Emergency shelter|Rapid rehousing|Permanent supportive housing|Veteran housing|Employment navigation,Richland,Richland,single
27,United Housing Connections — Greenville,housing,Greenville / Greenville County,"United Housing Connections is the Upstate's lead homeless services organization providing coordinated entry, emergency shelter referrals, rapid rehousing, and permanent supportive housing for unhoused adults in Greenville County including returning citizens recently released from Greenville County Detention Center. Housing navigators connect participants to SC Works Greenville, Prisma Health, and local employers.","United Housing Connections es la principal organización de servicios para personas sin hogar del Upstate que ofrece entrada coordinada, referencias de refugio de emergencia, realojamiento rápido y vivienda de apoyo permanente para adultos sin hogar en el condado Greenville incluidos ciudadanos que regresan recién liberados.",135 Edinburgh Court,Greenville,864-241-0462,,https://unitedhousingconnections.org,Unhoused adults in Greenville County; coordinated entry assessment required; justice-involved individuals welcome.,Adultos sin hogar en el condado Greenville; se requiere evaluación de entrada coordinada; personas con antecedentes penales bienvenidas.,Call 864-241-0462 for housing assessment; Homeless Crisis Line 864-234-7505; pairs with Miracle Hill and SC CARES Greenville.,Llame al 864-241-0462 para evaluación de vivienda; Línea de Crisis 864-234-7505; se vincula con Miracle Hill y SC CARES Greenville.,Monday–Friday business hours; crisis line extended hours,greenville|housing|coordinated-entry|rapid-rehousing|reentry,Coordinated entry|Emergency shelter referrals|Rapid rehousing|Permanent supportive housing|Housing navigation,Greenville,Greenville,single
28,Miracle Hill Ministries — Greenville Recovery & Shelter,housing,Greenville / Greenville County,"Miracle Hill Ministries operates emergency shelters, addiction recovery programs, and transitional housing for men, women, and children in Greenville County including justice-involved adults seeking faith-based recovery and stable housing after incarceration. The Overcomers addiction recovery program provides residential treatment, counseling, and workforce preparation on multiple Upstate campuses.","Miracle Hill Ministries opera refugios de emergencia, programas de recuperación de adicciones y vivienda transicional para hombres, mujeres y niños en el condado Greenville incluidos adultos con antecedentes penales que buscan recuperación basada en la fe y vivienda estable después de la encarcelación.",1890 Old Buncombe Road,Greenville,864-268-4357,,https://miraclehill.org,Homeless adults and families in Greenville County; Overcomers recovery program for adults with substance use disorders.,Adultos y familias sin hogar en el condado Greenville; programa de recuperación Overcomers para adultos con trastornos por uso de sustancias.,Call 864-268-4357 for shelter intake; Overcomers program separate intake; Spartanburg campus also serves Upstate.,Llame al 864-268-4357 para admisión al refugio; admisión separada para programa Overcomers; campus de Spartanburg también sirve al Upstate.,Shelter 24/7; office Monday–Friday business hours,greenville|housing|shelter|recovery|SUD|faith-based|reentry,Emergency shelter|Addiction recovery|Transitional housing|Workforce preparation|Family shelter,Greenville,Greenville|Spartanburg|Pickens|Anderson,multi
29,ROAR — Reentry Organization of Anderson & Region,reentry-organizations,Anderson / Upstate,"ROAR (Reentry Organization of Anderson and Region) provides reentry coaching, employment navigation, mentoring, and resource connections for justice-involved adults returning to Anderson, Greenville, Pickens, and Oconee counties. Staff work with SCDPPPS agents and Upstate employers to reduce recidivism through stable employment, housing referrals, and benefits enrollment support.","ROAR (Organización de Reinserción de Anderson y la Región) ofrece coaching de reinserción, navegación de empleo, mentoría y conexiones de recursos para adultos con antecedentes penales que regresan a los condados Anderson, Greenville, Pickens y Oconee.",604 N. Main Street,Anderson,864-332-7856,,https://roarreentry.org,"Justice-involved adults in the Upstate service area; referral from SCDPPPS, facilities, or self-referral within 12 months of release.","Adultos con antecedentes penales en el área de servicio del Upstate; referencia de SCDPPPS, instalaciones o autorreferencia dentro de 12 meses de la liberación.",Call 864-332-7856 for enrollment; pairs with SC Works Anderson and United Housing Connections.,Llame al 864-332-7856 para inscripción; se vincula con SC Works Anderson y United Housing Connections.,Monday–Friday business hours,anderson|upstate|reentry|employment|mentoring|reentry-organizations,Reentry coaching|Employment navigation|Mentoring|Housing referrals|Benefits enrollment support,Anderson,Anderson|Greenville|Pickens|Oconee,multi
30,Miracle Hill Ministries — Spartanburg Campus,housing,Spartanburg / Spartanburg County,"Miracle Hill's Spartanburg campus provides emergency shelter, the Overcomers addiction recovery program, and transitional housing for unhoused men and women in Spartanburg County including justice-involved adults returning from Spartanburg County Detention Center. Residents receive meals, counseling, life-skills classes, and connections to SC Works Spartanburg and local treatment providers.","El campus de Miracle Hill en Spartanburg ofrece refugio de emergencia, el programa de recuperación Overcomers y vivienda transicional para hombres y mujeres sin hogar en el condado Spartanburg incluidos adultos con antecedentes penales que regresan de la cárcel del condado.",499 Howard Street,Spartanburg,864-582-0329,,https://miraclehill.org,Homeless adults in Spartanburg County; Overcomers program for adults with substance use disorders willing to commit to residential recovery.,Adultos sin hogar en el condado Spartanburg; programa Overcomers para adultos con trastornos por uso de sustancias dispuestos a comprometerse con recuperación residencial.,Call 864-582-0329 for Spartanburg shelter intake; Overcomers admissions through miraclehill.org; pairs with Piedmont Community Actions.,Llame al 864-582-0329 para admisión al refugio de Spartanburg; admisiones Overcomers a través de miraclehill.org; se vincula con Piedmont Community Actions.,Shelter 24/7; office Monday–Friday business hours,spartanburg|housing|shelter|recovery|SUD|reentry,Emergency shelter|Overcomers recovery|Transitional housing|Life skills classes|Employment referrals,Spartanburg,Spartanburg|Cherokee|Union,multi
31,Piedmont Community Actions — Spartanburg,basic-needs,Spartanburg / Upstate,"Piedmont Community Actions is the community action agency serving Spartanburg, Cherokee, and Union counties with emergency rent and utility assistance, weatherization, Head Start, and self-sufficiency coaching for low-income families including justice-involved households rebuilding after incarceration. Staff connect clients to SC Works, DSS benefits, and local housing partners.","Piedmont Community Actions es la agencia de acción comunitaria que sirve a los condados Spartanburg, Cherokee y Union con asistencia de emergencia para renta y servicios públicos, climatización, Head Start y coaching de autosuficiencia para familias de bajos ingresos incluidos hogares con antecedentes penales.",300 Piedmont Avenue,Spartanburg,864-585-8181,,https://piedmontcaa.org,"Low-income residents of Spartanburg, Cherokee, and Union counties; income documentation required for emergency assistance.","Residentes de bajos ingresos de los condados Spartanburg, Cherokee y Union; se requiere documentación de ingresos para asistencia de emergencia.",Call 864-585-8181 for emergency assistance intake; weatherization and Head Start programs also available.,Llame al 864-585-8181 para admisión de asistencia de emergencia; también programas de climatización y Head Start.,Monday–Friday business hours,spartanburg|basic-needs|emergency-assistance|community-action|reentry,Emergency rent assistance|Utility assistance|Weatherization|Head Start|Self-sufficiency coaching,Spartanburg,Spartanburg|Cherokee|Union,multi
32,Hope Haven of the Lowcountry — Florence,housing,Florence / Pee Dee,"Hope Haven of the Lowcountry provides emergency shelter, transitional housing, and case management for unhoused women and families in Florence and the Pee Dee region including justice-involved mothers reuniting with children after release from SCDC custody or Florence County Detention Center. Staff connect residents to SC Works Pee Dee, New Directions, and local treatment providers.","Hope Haven of the Lowcountry ofrece refugio de emergencia, vivienda transicional y manejo de casos para mujeres y familias sin hogar en Florence y la región Pee Dee incluidas madres con antecedentes penales que se reúnen con sus hijos después de la liberación.",1267 Celebration Boulevard,Florence,843-669-0571,,https://hopehavenlowcountry.org,Unhoused women and families in the Pee Dee region; justice-involved women with children welcome per intake policy.,Mujeres y familias sin hogar en la región Pee Dee; mujeres con antecedentes penales con hijos bienvenidas según política de admisión.,Call 843-669-0571 for intake; pairs with Keystone Substance Abuse Services and SC CARES Florence.,Llame al 843-669-0571 para admisión; se vincula con Keystone Substance Abuse Services y SC CARES Florence.,Contact for shelter intake hours,florence|pee-dee|housing|shelter|women|families|reentry,Emergency shelter|Transitional housing|Case management|Family reunification support|Employment referrals,Florence,Florence|Darlington|Marion|Dillon|Marlboro|Chesterfield,multi
33,Keystone Substance Abuse Services — Florence,substance-use-treatment,Florence / Pee Dee,"Keystone Substance Abuse Services is the Pee Dee region's primary substance use treatment provider offering outpatient counseling, intensive outpatient programs, medication-assisted treatment, and DUI evaluation services in Florence County. Justice-involved clients referred by SCDPPPS agents, drug courts, and reentry programs can access Medicaid-funded treatment and sliding-fee services.","Keystone Substance Abuse Services es el principal proveedor de tratamiento de uso de sustancias de la región Pee Dee que ofrece consejería ambulatoria, programas intensivos ambulatorios, tratamiento asistido con medicamentos y servicios de evaluación DUI en el condado Florence.",1305 West Evans Street,Florence,843-669-7060,,https://keystonesc.org,Adults and adolescents with substance use disorders in the Pee Dee region; Medicaid and sliding-fee accepted; justice referrals welcome.,Adultos y adolescentes con trastornos por uso de sustancias en la región Pee Dee; se aceptan Medicaid y tarifa móvil; referencias de justicia bienvenidas.,Call 843-669-7060 for intake; MAT program available; pairs with Hope Haven and SCDPPPS Pee Dee field offices.,Llame al 843-669-7060 para admisión; programa MAT disponible; se vincula con Hope Haven y oficinas de campo SCDPPPS Pee Dee.,Monday–Friday clinic hours; call for appointment,florence|pee-dee|substance-use-treatment|MAT|outpatient|reentry,Outpatient counseling|Intensive outpatient|Medication-assisted treatment|DUI evaluation|Justice system referrals,Florence,Florence|Darlington|Marion|Dillon|Marlboro|Chesterfield|Williamsburg,multi
34,New Directions — Myrtle Beach,reentry-organizations,Myrtle Beach / Horry County,"New Directions provides reentry case management, employment coaching, and housing navigation for justice-involved adults returning to Horry County including the Myrtle Beach and Conway areas after release from J. Reuben Long Detention Center or SCDC custody. Staff coordinate with SC Works Coastal, Helping Hand, and Grand Strand employers for fair-chance hiring.","New Directions ofrece manejo de casos de reinserción, coaching de empleo y navegación de vivienda para adultos con antecedentes penales que regresan al condado Horry incluyendo las áreas de Myrtle Beach y Conway después de la liberación.",1010 5th Avenue North,Myrtle Beach,843-839-0130,,https://newdirectionsmb.org,Justice-involved adults in Horry County within 12 months of release; referral from SCDPPPS or self-referral.,Adultos con antecedentes penales en el condado Horry dentro de 12 meses de la liberación; referencia de SCDPPPS o autorreferencia.,Call 843-839-0130 for intake; pairs with Helping Hand of Myrtle Beach and SC Works Conway.,Llame al 843-839-0130 para admisión; se vincula con Helping Hand of Myrtle Beach y SC Works Conway.,Monday–Friday business hours,myrtle-beach|horry|reentry|employment|housing|reentry-organizations,Reentry case management|Employment coaching|Housing navigation|Benefits enrollment|Employer connections,Horry,Horry,single
35,Helping Hand of Myrtle Beach,basic-needs,Myrtle Beach / Horry County,"Helping Hand of Myrtle Beach provides emergency food, clothing, utility assistance, and referral navigation for low-income Horry County residents including returning citizens reestablishing basic needs after incarceration. The day-services center offers showers, mail receipt, and connections to Grand Strand housing and employment partners.","Helping Hand of Myrtle Beach ofrece alimentos de emergencia, ropa, asistencia con servicios públicos y navegación de referencias para residentes de bajos ingresos del condado Horry incluidos ciudadanos que regresan que reestablecen necesidades básicas después de la encarcelación.",1411 Osceola Street,Myrtle Beach,843-448-0000,,https://helpinghandofmyrtlebeach.org,Low-income Horry County residents; proof of residency and income may be required for utility assistance.,Residentes de bajos ingresos del condado Horry; puede requerirse prueba de residencia e ingresos para asistencia con servicios públicos.,Call 843-448-0000 for assistance; food pantry hours posted online; pairs with New Directions and SC 211.,Llame al 843-448-0000 para asistencia; horario de despensa publicado en línea; se vincula con New Directions y SC 211.,Monday–Friday business hours; food pantry hours vary,myrtle-beach|horry|basic-needs|food|utility-assistance|reentry,Emergency food|Clothing assistance|Utility assistance|Day services|Referral navigation,Horry,Horry,single
36,Keystone Substance Abuse Services — Rock Hill,substance-use-treatment,Rock Hill / York County,"Keystone Substance Abuse Services operates a York County outpatient clinic in Rock Hill providing counseling, intensive outpatient treatment, and medication-assisted treatment for justice-involved adults under SCDPPPS supervision in York, Lancaster, and Chester counties. The clinic accepts Medicaid and offers sliding-fee services for uninsured clients reestablishing recovery after release.","Keystone Substance Abuse Services opera una clínica ambulatoria del condado York en Rock Hill que ofrece consejería, tratamiento intensivo ambulatorio y tratamiento asistido con medicamentos para adultos con antecedentes penales bajo supervisión SCDPPPS en los condados York, Lancaster y Chester.",1308 Ebenezer Road,Rock Hill,803-324-1800,,https://keystonesc.org,Adults with substance use disorders in York County and surrounding areas; Medicaid and sliding-fee accepted; SCDPPPS referrals welcome.,Adultos con trastornos por uso de sustancias en el condado York y áreas circundantes; se aceptan Medicaid y tarifa móvil; referencias SCDPPPS bienvenidas.,Call 803-324-1800 for Rock Hill clinic intake; MAT program available; pairs with SC CARES Rock Hill and Catawba Community Action.,Llame al 803-324-1800 para admisión en clínica de Rock Hill; programa MAT disponible; se vincula con SC CARES Rock Hill y Catawba Community Action.,Monday–Friday clinic hours,rock-hill|york|substance-use-treatment|MAT|outpatient|reentry,Outpatient counseling|Intensive outpatient|Medication-assisted treatment|SCDPPPS coordination|Sliding-fee care,York,York|Lancaster|Chester,multi
37,Catawba Community Action Agency — Rock Hill,basic-needs,Rock Hill / York County,"Catawba Community Action Agency serves York, Lancaster, and Chester counties with emergency assistance for rent, utilities, and food plus weatherization, Head Start, and workforce development programs for low-income families including justice-involved households. Staff connect clients to SC Works Rock Hill, DSS benefits, and local housing partners in the Charlotte metro South Carolina corridor.","Catawba Community Action Agency sirve a los condados York, Lancaster y Chester con asistencia de emergencia para renta, servicios públicos y alimentos además de climatización, Head Start y programas de desarrollo de la fuerza laboral para familias de bajos ingresos incluidos hogares con antecedentes penales.",1136 Saluda Street,Rock Hill,803-327-2101,,https://catawbaccaa.org,"Low-income residents of York, Lancaster, and Chester counties; income documentation required for emergency assistance programs.","Residentes de bajos ingresos de los condados York, Lancaster y Chester; se requiere documentación de ingresos para programas de asistencia de emergencia.",Call 803-327-2101 for intake; emergency assistance by appointment; pairs with Keystone and SC CARES Rock Hill.,Llame al 803-327-2101 para admisión; asistencia de emergencia con cita; se vincula con Keystone y SC CARES Rock Hill.,Monday–Friday business hours,rock-hill|york|basic-needs|community-action|emergency-assistance|reentry,Emergency rent assistance|Utility assistance|Food aid|Weatherization|Workforce development,York,York|Lancaster|Chester,multi
38,Harvest Hope Food Bank — Midlands,food-nutrition,Columbia / Midlands,"Harvest Hope Food Bank distributes food through partner agencies and direct programs across 20 Midlands and Pee Dee counties including Richland, Lexington, Sumter, and Orangeburg. Returning citizens reestablishing food security can locate partner pantries online and access mobile pantry schedules serving justice-involved communities near Columbia and Florence.","Harvest Hope Food Bank distribuye alimentos a través de agencias aliadas y programas directos en 20 condados de Midlands y Pee Dee incluyendo Richland, Lexington, Sumter y Orangeburg. Los ciudadanos que regresan pueden localizar despensas aliadas en línea y acceder a horarios de despensas móviles.",2228 Shop Road,Columbia,803-254-4432,,https://harvesthope.org,Food-insecure residents of Midlands and Pee Dee service counties; partner agency registration requirements vary.,Residentes con inseguridad alimentaria de condados de servicio de Midlands y Pee Dee; los requisitos de registro en agencias aliadas varían.,Find food at harvesthope.org/find-food; Columbia warehouse 803-254-4432; Florence branch serves Pee Dee region.,Encuentre alimentos en harvesthope.org/find-food; almacén de Columbia 803-254-4432; sucursal de Florence sirve región Pee Dee.,Warehouse Monday–Friday; partner pantry hours vary,columbia|midlands|food-nutrition|food-bank|pee-dee|reentry,Food distribution|Partner agency network|Mobile food pantry|SNAP outreach|Emergency food boxes,Richland,Richland|Lexington|Sumter|Orangeburg|Calhoun|Fairfield|Kershaw|Lee|Clarendon,multi
39,SC Works — Charleston Center,employment,Charleston / Tri-County,"The SC Works Charleston center connects Tri-County job seekers including justice-involved adults from Charleston County Detention Center and SCDC release to resume coaching, WIOA training referrals, and fair-chance employer partnerships. Staff coordinate with Turning Leaf, One80 Place, and Lowcountry employers for returning citizens rebuilding work histories in Berkeley, Charleston, and Dorchester counties.","El centro SC Works de Charleston conecta buscadores de empleo del Tri-County incluidos adultos con antecedentes penales de la cárcel del condado Charleston y liberación de SCDC con coaching de currículum, referencias de capacitación WIOA y alianzas de empleadores de segunda oportunidad.",1930 Hanahan Road,North Charleston,843-574-1800,,https://www.scworks.org,Open to Tri-County job seekers including justice-involved individuals; core SC Works services are free.,Abierto a buscadores de empleo del Tri-County incluidas personas con antecedentes penales; servicios básicos de SC Works son gratuitos.,Register at scworks.org; call 843-574-1800; co-located with Trident Workforce Development Board services.,Regístrese en scworks.org; llame al 843-574-1800; ubicado con servicios de la Junta de Desarrollo de la Fuerza Laboral Trident.,Monday–Friday business hours,charleston|employment|SC-Works|WIOA|fair-chance|reentry,Job search assistance|Resume coaching|WIOA training referrals|Fair-chance employer connections|Career workshops,Charleston,Berkeley|Charleston|Dorchester,multi
40,SC Works — Greenville Center,employment,Greenville / Upstate,"The SC Works Greenville center on Pelham Road provides free employment services for Upstate job seekers including justice-involved adults under SCDPPPS supervision in Greenville, Spartanburg, and Anderson counties. Career coaches offer resume assistance, skills assessments, WIOA training referrals, and connections to fair-chance employers coordinated with ROAR and United Housing Connections.","El centro SC Works de Greenville en Pelham Road brinda servicios de empleo gratuitos para buscadores de empleo del Upstate incluidos adultos con antecedentes penales bajo supervisión SCDPPPS en los condados Greenville, Spartanburg y Anderson.",1400 Pelham Road,Greenville,864-271-4825,,https://www.scworks.org,Open to Upstate job seekers including justice-involved individuals; veterans receive priority services.,Abierto a buscadores de empleo del Upstate incluidas personas con antecedentes penales; veteranos reciben servicios prioritarios.,Register at scworks.org; call 864-271-4825; Upstate Workforce Board partner location.,Regístrese en scworks.org; llame al 864-271-4825; ubicación aliada de la Junta de Fuerza Laboral del Upstate.,Monday–Friday business hours,greenville|employment|SC-Works|WIOA|fair-chance|reentry,Career coaching|Resume assistance|Skills assessments|WIOA referrals|Veteran employment services,Greenville,Greenville,single
41,SC Works — Rock Hill Center,employment,Rock Hill / York County,"The SC Works Rock Hill center on Oakland Avenue connects York, Lancaster, and Chester county job seekers including justice-involved adults to career coaching, on-the-job training referrals, and fair-chance employment navigation. Staff coordinate with Keystone, Catawba Community Action, and SC CARES Rock Hill for returning citizens rebuilding employment after release from York County Detention Center.","El centro SC Works de Rock Hill en Oakland Avenue conecta buscadores de empleo de los condados York, Lancaster y Chester incluidos adultos con antecedentes penales con coaching de carrera, referencias de capacitación en el trabajo y navegación de empleo de segunda oportunidad.",2045 Oakland Avenue,Rock Hill,803-324-4030,,https://www.scworks.org,Open to York County area job seekers including justice-involved individuals; core services free.,Abierto a buscadores de empleo del área del condado York incluidas personas con antecedentes penales; servicios básicos gratuitos.,Register at scworks.org; call 803-324-4030; Catawba Workforce Development Board partner.,Regístrese en scworks.org; llame al 803-324-4030; aliado de la Junta de Desarrollo de la Fuerza Laboral Catawba.,Monday–Friday business hours,rock-hill|york|employment|SC-Works|WIOA|fair-chance|reentry,Career coaching|On-the-job training referrals|Job search assistance|Fair-chance employment|Workshop programs,York,York|Lancaster|Chester,multi
42,Abbeville County DSS — Benefits & Family Support,financial-assistance,Abbeville / Abbeville County,"The Abbeville County Department of Social Services office in Abbeville processes SNAP, Medicaid, TANF, and child care assistance applications for South Carolina residents, including returning citizens reestablishing food and health benefits after release from jail or South Carolina Department of Corrections custody. County DSS staff help verify identity and income and accept applications submitted through the statewide benefits portal.","La oficina del Departamento de Servicios Sociales del condado Abbeville en Abbeville procesa solicitudes de SNAP, Medicaid, TANF y asistencia de cuidado infantil para residentes de Carolina del Sur, incluidos ciudadanos que regresan que restablecen beneficios alimentarios y de salud después de salir de la cárcel o de la custodia del Departamento de Correcciones. El personal del condado ayuda a verificar identidad e ingresos y acepta solicitudes del portal estatal.",Suite 1,Abbeville,(864) 366-5481,,https://dss.sc.gov/contact-dss/upstate-region/abbeville/,"Abbeville County residents meeting income and household-size requirements for SNAP, Medicaid, and TANF; criminal record generally not a barrier.","Residentes del condado Abbeville que cumplan requisitos de ingresos y tamaño de hogar para SNAP, Medicaid y TANF; los antecedentes penales generalmente no son barrera.",Apply online at benefitsportal.dss.sc.gov or portal.dss.sc.gov; call 1-800-616-1309 for statewide DSS help; visit the county office for in-person verification.,Solicite en benefitsportal.dss.sc.gov o portal.dss.sc.gov; llame al 1-800-616-1309 para ayuda estatal; visite la oficina del condado para verificación presencial.,Typically Monday–Friday business hours; call ahead,abbeville|south-carolina|benefits|SNAP|Medicaid|DSS|reentry,SNAP enrollment|Medicaid application help|TANF cash assistance|Child care subsidies|Benefits verification,Abbeville,Abbeville,single
43,Aiken County DSS — Benefits & Family Support,financial-assistance,North Augusta / Aiken County,"The Aiken County Department of Social Services office in North Augusta processes SNAP, Medicaid, TANF, and child care assistance applications for South Carolina residents, including returning citizens reestablishing food and health benefits after release from jail or South Carolina Department of Corrections custody. County DSS staff help verify identity and income and accept applications submitted through the statewide benefits portal.","La oficina del Departamento de Servicios Sociales del condado Aiken en North Augusta procesa solicitudes de SNAP, Medicaid, TANF y asistencia de cuidado infantil para residentes de Carolina del Sur, incluidos ciudadanos que regresan que restablecen beneficios alimentarios y de salud después de salir de la cárcel o de la custodia del Departamento de Correcciones. El personal del condado ayuda a verificar identidad e ingresos y acepta solicitudes del portal estatal.",Suite 183,North Augusta,(803) 649-1111,,https://dss.sc.gov/contact-dss/midlands-region/aiken/,"Aiken County residents meeting income and household-size requirements for SNAP, Medicaid, and TANF; criminal record generally not a barrier.","Residentes del condado Aiken que cumplan requisitos de ingresos y tamaño de hogar para SNAP, Medicaid y TANF; los antecedentes penales generalmente no son barrera.",Apply online at benefitsportal.dss.sc.gov or portal.dss.sc.gov; call 1-800-616-1309 for statewide DSS help; visit the county office for in-person verification.,Solicite en benefitsportal.dss.sc.gov o portal.dss.sc.gov; llame al 1-800-616-1309 para ayuda estatal; visite la oficina del condado para verificación presencial.,Typically Monday–Friday business hours; call ahead,aiken|south-carolina|benefits|SNAP|Medicaid|DSS|reentry,SNAP enrollment|Medicaid application help|TANF cash assistance|Child care subsidies|Benefits verification,Aiken,Aiken,single
44,Allendale County DSS — Benefits & Family Support,financial-assistance,Allendale / Allendale County,"The Allendale County Department of Social Services office in Allendale processes SNAP, Medicaid, TANF, and child care assistance applications for South Carolina residents, including returning citizens reestablishing food and health benefits after release from jail or South Carolina Department of Corrections custody. County DSS staff help verify identity and income and accept applications submitted through the statewide benefits portal.","La oficina del Departamento de Servicios Sociales del condado Allendale en Allendale procesa solicitudes de SNAP, Medicaid, TANF y asistencia de cuidado infantil para residentes de Carolina del Sur, incluidos ciudadanos que regresan que restablecen beneficios alimentarios y de salud después de salir de la cárcel o de la custodia del Departamento de Correcciones. El personal del condado ayuda a verificar identidad e ingresos y acepta solicitudes del portal estatal.",521 Barnwell Hwy,Allendale,(803) 584-7048,,https://dss.sc.gov/contact-dss/lowcountry-region/allendale/,"Allendale County residents meeting income and household-size requirements for SNAP, Medicaid, and TANF; criminal record generally not a barrier.","Residentes del condado Allendale que cumplan requisitos de ingresos y tamaño de hogar para SNAP, Medicaid y TANF; los antecedentes penales generalmente no son barrera.",Apply online at benefitsportal.dss.sc.gov or portal.dss.sc.gov; call 1-800-616-1309 for statewide DSS help; visit the county office for in-person verification.,Solicite en benefitsportal.dss.sc.gov o portal.dss.sc.gov; llame al 1-800-616-1309 para ayuda estatal; visite la oficina del condado para verificación presencial.,Typically Monday–Friday business hours; call ahead,allendale|south-carolina|benefits|SNAP|Medicaid|DSS|reentry,SNAP enrollment|Medicaid application help|TANF cash assistance|Child care subsidies|Benefits verification,Allendale,Allendale,single
45,Anderson County DSS — Benefits & Family Support,financial-assistance,Anderson / Anderson County,"The Anderson County Department of Social Services office in Anderson processes SNAP, Medicaid, TANF, and child care assistance applications for South Carolina residents, including returning citizens reestablishing food and health benefits after release from jail or South Carolina Department of Corrections custody. County DSS staff help verify identity and income and accept applications submitted through the statewide benefits portal.","La oficina del Departamento de Servicios Sociales del condado Anderson en Anderson procesa solicitudes de SNAP, Medicaid, TANF y asistencia de cuidado infantil para residentes de Carolina del Sur, incluidos ciudadanos que regresan que restablecen beneficios alimentarios y de salud después de salir de la cárcel o de la custodia del Departamento de Correcciones. El personal del condado ayuda a verificar identidad e ingresos y acepta solicitudes del portal estatal.",224 McGee Rd.,Anderson,(864) 260-4100,,https://dss.sc.gov/contact-dss/upstate-region/anderson/,"Anderson County residents meeting income and household-size requirements for SNAP, Medicaid, and TANF; criminal record generally not a barrier.","Residentes del condado Anderson que cumplan requisitos de ingresos y tamaño de hogar para SNAP, Medicaid y TANF; los antecedentes penales generalmente no son barrera.",Apply online at benefitsportal.dss.sc.gov or portal.dss.sc.gov; call 1-800-616-1309 for statewide DSS help; visit the county office for in-person verification.,Solicite en benefitsportal.dss.sc.gov o portal.dss.sc.gov; llame al 1-800-616-1309 para ayuda estatal; visite la oficina del condado para verificación presencial.,Typically Monday–Friday business hours; call ahead,anderson|south-carolina|benefits|SNAP|Medicaid|DSS|reentry,SNAP enrollment|Medicaid application help|TANF cash assistance|Child care subsidies|Benefits verification,Anderson,Anderson,single
46,Bamberg County DSS — Benefits & Family Support,financial-assistance,Bamberg / Bamberg County,"The Bamberg County Department of Social Services office in Bamberg processes SNAP, Medicaid, TANF, and child care assistance applications for South Carolina residents, including returning citizens reestablishing food and health benefits after release from jail or South Carolina Department of Corrections custody. County DSS staff help verify identity and income and accept applications submitted through the statewide benefits portal.","La oficina del Departamento de Servicios Sociales del condado Bamberg en Bamberg procesa solicitudes de SNAP, Medicaid, TANF y asistencia de cuidado infantil para residentes de Carolina del Sur, incluidos ciudadanos que regresan que restablecen beneficios alimentarios y de salud después de salir de la cárcel o de la custodia del Departamento de Correcciones. El personal del condado ayuda a verificar identidad e ingresos y acepta solicitudes del portal estatal.",374 Log Branch Rd.,Bamberg,(803) 245-4363,,https://dss.sc.gov/contact-dss/midlands-region/bamberg/,"Bamberg County residents meeting income and household-size requirements for SNAP, Medicaid, and TANF; criminal record generally not a barrier.","Residentes del condado Bamberg que cumplan requisitos de ingresos y tamaño de hogar para SNAP, Medicaid y TANF; los antecedentes penales generalmente no son barrera.",Apply online at benefitsportal.dss.sc.gov or portal.dss.sc.gov; call 1-800-616-1309 for statewide DSS help; visit the county office for in-person verification.,Solicite en benefitsportal.dss.sc.gov o portal.dss.sc.gov; llame al 1-800-616-1309 para ayuda estatal; visite la oficina del condado para verificación presencial.,Typically Monday–Friday business hours; call ahead,bamberg|south-carolina|benefits|SNAP|Medicaid|DSS|reentry,SNAP enrollment|Medicaid application help|TANF cash assistance|Child care subsidies|Benefits verification,Bamberg,Bamberg,single
47,Barnwell County DSS — Benefits & Family Support,financial-assistance,Barnwell / Barnwell County,"The Barnwell County Department of Social Services office in Barnwell processes SNAP, Medicaid, TANF, and child care assistance applications for South Carolina residents, including returning citizens reestablishing food and health benefits after release from jail or South Carolina Department of Corrections custody. County DSS staff help verify identity and income and accept applications submitted through the statewide benefits portal.","La oficina del Departamento de Servicios Sociales del condado Barnwell en Barnwell procesa solicitudes de SNAP, Medicaid, TANF y asistencia de cuidado infantil para residentes de Carolina del Sur, incluidos ciudadanos que regresan que restablecen beneficios alimentarios y de salud después de salir de la cárcel o de la custodia del Departamento de Correcciones. El personal del condado ayuda a verificar identidad e ingresos y acepta solicitudes del portal estatal.",P.O. Box 1306,Barnwell,(803) 541-1200,,https://dss.sc.gov/contact-dss/midlands-region/barnwell/,"Barnwell County residents meeting income and household-size requirements for SNAP, Medicaid, and TANF; criminal record generally not a barrier.","Residentes del condado Barnwell que cumplan requisitos de ingresos y tamaño de hogar para SNAP, Medicaid y TANF; los antecedentes penales generalmente no son barrera.",Apply online at benefitsportal.dss.sc.gov or portal.dss.sc.gov; call 1-800-616-1309 for statewide DSS help; visit the county office for in-person verification.,Solicite en benefitsportal.dss.sc.gov o portal.dss.sc.gov; llame al 1-800-616-1309 para ayuda estatal; visite la oficina del condado para verificación presencial.,Typically Monday–Friday business hours; call ahead,barnwell|south-carolina|benefits|SNAP|Medicaid|DSS|reentry,SNAP enrollment|Medicaid application help|TANF cash assistance|Child care subsidies|Benefits verification,Barnwell,Barnwell,single
48,Beaufort County DSS — Benefits & Family Support,financial-assistance,Beaufort / Beaufort County,"The Beaufort County Department of Social Services office in Beaufort processes SNAP, Medicaid, TANF, and child care assistance applications for South Carolina residents, including returning citizens reestablishing food and health benefits after release from jail or South Carolina Department of Corrections custody. County DSS staff help verify identity and income and accept applications submitted through the statewide benefits portal.","La oficina del Departamento de Servicios Sociales del condado Beaufort en Beaufort procesa solicitudes de SNAP, Medicaid, TANF y asistencia de cuidado infantil para residentes de Carolina del Sur, incluidos ciudadanos que regresan que restablecen beneficios alimentarios y de salud después de salir de la cárcel o de la custodia del Departamento de Correcciones. El personal del condado ayuda a verificar identidad e ingresos y acepta solicitudes del portal estatal.",P.O. Box 1065,Beaufort,(843) 255-6081,,https://dss.sc.gov/contact-dss/lowcountry-region/beaufort/,"Beaufort County residents meeting income and household-size requirements for SNAP, Medicaid, and TANF; criminal record generally not a barrier.","Residentes del condado Beaufort que cumplan requisitos de ingresos y tamaño de hogar para SNAP, Medicaid y TANF; los antecedentes penales generalmente no son barrera.",Apply online at benefitsportal.dss.sc.gov or portal.dss.sc.gov; call 1-800-616-1309 for statewide DSS help; visit the county office for in-person verification.,Solicite en benefitsportal.dss.sc.gov o portal.dss.sc.gov; llame al 1-800-616-1309 para ayuda estatal; visite la oficina del condado para verificación presencial.,Typically Monday–Friday business hours; call ahead,beaufort|south-carolina|benefits|SNAP|Medicaid|DSS|reentry,SNAP enrollment|Medicaid application help|TANF cash assistance|Child care subsidies|Benefits verification,Beaufort,Beaufort,single
49,Berkeley County DSS — Benefits & Family Support,financial-assistance,Moncks Corner / Berkeley County,"The Berkeley County Department of Social Services office in Moncks Corner processes SNAP, Medicaid, TANF, and child care assistance applications for South Carolina residents, including returning citizens reestablishing food and health benefits after release from jail or South Carolina Department of Corrections custody. County DSS staff help verify identity and income and accept applications submitted through the statewide benefits portal.","La oficina del Departamento de Servicios Sociales del condado Berkeley en Moncks Corner procesa solicitudes de SNAP, Medicaid, TANF y asistencia de cuidado infantil para residentes de Carolina del Sur, incluidos ciudadanos que regresan que restablecen beneficios alimentarios y de salud después de salir de la cárcel o de la custodia del Departamento de Correcciones. El personal del condado ayuda a verificar identidad e ingresos y acepta solicitudes del portal estatal.",2 Belt Drive,Moncks Corner,(843) 761-8044,,https://dss.sc.gov/contact-dss/lowcountry-region/berkeley/,"Berkeley County residents meeting income and household-size requirements for SNAP, Medicaid, and TANF; criminal record generally not a barrier.","Residentes del condado Berkeley que cumplan requisitos de ingresos y tamaño de hogar para SNAP, Medicaid y TANF; los antecedentes penales generalmente no son barrera.",Apply online at benefitsportal.dss.sc.gov or portal.dss.sc.gov; call 1-800-616-1309 for statewide DSS help; visit the county office for in-person verification.,Solicite en benefitsportal.dss.sc.gov o portal.dss.sc.gov; llame al 1-800-616-1309 para ayuda estatal; visite la oficina del condado para verificación presencial.,Typically Monday–Friday business hours; call ahead,berkeley|south-carolina|benefits|SNAP|Medicaid|DSS|reentry,SNAP enrollment|Medicaid application help|TANF cash assistance|Child care subsidies|Benefits verification,Berkeley,Berkeley,single
50,Calhoun County DSS — Benefits & Family Support,financial-assistance,St Matthews / Calhoun County,"The Calhoun County Department of Social Services office in St Matthews processes SNAP, Medicaid, TANF, and child care assistance applications for South Carolina residents, including returning citizens reestablishing food and health benefits after release from jail or South Carolina Department of Corrections custody. County DSS staff help verify identity and income and accept applications submitted through the statewide benefits portal.","La oficina del Departamento de Servicios Sociales del condado Calhoun en St Matthews procesa solicitudes de SNAP, Medicaid, TANF y asistencia de cuidado infantil para residentes de Carolina del Sur, incluidos ciudadanos que regresan que restablecen beneficios alimentarios y de salud después de salir de la cárcel o de la custodia del Departamento de Correcciones. El personal del condado ayuda a verificar identidad e ingresos y acepta solicitudes del portal estatal.",PO Box 467,St Matthews,(803) 874-3384,,https://dss.sc.gov/contact-dss/lowcountry-region/calhoun/,"Calhoun County residents meeting income and household-size requirements for SNAP, Medicaid, and TANF; criminal record generally not a barrier.","Residentes del condado Calhoun que cumplan requisitos de ingresos y tamaño de hogar para SNAP, Medicaid y TANF; los antecedentes penales generalmente no son barrera.",Apply online at benefitsportal.dss.sc.gov or portal.dss.sc.gov; call 1-800-616-1309 for statewide DSS help; visit the county office for in-person verification.,Solicite en benefitsportal.dss.sc.gov o portal.dss.sc.gov; llame al 1-800-616-1309 para ayuda estatal; visite la oficina del condado para verificación presencial.,Typically Monday–Friday business hours; call ahead,calhoun|south-carolina|benefits|SNAP|Medicaid|DSS|reentry,SNAP enrollment|Medicaid application help|TANF cash assistance|Child care subsidies|Benefits verification,Calhoun,Calhoun,single
51,Charleston County DSS — Benefits & Family Support,financial-assistance,N. Charleston / Charleston County,"The Charleston County Department of Social Services office in N. Charleston processes SNAP, Medicaid, TANF, and child care assistance applications for South Carolina residents, including returning citizens reestablishing food and health benefits after release from jail or South Carolina Department of Corrections custody. County DSS staff help verify identity and income and accept applications submitted through the statewide benefits portal.","La oficina del Departamento de Servicios Sociales del condado Charleston en N. Charleston procesa solicitudes de SNAP, Medicaid, TANF y asistencia de cuidado infantil para residentes de Carolina del Sur, incluidos ciudadanos que regresan que restablecen beneficios alimentarios y de salud después de salir de la cárcel o de la custodia del Departamento de Correcciones. El personal del condado ayuda a verificar identidad e ingresos y acepta solicitudes del portal estatal.","3685 Rivers Ave., Suite 101",N. Charleston,(843) 953-9400,,https://dss.sc.gov/contact-dss/lowcountry-region/charleston/,"Charleston County residents meeting income and household-size requirements for SNAP, Medicaid, and TANF; criminal record generally not a barrier.","Residentes del condado Charleston que cumplan requisitos de ingresos y tamaño de hogar para SNAP, Medicaid y TANF; los antecedentes penales generalmente no son barrera.",Apply online at benefitsportal.dss.sc.gov or portal.dss.sc.gov; call 1-800-616-1309 for statewide DSS help; visit the county office for in-person verification.,Solicite en benefitsportal.dss.sc.gov o portal.dss.sc.gov; llame al 1-800-616-1309 para ayuda estatal; visite la oficina del condado para verificación presencial.,Typically Monday–Friday business hours; call ahead,charleston|south-carolina|benefits|SNAP|Medicaid|DSS|reentry,SNAP enrollment|Medicaid application help|TANF cash assistance|Child care subsidies|Benefits verification,Charleston,Charleston,single
52,Cherokee County DSS — Benefits & Family Support,financial-assistance,Gaffney / Cherokee County,"The Cherokee County Department of Social Services office in Gaffney processes SNAP, Medicaid, TANF, and child care assistance applications for South Carolina residents, including returning citizens reestablishing food and health benefits after release from jail or South Carolina Department of Corrections custody. County DSS staff help verify identity and income and accept applications submitted through the statewide benefits portal.","La oficina del Departamento de Servicios Sociales del condado Cherokee en Gaffney procesa solicitudes de SNAP, Medicaid, TANF y asistencia de cuidado infantil para residentes de Carolina del Sur, incluidos ciudadanos que regresan que restablecen beneficios alimentarios y de salud después de salir de la cárcel o de la custodia del Departamento de Correcciones. El personal del condado ayuda a verificar identidad e ingresos y acepta solicitudes del portal estatal.",113 West Buford Street,Gaffney,(864) 487-2704,,https://dss.sc.gov/contact-dss/upstate-region/cherokee/,"Cherokee County residents meeting income and household-size requirements for SNAP, Medicaid, and TANF; criminal record generally not a barrier.","Residentes del condado Cherokee que cumplan requisitos de ingresos y tamaño de hogar para SNAP, Medicaid y TANF; los antecedentes penales generalmente no son barrera.",Apply online at benefitsportal.dss.sc.gov or portal.dss.sc.gov; call 1-800-616-1309 for statewide DSS help; visit the county office for in-person verification.,Solicite en benefitsportal.dss.sc.gov o portal.dss.sc.gov; llame al 1-800-616-1309 para ayuda estatal; visite la oficina del condado para verificación presencial.,Typically Monday–Friday business hours; call ahead,cherokee|south-carolina|benefits|SNAP|Medicaid|DSS|reentry,SNAP enrollment|Medicaid application help|TANF cash assistance|Child care subsidies|Benefits verification,Cherokee,Cherokee,single
53,Chester County DSS — Benefits & Family Support,financial-assistance,Chester / Chester County,"The Chester County Department of Social Services office in Chester processes SNAP, Medicaid, TANF, and child care assistance applications for South Carolina residents, including returning citizens reestablishing food and health benefits after release from jail or South Carolina Department of Corrections custody. County DSS staff help verify identity and income and accept applications submitted through the statewide benefits portal.","La oficina del Departamento de Servicios Sociales del condado Chester en Chester procesa solicitudes de SNAP, Medicaid, TANF y asistencia de cuidado infantil para residentes de Carolina del Sur, incluidos ciudadanos que regresan que restablecen beneficios alimentarios y de salud después de salir de la cárcel o de la custodia del Departamento de Correcciones. El personal del condado ayuda a verificar identidad e ingresos y acepta solicitudes del portal estatal.",(Use PO Box as mailing address.),Chester,(803) 377-8131,,https://dss.sc.gov/contact-dss/midlands-region/chester/,"Chester County residents meeting income and household-size requirements for SNAP, Medicaid, and TANF; criminal record generally not a barrier.","Residentes del condado Chester que cumplan requisitos de ingresos y tamaño de hogar para SNAP, Medicaid y TANF; los antecedentes penales generalmente no son barrera.",Apply online at benefitsportal.dss.sc.gov or portal.dss.sc.gov; call 1-800-616-1309 for statewide DSS help; visit the county office for in-person verification.,Solicite en benefitsportal.dss.sc.gov o portal.dss.sc.gov; llame al 1-800-616-1309 para ayuda estatal; visite la oficina del condado para verificación presencial.,Typically Monday–Friday business hours; call ahead,chester|south-carolina|benefits|SNAP|Medicaid|DSS|reentry,SNAP enrollment|Medicaid application help|TANF cash assistance|Child care subsidies|Benefits verification,Chester,Chester,single
54,Chesterfield County DSS — Benefits & Family Support,financial-assistance,Chesterfield / Chesterfield County,"The Chesterfield County Department of Social Services office in Chesterfield processes SNAP, Medicaid, TANF, and child care assistance applications for South Carolina residents, including returning citizens reestablishing food and health benefits after release from jail or South Carolina Department of Corrections custody. County DSS staff help verify identity and income and accept applications submitted through the statewide benefits portal.","La oficina del Departamento de Servicios Sociales del condado Chesterfield en Chesterfield procesa solicitudes de SNAP, Medicaid, TANF y asistencia de cuidado infantil para residentes de Carolina del Sur, incluidos ciudadanos que regresan que restablecen beneficios alimentarios y de salud después de salir de la cárcel o de la custodia del Departamento de Correcciones. El personal del condado ayuda a verificar identidad e ingresos y acepta solicitudes del portal estatal.",203 Perry Wiley Way,Chesterfield,(843) 623-2147,,https://dss.sc.gov/contact-dss/pee-dee-region/chesterfield/,"Chesterfield County residents meeting income and household-size requirements for SNAP, Medicaid, and TANF; criminal record generally not a barrier.","Residentes del condado Chesterfield que cumplan requisitos de ingresos y tamaño de hogar para SNAP, Medicaid y TANF; los antecedentes penales generalmente no son barrera.",Apply online at benefitsportal.dss.sc.gov or portal.dss.sc.gov; call 1-800-616-1309 for statewide DSS help; visit the county office for in-person verification.,Solicite en benefitsportal.dss.sc.gov o portal.dss.sc.gov; llame al 1-800-616-1309 para ayuda estatal; visite la oficina del condado para verificación presencial.,Typically Monday–Friday business hours; call ahead,chesterfield|south-carolina|benefits|SNAP|Medicaid|DSS|reentry,SNAP enrollment|Medicaid application help|TANF cash assistance|Child care subsidies|Benefits verification,Chesterfield,Chesterfield,single
55,Clarendon County DSS — Benefits & Family Support,financial-assistance,Manning / Clarendon County,"The Clarendon County Department of Social Services office in Manning processes SNAP, Medicaid, TANF, and child care assistance applications for South Carolina residents, including returning citizens reestablishing food and health benefits after release from jail or South Carolina Department of Corrections custody. County DSS staff help verify identity and income and accept applications submitted through the statewide benefits portal.","La oficina del Departamento de Servicios Sociales del condado Clarendon en Manning procesa solicitudes de SNAP, Medicaid, TANF y asistencia de cuidado infantil para residentes de Carolina del Sur, incluidos ciudadanos que regresan que restablecen beneficios alimentarios y de salud después de salir de la cárcel o de la custodia del Departamento de Correcciones. El personal del condado ayuda a verificar identidad e ingresos y acepta solicitudes del portal estatal.",236 Commerce Street Suite 2,Manning,(803) 435-4303,,https://dss.sc.gov/contact-dss/pee-dee-region/clarendon/,"Clarendon County residents meeting income and household-size requirements for SNAP, Medicaid, and TANF; criminal record generally not a barrier.","Residentes del condado Clarendon que cumplan requisitos de ingresos y tamaño de hogar para SNAP, Medicaid y TANF; los antecedentes penales generalmente no son barrera.",Apply online at benefitsportal.dss.sc.gov or portal.dss.sc.gov; call 1-800-616-1309 for statewide DSS help; visit the county office for in-person verification.,Solicite en benefitsportal.dss.sc.gov o portal.dss.sc.gov; llame al 1-800-616-1309 para ayuda estatal; visite la oficina del condado para verificación presencial.,Typically Monday–Friday business hours; call ahead,clarendon|south-carolina|benefits|SNAP|Medicaid|DSS|reentry,SNAP enrollment|Medicaid application help|TANF cash assistance|Child care subsidies|Benefits verification,Clarendon,Clarendon,single
56,Colleton County DSS — Benefits & Family Support,financial-assistance,Walterboro / Colleton County,"The Colleton County Department of Social Services office in Walterboro processes SNAP, Medicaid, TANF, and child care assistance applications for South Carolina residents, including returning citizens reestablishing food and health benefits after release from jail or South Carolina Department of Corrections custody. County DSS staff help verify identity and income and accept applications submitted through the statewide benefits portal.","La oficina del Departamento de Servicios Sociales del condado Colleton en Walterboro procesa solicitudes de SNAP, Medicaid, TANF y asistencia de cuidado infantil para residentes de Carolina del Sur, incluidos ciudadanos que regresan que restablecen beneficios alimentarios y de salud después de salir de la cárcel o de la custodia del Departamento de Correcciones. El personal del condado ayuda a verificar identidad e ingresos y acepta solicitudes del portal estatal.",215 S. Lemacks St.,Walterboro,(843) 549-1894,,https://dss.sc.gov/contact-dss/lowcountry-region/colleton/,"Colleton County residents meeting income and household-size requirements for SNAP, Medicaid, and TANF; criminal record generally not a barrier.","Residentes del condado Colleton que cumplan requisitos de ingresos y tamaño de hogar para SNAP, Medicaid y TANF; los antecedentes penales generalmente no son barrera.",Apply online at benefitsportal.dss.sc.gov or portal.dss.sc.gov; call 1-800-616-1309 for statewide DSS help; visit the county office for in-person verification.,Solicite en benefitsportal.dss.sc.gov o portal.dss.sc.gov; llame al 1-800-616-1309 para ayuda estatal; visite la oficina del condado para verificación presencial.,Typically Monday–Friday business hours; call ahead,colleton|south-carolina|benefits|SNAP|Medicaid|DSS|reentry,SNAP enrollment|Medicaid application help|TANF cash assistance|Child care subsidies|Benefits verification,Colleton,Colleton,single
57,Darlington County DSS — Benefits & Family Support,financial-assistance,Lamar / Darlington County,"The Darlington County Department of Social Services office in Lamar processes SNAP, Medicaid, TANF, and child care assistance applications for South Carolina residents, including returning citizens reestablishing food and health benefits after release from jail or South Carolina Department of Corrections custody. County DSS staff help verify identity and income and accept applications submitted through the statewide benefits portal.","La oficina del Departamento de Servicios Sociales del condado Darlington en Lamar procesa solicitudes de SNAP, Medicaid, TANF y asistencia de cuidado infantil para residentes de Carolina del Sur, incluidos ciudadanos que regresan que restablecen beneficios alimentarios y de salud después de salir de la cárcel o de la custodia del Departamento de Correcciones. El personal del condado ayuda a verificar identidad e ingresos y acepta solicitudes del portal estatal.",528 Cartersville Hwy,Lamar,(843) 332-2231,,https://dss.sc.gov/contact-dss/pee-dee-region/darlington/,"Darlington County residents meeting income and household-size requirements for SNAP, Medicaid, and TANF; criminal record generally not a barrier.","Residentes del condado Darlington que cumplan requisitos de ingresos y tamaño de hogar para SNAP, Medicaid y TANF; los antecedentes penales generalmente no son barrera.",Apply online at benefitsportal.dss.sc.gov or portal.dss.sc.gov; call 1-800-616-1309 for statewide DSS help; visit the county office for in-person verification.,Solicite en benefitsportal.dss.sc.gov o portal.dss.sc.gov; llame al 1-800-616-1309 para ayuda estatal; visite la oficina del condado para verificación presencial.,Typically Monday–Friday business hours; call ahead,darlington|south-carolina|benefits|SNAP|Medicaid|DSS|reentry,SNAP enrollment|Medicaid application help|TANF cash assistance|Child care subsidies|Benefits verification,Darlington,Darlington,single
58,Dillon County DSS — Benefits & Family Support,financial-assistance,Dillon / Dillon County,"The Dillon County Department of Social Services office in Dillon processes SNAP, Medicaid, TANF, and child care assistance applications for South Carolina residents, including returning citizens reestablishing food and health benefits after release from jail or South Carolina Department of Corrections custody. County DSS staff help verify identity and income and accept applications submitted through the statewide benefits portal.","La oficina del Departamento de Servicios Sociales del condado Dillon en Dillon procesa solicitudes de SNAP, Medicaid, TANF y asistencia de cuidado infantil para residentes de Carolina del Sur, incluidos ciudadanos que regresan que restablecen beneficios alimentarios y de salud después de salir de la cárcel o de la custodia del Departamento de Correcciones. El personal del condado ayuda a verificar identidad e ingresos y acepta solicitudes del portal estatal.",PO Box 1307,Dillon,(843) 774-3461,,https://dss.sc.gov/contact-dss/pee-dee-region/dillon/,"Dillon County residents meeting income and household-size requirements for SNAP, Medicaid, and TANF; criminal record generally not a barrier.","Residentes del condado Dillon que cumplan requisitos de ingresos y tamaño de hogar para SNAP, Medicaid y TANF; los antecedentes penales generalmente no son barrera.",Apply online at benefitsportal.dss.sc.gov or portal.dss.sc.gov; call 1-800-616-1309 for statewide DSS help; visit the county office for in-person verification.,Solicite en benefitsportal.dss.sc.gov o portal.dss.sc.gov; llame al 1-800-616-1309 para ayuda estatal; visite la oficina del condado para verificación presencial.,Typically Monday–Friday business hours; call ahead,dillon|south-carolina|benefits|SNAP|Medicaid|DSS|reentry,SNAP enrollment|Medicaid application help|TANF cash assistance|Child care subsidies|Benefits verification,Dillon,Dillon,single
59,Dorchester County DSS — Benefits & Family Support,financial-assistance,St. George / Dorchester County,"The Dorchester County Department of Social Services office in St. George processes SNAP, Medicaid, TANF, and child care assistance applications for South Carolina residents, including returning citizens reestablishing food and health benefits after release from jail or South Carolina Department of Corrections custody. County DSS staff help verify identity and income and accept applications submitted through the statewide benefits portal.","La oficina del Departamento de Servicios Sociales del condado Dorchester en St. George procesa solicitudes de SNAP, Medicaid, TANF y asistencia de cuidado infantil para residentes de Carolina del Sur, incluidos ciudadanos que regresan que restablecen beneficios alimentarios y de salud después de salir de la cárcel o de la custodia del Departamento de Correcciones. El personal del condado ayuda a verificar identidad e ingresos y acepta solicitudes del portal estatal.",201 Johnston St.,St. George,(843) 821-0444,,https://dss.sc.gov/contact-dss/lowcountry-region/dorchester/,"Dorchester County residents meeting income and household-size requirements for SNAP, Medicaid, and TANF; criminal record generally not a barrier.","Residentes del condado Dorchester que cumplan requisitos de ingresos y tamaño de hogar para SNAP, Medicaid y TANF; los antecedentes penales generalmente no son barrera.",Apply online at benefitsportal.dss.sc.gov or portal.dss.sc.gov; call 1-800-616-1309 for statewide DSS help; visit the county office for in-person verification.,Solicite en benefitsportal.dss.sc.gov o portal.dss.sc.gov; llame al 1-800-616-1309 para ayuda estatal; visite la oficina del condado para verificación presencial.,Typically Monday–Friday business hours; call ahead,dorchester|south-carolina|benefits|SNAP|Medicaid|DSS|reentry,SNAP enrollment|Medicaid application help|TANF cash assistance|Child care subsidies|Benefits verification,Dorchester,Dorchester,single
60,Edgefield County DSS — Benefits & Family Support,financial-assistance,Edgefield / Edgefield County,"The Edgefield County Department of Social Services office in Edgefield processes SNAP, Medicaid, TANF, and child care assistance applications for South Carolina residents, including returning citizens reestablishing food and health benefits after release from jail or South Carolina Department of Corrections custody. County DSS staff help verify identity and income and accept applications submitted through the statewide benefits portal.","La oficina del Departamento de Servicios Sociales del condado Edgefield en Edgefield procesa solicitudes de SNAP, Medicaid, TANF y asistencia de cuidado infantil para residentes de Carolina del Sur, incluidos ciudadanos que regresan que restablecen beneficios alimentarios y de salud después de salir de la cárcel o de la custodia del Departamento de Correcciones. El personal del condado ayuda a verificar identidad e ingresos y acepta solicitudes del portal estatal.",PO Box 644,Edgefield,(803) 637-4040,,https://dss.sc.gov/contact-dss/midlands-region/edgefield/,"Edgefield County residents meeting income and household-size requirements for SNAP, Medicaid, and TANF; criminal record generally not a barrier.","Residentes del condado Edgefield que cumplan requisitos de ingresos y tamaño de hogar para SNAP, Medicaid y TANF; los antecedentes penales generalmente no son barrera.",Apply online at benefitsportal.dss.sc.gov or portal.dss.sc.gov; call 1-800-616-1309 for statewide DSS help; visit the county office for in-person verification.,Solicite en benefitsportal.dss.sc.gov o portal.dss.sc.gov; llame al 1-800-616-1309 para ayuda estatal; visite la oficina del condado para verificación presencial.,Typically Monday–Friday business hours; call ahead,edgefield|south-carolina|benefits|SNAP|Medicaid|DSS|reentry,SNAP enrollment|Medicaid application help|TANF cash assistance|Child care subsidies|Benefits verification,Edgefield,Edgefield,single
61,Fairfield County DSS — Benefits & Family Support,financial-assistance,Winnsboro / Fairfield County,"The Fairfield County Department of Social Services office in Winnsboro processes SNAP, Medicaid, TANF, and child care assistance applications for South Carolina residents, including returning citizens reestablishing food and health benefits after release from jail or South Carolina Department of Corrections custody. County DSS staff help verify identity and income and accept applications submitted through the statewide benefits portal.","La oficina del Departamento de Servicios Sociales del condado Fairfield en Winnsboro procesa solicitudes de SNAP, Medicaid, TANF y asistencia de cuidado infantil para residentes de Carolina del Sur, incluidos ciudadanos que regresan que restablecen beneficios alimentarios y de salud después de salir de la cárcel o de la custodia del Departamento de Correcciones. El personal del condado ayuda a verificar identidad e ingresos y acepta solicitudes del portal estatal.",PO Box 210,Winnsboro,(803) 635-5502,,https://dss.sc.gov/contact-dss/midlands-region/fairfield/,"Fairfield County residents meeting income and household-size requirements for SNAP, Medicaid, and TANF; criminal record generally not a barrier.","Residentes del condado Fairfield que cumplan requisitos de ingresos y tamaño de hogar para SNAP, Medicaid y TANF; los antecedentes penales generalmente no son barrera.",Apply online at benefitsportal.dss.sc.gov or portal.dss.sc.gov; call 1-800-616-1309 for statewide DSS help; visit the county office for in-person verification.,Solicite en benefitsportal.dss.sc.gov o portal.dss.sc.gov; llame al 1-800-616-1309 para ayuda estatal; visite la oficina del condado para verificación presencial.,Typically Monday–Friday business hours; call ahead,fairfield|south-carolina|benefits|SNAP|Medicaid|DSS|reentry,SNAP enrollment|Medicaid application help|TANF cash assistance|Child care subsidies|Benefits verification,Fairfield,Fairfield,single
62,Florence County DSS — Benefits & Family Support,financial-assistance,Lake City / Florence County,"The Florence County Department of Social Services office in Lake City processes SNAP, Medicaid, TANF, and child care assistance applications for South Carolina residents, including returning citizens reestablishing food and health benefits after release from jail or South Carolina Department of Corrections custody. County DSS staff help verify identity and income and accept applications submitted through the statewide benefits portal.","La oficina del Departamento de Servicios Sociales del condado Florence en Lake City procesa solicitudes de SNAP, Medicaid, TANF y asistencia de cuidado infantil para residentes de Carolina del Sur, incluidos ciudadanos que regresan que restablecen beneficios alimentarios y de salud después de salir de la cárcel o de la custodia del Departamento de Correcciones. El personal del condado ayuda a verificar identidad e ingresos y acepta solicitudes del portal estatal.",345 S. Ron McNair Blvd.,Lake City,(843) 669-3354,,https://dss.sc.gov/contact-dss/pee-dee-region/florence/,"Florence County residents meeting income and household-size requirements for SNAP, Medicaid, and TANF; criminal record generally not a barrier.","Residentes del condado Florence que cumplan requisitos de ingresos y tamaño de hogar para SNAP, Medicaid y TANF; los antecedentes penales generalmente no son barrera.",Apply online at benefitsportal.dss.sc.gov or portal.dss.sc.gov; call 1-800-616-1309 for statewide DSS help; visit the county office for in-person verification.,Solicite en benefitsportal.dss.sc.gov o portal.dss.sc.gov; llame al 1-800-616-1309 para ayuda estatal; visite la oficina del condado para verificación presencial.,Typically Monday–Friday business hours; call ahead,florence|south-carolina|benefits|SNAP|Medicaid|DSS|reentry,SNAP enrollment|Medicaid application help|TANF cash assistance|Child care subsidies|Benefits verification,Florence,Florence,single
63,Georgetown County DSS — Benefits & Family Support,financial-assistance,Georgetown / Georgetown County,"The Georgetown County Department of Social Services office in Georgetown processes SNAP, Medicaid, TANF, and child care assistance applications for South Carolina residents, including returning citizens reestablishing food and health benefits after release from jail or South Carolina Department of Corrections custody. County DSS staff help verify identity and income and accept applications submitted through the statewide benefits portal.","La oficina del Departamento de Servicios Sociales del condado Georgetown en Georgetown procesa solicitudes de SNAP, Medicaid, TANF y asistencia de cuidado infantil para residentes de Carolina del Sur, incluidos ciudadanos que regresan que restablecen beneficios alimentarios y de salud después de salir de la cárcel o de la custodia del Departamento de Correcciones. El personal del condado ayuda a verificar identidad e ingresos y acepta solicitudes del portal estatal.",330 Dozier St.,Georgetown,(843) 546-5134,,https://dss.sc.gov/contact-dss/pee-dee-region/georgetown/,"Georgetown County residents meeting income and household-size requirements for SNAP, Medicaid, and TANF; criminal record generally not a barrier.","Residentes del condado Georgetown que cumplan requisitos de ingresos y tamaño de hogar para SNAP, Medicaid y TANF; los antecedentes penales generalmente no son barrera.",Apply online at benefitsportal.dss.sc.gov or portal.dss.sc.gov; call 1-800-616-1309 for statewide DSS help; visit the county office for in-person verification.,Solicite en benefitsportal.dss.sc.gov o portal.dss.sc.gov; llame al 1-800-616-1309 para ayuda estatal; visite la oficina del condado para verificación presencial.,Typically Monday–Friday business hours; call ahead,georgetown|south-carolina|benefits|SNAP|Medicaid|DSS|reentry,SNAP enrollment|Medicaid application help|TANF cash assistance|Child care subsidies|Benefits verification,Georgetown,Georgetown,single
64,Greenville County DSS — Benefits & Family Support,financial-assistance,Greenville / Greenville County,"The Greenville County Department of Social Services office in Greenville processes SNAP, Medicaid, TANF, and child care assistance applications for South Carolina residents, including returning citizens reestablishing food and health benefits after release from jail or South Carolina Department of Corrections custody. County DSS staff help verify identity and income and accept applications submitted through the statewide benefits portal.","La oficina del Departamento de Servicios Sociales del condado Greenville en Greenville procesa solicitudes de SNAP, Medicaid, TANF y asistencia de cuidado infantil para residentes de Carolina del Sur, incluidos ciudadanos que regresan que restablecen beneficios alimentarios y de salud después de salir de la cárcel o de la custodia del Departamento de Correcciones. El personal del condado ayuda a verificar identidad e ingresos y acepta solicitudes del portal estatal.",352 Halton Rd. Suite 100,Greenville,(864) 467-7797,,https://dss.sc.gov/contact-dss/upstate-region/greenville/,"Greenville County residents meeting income and household-size requirements for SNAP, Medicaid, and TANF; criminal record generally not a barrier.","Residentes del condado Greenville que cumplan requisitos de ingresos y tamaño de hogar para SNAP, Medicaid y TANF; los antecedentes penales generalmente no son barrera.",Apply online at benefitsportal.dss.sc.gov or portal.dss.sc.gov; call 1-800-616-1309 for statewide DSS help; visit the county office for in-person verification.,Solicite en benefitsportal.dss.sc.gov o portal.dss.sc.gov; llame al 1-800-616-1309 para ayuda estatal; visite la oficina del condado para verificación presencial.,Typically Monday–Friday business hours; call ahead,greenville|south-carolina|benefits|SNAP|Medicaid|DSS|reentry,SNAP enrollment|Medicaid application help|TANF cash assistance|Child care subsidies|Benefits verification,Greenville,Greenville,single
65,Greenwood County DSS — Benefits & Family Support,financial-assistance,Greenwood / Greenwood County,"The Greenwood County Department of Social Services office in Greenwood processes SNAP, Medicaid, TANF, and child care assistance applications for South Carolina residents, including returning citizens reestablishing food and health benefits after release from jail or South Carolina Department of Corrections custody. County DSS staff help verify identity and income and accept applications submitted through the statewide benefits portal.","La oficina del Departamento de Servicios Sociales del condado Greenwood en Greenwood procesa solicitudes de SNAP, Medicaid, TANF y asistencia de cuidado infantil para residentes de Carolina del Sur, incluidos ciudadanos que regresan que restablecen beneficios alimentarios y de salud después de salir de la cárcel o de la custodia del Departamento de Correcciones. El personal del condado ayuda a verificar identidad e ingresos y acepta solicitudes del portal estatal.",PO Box 1096,Greenwood,(864) 229-5258,,https://dss.sc.gov/contact-dss/upstate-region/greenwood/,"Greenwood County residents meeting income and household-size requirements for SNAP, Medicaid, and TANF; criminal record generally not a barrier.","Residentes del condado Greenwood que cumplan requisitos de ingresos y tamaño de hogar para SNAP, Medicaid y TANF; los antecedentes penales generalmente no son barrera.",Apply online at benefitsportal.dss.sc.gov or portal.dss.sc.gov; call 1-800-616-1309 for statewide DSS help; visit the county office for in-person verification.,Solicite en benefitsportal.dss.sc.gov o portal.dss.sc.gov; llame al 1-800-616-1309 para ayuda estatal; visite la oficina del condado para verificación presencial.,Typically Monday–Friday business hours; call ahead,greenwood|south-carolina|benefits|SNAP|Medicaid|DSS|reentry,SNAP enrollment|Medicaid application help|TANF cash assistance|Child care subsidies|Benefits verification,Greenwood,Greenwood,single
66,Hampton County DSS — Benefits & Family Support,financial-assistance,Hampton / Hampton County,"The Hampton County Department of Social Services office in Hampton processes SNAP, Medicaid, TANF, and child care assistance applications for South Carolina residents, including returning citizens reestablishing food and health benefits after release from jail or South Carolina Department of Corrections custody. County DSS staff help verify identity and income and accept applications submitted through the statewide benefits portal.","La oficina del Departamento de Servicios Sociales del condado Hampton en Hampton procesa solicitudes de SNAP, Medicaid, TANF y asistencia de cuidado infantil para residentes de Carolina del Sur, incluidos ciudadanos que regresan que restablecen beneficios alimentarios y de salud después de salir de la cárcel o de la custodia del Departamento de Correcciones. El personal del condado ayuda a verificar identidad e ingresos y acepta solicitudes del portal estatal.","102 Ginn Altman Ave., Ste. A",Hampton,(803) 943-3641,,https://dss.sc.gov/contact-dss/lowcountry-region/hampton/,"Hampton County residents meeting income and household-size requirements for SNAP, Medicaid, and TANF; criminal record generally not a barrier.","Residentes del condado Hampton que cumplan requisitos de ingresos y tamaño de hogar para SNAP, Medicaid y TANF; los antecedentes penales generalmente no son barrera.",Apply online at benefitsportal.dss.sc.gov or portal.dss.sc.gov; call 1-800-616-1309 for statewide DSS help; visit the county office for in-person verification.,Solicite en benefitsportal.dss.sc.gov o portal.dss.sc.gov; llame al 1-800-616-1309 para ayuda estatal; visite la oficina del condado para verificación presencial.,Typically Monday–Friday business hours; call ahead,hampton|south-carolina|benefits|SNAP|Medicaid|DSS|reentry,SNAP enrollment|Medicaid application help|TANF cash assistance|Child care subsidies|Benefits verification,Hampton,Hampton,single
67,Horry County DSS — Benefits & Family Support,financial-assistance,Myrtle Beach / Horry County,"The Horry County Department of Social Services office in Myrtle Beach processes SNAP, Medicaid, TANF, and child care assistance applications for South Carolina residents, including returning citizens reestablishing food and health benefits after release from jail or South Carolina Department of Corrections custody. County DSS staff help verify identity and income and accept applications submitted through the statewide benefits portal.","La oficina del Departamento de Servicios Sociales del condado Horry en Myrtle Beach procesa solicitudes de SNAP, Medicaid, TANF y asistencia de cuidado infantil para residentes de Carolina del Sur, incluidos ciudadanos que regresan que restablecen beneficios alimentarios y de salud después de salir de la cárcel o de la custodia del Departamento de Correcciones. El personal del condado ayuda a verificar identidad e ingresos y acepta solicitudes del portal estatal.",9630 Scipio Lane,Myrtle Beach,(843) 366-1600,,https://dss.sc.gov/contact-dss/pee-dee-region/horry/,"Horry County residents meeting income and household-size requirements for SNAP, Medicaid, and TANF; criminal record generally not a barrier.","Residentes del condado Horry que cumplan requisitos de ingresos y tamaño de hogar para SNAP, Medicaid y TANF; los antecedentes penales generalmente no son barrera.",Apply online at benefitsportal.dss.sc.gov or portal.dss.sc.gov; call 1-800-616-1309 for statewide DSS help; visit the county office for in-person verification.,Solicite en benefitsportal.dss.sc.gov o portal.dss.sc.gov; llame al 1-800-616-1309 para ayuda estatal; visite la oficina del condado para verificación presencial.,Typically Monday–Friday business hours; call ahead,horry|south-carolina|benefits|SNAP|Medicaid|DSS|reentry,SNAP enrollment|Medicaid application help|TANF cash assistance|Child care subsidies|Benefits verification,Horry,Horry,single
68,Jasper County DSS — Benefits & Family Support,financial-assistance,Ridgeland / Jasper County,"The Jasper County Department of Social Services office in Ridgeland processes SNAP, Medicaid, TANF, and child care assistance applications for South Carolina residents, including returning citizens reestablishing food and health benefits after release from jail or South Carolina Department of Corrections custody. County DSS staff help verify identity and income and accept applications submitted through the statewide benefits portal.","La oficina del Departamento de Servicios Sociales del condado Jasper en Ridgeland procesa solicitudes de SNAP, Medicaid, TANF y asistencia de cuidado infantil para residentes de Carolina del Sur, incluidos ciudadanos que regresan que restablecen beneficios alimentarios y de salud después de salir de la cárcel o de la custodia del Departamento de Correcciones. El personal del condado ayuda a verificar identidad e ingresos y acepta solicitudes del portal estatal.",P.O. Box 1359,Ridgeland,(843) 726-7747,,https://dss.sc.gov/contact-dss/lowcountry-region/jasper/,"Jasper County residents meeting income and household-size requirements for SNAP, Medicaid, and TANF; criminal record generally not a barrier.","Residentes del condado Jasper que cumplan requisitos de ingresos y tamaño de hogar para SNAP, Medicaid y TANF; los antecedentes penales generalmente no son barrera.",Apply online at benefitsportal.dss.sc.gov or portal.dss.sc.gov; call 1-800-616-1309 for statewide DSS help; visit the county office for in-person verification.,Solicite en benefitsportal.dss.sc.gov o portal.dss.sc.gov; llame al 1-800-616-1309 para ayuda estatal; visite la oficina del condado para verificación presencial.,Typically Monday–Friday business hours; call ahead,jasper|south-carolina|benefits|SNAP|Medicaid|DSS|reentry,SNAP enrollment|Medicaid application help|TANF cash assistance|Child care subsidies|Benefits verification,Jasper,Jasper,single
69,Kershaw County DSS — Benefits & Family Support,financial-assistance,Camden / Kershaw County,"The Kershaw County Department of Social Services office in Camden processes SNAP, Medicaid, TANF, and child care assistance applications for South Carolina residents, including returning citizens reestablishing food and health benefits after release from jail or South Carolina Department of Corrections custody. County DSS staff help verify identity and income and accept applications submitted through the statewide benefits portal.","La oficina del Departamento de Servicios Sociales del condado Kershaw en Camden procesa solicitudes de SNAP, Medicaid, TANF y asistencia de cuidado infantil para residentes de Carolina del Sur, incluidos ciudadanos que regresan que restablecen beneficios alimentarios y de salud después de salir de la cárcel o de la custodia del Departamento de Correcciones. El personal del condado ayuda a verificar identidad e ingresos y acepta solicitudes del portal estatal.",110 E. Dekalb St.,Camden,(803) 432-7676,,https://dss.sc.gov/contact-dss/midlands-region/kershaw/,"Kershaw County residents meeting income and household-size requirements for SNAP, Medicaid, and TANF; criminal record generally not a barrier.","Residentes del condado Kershaw que cumplan requisitos de ingresos y tamaño de hogar para SNAP, Medicaid y TANF; los antecedentes penales generalmente no son barrera.",Apply online at benefitsportal.dss.sc.gov or portal.dss.sc.gov; call 1-800-616-1309 for statewide DSS help; visit the county office for in-person verification.,Solicite en benefitsportal.dss.sc.gov o portal.dss.sc.gov; llame al 1-800-616-1309 para ayuda estatal; visite la oficina del condado para verificación presencial.,Typically Monday–Friday business hours; call ahead,kershaw|south-carolina|benefits|SNAP|Medicaid|DSS|reentry,SNAP enrollment|Medicaid application help|TANF cash assistance|Child care subsidies|Benefits verification,Kershaw,Kershaw,single
70,Lancaster County DSS — Benefits & Family Support,financial-assistance,Lancaster / Lancaster County,"The Lancaster County Department of Social Services office in Lancaster processes SNAP, Medicaid, TANF, and child care assistance applications for South Carolina residents, including returning citizens reestablishing food and health benefits after release from jail or South Carolina Department of Corrections custody. County DSS staff help verify identity and income and accept applications submitted through the statewide benefits portal.","La oficina del Departamento de Servicios Sociales del condado Lancaster en Lancaster procesa solicitudes de SNAP, Medicaid, TANF y asistencia de cuidado infantil para residentes de Carolina del Sur, incluidos ciudadanos que regresan que restablecen beneficios alimentarios y de salud después de salir de la cárcel o de la custodia del Departamento de Correcciones. El personal del condado ayuda a verificar identidad e ingresos y acepta solicitudes del portal estatal.",PO Box 1719,Lancaster,(803) 286-6914,,https://dss.sc.gov/contact-dss/midlands-region/lancaster/,"Lancaster County residents meeting income and household-size requirements for SNAP, Medicaid, and TANF; criminal record generally not a barrier.","Residentes del condado Lancaster que cumplan requisitos de ingresos y tamaño de hogar para SNAP, Medicaid y TANF; los antecedentes penales generalmente no son barrera.",Apply online at benefitsportal.dss.sc.gov or portal.dss.sc.gov; call 1-800-616-1309 for statewide DSS help; visit the county office for in-person verification.,Solicite en benefitsportal.dss.sc.gov o portal.dss.sc.gov; llame al 1-800-616-1309 para ayuda estatal; visite la oficina del condado para verificación presencial.,Typically Monday–Friday business hours; call ahead,lancaster|south-carolina|benefits|SNAP|Medicaid|DSS|reentry,SNAP enrollment|Medicaid application help|TANF cash assistance|Child care subsidies|Benefits verification,Lancaster,Lancaster,single
71,Laurens County DSS — Benefits & Family Support,financial-assistance,Clinton / Laurens County,"The Laurens County Department of Social Services office in Clinton processes SNAP, Medicaid, TANF, and child care assistance applications for South Carolina residents, including returning citizens reestablishing food and health benefits after release from jail or South Carolina Department of Corrections custody. County DSS staff help verify identity and income and accept applications submitted through the statewide benefits portal.","La oficina del Departamento de Servicios Sociales del condado Laurens en Clinton procesa solicitudes de SNAP, Medicaid, TANF y asistencia de cuidado infantil para residentes de Carolina del Sur, incluidos ciudadanos que regresan que restablecen beneficios alimentarios y de salud después de salir de la cárcel o de la custodia del Departamento de Correcciones. El personal del condado ayuda a verificar identidad e ingresos y acepta solicitudes del portal estatal.",P.O. Box 119,Clinton,(864) 833-0100,,https://dss.sc.gov/contact-dss/upstate-region/laurens/,"Laurens County residents meeting income and household-size requirements for SNAP, Medicaid, and TANF; criminal record generally not a barrier.","Residentes del condado Laurens que cumplan requisitos de ingresos y tamaño de hogar para SNAP, Medicaid y TANF; los antecedentes penales generalmente no son barrera.",Apply online at benefitsportal.dss.sc.gov or portal.dss.sc.gov; call 1-800-616-1309 for statewide DSS help; visit the county office for in-person verification.,Solicite en benefitsportal.dss.sc.gov o portal.dss.sc.gov; llame al 1-800-616-1309 para ayuda estatal; visite la oficina del condado para verificación presencial.,Typically Monday–Friday business hours; call ahead,laurens|south-carolina|benefits|SNAP|Medicaid|DSS|reentry,SNAP enrollment|Medicaid application help|TANF cash assistance|Child care subsidies|Benefits verification,Laurens,Laurens,single
72,Lee County DSS — Benefits & Family Support,financial-assistance,Bishopville / Lee County,"The Lee County Department of Social Services office in Bishopville processes SNAP, Medicaid, TANF, and child care assistance applications for South Carolina residents, including returning citizens reestablishing food and health benefits after release from jail or South Carolina Department of Corrections custody. County DSS staff help verify identity and income and accept applications submitted through the statewide benefits portal.","La oficina del Departamento de Servicios Sociales del condado Lee en Bishopville procesa solicitudes de SNAP, Medicaid, TANF y asistencia de cuidado infantil para residentes de Carolina del Sur, incluidos ciudadanos que regresan que restablecen beneficios alimentarios y de salud después de salir de la cárcel o de la custodia del Departamento de Correcciones. El personal del condado ayuda a verificar identidad e ingresos y acepta solicitudes del portal estatal.",PO Box 389,Bishopville,(803) 484-5376,,https://dss.sc.gov/contact-dss/pee-dee-region/lee/,"Lee County residents meeting income and household-size requirements for SNAP, Medicaid, and TANF; criminal record generally not a barrier.","Residentes del condado Lee que cumplan requisitos de ingresos y tamaño de hogar para SNAP, Medicaid y TANF; los antecedentes penales generalmente no son barrera.",Apply online at benefitsportal.dss.sc.gov or portal.dss.sc.gov; call 1-800-616-1309 for statewide DSS help; visit the county office for in-person verification.,Solicite en benefitsportal.dss.sc.gov o portal.dss.sc.gov; llame al 1-800-616-1309 para ayuda estatal; visite la oficina del condado para verificación presencial.,Typically Monday–Friday business hours; call ahead,lee|south-carolina|benefits|SNAP|Medicaid|DSS|reentry,SNAP enrollment|Medicaid application help|TANF cash assistance|Child care subsidies|Benefits verification,Lee,Lee,single
73,Lexington County DSS — Benefits & Family Support,financial-assistance,Lexington / Lexington County,"The Lexington County Department of Social Services office in Lexington processes SNAP, Medicaid, TANF, and child care assistance applications for South Carolina residents, including returning citizens reestablishing food and health benefits after release from jail or South Carolina Department of Corrections custody. County DSS staff help verify identity and income and accept applications submitted through the statewide benefits portal.","La oficina del Departamento de Servicios Sociales del condado Lexington en Lexington procesa solicitudes de SNAP, Medicaid, TANF y asistencia de cuidado infantil para residentes de Carolina del Sur, incluidos ciudadanos que regresan que restablecen beneficios alimentarios y de salud después de salir de la cárcel o de la custodia del Departamento de Correcciones. El personal del condado ayuda a verificar identidad e ingresos y acepta solicitudes del portal estatal.",P.O. Box 84129,Lexington,(803) 785-7333,,https://dss.sc.gov/contact-dss/midlands-region/lexington/,"Lexington County residents meeting income and household-size requirements for SNAP, Medicaid, and TANF; criminal record generally not a barrier.","Residentes del condado Lexington que cumplan requisitos de ingresos y tamaño de hogar para SNAP, Medicaid y TANF; los antecedentes penales generalmente no son barrera.",Apply online at benefitsportal.dss.sc.gov or portal.dss.sc.gov; call 1-800-616-1309 for statewide DSS help; visit the county office for in-person verification.,Solicite en benefitsportal.dss.sc.gov o portal.dss.sc.gov; llame al 1-800-616-1309 para ayuda estatal; visite la oficina del condado para verificación presencial.,Typically Monday–Friday business hours; call ahead,lexington|south-carolina|benefits|SNAP|Medicaid|DSS|reentry,SNAP enrollment|Medicaid application help|TANF cash assistance|Child care subsidies|Benefits verification,Lexington,Lexington,single
74,Marion County DSS — Benefits & Family Support,financial-assistance,Mullins / Marion County,"The Marion County Department of Social Services office in Mullins processes SNAP, Medicaid, TANF, and child care assistance applications for South Carolina residents, including returning citizens reestablishing food and health benefits after release from jail or South Carolina Department of Corrections custody. County DSS staff help verify identity and income and accept applications submitted through the statewide benefits portal.","La oficina del Departamento de Servicios Sociales del condado Marion en Mullins procesa solicitudes de SNAP, Medicaid, TANF y asistencia de cuidado infantil para residentes de Carolina del Sur, incluidos ciudadanos que regresan que restablecen beneficios alimentarios y de salud después de salir de la cárcel o de la custodia del Departamento de Correcciones. El personal del condado ayuda a verificar identidad e ingresos y acepta solicitudes del portal estatal.","137 Airport Court, Suite A",Mullins,(843) 423-4623,,https://dss.sc.gov/contact-dss/pee-dee-region/marion/,"Marion County residents meeting income and household-size requirements for SNAP, Medicaid, and TANF; criminal record generally not a barrier.","Residentes del condado Marion que cumplan requisitos de ingresos y tamaño de hogar para SNAP, Medicaid y TANF; los antecedentes penales generalmente no son barrera.",Apply online at benefitsportal.dss.sc.gov or portal.dss.sc.gov; call 1-800-616-1309 for statewide DSS help; visit the county office for in-person verification.,Solicite en benefitsportal.dss.sc.gov o portal.dss.sc.gov; llame al 1-800-616-1309 para ayuda estatal; visite la oficina del condado para verificación presencial.,Typically Monday–Friday business hours; call ahead,marion|south-carolina|benefits|SNAP|Medicaid|DSS|reentry,SNAP enrollment|Medicaid application help|TANF cash assistance|Child care subsidies|Benefits verification,Marion,Marion,single
75,Marlboro County DSS — Benefits & Family Support,financial-assistance,Bennettsville / Marlboro County,"The Marlboro County Department of Social Services office in Bennettsville processes SNAP, Medicaid, TANF, and child care assistance applications for South Carolina residents, including returning citizens reestablishing food and health benefits after release from jail or South Carolina Department of Corrections custody. County DSS staff help verify identity and income and accept applications submitted through the statewide benefits portal.","La oficina del Departamento de Servicios Sociales del condado Marlboro en Bennettsville procesa solicitudes de SNAP, Medicaid, TANF y asistencia de cuidado infantil para residentes de Carolina del Sur, incluidos ciudadanos que regresan que restablecen beneficios alimentarios y de salud después de salir de la cárcel o de la custodia del Departamento de Correcciones. El personal del condado ayuda a verificar identidad e ingresos y acepta solicitudes del portal estatal.",P.O. Drawer 120,Bennettsville,(843) 479-7181,,https://dss.sc.gov/contact-dss/pee-dee-region/marlboro/,"Marlboro County residents meeting income and household-size requirements for SNAP, Medicaid, and TANF; criminal record generally not a barrier.","Residentes del condado Marlboro que cumplan requisitos de ingresos y tamaño de hogar para SNAP, Medicaid y TANF; los antecedentes penales generalmente no son barrera.",Apply online at benefitsportal.dss.sc.gov or portal.dss.sc.gov; call 1-800-616-1309 for statewide DSS help; visit the county office for in-person verification.,Solicite en benefitsportal.dss.sc.gov o portal.dss.sc.gov; llame al 1-800-616-1309 para ayuda estatal; visite la oficina del condado para verificación presencial.,Typically Monday–Friday business hours; call ahead,marlboro|south-carolina|benefits|SNAP|Medicaid|DSS|reentry,SNAP enrollment|Medicaid application help|TANF cash assistance|Child care subsidies|Benefits verification,Marlboro,Marlboro,single
76,McCormick County DSS — Benefits & Family Support,financial-assistance,McCormick / McCormick County,"The McCormick County Department of Social Services office in McCormick processes SNAP, Medicaid, TANF, and child care assistance applications for South Carolina residents, including returning citizens reestablishing food and health benefits after release from jail or South Carolina Department of Corrections custody. County DSS staff help verify identity and income and accept applications submitted through the statewide benefits portal.","La oficina del Departamento de Servicios Sociales del condado McCormick en McCormick procesa solicitudes de SNAP, Medicaid, TANF y asistencia de cuidado infantil para residentes de Carolina del Sur, incluidos ciudadanos que regresan que restablecen beneficios alimentarios y de salud después de salir de la cárcel o de la custodia del Departamento de Correcciones. El personal del condado ayuda a verificar identidad e ingresos y acepta solicitudes del portal estatal.","215 N. Mine St., Hwy 28 N.",McCormick,(864) 465-2140,,https://dss.sc.gov/contact-dss/midlands-region/mccormick/,"McCormick County residents meeting income and household-size requirements for SNAP, Medicaid, and TANF; criminal record generally not a barrier.","Residentes del condado McCormick que cumplan requisitos de ingresos y tamaño de hogar para SNAP, Medicaid y TANF; los antecedentes penales generalmente no son barrera.",Apply online at benefitsportal.dss.sc.gov or portal.dss.sc.gov; call 1-800-616-1309 for statewide DSS help; visit the county office for in-person verification.,Solicite en benefitsportal.dss.sc.gov o portal.dss.sc.gov; llame al 1-800-616-1309 para ayuda estatal; visite la oficina del condado para verificación presencial.,Typically Monday–Friday business hours; call ahead,mccormick|south-carolina|benefits|SNAP|Medicaid|DSS|reentry,SNAP enrollment|Medicaid application help|TANF cash assistance|Child care subsidies|Benefits verification,McCormick,McCormick,single
77,Newberry County DSS — Benefits & Family Support,financial-assistance,Newberry / Newberry County,"The Newberry County Department of Social Services office in Newberry processes SNAP, Medicaid, TANF, and child care assistance applications for South Carolina residents, including returning citizens reestablishing food and health benefits after release from jail or South Carolina Department of Corrections custody. County DSS staff help verify identity and income and accept applications submitted through the statewide benefits portal.","La oficina del Departamento de Servicios Sociales del condado Newberry en Newberry procesa solicitudes de SNAP, Medicaid, TANF y asistencia de cuidado infantil para residentes de Carolina del Sur, incluidos ciudadanos que regresan que restablecen beneficios alimentarios y de salud después de salir de la cárcel o de la custodia del Departamento de Correcciones. El personal del condado ayuda a verificar identidad e ingresos y acepta solicitudes del portal estatal.",PO Box 309,Newberry,(803) 321-2155,,https://dss.sc.gov/contact-dss/upstate-region/newberry/,"Newberry County residents meeting income and household-size requirements for SNAP, Medicaid, and TANF; criminal record generally not a barrier.","Residentes del condado Newberry que cumplan requisitos de ingresos y tamaño de hogar para SNAP, Medicaid y TANF; los antecedentes penales generalmente no son barrera.",Apply online at benefitsportal.dss.sc.gov or portal.dss.sc.gov; call 1-800-616-1309 for statewide DSS help; visit the county office for in-person verification.,Solicite en benefitsportal.dss.sc.gov o portal.dss.sc.gov; llame al 1-800-616-1309 para ayuda estatal; visite la oficina del condado para verificación presencial.,Typically Monday–Friday business hours; call ahead,newberry|south-carolina|benefits|SNAP|Medicaid|DSS|reentry,SNAP enrollment|Medicaid application help|TANF cash assistance|Child care subsidies|Benefits verification,Newberry,Newberry,single
78,Oconee County DSS — Benefits & Family Support,financial-assistance,Walhalla / Oconee County,"The Oconee County Department of Social Services office in Walhalla processes SNAP, Medicaid, TANF, and child care assistance applications for South Carolina residents, including returning citizens reestablishing food and health benefits after release from jail or South Carolina Department of Corrections custody. County DSS staff help verify identity and income and accept applications submitted through the statewide benefits portal.","La oficina del Departamento de Servicios Sociales del condado Oconee en Walhalla procesa solicitudes de SNAP, Medicaid, TANF y asistencia de cuidado infantil para residentes de Carolina del Sur, incluidos ciudadanos que regresan que restablecen beneficios alimentarios y de salud después de salir de la cárcel o de la custodia del Departamento de Correcciones. El personal del condado ayuda a verificar identidad e ingresos y acepta solicitudes del portal estatal.",223A Kenneth St.,Walhalla,(864) 638-4400,,https://dss.sc.gov/contact-dss/upstate-region/oconee/,"Oconee County residents meeting income and household-size requirements for SNAP, Medicaid, and TANF; criminal record generally not a barrier.","Residentes del condado Oconee que cumplan requisitos de ingresos y tamaño de hogar para SNAP, Medicaid y TANF; los antecedentes penales generalmente no son barrera.",Apply online at benefitsportal.dss.sc.gov or portal.dss.sc.gov; call 1-800-616-1309 for statewide DSS help; visit the county office for in-person verification.,Solicite en benefitsportal.dss.sc.gov o portal.dss.sc.gov; llame al 1-800-616-1309 para ayuda estatal; visite la oficina del condado para verificación presencial.,Typically Monday–Friday business hours; call ahead,oconee|south-carolina|benefits|SNAP|Medicaid|DSS|reentry,SNAP enrollment|Medicaid application help|TANF cash assistance|Child care subsidies|Benefits verification,Oconee,Oconee,single
79,Orangeburg County DSS — Benefits & Family Support,financial-assistance,Orangeburg / Orangeburg County,"The Orangeburg County Department of Social Services office in Orangeburg processes SNAP, Medicaid, TANF, and child care assistance applications for South Carolina residents, including returning citizens reestablishing food and health benefits after release from jail or South Carolina Department of Corrections custody. County DSS staff help verify identity and income and accept applications submitted through the statewide benefits portal.","La oficina del Departamento de Servicios Sociales del condado Orangeburg en Orangeburg procesa solicitudes de SNAP, Medicaid, TANF y asistencia de cuidado infantil para residentes de Carolina del Sur, incluidos ciudadanos que regresan que restablecen beneficios alimentarios y de salud después de salir de la cárcel o de la custodia del Departamento de Correcciones. El personal del condado ayuda a verificar identidad e ingresos y acepta solicitudes del portal estatal.",P.O. Box 1087,Orangeburg,(803) 531-3101,,https://dss.sc.gov/contact-dss/lowcountry-region/orangeburg/,"Orangeburg County residents meeting income and household-size requirements for SNAP, Medicaid, and TANF; criminal record generally not a barrier.","Residentes del condado Orangeburg que cumplan requisitos de ingresos y tamaño de hogar para SNAP, Medicaid y TANF; los antecedentes penales generalmente no son barrera.",Apply online at benefitsportal.dss.sc.gov or portal.dss.sc.gov; call 1-800-616-1309 for statewide DSS help; visit the county office for in-person verification.,Solicite en benefitsportal.dss.sc.gov o portal.dss.sc.gov; llame al 1-800-616-1309 para ayuda estatal; visite la oficina del condado para verificación presencial.,Typically Monday–Friday business hours; call ahead,orangeburg|south-carolina|benefits|SNAP|Medicaid|DSS|reentry,SNAP enrollment|Medicaid application help|TANF cash assistance|Child care subsidies|Benefits verification,Orangeburg,Orangeburg,single
80,Pickens County DSS — Benefits & Family Support,financial-assistance,Pickens / Pickens County,"The Pickens County Department of Social Services office in Pickens processes SNAP, Medicaid, TANF, and child care assistance applications for South Carolina residents, including returning citizens reestablishing food and health benefits after release from jail or South Carolina Department of Corrections custody. County DSS staff help verify identity and income and accept applications submitted through the statewide benefits portal.","La oficina del Departamento de Servicios Sociales del condado Pickens en Pickens procesa solicitudes de SNAP, Medicaid, TANF y asistencia de cuidado infantil para residentes de Carolina del Sur, incluidos ciudadanos que regresan que restablecen beneficios alimentarios y de salud después de salir de la cárcel o de la custodia del Departamento de Correcciones. El personal del condado ayuda a verificar identidad e ingresos y acepta solicitudes del portal estatal.",212 McDaniel Ave.,Pickens,(864) 898-5810,,https://dss.sc.gov/contact-dss/upstate-region/pickens/,"Pickens County residents meeting income and household-size requirements for SNAP, Medicaid, and TANF; criminal record generally not a barrier.","Residentes del condado Pickens que cumplan requisitos de ingresos y tamaño de hogar para SNAP, Medicaid y TANF; los antecedentes penales generalmente no son barrera.",Apply online at benefitsportal.dss.sc.gov or portal.dss.sc.gov; call 1-800-616-1309 for statewide DSS help; visit the county office for in-person verification.,Solicite en benefitsportal.dss.sc.gov o portal.dss.sc.gov; llame al 1-800-616-1309 para ayuda estatal; visite la oficina del condado para verificación presencial.,Typically Monday–Friday business hours; call ahead,pickens|south-carolina|benefits|SNAP|Medicaid|DSS|reentry,SNAP enrollment|Medicaid application help|TANF cash assistance|Child care subsidies|Benefits verification,Pickens,Pickens,single
81,Saluda County DSS — Benefits & Family Support,financial-assistance,Saluda / Saluda County,"The Saluda County Department of Social Services office in Saluda processes SNAP, Medicaid, TANF, and child care assistance applications for South Carolina residents, including returning citizens reestablishing food and health benefits after release from jail or South Carolina Department of Corrections custody. County DSS staff help verify identity and income and accept applications submitted through the statewide benefits portal.","La oficina del Departamento de Servicios Sociales del condado Saluda en Saluda procesa solicitudes de SNAP, Medicaid, TANF y asistencia de cuidado infantil para residentes de Carolina del Sur, incluidos ciudadanos que regresan que restablecen beneficios alimentarios y de salud después de salir de la cárcel o de la custodia del Departamento de Correcciones. El personal del condado ayuda a verificar identidad e ingresos y acepta solicitudes del portal estatal.",P.O. Box 276,Saluda,(864) 445-2139,,https://dss.sc.gov/contact-dss/midlands-region/saluda/,"Saluda County residents meeting income and household-size requirements for SNAP, Medicaid, and TANF; criminal record generally not a barrier.","Residentes del condado Saluda que cumplan requisitos de ingresos y tamaño de hogar para SNAP, Medicaid y TANF; los antecedentes penales generalmente no son barrera.",Apply online at benefitsportal.dss.sc.gov or portal.dss.sc.gov; call 1-800-616-1309 for statewide DSS help; visit the county office for in-person verification.,Solicite en benefitsportal.dss.sc.gov o portal.dss.sc.gov; llame al 1-800-616-1309 para ayuda estatal; visite la oficina del condado para verificación presencial.,Typically Monday–Friday business hours; call ahead,saluda|south-carolina|benefits|SNAP|Medicaid|DSS|reentry,SNAP enrollment|Medicaid application help|TANF cash assistance|Child care subsidies|Benefits verification,Saluda,Saluda,single
82,Spartanburg County DSS — Benefits & Family Support,financial-assistance,Spartanburg / Spartanburg County,"The Spartanburg County Department of Social Services office in Spartanburg processes SNAP, Medicaid, TANF, and child care assistance applications for South Carolina residents, including returning citizens reestablishing food and health benefits after release from jail or South Carolina Department of Corrections custody. County DSS staff help verify identity and income and accept applications submitted through the statewide benefits portal.","La oficina del Departamento de Servicios Sociales del condado Spartanburg en Spartanburg procesa solicitudes de SNAP, Medicaid, TANF y asistencia de cuidado infantil para residentes de Carolina del Sur, incluidos ciudadanos que regresan que restablecen beneficios alimentarios y de salud después de salir de la cárcel o de la custodia del Departamento de Correcciones. El personal del condado ayuda a verificar identidad e ingresos y acepta solicitudes del portal estatal.",630 Chesnee Hwy.,Spartanburg,(864) 596-3001,,https://dss.sc.gov/contact-dss/upstate-region/spartanburg/,"Spartanburg County residents meeting income and household-size requirements for SNAP, Medicaid, and TANF; criminal record generally not a barrier.","Residentes del condado Spartanburg que cumplan requisitos de ingresos y tamaño de hogar para SNAP, Medicaid y TANF; los antecedentes penales generalmente no son barrera.",Apply online at benefitsportal.dss.sc.gov or portal.dss.sc.gov; call 1-800-616-1309 for statewide DSS help; visit the county office for in-person verification.,Solicite en benefitsportal.dss.sc.gov o portal.dss.sc.gov; llame al 1-800-616-1309 para ayuda estatal; visite la oficina del condado para verificación presencial.,Typically Monday–Friday business hours; call ahead,spartanburg|south-carolina|benefits|SNAP|Medicaid|DSS|reentry,SNAP enrollment|Medicaid application help|TANF cash assistance|Child care subsidies|Benefits verification,Spartanburg,Spartanburg,single
83,Sumter County DSS — Benefits & Family Support,financial-assistance,Sumter / Sumter County,"The Sumter County Department of Social Services office in Sumter processes SNAP, Medicaid, TANF, and child care assistance applications for South Carolina residents, including returning citizens reestablishing food and health benefits after release from jail or South Carolina Department of Corrections custody. County DSS staff help verify identity and income and accept applications submitted through the statewide benefits portal.","La oficina del Departamento de Servicios Sociales del condado Sumter en Sumter procesa solicitudes de SNAP, Medicaid, TANF y asistencia de cuidado infantil para residentes de Carolina del Sur, incluidos ciudadanos que regresan que restablecen beneficios alimentarios y de salud después de salir de la cárcel o de la custodia del Departamento de Correcciones. El personal del condado ayuda a verificar identidad e ingresos y acepta solicitudes del portal estatal.",115 N Harvin Street,Sumter,(803) 773-5531,,https://dss.sc.gov/contact-dss/pee-dee-region/sumter/,"Sumter County residents meeting income and household-size requirements for SNAP, Medicaid, and TANF; criminal record generally not a barrier.","Residentes del condado Sumter que cumplan requisitos de ingresos y tamaño de hogar para SNAP, Medicaid y TANF; los antecedentes penales generalmente no son barrera.",Apply online at benefitsportal.dss.sc.gov or portal.dss.sc.gov; call 1-800-616-1309 for statewide DSS help; visit the county office for in-person verification.,Solicite en benefitsportal.dss.sc.gov o portal.dss.sc.gov; llame al 1-800-616-1309 para ayuda estatal; visite la oficina del condado para verificación presencial.,Typically Monday–Friday business hours; call ahead,sumter|south-carolina|benefits|SNAP|Medicaid|DSS|reentry,SNAP enrollment|Medicaid application help|TANF cash assistance|Child care subsidies|Benefits verification,Sumter,Sumter,single
84,Union County DSS — Benefits & Family Support,financial-assistance,Union / Union County,"The Union County Department of Social Services office in Union processes SNAP, Medicaid, TANF, and child care assistance applications for South Carolina residents, including returning citizens reestablishing food and health benefits after release from jail or South Carolina Department of Corrections custody. County DSS staff help verify identity and income and accept applications submitted through the statewide benefits portal.","La oficina del Departamento de Servicios Sociales del condado Union en Union procesa solicitudes de SNAP, Medicaid, TANF y asistencia de cuidado infantil para residentes de Carolina del Sur, incluidos ciudadanos que regresan que restablecen beneficios alimentarios y de salud después de salir de la cárcel o de la custodia del Departamento de Correcciones. El personal del condado ayuda a verificar identidad e ingresos y acepta solicitudes del portal estatal.",200 S. Mountain St.,Union,(864) 429-1660,,https://dss.sc.gov/contact-dss/upstate-region/union/,"Union County residents meeting income and household-size requirements for SNAP, Medicaid, and TANF; criminal record generally not a barrier.","Residentes del condado Union que cumplan requisitos de ingresos y tamaño de hogar para SNAP, Medicaid y TANF; los antecedentes penales generalmente no son barrera.",Apply online at benefitsportal.dss.sc.gov or portal.dss.sc.gov; call 1-800-616-1309 for statewide DSS help; visit the county office for in-person verification.,Solicite en benefitsportal.dss.sc.gov o portal.dss.sc.gov; llame al 1-800-616-1309 para ayuda estatal; visite la oficina del condado para verificación presencial.,Typically Monday–Friday business hours; call ahead,union|south-carolina|benefits|SNAP|Medicaid|DSS|reentry,SNAP enrollment|Medicaid application help|TANF cash assistance|Child care subsidies|Benefits verification,Union,Union,single
85,Williamsburg County DSS — Benefits & Family Support,financial-assistance,Kingstree / Williamsburg County,"The Williamsburg County Department of Social Services office in Kingstree processes SNAP, Medicaid, TANF, and child care assistance applications for South Carolina residents, including returning citizens reestablishing food and health benefits after release from jail or South Carolina Department of Corrections custody. County DSS staff help verify identity and income and accept applications submitted through the statewide benefits portal.","La oficina del Departamento de Servicios Sociales del condado Williamsburg en Kingstree procesa solicitudes de SNAP, Medicaid, TANF y asistencia de cuidado infantil para residentes de Carolina del Sur, incluidos ciudadanos que regresan que restablecen beneficios alimentarios y de salud después de salir de la cárcel o de la custodia del Departamento de Correcciones. El personal del condado ayuda a verificar identidad e ingresos y acepta solicitudes del portal estatal.",PO Box 389,Kingstree,(843) 355-5411,,https://dss.sc.gov/contact-dss/pee-dee-region/williamsburg/,"Williamsburg County residents meeting income and household-size requirements for SNAP, Medicaid, and TANF; criminal record generally not a barrier.","Residentes del condado Williamsburg que cumplan requisitos de ingresos y tamaño de hogar para SNAP, Medicaid y TANF; los antecedentes penales generalmente no son barrera.",Apply online at benefitsportal.dss.sc.gov or portal.dss.sc.gov; call 1-800-616-1309 for statewide DSS help; visit the county office for in-person verification.,Solicite en benefitsportal.dss.sc.gov o portal.dss.sc.gov; llame al 1-800-616-1309 para ayuda estatal; visite la oficina del condado para verificación presencial.,Typically Monday–Friday business hours; call ahead,williamsburg|south-carolina|benefits|SNAP|Medicaid|DSS|reentry,SNAP enrollment|Medicaid application help|TANF cash assistance|Child care subsidies|Benefits verification,Williamsburg,Williamsburg,single
86,York County DSS — Benefits & Family Support,financial-assistance,Rock Hill / York County,"The York County Department of Social Services office in Rock Hill processes SNAP, Medicaid, TANF, and child care assistance applications for South Carolina residents, including returning citizens reestablishing food and health benefits after release from jail or South Carolina Department of Corrections custody. County DSS staff help verify identity and income and accept applications submitted through the statewide benefits portal.","La oficina del Departamento de Servicios Sociales del condado York en Rock Hill procesa solicitudes de SNAP, Medicaid, TANF y asistencia de cuidado infantil para residentes de Carolina del Sur, incluidos ciudadanos que regresan que restablecen beneficios alimentarios y de salud después de salir de la cárcel o de la custodia del Departamento de Correcciones. El personal del condado ayuda a verificar identidad e ingresos y acepta solicitudes del portal estatal.",933 Heckle Blvd.,Rock Hill,(803) 684-2315,,https://dss.sc.gov/contact-dss/midlands-region/york/,"York County residents meeting income and household-size requirements for SNAP, Medicaid, and TANF; criminal record generally not a barrier.","Residentes del condado York que cumplan requisitos de ingresos y tamaño de hogar para SNAP, Medicaid y TANF; los antecedentes penales generalmente no son barrera.",Apply online at benefitsportal.dss.sc.gov or portal.dss.sc.gov; call 1-800-616-1309 for statewide DSS help; visit the county office for in-person verification.,Solicite en benefitsportal.dss.sc.gov o portal.dss.sc.gov; llame al 1-800-616-1309 para ayuda estatal; visite la oficina del condado para verificación presencial.,Typically Monday–Friday business hours; call ahead,york|south-carolina|benefits|SNAP|Medicaid|DSS|reentry,SNAP enrollment|Medicaid application help|TANF cash assistance|Child care subsidies|Benefits verification,York,York,single
87,Palmetto Place Children's Shelter — Young Adult Reentry,housing,Columbia / Richland County,"Palmetto Place operates emergency and transitional housing programs for vulnerable youth and young adults in the Midlands including justice-involved young adults ages 18–21 aging out of foster care or returning from juvenile and adult correctional placements. Case managers connect residents to SC Works, adult education GED programs, and DSS benefits while providing stable housing on the Columbia campus. Youth and young-adult focused—not a general men's emergency shelter.","Palmetto Place opera programas de vivienda de emergencia y transicional para jóvenes vulnerables y adultos jóvenes en Midlands incluidos adultos jóvenes con antecedentes penales de 18 a 21 años que salen del cuidado de crianza o regresan de correcciones juveniles y adultas. Los administradores de casos conectan a residentes con SC Works, programas GED y beneficios DSS.",1208 Main Street,Columbia,803-786-8171,,https://palmettoplaceshelter.org,Vulnerable youth and young adults ages 18–21 in the Midlands; justice-involved young adults per program policy.,Jóvenes vulnerables y adultos jóvenes de 18 a 21 años en Midlands; adultos jóvenes con antecedentes penales según política del programa.,Call 803-786-8171 for intake; pairs with New Directions and SC CARES Columbia.,Llame al 803-786-8171 para admisión; se vincula con New Directions y SC CARES Columbia.,Contact for program hours,columbia|richland|housing|youth|transitional|reentry,Transitional housing|Case management|GED referrals|Benefits navigation|Young adult stabilization,Richland,Richland|Lexington,multi
88,Family Promise of the Upstate — Shelter & Rehousing,housing,Greenville / Upstate,"Family Promise of the Upstate provides emergency shelter, case management, and rehousing assistance for homeless families in Greenville, Spartanburg, and Anderson counties including parents returning from incarceration seeking reunification with children. Congregation-based shelter network and stabilization services connect families to SC Works, DSS benefits, and permanent housing partners across the Upstate.","Family Promise of the Upstate ofrece refugio de emergencia, manejo de casos y asistencia de realojamiento para familias sin hogar en los condados Greenville, Spartanburg y Anderson incluidos padres que regresan de la encarcelación que buscan reunificación con sus hijos.",227 Henderson Street,Greenville,864-271-2225,,https://familypromiseupstate.org,Homeless families with children in the Upstate service area; justice-involved parents welcome.,Familias sin hogar con niños en el área de servicio del Upstate; padres con antecedentes penales bienvenidos.,"Call 864-271-2225 for intake; serves Greenville, Spartanburg, and Anderson through host congregations.","Llame al 864-271-2225 para admisión; sirve Greenville, Spartanburg y Anderson a través de congregaciones anfitrionas.",Contact for intake hours,greenville|housing|families|shelter|rehousing|reentry,Emergency family shelter|Case management|Rehousing assistance|Benefits navigation|Employment referrals,Greenville,Greenville|Spartanburg|Anderson,multi
89,Coastal Crisis Chaplaincy — Reentry Support Services,peer-support,Charleston / Tri-County,"Coastal Crisis Chaplaincy provides crisis intervention, peer support, and reentry navigation for justice-involved individuals and their families in the Charleston Tri-County area including jail and prison release support, family reunification counseling, and connections to One80 Place, Turning Leaf, and local treatment providers. Chaplaincy-based support—not a housing or benefits application office.","Coastal Crisis Chaplaincy ofrece intervención en crisis, apoyo entre pares y navegación de reinserción para personas con antecedentes penales y sus familias en el área Tri-County de Charleston incluyendo apoyo de liberación de cárcel y prisión y consejería de reunificación familiar.",6295 Rivers Avenue,North Charleston,843-747-0516,,https://coastalcrisischaplaincy.org,"Justice-involved individuals and families in Berkeley, Charleston, and Dorchester counties; referrals from detention centers and community partners.","Personas con antecedentes penales y familias en los condados Berkeley, Charleston y Dorchester; referencias de centros de detención y aliados comunitarios.",Call 843-747-0516; 24/7 crisis chaplain response; pairs with Turning Leaf and One80 Place.,Llame al 843-747-0516; respuesta de capellán de crisis 24/7; se vincula con Turning Leaf y One80 Place.,Crisis response 24/7; office Monday–Friday,charleston|peer-support|crisis|reentry|chaplaincy|tri-county,Crisis intervention|Peer support|Reentry navigation|Family counseling|Community resource connections,Charleston,Berkeley|Charleston|Dorchester,multi
90,LRADAC — Midlands Recovery Center,substance-use-treatment,Columbia / Richland County,"LRADAC is the Midlands regional alcohol and drug abuse commission providing outpatient treatment, intensive outpatient programs, medication-assisted treatment, and DUI services in Richland and Lexington counties. Justice-involved clients referred by SCDPPPS, drug courts, and Oliver Gospel Mission recovery programs access Medicaid-funded treatment and sliding-fee care at the Columbia campus.","LRADAC es la comisión regional de abuso de alcohol y drogas de Midlands que ofrece tratamiento ambulatorio, programas intensivos ambulatorios, tratamiento asistido con medicamentos y servicios DUI en los condados Richland y Lexington.",2711 Middleburg Drive,Columbia,803-726-9300,,https://lradac.org,Adults and adolescents with substance use disorders in Richland and Lexington counties; Medicaid and sliding-fee accepted.,Adultos y adolescentes con trastornos por uso de sustancias en los condados Richland y Lexington; se aceptan Medicaid y tarifa móvil.,Call 803-726-9300 for intake; MAT program available; pairs with SCDPPPS Midlands and Transitions SC.,Llame al 803-726-9300 para admisión; programa MAT disponible; se vincula con SCDPPPS Midlands y Transitions SC.,Monday–Friday clinic hours,columbia|substance-use-treatment|MAT|outpatient|LRADAC|reentry,Outpatient treatment|Intensive outpatient|Medication-assisted treatment|DUI services|Drug court referrals,Richland,Richland|Lexington,multi
91,Prisma Health — Free Medical Clinic Columbia,healthcare,Columbia / Richland County,"The Prisma Health Free Medical Clinic in Columbia provides free primary care, prescription assistance, and chronic disease management for uninsured low-income Richland County residents including returning citizens establishing a medical home after release. Volunteer physicians and nurses coordinate referrals to Prisma Health specialists and DSS Medicaid enrollment partners.","La Clínica Médica Gratuita de Prisma Health en Columbia ofrece atención primaria gratuita, asistencia con recetas y manejo de enfermedades crónicas para residentes del condado Richland sin seguro y de bajos ingresos incluidos ciudadanos que regresan que establecen un hogar médico después de la liberación.",1875 Harden Street,Columbia,803-296-3070,,https://prismahealth.org/services/free-medical-clinic,Uninsured low-income Richland County residents; income screening required; justice-involved patients welcome.,Residentes del condado Richland sin seguro y de bajos ingresos; se requiere evaluación de ingresos; pacientes con antecedentes penales bienvenidos.,Call 803-296-3070 for appointments; bring proof of income and residency; not an emergency room.,Llame al 803-296-3070 para citas; traiga prueba de ingresos y residencia; no es sala de emergencias.,Clinic hours vary; call for appointment,columbia|healthcare|free-clinic|primary-care|uninsured|reentry,Free primary care|Prescription assistance|Chronic disease management|Specialist referrals|Medicaid enrollment referrals,Richland,Richland,single
92,Fetter Health Care Network — Charleston FQHC,healthcare,Charleston / Tri-County,"Fetter Health Care Network operates Federally Qualified Health Center clinics across the Charleston Tri-County area providing primary care, behavioral health, dental services, and sliding-fee care for uninsured and Medicaid patients including justice-involved adults reestablishing healthcare after release from Charleston County Detention Center or SCDC custody.","Fetter Health Care Network opera clínicas FQHC en el área Tri-County de Charleston que ofrecen atención primaria, salud conductual, servicios dentales y atención con tarifa móvil para pacientes sin seguro y Medicaid incluidos adultos con antecedentes penales.",51 Nassau Street,Charleston,843-722-2273,,https://fetterhealthcare.org,Tri-County residents of all ages; sliding scale with proof of income; Medicaid and Medicare accepted.,Residentes del Tri-County de todas las edades; escala móvil con prueba de ingresos; se aceptan Medicaid y Medicare.,Call 843-722-2273 for nearest clinic; multiple Charleston-area locations; same-day sick visits at select sites.,Llame al 843-722-2273 para la clínica más cercana; múltiples ubicaciones en el área de Charleston.,Monday–Friday clinic hours; varies by location,charleston|healthcare|FQHC|primary-care|behavioral-health|reentry,Primary care|Behavioral health|Dental care|Sliding-fee services|Pharmacy assistance,Charleston,Berkeley|Charleston|Dorchester,multi
93,Bon Secours St. Francis — Health Outreach,healthcare,Greenville / Upstate,"Bon Secours St. Francis Health System operates community health outreach programs and charity care navigation for uninsured and underinsured Greenville County residents including returning citizens needing primary care referrals, prescription assistance, and behavioral health connections after incarceration. Outreach staff coordinate with United Housing Connections and SC Works Greenville for whole-person reentry support.",Bon Secours St. Francis Health System opera programas de alcance de salud comunitaria y navegación de atención caritativa para residentes del condado Greenville sin seguro y con seguro insuficiente incluidos ciudadanos que regresan que necesitan referencias de atención primaria después de la encarcelación.,1 St. Francis Drive,Greenville,864-255-1000,,https://bonsecours.com/greenville,Greenville County residents; charity care application for uninsured; Medicaid patients accepted at affiliated clinics.,Residentes del condado Greenville; solicitud de atención caritativa para sin seguro; pacientes Medicaid aceptados en clínicas afiliadas.,Call 864-255-1000 for charity care information; community outreach events listed online; not a walk-in benefits office.,Llame al 864-255-1000 para información de atención caritativa; eventos de alcance comunitario listados en línea.,Hospital 24/7; outreach hours vary,greenville|healthcare|charity-care|outreach|reentry,Charity care navigation|Primary care referrals|Prescription assistance|Behavioral health connections|Community health outreach,Greenville,Greenville,single
94,McLeod Health — Pee Dee Community Clinics,healthcare,Florence / Pee Dee,"McLeod Health operates hospital and community clinic services across the Pee Dee region including Florence, Darlington, and Dillon counties providing emergency care, primary care referrals, and charity care for uninsured patients such as returning citizens establishing local medical access after release from SCDC custody or county jails.","McLeod Health opera servicios hospitalarios y de clínicas comunitarias en la región Pee Dee incluyendo los condados Florence, Darlington y Dillon que ofrecen atención de emergencia, referencias de atención primaria y atención caritativa para pacientes sin seguro.",555 East Cheves Street,Florence,843-777-2000,,https://mcleodhealth.org,Pee Dee region residents; emergency care regardless of ability to pay; charity care application for eligible uninsured.,Residentes de la región Pee Dee; atención de emergencia independientemente de capacidad de pago; solicitud de atención caritativa para sin seguro elegibles.,Emergency 843-777-2000; charity care through McLeod patient financial services; pairs with Keystone and Hope Haven.,Emergencias 843-777-2000; atención caritativa a través de servicios financieros de pacientes McLeod.,Emergency 24/7; clinic hours vary,florence|pee-dee|healthcare|hospital|charity-care|reentry,Emergency care|Primary care referrals|Charity care|Community clinics|Specialist referrals,Florence,Florence|Darlington|Dillon|Marion|Marlboro|Chesterfield,multi
95,Piedmont Center for Mental Health Services,healthcare,Greenville / Upstate,"Piedmont Center for Mental Health Services is a community mental health center serving Greenville, Laurens, and surrounding Upstate counties with outpatient counseling, psychiatric services, crisis intervention, and substance use treatment for justice-involved adults under SCDPPPS supervision. Medicaid and sliding-fee services help returning citizens stabilize behavioral health after release.","Piedmont Center for Mental Health Services es un centro comunitario de salud mental que sirve a Greenville, Laurens y condados del Upstate circundantes con consejería ambulatoria, servicios psiquiátricos, intervención en crisis y tratamiento de uso de sustancias para adultos con antecedentes penales bajo supervisión SCDPPPS.",1400 Cleveland Street,Greenville,864-271-3210,,https://piedmontcmhs.org,Upstate residents needing mental health or substance use services; Medicaid accepted; sliding-fee available.,Residentes del Upstate que necesiten servicios de salud mental o uso de sustancias; se acepta Medicaid; tarifa móvil disponible.,Call 864-271-3210 for intake; crisis services available; pairs with ROAR and Miracle Hill recovery programs.,Llame al 864-271-3210 para admisión; servicios de crisis disponibles; se vincula con ROAR y programas de recuperación Miracle Hill.,Monday–Friday business hours; crisis line extended,greenville|healthcare|behavioral-health|crisis|SCDMH-partner|reentry,Outpatient counseling|Psychiatric services|Crisis intervention|Substance use treatment|Case management,Greenville,Greenville|Laurens|Abbeville,multi
96,Faces and Voices of Recovery South Carolina,peer-support,Statewide,"Faces and Voices of Recovery South Carolina is a statewide recovery community organization providing peer recovery support, advocacy, and warm-line connections for South Carolinians in recovery from substance use disorders including justice-involved individuals completing treatment at Keystone, LRADAC, and Miracle Hill programs. Certified peer specialists offer navigation to housing, employment, and ongoing recovery supports.","Faces and Voices of Recovery South Carolina es una organización estatal de comunidad de recuperación que ofrece apoyo de recuperación entre pares, defensa y conexiones de línea de apoyo para carolinenses en recuperación de trastornos por uso de sustancias incluidas personas con antecedentes penales.","2711 Middleburg Drive, Suite 204",Columbia,803-726-9422,,https://facesandvoicesofrecoverysc.org,South Carolinians in recovery from substance use disorders; peer support open to justice-involved individuals.,Carolinenses en recuperación de trastornos por uso de sustancias; apoyo entre pares abierto a personas con antecedentes penales.,Call 803-726-9422 for peer support connections; statewide network of certified peer specialists.,Llame al 803-726-9422 para conexiones de apoyo entre pares; red estatal de especialistas certificados entre pares.,Monday–Friday business hours; warm-line hours vary,statewide|peer-support|recovery|advocacy|reentry,Peer recovery support|Recovery advocacy|Warm-line connections|Treatment program navigation|Recovery community networking,Richland,,statewide
97,The COMET — Midlands Public Transit,transportation,Columbia / Richland-Lexington,"The COMET provides fixed-route bus service and paratransit (DART) for seniors and people with disabilities across Richland and Lexington counties including routes connecting Columbia reentry service hubs, SC Works centers, DSS offices, and SCDPPPS field offices. Reduced-fare passes and ADA paratransit help justice-involved residents without private transportation reach appointments after release.","The COMET ofrece servicio de autobús de ruta fija y paratransporte (DART) para personas mayores y con discapacidades en los condados Richland y Lexington incluyendo rutas que conectan centros de servicios de reinserción, centros SC Works y oficinas DSS de Columbia.",3613 Lucius Road,Columbia,803-255-7100,,https://catchthecomet.org,"Open to all riders; reduced fares for seniors, students, and people with disabilities; DART requires ADA eligibility application.","Abierto a todos los pasajeros; tarifas reducidas para personas mayores, estudiantes y con discapacidades; DART requiere solicitud de elegibilidad ADA.",Route maps at catchthecomet.org; customer service 803-255-7100; pairs with New Directions and Transitions SC.,Mapas de rutas en catchthecomet.org; servicio al cliente 803-255-7100; se vincula con New Directions y Transitions SC.,Route hours vary; customer service Monday–Friday,columbia|transportation|public-transit|paratransit|reentry,Fixed-route bus service|ADA paratransit|Reduced-fare passes|Route planning|Accessibility services,Richland,Richland|Lexington,multi
98,Greenlink — Greenville Public Transit,transportation,Greenville / Upstate,"Greenlink operates fixed-route buses and paratransit services in Greenville County connecting justice-involved residents to SC Works Greenville, United Housing Connections, Miracle Hill campuses, and SCDPPPS field offices along major corridors. Reduced fares and ADA complementary paratransit support returning citizens without vehicles reaching employment and treatment appointments.","Greenlink opera autobuses de ruta fija y servicios de paratransporte en el condado Greenville conectando a residentes con antecedentes penales con SC Works Greenville, United Housing Connections, campus Miracle Hill y oficinas de campo SCDPPPS.",100 West McBee Avenue,Greenville,864-467-4431,,https://ridegreenlink.com,Open to all riders; reduced fares available; ADA paratransit for eligible riders with disabilities.,Abierto a todos los pasajeros; tarifas reducidas disponibles; paratransporte ADA para pasajeros elegibles con discapacidades.,Schedules at ridegreenlink.com; customer service 864-467-4431; connects to ROAR and Upstate reentry partners.,Horarios en ridegreenlink.com; servicio al cliente 864-467-4431; conecta con ROAR y aliados de reinserción del Upstate.,Route hours vary; office Monday–Friday,greenville|transportation|public-transit|paratransit|reentry,Fixed-route bus service|ADA paratransit|Reduced fares|Route information|Accessibility accommodations,Greenville,Greenville,single
99,Pee Dee Regional Transportation Authority (PDRTA),transportation,Florence / Pee Dee,"PDRTA provides public bus routes and demand-response paratransit across Florence, Darlington, Dillon, Marion, and Marlboro counties connecting Pee Dee residents to SC Works centers, Hope Haven, Keystone treatment, and McLeod Health facilities. Justice-involved adults without private vehicles use PDRTA to reach probation reporting, employment, and medical appointments after release.","PDRTA ofrece rutas de autobús público y paratransporte bajo demanda en los condados Florence, Darlington, Dillon, Marion y Marlboro conectando a residentes del Pee Dee con centros SC Works, Hope Haven, tratamiento Keystone e instalaciones McLeod Health.",2101 W. Lucas Street,Florence,843-665-2227,,https://pdrta.org,Open to all riders in the Pee Dee service area; ADA paratransit for eligible riders; reduced fares for seniors and people with disabilities.,Abierto a todos los pasajeros en el área de servicio Pee Dee; paratransporte ADA para pasajeros elegibles; tarifas reducidas para personas mayores y con discapacidades.,Route maps at pdrta.org; call 843-665-2227 for paratransit scheduling; pairs with Hope Haven and Keystone.,Mapas de rutas en pdrta.org; llame al 843-665-2227 para programar paratransporte; se vincula con Hope Haven y Keystone.,Route hours vary by county,florence|pee-dee|transportation|public-transit|reentry,Fixed-route bus service|Demand-response paratransit|Reduced fares|Cross-county routes|Rural transit connections,Florence,Florence|Darlington|Dillon|Marion|Marlboro,multi
100,Children's Trust of South Carolina — Parenting & Family Support,family-children,Statewide,"Children's Trust of South Carolina funds and coordinates parenting education, home visiting, and child abuse prevention programs across all 46 counties helping justice-involved parents reunify with children after incarceration. Regional coordinators connect parents to DSS child care subsidies, family counseling, and local fatherhood and motherhood initiatives in Columbia, Charleston, Greenville, and Florence.","Children's Trust of South Carolina financia y coordina educación para padres, visitas domiciliarias y programas de prevención de abuso infantil en los 46 condados ayudando a padres con antecedentes penales a reunificarse con sus hijos después de la encarcelación.","1330 Lady Street, Suite 310",Columbia,803-744-4030,,https://scchildren.org,South Carolina parents and caregivers; justice-involved parents eligible for parenting programs through local partner agencies.,Padres y cuidadores de Carolina del Sur; padres con antecedentes penales elegibles para programas de crianza a través de agencias aliadas locales.,Visit scchildren.org for local program finder; pairs with DSS child care subsidies and family reentry partners.,Visite scchildren.org para buscador de programas locales; se vincula con subsidios de cuidado infantil DSS.,State office Monday–Friday business hours,statewide|family-children|parenting|reunification|reentry,Parenting education|Home visiting programs|Fatherhood initiatives|Family reunification support|Child abuse prevention,Richland,,statewide
101,SC Center for Fathers and Families,family-children,Statewide,"The South Carolina Center for Fathers and Families supports noncustodial fathers—including justice-involved fathers returning from incarceration—with employment navigation, parenting education, child support mediation, and family reunification coaching at regional sites across the state. Fatherhood program specialists connect participants to SC Works, DSS, and local reentry organizations for stable employment and restored family relationships.","El Centro de Padres y Familias de Carolina del Sur apoya a padres no custodios—incluidos padres con antecedentes penales que regresan de la encarcelación—con navegación de empleo, educación para padres, mediación de manutención infantil y coaching de reunificación familiar en sitios regionales.","2711 Middleburg Drive, Suite 208",Columbia,803-254-5454,,https://scfathersandfamilies.com,Noncustodial fathers in South Carolina; justice-involved fathers welcome at regional fatherhood program sites.,Padres no custodios en Carolina del Sur; padres con antecedentes penales bienvenidos en sitios regionales del programa de paternidad.,"Call 803-254-5454 for nearest program site; regional offices in Charleston, Columbia, Greenville, and Florence areas.","Llame al 803-254-5454 para el sitio de programa más cercano; oficinas regionales en áreas de Charleston, Columbia, Greenville y Florence.",Regional offices Monday–Friday business hours,statewide|family-children|fatherhood|reunification|employment|reentry,Fatherhood coaching|Parenting education|Employment navigation|Child support mediation|Family reunification support,Richland,,statewide
102,Catholic Charities of the Diocese of Charleston,basic-needs,Charleston / Lowcountry,"Catholic Charities of the Diocese of Charleston provides emergency rent and utility assistance, immigration legal referrals, disaster relief, and basic needs support for low-income families across the Lowcountry including justice-involved households in Berkeley, Charleston, and Dorchester counties rebuilding after incarceration.","Catholic Charities de la Diócesis de Charleston ofrece asistencia de emergencia para renta y servicios públicos, referencias legales de inmigración, alivio por desastres y apoyo de necesidades básicas para familias de bajos ingresos en el Lowcountry incluidos hogares con antecedentes penales.",1662 Ingram Road,Charleston,843-531-5570,,https://charitiessc.org,Low-income residents of the Diocese service area; income documentation required for emergency assistance.,Residentes de bajos ingresos del área de servicio de la Diócesis; se requiere documentación de ingresos para asistencia de emergencia.,"Call 843-531-5570 for intake; regional offices in Charleston, Beaufort, and Myrtle Beach areas.","Llame al 843-531-5570 para admisión; oficinas regionales en áreas de Charleston, Beaufort y Myrtle Beach.",Monday–Friday business hours,charleston|basic-needs|emergency-assistance|lowcountry|reentry,Emergency rent assistance|Utility assistance|Immigration referrals|Disaster relief|Basic needs navigation,Charleston,Berkeley|Charleston|Dorchester|Beaufort|Colleton|Georgetown|Horry|Jasper,multi
103,United Way of the Midlands — 211 & Basic Needs,basic-needs,Columbia / Midlands,"United Way of the Midlands funds and coordinates basic needs programs, financial stability coaching, and SC 211 referral services for low-income households in Richland, Lexington, Fairfield, and Orangeburg counties including returning citizens navigating emergency assistance, utility help, and employment connections through the Midlands nonprofit network.","United Way of the Midlands financia y coordina programas de necesidades básicas, coaching de estabilidad financiera y servicios de referencia SC 211 para hogares de bajos ingresos en los condados Richland, Lexington, Fairfield y Orangeburg incluidos ciudadanos que regresan.",1800 Main Street,Columbia,803-733-5400,,https://uwmidlands.org,Midlands residents in need of basic needs referrals and financial stability support; justice-involved households eligible for partner programs.,Residentes de Midlands que necesiten referencias de necesidades básicas y apoyo de estabilidad financiera; hogares con antecedentes penales elegibles.,Dial 211 for referrals; call 803-733-5400 for United Way programs; pairs with Harvest Hope and Transitions SC.,Marque 211 para referencias; llame al 803-733-5400 para programas de United Way; se vincula con Harvest Hope y Transitions SC.,Office Monday–Friday; 211 hours vary,columbia|basic-needs|211|financial-stability|midlands|reentry,Basic needs referrals|Financial stability coaching|SC 211 coordination|Nonprofit network navigation|Emergency assistance connections,Richland,Richland|Lexington|Fairfield|Orangeburg|Calhoun|Newberry,multi
104,Sumter United Ministries,basic-needs,Sumter / Midlands,"Sumter United Ministries provides emergency food, clothing, financial assistance, and case management for low-income Sumter County residents including justice-involved adults reestablishing stability after release from Sumter County Detention Center or SCDC custody. Staff connect clients to SC Works Sumter, DSS benefits, and local housing and treatment partners in the Midlands fringe.","Sumter United Ministries ofrece alimentos de emergencia, ropa, asistencia financiera y manejo de casos para residentes de bajos ingresos del condado Sumter incluidos adultos con antecedentes penales que reestablecen estabilidad después de la liberación.",34 South Harvin Street,Sumter,803-775-0758,,https://sumterunitedministries.org,Low-income Sumter County residents; proof of income and residency for financial assistance.,Residentes de bajos ingresos del condado Sumter; prueba de ingresos y residencia para asistencia financiera.,Call 803-775-0758 for intake; food pantry and clothing closet hours posted online.,Llame al 803-775-0758 para admisión; horario de despensa y ropero publicado en línea.,Monday–Friday business hours; pantry hours vary,sumter|basic-needs|emergency-assistance|food|reentry,Emergency food|Clothing assistance|Financial assistance|Case management|Benefits referrals,Sumter,Sumter,single
105,Crossroads Community Recovery Center — Myrtle Beach,substance-use-treatment,Myrtle Beach / Horry County,"Crossroads Community Recovery Center provides outpatient substance use treatment, intensive outpatient programming, and peer recovery support for Horry County residents including justice-involved adults referred by SCDPPPS, New Directions Myrtle Beach, and local drug courts. Medicaid and sliding-fee services help returning citizens maintain recovery after release.","Crossroads Community Recovery Center ofrece tratamiento ambulatorio de uso de sustancias, programación intensiva ambulatoria y apoyo de recuperación entre pares para residentes del condado Horry incluidos adultos con antecedentes penales referidos por SCDPPPS y New Directions Myrtle Beach.",1104 North Oak Street,Myrtle Beach,843-448-1010,,https://crossroadsrecoverysc.com,Adults with substance use disorders in Horry County; Medicaid and sliding-fee accepted; justice referrals welcome.,Adultos con trastornos por uso de sustancias en el condado Horry; se aceptan Medicaid y tarifa móvil; referencias de justicia bienvenidas.,Call 843-448-1010 for intake; IOP and outpatient tracks; pairs with New Directions and Helping Hand.,Llame al 843-448-1010 para admisión; programas IOP y ambulatorios; se vincula con New Directions y Helping Hand.,Monday–Friday clinic hours,myrtle-beach|horry|substance-use-treatment|outpatient|peer-support|reentry,Outpatient treatment|Intensive outpatient|Peer recovery support|Drug court referrals|Sliding-fee care,Horry,Horry,single
106,Wateree Community Actions — Kershaw & Lee Counties,basic-needs,Camden / Kershaw County,"Wateree Community Actions serves Kershaw, Lee, Clarendon, and Sumter counties with emergency rent and utility assistance, weatherization, Head Start, and workforce development for low-income families including justice-involved households in rural Midlands communities rebuilding after incarceration.","Wateree Community Actions sirve a los condados Kershaw, Lee, Clarendon y Sumter con asistencia de emergencia para renta y servicios públicos, climatización, Head Start y desarrollo de la fuerza laboral para familias de bajos ingresos incluidos hogares con antecedentes penales en comunidades rurales de Midlands.",1205 Broad Street,Camden,803-432-5327,,https://watereecommunityactions.com,"Low-income residents of Kershaw, Lee, Clarendon, and Sumter counties; income documentation required.","Residentes de bajos ingresos de los condados Kershaw, Lee, Clarendon y Sumter; se requiere documentación de ingresos.",Call 803-432-5327 for emergency assistance intake; Head Start and weatherization programs available.,Llame al 803-432-5327 para admisión de asistencia de emergencia; también programas Head Start y climatización.,Monday–Friday business hours,camden|kershaw|basic-needs|community-action|rural|reentry,Emergency rent assistance|Utility assistance|Weatherization|Head Start|Workforce development,Kershaw,Kershaw|Lee|Clarendon|Sumter,multi
107,SCDPPPS — Midlands Region Field Office,probation-parole,Columbia / Midlands,"SCDPPPS Midlands Region supervises probationers and parolees in Richland, Lexington, Kershaw, Fairfield, and Newberry counties from the Columbia regional office on Main Street. Agents connect returning citizens to New Directions, SC CARES, LRADAC, and Midlands SC Works for compliance reporting, treatment referrals, and employment coordination—not emergency housing or SNAP intake.","La Región Midlands de SCDPPPS supervisa personas en libertad probatoria y condicional en los condados Richland, Lexington, Kershaw, Fairfield y Newberry desde la oficina regional de Columbia. Los agentes conectan a quienes regresan con New Directions, SC CARES, LRADAC y SC Works Midlands.","1301 Main Street, Suite 500",Columbia,803-734-5400,,https://www.ppp.sc.gov,Adults under SCDPPPS supervision in Midlands counties; report to assigned agent.,Adultos bajo supervisión SCDPPPS en condados de Midlands; reporte al agente asignado.,Midlands regional office; ask assigned agent for local reentry referrals; statewide info 803-734-3900.,Oficina regional Midlands; pregunte a su agente asignado sobre referencias locales de reinserción.,Monday–Friday business hours,columbia|midlands|probation-parole|SCDPPPS|reentry,Midlands probation supervision|Parole reporting|Treatment referrals|Employment compliance|Reentry partner coordination,Richland,Richland|Lexington|Kershaw|Fairfield|Newberry,multi
108,SCDPPPS — Lowcountry Region Field Office,probation-parole,Charleston / Lowcountry,"SCDPPPS Lowcountry Region supervises justice-involved adults on probation and parole in Charleston, Berkeley, Dorchester, Beaufort, and Colleton counties from the North Charleston field office. Agents coordinate with Turning Leaf, One80 Place, and Lowcountry treatment providers for returning citizens reporting compliance and seeking housing and employment referrals.","La Región Lowcountry de SCDPPPS supervisa adultos con antecedentes penales en probatoria y libertad condicional en los condados Charleston, Berkeley, Dorchester, Beaufort y Colleton desde la oficina de campo de North Charleston.",3875 Leeds Avenue,North Charleston,843-953-0100,,https://www.ppp.sc.gov,Adults under SCDPPPS supervision in Lowcountry counties; report to assigned agent.,Adultos bajo supervisión SCDPPPS en condados del Lowcountry; reporte al agente asignado.,Lowcountry regional field office; pairs with Turning Leaf and SC CARES Charleston.,Oficina de campo regional Lowcountry; se vincula con Turning Leaf y SC CARES Charleston.,Monday–Friday business hours,charleston|lowcountry|probation-parole|SCDPPPS|reentry,Lowcountry probation supervision|Parole reporting|Turning Leaf referrals|Treatment coordination|Compliance monitoring,Charleston,Charleston|Berkeley|Dorchester|Beaufort|Colleton,multi
109,SCDPPPS — Upstate Region Field Office,probation-parole,Greenville / Upstate,"SCDPPPS Upstate Region manages community supervision for probationers and parolees in Greenville, Spartanburg, Anderson, Pickens, and Oconee counties from the Greenville regional office. Agents link returning citizens to ROAR, United Housing Connections, Miracle Hill, and Upstate SC Works for treatment compliance, employment monitoring, and reentry referrals.","La Región Upstate de SCDPPPS gestiona la supervisión comunitaria para personas en libertad probatoria y condicional en los condados Greenville, Spartanburg, Anderson, Pickens y Oconee desde la oficina regional de Greenville.",301 University Ridge,Greenville,864-250-1500,,https://www.ppp.sc.gov,Adults under SCDPPPS supervision in Upstate counties; report to assigned agent.,Adultos bajo supervisión SCDPPPS en condados del Upstate; reporte al agente asignado.,Upstate regional office; pairs with ROAR and SC CARES Greenville.,Oficina regional Upstate; se vincula con ROAR y SC CARES Greenville.,Monday–Friday business hours,greenville|upstate|probation-parole|SCDPPPS|reentry,Upstate probation supervision|Parole compliance|ROAR referrals|Treatment monitoring|Employment coordination,Greenville,Greenville|Spartanburg|Anderson|Pickens|Oconee,multi
110,SCDPPPS — Pee Dee Region Field Office,probation-parole,Florence / Pee Dee,"SCDPPPS Pee Dee Region supervises probationers and parolees in Florence, Darlington, Dillon, Marion, Marlboro, Chesterfield, and Williamsburg counties from the Florence field office. Agents connect justice-involved adults to Hope Haven, Keystone, McLeod Health, and Pee Dee SC Works for returning citizens rebuilding stability in rural eastern South Carolina.","La Región Pee Dee de SCDPPPS supervisa personas en libertad probatoria y condicional en los condados Florence, Darlington, Dillon, Marion, Marlboro, Chesterfield y Williamsburg desde la oficina de campo de Florence.",1450 West Evans Street,Florence,843-661-4050,,https://www.ppp.sc.gov,Adults under SCDPPPS supervision in Pee Dee counties; report to assigned agent.,Adultos bajo supervisión SCDPPPS en condados Pee Dee; reporte al agente asignado.,Pee Dee regional office; pairs with Hope Haven and Keystone Florence.,Oficina regional Pee Dee; se vincula con Hope Haven y Keystone Florence.,Monday–Friday business hours,florence|pee-dee|probation-parole|SCDPPPS|rural|reentry,Pee Dee probation supervision|Parole reporting|Keystone referrals|Rural reentry coordination|Compliance monitoring,Florence,Florence|Darlington|Dillon|Marion|Marlboro|Chesterfield|Williamsburg,multi
111,Midlands Technical College — Adult Education & GED,education,Columbia / Midlands,"Midlands Technical College Adult Education programs offer GED preparation, English language instruction, and workforce readiness classes at campuses across Richland, Lexington, and Fairfield counties for justice-involved adults rebuilding education credentials after incarceration. Free or low-cost classes prepare students for GED testing and connect graduates to SC Works and Midlands employers.","Los programas de Educación para Adultos de Midlands Technical College ofrecen preparación para el GED, instrucción en inglés y clases de preparación laboral en campus de los condados Richland, Lexington y Fairfield para adultos con antecedentes penales que reconstruyen credenciales educativas.",1260 Lexington Drive,West Columbia,803-822-3654,,https://midlandstech.edu/adult-education,Adults 17 and older in the Midlands; no high school diploma required to enroll in GED prep; justice-involved students welcome.,Adultos de 17 años o más en Midlands; no se requiere diploma de secundaria para inscribirse en preparación GED; estudiantes con antecedentes penales bienvenidos.,Call 803-822-3654 for enrollment; multiple campus locations; pairs with SC Works and New Directions.,Llame al 803-822-3654 para inscripción; múltiples ubicaciones de campus; se vincula con SC Works y New Directions.,Class schedules vary by campus,columbia|education|GED|adult-education|workforce-readiness|reentry,GED preparation|English language instruction|Workforce readiness classes|Testing referrals|Employer connections,Lexington,Richland|Lexington|Fairfield,multi
112,Greenville Literacy Association,education,Greenville / Upstate,"Greenville Literacy Association provides free adult literacy, GED preparation, and English language instruction for low-income Upstate residents including justice-involved adults at the Augusta Road learning center and community partner sites. Tutors and instructors help returning citizens rebuild reading and math skills needed for SC Works training programs and employer hiring requirements.","Greenville Literacy Association ofrece alfabetización de adultos gratuita, preparación para el GED e instrucción en inglés para residentes de bajos ingresos del Upstate incluidos adultos con antecedentes penales en el centro de aprendizaje Augusta Road.",225 South Pleasantburg Drive,Greenville,864-467-3456,,https://greenvilleliteracy.org,Adults 18 and older in the Upstate needing literacy or GED help; free programs for qualifying low-income students.,Adultos de 18 años o más en el Upstate que necesiten ayuda de alfabetización o GED; programas gratuitos para estudiantes de bajos ingresos calificados.,Call 864-467-3456 for enrollment; morning and evening classes; pairs with ROAR and SC Works Greenville.,Llame al 864-467-3456 para inscripción; clases matutinas y vespertinas; se vincula con ROAR y SC Works Greenville.,Class schedules vary; office Monday–Friday,greenville|education|literacy|GED|adult-education|reentry,Adult literacy|GED preparation|English language instruction|Tutoring|Workforce skill building,Greenville,Greenville|Spartanburg|Anderson,multi
113,Second Chance Alliance of South Carolina,reentry-organizations,Statewide,"Second Chance Alliance of South Carolina is a statewide coalition advocating for fair-chance employment policies and connecting justice-involved South Carolinians to housing, legal aid, and workforce resources through member organizations in Charleston, Columbia, Greenville, Florence, and Rock Hill. The alliance coordinates employer engagement and policy advocacy—not direct emergency services.","Second Chance Alliance of South Carolina es una coalición estatal que aboga por políticas de empleo de segunda oportunidad y conecta a carolinenses con antecedentes penales con recursos de vivienda, asistencia legal y fuerza laboral a través de organizaciones miembros.","2711 Middleburg Drive, Suite 210",Columbia,803-708-4860,,https://scsecondchance.org,Justice-involved South Carolina residents and employers seeking fair-chance hiring connections.,Residentes de Carolina del Sur con antecedentes penales y empleadores que buscan conexiones de contratación de segunda oportunidad.,Visit scsecondchance.org for member directory; pairs with SC CARES and SC Works statewide.,Visite scsecondchance.org para directorio de miembros; se vincula con SC CARES y SC Works estatal.,Contact for current hours,statewide|reentry|coalition|fair-chance|referral-only,Coalition coordination|Fair-chance employer connections|Policy advocacy|Member organization referrals|Community networking,Richland,,statewide
114,Goodwill Industries of Upstate/Midlands South Carolina,employment,Greenville / Midlands,"Goodwill Industries operates thrift stores, career centers, and job training programs across the Upstate and Midlands helping justice-involved South Carolinians build work histories through transitional employment, certifications, and SC Works partnerships. Career navigators connect participants to fair-chance employers, soft-skills training, and vocational credentials in Greenville, Columbia, and Spartanburg areas.","Goodwill Industries opera tiendas de segunda mano, centros de carrera y programas de capacitación laboral en el Upstate y Midlands ayudando a carolinenses con antecedentes penales a construir historiales laborales mediante empleo transicional, certificaciones y alianzas con SC Works.",115 Haywood Road,Greenville,864-351-0100,,https://goodwillsc.org,Job seekers including justice-involved individuals; program-specific requirements for training tracks.,Buscadores de empleo incluidas personas con antecedentes penales; requisitos específicos del programa para programas de capacitación.,Call 864-351-0100 for career center locations; Columbia and Spartanburg sites also serve Midlands and Upstate.,Llame al 864-351-0100 para ubicaciones de centros de carrera; sitios de Columbia y Spartanburg también sirven Midlands y Upstate.,Store and career center hours vary,greenville|employment|goodwill|job-training|fair-chance|reentry,Transitional employment|Career navigation|Vocational certifications|Soft-skills training|Fair-chance employer connections,Greenville,Greenville|Spartanburg|Richland|Lexington,multi
115,Coastal Empire Community Mental Health Center,healthcare,Beaufort / Lowcountry,"Coastal Empire Community Mental Health Center provides outpatient behavioral health, psychiatric services, and substance use treatment for Beaufort, Jasper, Hampton, and Colleton county residents including justice-involved adults establishing mental health care after release. Medicaid and sliding-fee services coordinate with Lowcountry reentry and housing partners.","Coastal Empire Community Mental Health Center ofrece salud conductual ambulatoria, servicios psiquiátricos y tratamiento de uso de sustancias para residentes de los condados Beaufort, Jasper, Hampton y Colleton incluidos adultos con antecedentes penales.",106 Beaufort Industrial Village,Beaufort,843-524-3393,,https://coastalempirecmhc.org,Lowcountry residents needing behavioral health services; Medicaid accepted; sliding-fee available.,Residentes del Lowcountry que necesiten servicios de salud conductual; se acepta Medicaid; tarifa móvil disponible.,Call 843-524-3393 for intake; crisis services available; pairs with One80 Place and Catholic Charities Lowcountry.,Llame al 843-524-3393 para admisión; servicios de crisis disponibles; se vincula con One80 Place y Catholic Charities Lowcountry.,Monday–Friday clinic hours,beaufort|lowcountry|healthcare|behavioral-health|reentry,Outpatient behavioral health|Psychiatric services|Substance use treatment|Crisis services|Case management,Beaufort,Beaufort|Jasper|Hampton|Colleton,multi
116,Orangeburg-Calhoun-Allendale-Bamberg Community Action Agency,basic-needs,Orangeburg / I-95 Corridor,"OCAB Community Action Agency serves Orangeburg, Calhoun, Allendale, and Bamberg counties with emergency assistance, weatherization, Head Start, and workforce programs for low-income families including justice-involved households in rural I-95 corridor communities rebuilding after incarceration.","OCAB Community Action Agency sirve a los condados Orangeburg, Calhoun, Allendale y Bamberg con asistencia de emergencia, climatización, Head Start y programas de fuerza laboral para familias de bajos ingresos incluidos hogares con antecedentes penales en comunidades rurales del corredor I-95.",1820 Goff Avenue,Orangeburg,803-536-2271,,https://ocabcommunityaction.org,"Low-income residents of Orangeburg, Calhoun, Allendale, and Bamberg counties; income documentation required.","Residentes de bajos ingresos de los condados Orangeburg, Calhoun, Allendale y Bamberg; se requiere documentación de ingresos.",Call 803-536-2271 for emergency assistance; pairs with SC Works Orangeburg and regional FQHC partners.,Llame al 803-536-2271 para asistencia de emergencia; se vincula con SC Works Orangeburg y aliados FQHC regionales.,Monday–Friday business hours,orangeburg|basic-needs|community-action|rural|i-95|reentry,Emergency assistance|Weatherization|Head Start|Workforce programs|Utility assistance,Orangeburg,Orangeburg|Calhoun|Allendale|Bamberg,multi
117,Aiken-Barnwell-Lexington-Richland Community Action Agency,basic-needs,Aiken / CSRA,"ABLRC Community Action Agency provides emergency rent and utility assistance, weatherization, and self-sufficiency programs for low-income residents of Aiken, Barnwell, Edgefield, and surrounding CSRA counties including justice-involved adults reestablishing stability after release from Aiken County Detention Center or SCDC custody.","ABLRC Community Action Agency ofrece asistencia de emergencia para renta y servicios públicos, climatización y programas de autosuficiencia para residentes de bajos ingresos de Aiken, Barnwell, Edgefield y condados CSRA circundantes incluidos adultos con antecedentes penales.",1701 Main Street,Aiken,803-648-3161,,https://ablrc.org,"Low-income residents of Aiken, Barnwell, and Edgefield counties; income documentation required for emergency programs.","Residentes de bajos ingresos de los condados Aiken, Barnwell y Edgefield; se requiere documentación de ingresos para programas de emergencia.",Call 803-648-3161 for intake; pairs with SC Works Aiken and Aiken County DSS.,Llame al 803-648-3161 para admisión; se vincula con SC Works Aiken y DSS del condado Aiken.,Monday–Friday business hours,aiken|basic-needs|community-action|CSRA|reentry,Emergency rent assistance|Utility assistance|Weatherization|Self-sufficiency coaching|Head Start referrals,Aiken,Aiken|Barnwell|Edgefield,multi
118,Coastal Regional Transportation Authority (CRT),transportation,Myrtle Beach / Horry County,"The Coastal Regional Transportation Authority operates The Coast RTA bus routes and paratransit services in Horry and Georgetown counties connecting Grand Strand residents to SC Works Conway, New Directions Myrtle Beach, Helping Hand, and coastal healthcare facilities. Returning citizens without vehicles use Coast RTA to reach employment, treatment, and probation appointments.","Coastal Regional Transportation Authority opera rutas de autobús The Coast RTA y servicios de paratransporte en los condados Horry y Georgetown conectando a residentes del Grand Strand con SC Works Conway, New Directions Myrtle Beach y Helping Hand.",1410 Highway 501 East,Conway,843-488-0865,,https://coastrta.com,Open to all riders in Horry and Georgetown counties; ADA paratransit for eligible riders; reduced fares available.,Abierto a todos los pasajeros en los condados Horry y Georgetown; paratransporte ADA para pasajeros elegibles; tarifas reducidas disponibles.,Schedules at coastrta.com; customer service 843-488-0865; pairs with New Directions and Crossroads Recovery.,Horarios en coastrta.com; servicio al cliente 843-488-0865; se vincula con New Directions y Crossroads Recovery.,Route hours vary,myrtle-beach|horry|transportation|public-transit|grand-strand|reentry,Fixed-route bus service|ADA paratransit|Reduced fares|Grand Strand routes|Rural connector service,Horry,Horry|Georgetown,multi
119,Pee Dee Coalition Against Domestic and Sexual Assault,family-children,Florence / Pee Dee,"Pee Dee Coalition provides crisis intervention, emergency shelter, counseling, and legal advocacy for survivors of domestic violence and sexual assault in Florence, Darlington, Chesterfield, Dillon, and Marion counties. Justice-involved survivors and families affected by trauma during incarceration and reentry can access confidential support and safety planning through the Florence crisis line.","Pee Dee Coalition ofrece intervención en crisis, refugio de emergencia, consejería y defensa legal para sobrevivientes de violencia doméstica y agresión sexual en los condados Florence, Darlington, Chesterfield, Dillon y Marion.",220 South Irby Street,Florence,843-669-4600,,https://peedeecoalition.org,Survivors of domestic violence or sexual assault in the Pee Dee service area; confidential services regardless of criminal record.,Sobrevivientes de violencia doméstica o agresión sexual en el área de servicio Pee Dee; servicios confidenciales sin importar antecedentes penales.,24/7 crisis line 843-669-4600; emergency shelter available; pairs with Hope Haven and Keystone.,Línea de crisis 24/7 843-669-4600; refugio de emergencia disponible; se vincula con Hope Haven y Keystone.,Crisis line 24/7; office Monday–Friday,florence|family-children|crisis|domestic-violence|pee-dee|reentry,Crisis intervention|Emergency shelter|Counseling|Legal advocacy|Safety planning,Florence,Florence|Darlington|Chesterfield|Dillon|Marion,multi
120,Richland County Veterans Affairs Office,veterans,Columbia / Richland County,"The Richland County Veterans Affairs Office provides free VA benefits claims assistance, discharge upgrade guidance, and referrals to veteran treatment courts and SC DVS programs for justice-involved veterans in Richland and Lexington counties. County veterans service officers help returning veteran citizens navigate VA healthcare enrollment and disability compensation.","La Oficina de Asuntos de Veteranos del condado Richland ofrece asistencia gratuita con reclamaciones de beneficios VA, orientación sobre actualización de baja y referencias a tribunales de tratamiento para veteranos para veteranos con antecedentes penales en los condados Richland y Lexington.",2020 Hampton Street,Columbia,803-576-1906,,https://scdva.sc.gov,Veterans and eligible dependents in Richland County; service documentation required for VA claims.,Veteranos y dependientes elegibles en el condado Richland; se requiere documentación de servicio para reclamaciones VA.,Call 803-576-1906 for appointment; free claims assistance; pairs with SC DVS and Transitions SC veteran programs.,Llame al 803-576-1906 para cita; asistencia gratuita con reclamaciones; se vincula con SC DVS y programas para veteranos de Transitions SC.,Monday–Friday business hours,columbia|veterans|VA-benefits|richland|reentry,VA benefits claims assistance|Discharge upgrade guidance|Veteran treatment court referrals|Healthcare enrollment help|Disability compensation navigation,Richland,Richland|Lexington,multi
121,Charleston County Board of Voter Registration & Elections,id-documentation,Charleston / Charleston County,"The Charleston County Board of Voter Registration and Elections assists residents with voter registration, photo ID requirements for voting, and guidance on acceptable identification documents for justice-involved citizens restoring civil rights after felony convictions under South Carolina law. Staff provide registration forms and referrals to SCDMV and South Carolina Legal Services—not DMV licensing services.","La Junta de Registro de Votantes y Elecciones del condado Charleston ayuda a residentes con registro de votantes, requisitos de identificación con foto para votar y orientación sobre documentos de identificación aceptables para ciudadanos con antecedentes penales que restauran derechos civiles según la ley de Carolina del Sur.",4340 Corporate Road,North Charleston,843-744-8683,Vote@CharlestonCounty.org,https://www.charlestoncounty.org/departments/bevr/,Charleston County residents; individuals with felony convictions should verify voting rights restoration requirements at scvotes.gov.,Residentes del condado Charleston; personas con condenas por delitos graves deben verificar requisitos de restauración de derechos de voto en scvotes.gov.,Call 843-744-8683 Monday–Friday 8:30 a.m.–5:00 p.m.; online registration at scvotes.gov; pairs with SCDMV and SCLS for broader ID restoration.,Llame al 843-744-8683 de lunes a viernes 8:30 a.m.–5:00 p.m.; registro en línea en scvotes.gov; se vincula con SCDMV y SCLS.,"Monday–Friday, 8:30 a.m.–5:00 p.m.",charleston|id-documentation|voting-rights|civil-rights|reentry,Voter registration|Photo ID guidance|Rights restoration information|Document requirement counseling|Election office referrals,Charleston,Charleston,single
122,Pathways to Healing — Sexual Trauma Center,peer-support,Columbia / Midlands,"Pathways to Healing provides crisis intervention, counseling, and peer support groups for survivors of sexual trauma in Richland, Lexington, and Sumter counties including justice-involved survivors reintegrating after incarceration. Trauma-informed counselors and trained advocates offer confidential support, court accompaniment, and connections to Midlands housing and legal aid partners.","Pathways to Healing ofrece intervención en crisis, consejería y grupos de apoyo entre pares para sobrevivientes de trauma sexual en los condados Richland, Lexington y Sumter incluidos sobrevivientes con antecedentes penales que se reintegran después de la encarcelación.",1012 Richland Street,Columbia,803-790-8208,,https://pathwaystohealing.org,Survivors of sexual trauma in the Midlands service area; confidential services; criminal record not a barrier.,Sobrevivientes de trauma sexual en el área de servicio de Midlands; servicios confidenciales; los antecedentes penales no son barrera.,24/7 crisis line 803-790-8208; pairs with SCLS Columbia and Transitions SC.,Línea de crisis 24/7 803-790-8208; se vincula con SCLS Columbia y Transitions SC.,Crisis line 24/7; office Monday–Friday,columbia|peer-support|trauma|crisis|midlands|reentry,Crisis intervention|Trauma counseling|Peer support groups|Court accompaniment|Legal aid referrals,Richland,Richland|Lexington|Sumter,multi
123,Sumter County Veterans Affairs Office,veterans,Sumter / Midlands,"The Sumter County Veterans Affairs Office provides free assistance with VA disability claims, healthcare enrollment, and benefits navigation for justice-involved veterans in Sumter, Lee, and Clarendon counties through the South Carolina Department of Veterans' Affairs county network. Staff help returning veterans connect to VA mental health, housing, and employment programs and coordinate with Midlands reentry partners near Shaw Air Force Base. County veterans affairs office—not a VA medical center.","La Oficina de Asuntos de Veteranos del condado Sumter ofrece asistencia gratuita con reclamaciones de discapacidad del VA, inscripción en atención médica y navegación de beneficios para veteranos con antecedentes penales en los condados Sumter, Lee y Clarendon a través de la red del condado del Departamento de Asuntos de Veteranos de Carolina del Sur.",141 North Main Street,Sumter,803-436-2100,,https://scdva.sc.gov,Veterans and eligible dependents in Sumter County; service documentation required for VA claims.,Veteranos y dependientes elegibles en el condado Sumter; se requiere documentación de servicio para reclamaciones VA.,Call 803-436-2100 for appointment; free claims assistance; pairs with Sumter United Ministries and SC Works Sumter.,Llame al 803-436-2100 para cita; asistencia gratuita con reclamaciones; se vincula con Sumter United Ministries y SC Works Sumter.,Monday–Friday business hours,sumter|veterans|VA-benefits|midlands|reentry,VA benefits claims assistance|Healthcare enrollment help|Disability compensation navigation|Veteran employment referrals|DVS county coordination,Sumter,Sumter|Lee|Clarendon,multi
124,Tri-County Family Ministries — Emergency Assistance,basic-needs,Charleston / Tri-County,"Tri-County Family Ministries provides emergency food, clothing, financial assistance, and referral navigation for low-income families in Berkeley, Charleston, and Dorchester counties including justice-involved households rebuilding after incarceration in the Charleston metro area.","Tri-County Family Ministries ofrece alimentos de emergencia, ropa, asistencia financiera y navegación de referencias para familias de bajos ingresos en los condados Berkeley, Charleston y Dorchester incluidos hogares con antecedentes penales.",2199 Cosgrove Avenue,North Charleston,843-747-8146,,https://tricountyfamilyministries.org,Low-income Tri-County residents; proof of income and residency for financial assistance.,Residentes de bajos ingresos del Tri-County; prueba de ingresos y residencia para asistencia financiera.,Call for intake hours; pairs with Lowcountry Food Bank and Turning Leaf.,Llame para horario de admisión; se vincula con Lowcountry Food Bank y Turning Leaf.,Monday–Friday; pantry hours vary,charleston|basic-needs|emergency-assistance|tri-county|reentry,Emergency food|Clothing|Financial assistance|Referral navigation|Family support,Charleston,Berkeley|Charleston|Dorchester,multi
125,Able South Carolina — Disability Employment & Advocacy,employment,Columbia / Statewide,"Able South Carolina is a Centers for Independent Living organization providing disability employment advocacy, benefits counseling, and independent living skills training for South Carolinians with disabilities including justice-involved individuals with qualifying disabilities after release. Staff coordinate with SCVRD and SC Works for workplace accommodations and fair-chance hiring.","Able South Carolina es una organización de Centros para Vida Independiente que ofrece defensa de empleo para personas con discapacidades, consejería de beneficios y capacitación en habilidades de vida independiente para carolinenses con discapacidades incluidas personas con antecedentes penales con discapacidades calificadas.",136 Stonemark Lane,Columbia,803-779-5121,,https://able-sc.org,South Carolinians with disabilities seeking employment advocacy and independent living supports; justice-involved individuals with disabilities welcome.,Carolinenses con discapacidades que busquen defensa de empleo y apoyos de vida independiente; personas con antecedentes penales con discapacidades bienvenidas.,Call 803-779-5121; benefits counseling for SSI/SSDI; pairs with SCVRD and SC Works.,Llame al 803-779-5121; consejería de beneficios para SSI/SSDI; se vincula con SCVRD y SC Works.,Monday–Friday business hours,statewide|employment|disability|advocacy|SCVRD|reentry,Disability employment advocacy|Benefits counseling|Independent living skills|Workplace accommodation guidance|SCVRD coordination,Richland,,statewide
126,Catawba Mental Health — Lancaster County Clinic,healthcare,Lancaster / Catawba Region,"Catawba Community Mental Health Center serves Lancaster, Chester, and York counties with outpatient behavioral health, psychiatric services, and substance use treatment for justice-involved adults under SCDPPPS supervision in the Charlotte metro South Carolina corridor. Medicaid and sliding-fee services support returning citizens stabilizing mental health after release.","Catawba Community Mental Health Center sirve a los condados Lancaster, Chester y York con salud conductual ambulatoria, servicios psiquiátricos y tratamiento de uso de sustancias para adultos con antecedentes penales bajo supervisión SCDPPPS en el corredor metropolitano de Charlotte en Carolina del Sur.",1520 Charlotte Highway,Lancaster,803-286-5937,,https://catawbamh.org,"Residents of Lancaster, Chester, and York counties; Medicaid accepted; sliding-fee available.","Residentes de los condados Lancaster, Chester y York; se acepta Medicaid; tarifa móvil disponible.",Call 803-286-5937 for intake; pairs with Keystone Rock Hill and Catawba Community Action.,Llame al 803-286-5937 para admisión; se vincula con Keystone Rock Hill y Catawba Community Action.,Monday–Friday clinic hours,lancaster|healthcare|behavioral-health|substance-use|reentry,Outpatient behavioral health|Psychiatric services|Substance use treatment|Crisis referrals|Case management,Lancaster,Lancaster|Chester|York,multi
127,Crisis Ministries — Charleston Shelter & Rehousing,housing,Charleston / Tri-County,"Crisis Ministries of Charleston provides emergency shelter, meals, case management, and rapid rehousing for unhoused adults and families in Berkeley, Charleston, and Dorchester counties including returning citizens recently released from Charleston County Detention Center. Staff connect guests to Turning Leaf, One80 Place, SC Works Trident, and Tri-County DSS for benefits and employment. Direct shelter intake—not a statewide referral hotline.","Crisis Ministries de Charleston ofrece refugio de emergencia, comidas, manejo de casos y realojamiento rápido para adultos y familias sin hogar en los condados Berkeley, Charleston y Dorchester, incluidos ciudadanos que regresan recién liberados de la cárcel del condado Charleston. El personal conecta a los huéspedes con Turning Leaf, One80 Place, SC Works Trident y DSS del Tri-County.",573 Meeting Street,Charleston,843-723-9477,,https://crisisministries.org,Unhoused adults and families in the Tri-County area; justice-involved individuals welcome for shelter and rehousing programs.,Adultos y familias sin hogar en el área del Tri-County; personas con antecedentes penales bienvenidas para refugio y programas de realojamiento.,Call 843-723-9477 for shelter intake; coordinated entry with One80 Place; meals and case management on campus.,Llame al 843-723-9477 para admisión al refugio; entrada coordinada con One80 Place; comidas y manejo de casos en el campus.,Shelter 24/7; office Monday–Friday business hours,charleston|housing|emergency-shelter|rehousing|tri-county|reentry,Emergency shelter|Meals|Case management|Rapid rehousing|Employment referrals,Charleston,Berkeley|Charleston|Dorchester,multi
128,Safe Harbor — Greenville Domestic Violence Shelter,housing,Greenville / Upstate,"Safe Harbor provides emergency shelter, transitional housing, and legal advocacy for survivors of domestic violence and their children in Greenville, Anderson, Pickens, and Oconee counties. Justice-involved survivors returning from incarceration can access confidential shelter, counseling, and housing stabilization services while coordinating with ROAR Spartanburg and Upstate reentry partners. Survivor-focused shelter—not a general men's homeless intake.","Safe Harbor ofrece refugio de emergencia, vivienda transicional y defensa legal para sobrevivientes de violencia doméstica y sus hijos en los condados Greenville, Anderson, Pickens y Oconee. Sobrevivientes con antecedentes penales pueden acceder a refugio confidencial, consejería y estabilización de vivienda. Refugio enfocado en sobrevivientes, no admisión general para hombres sin hogar.",429 Green Avenue,Greenville,864-467-1177,,https://www.safeharborsc.com,Survivors of domestic violence in the Upstate service area; confidential services regardless of criminal record.,Sobrevivientes de violencia doméstica en el área de servicio del Upstate; servicios confidenciales sin importar antecedentes penales.,24/7 crisis line 864-467-1177; emergency shelter by referral; legal advocacy and counseling available.,Línea de crisis 24/7 864-467-1177; refugio de emergencia por referencia; defensa legal y consejería disponibles.,Crisis line 24/7; shelter access by referral,greenville|housing|domestic-violence|shelter|upstate|reentry,Emergency shelter|Transitional housing|Legal advocacy|Counseling|Housing stabilization,Greenville,Greenville|Anderson|Pickens|Oconee,multi
129,Salvation Army — Columbia Emergency Shelter,housing,Columbia / Richland County,"The Salvation Army of the Midlands operates emergency shelter, meals, and case management for unhoused men and women in Columbia including returning citizens exiting Richland County Detention Center or SCDC custody. Shelter staff connect guests to Oliver Gospel Mission, Transitions, SC Works Midlands, and Midlands employers for housing and employment stabilization. Faith-based shelter—not a benefits application office.","El Ejército de Salvación de Midlands opera refugio de emergencia, comidas y manejo de casos para hombres y mujeres sin hogar en Columbia, incluidos ciudadanos que regresan de la cárcel del condado Richland o custodia SCDC. El personal conecta a los huéspedes con Oliver Gospel Mission, Transitions, SC Works Midlands y empleadores de Midlands.",1221 Taylor Street,Columbia,803-765-0260,,https://www.salvationarmycarolinas.org/columbia/,Unhoused adults in the Columbia area; justice-involved individuals welcome for shelter and case management.,Adultos sin hogar en el área de Columbia; personas con antecedentes penales bienvenidas para refugio y manejo de casos.,Call 803-765-0260 for shelter availability; pairs with Oliver Gospel and New Directions Midlands.,Llame al 803-765-0260 para disponibilidad de refugio; se vincula con Oliver Gospel y New Directions Midlands.,Shelter intake hours vary; call ahead,columbia|housing|emergency-shelter|salvation-army|reentry,Emergency shelter|Meals|Case management|Clothing|Employment referrals,Richland,Richland|Lexington,multi
130,Family Promise of South Carolina — Midlands Affiliate,housing,Columbia / Midlands,"Family Promise of South Carolina affiliates in the Midlands provide emergency shelter for homeless families through a network of host congregations, case management, and rehousing assistance for parents returning from incarceration in Richland, Lexington, and Kershaw counties. Children remain with parents during shelter stays while staff coordinate DSS benefits, school enrollment, and SC Works employment services.","Los afiliados de Family Promise of South Carolina en Midlands ofrecen refugio de emergencia para familias sin hogar a través de una red de congregaciones anfitrionas, manejo de casos y asistencia de realojamiento para padres que regresan de la encarcelación en los condados Richland, Lexington y Kershaw.",1208 Main Street,Columbia,803-254-0111,,https://www.familypromisesc.org,Homeless families with children in Midlands affiliate service areas; justice-involved parents welcome.,Familias sin hogar con niños en áreas de servicio de afiliados de Midlands; padres con antecedentes penales bienvenidos.,Contact familypromisesc.org for affiliate intake; congregation-based shelter rotation; pairs with Palmetto Place.,Contacte familypromisesc.org para admisión de afiliados; rotación de refugio en congregaciones; se vincula con Palmetto Place.,Contact affiliate for intake schedule,columbia|housing|families|shelter|midlands|reentry,Emergency family shelter|Case management|Rehousing assistance|Benefits navigation|School enrollment help,Richland,Richland|Lexington|Kershaw,multi
131,Anderson Interfaith Ministries — AIM Shelter,housing,Anderson / Upstate,"Anderson Interfaith Ministries operates emergency shelter, a food pantry, and financial assistance for unhoused and low-income residents of Anderson County including returning citizens rebuilding stability after release from Anderson County Detention Center. Case managers connect guests to SC Works Anderson, AnMed behavioral health, and Upstate recovery housing partners.","Anderson Interfaith Ministries opera refugio de emergencia, despensa de alimentos y asistencia financiera para residentes sin hogar y de bajos ingresos del condado Anderson, incluidos ciudadanos que regresan que reconstruyen estabilidad después de la liberación de la cárcel del condado Anderson.",1202 South Murray Avenue,Anderson,864-226-2273,,https://aimcharity.org,Low-income and unhoused Anderson County residents; justice-involved individuals welcome for shelter and assistance programs.,Residentes del condado Anderson de bajos ingresos y sin hogar; personas con antecedentes penales bienvenidas para refugio y programas de asistencia.,Call 864-226-2273 for shelter and pantry hours; pairs with Miracle Hill Anderson and SC Works.,Llame al 864-226-2273 para horarios de refugio y despensa; se vincula con Miracle Hill Anderson y SC Works.,Contact for shelter and pantry hours,anderson|housing|emergency-shelter|food-pantry|upstate|reentry,Emergency shelter|Food pantry|Financial assistance|Case management|Employment referrals,Anderson,Anderson,single
132,Bethel Rescue Mission — Spartanburg,housing,Spartanburg / Upstate,"Bethel Rescue Mission provides emergency shelter, meals, recovery programming, and workforce preparation for unhoused men in Spartanburg County including justice-involved men recently released from Spartanburg County Detention Center or SCDC custody. Faith-based campus programs connect residents to ROAR Spartanburg, SC Works, and Miracle Hill recovery tracks.","Bethel Rescue Mission ofrece refugio de emergencia, comidas, programación de recuperación y preparación laboral para hombres sin hogar en el condado Spartanburg, incluidos hombres con antecedentes penales recién liberados de la cárcel del condado Spartanburg o custodia SCDC.",101 N. Forest Street,Spartanburg,864-582-7177,,https://bethelmissionspartanburg.org,Unhoused men in Spartanburg County; justice-involved men welcome per program policy.,Hombres sin hogar en el condado Spartanburg; hombres con antecedentes penales bienvenidos según política del programa.,Call 864-582-7177 before arriving; men's shelter; pairs with ROAR and SC Works Spartanburg.,Llame al 864-582-7177 antes de llegar; refugio para hombres; se vincula con ROAR y SC Works Spartanburg.,Shelter intake typically evening hours; call ahead,spartanburg|housing|emergency-shelter|men|recovery|reentry,Emergency shelter|Meals|Recovery programming|Workforce preparation|Case management,Spartanburg,Spartanburg,single
133,Crossroads Community Recovery — Myrtle Beach,housing,Myrtle Beach / Horry County,"Crossroads Community Recovery provides residential recovery housing and outpatient substance use treatment for adults in Horry County including justice-involved men and women referred from courts, probation, and local jails on the Grand Strand. Residents receive counseling, peer support, and employment navigation connecting to New Directions, SC Works Coastal, and Grand Strand employers.","Crossroads Community Recovery ofrece vivienda de recuperación residencial y tratamiento ambulatorio de uso de sustancias para adultos en el condado Horry, incluidos hombres y mujeres con antecedentes penales referidos por tribunales, probatoria y cárceles locales en el Grand Strand.",2150 Highway 501 East,Conway,843-365-8884,,https://crossroadsofmyrtlebeach.com,Adults with substance use disorders in Horry County; justice referrals accepted per program policy.,Adultos con trastornos por uso de sustancias en el condado Horry; referencias de justicia aceptadas según política del programa.,Call 843-365-8884 for admissions; residential and outpatient tracks; pairs with New Directions Horry.,Llame al 843-365-8884 para admisiones; programas residenciales y ambulatorios; se vincula con New Directions Horry.,Residential program 24/7; outpatient hours vary,myrtle-beach|horry|housing|recovery-residence|SUD|reentry,Residential recovery housing|Outpatient treatment|Peer support|Employment navigation|Counseling,Horry,Horry,single
134,Keystone Substance Abuse Services — Florence Residential,housing,Florence / Pee Dee,"Keystone Substance Abuse Services operates residential treatment and recovery housing for adults with substance use disorders in Florence and the Pee Dee region including justice-involved clients referred from SCDPPPS, drug courts, and local jails. Medicaid and state-funded beds support returning citizens completing treatment before transitioning to Hope Haven and Pee Dee employment partners.","Keystone Substance Abuse Services opera tratamiento residencial y vivienda de recuperación para adultos con trastornos por uso de sustancias en Florence y la región Pee Dee, incluidos clientes con antecedentes penales referidos por SCDPPPS, tribunales de drogas y cárceles locales.",1100 West Darlington Street,Florence,843-669-7310,,https://keystoneyfs.com,Adults with substance use disorders in the Pee Dee; justice referrals and Medicaid accepted per program policy.,Adultos con trastornos por uso de sustancias en Pee Dee; referencias de justicia y Medicaid aceptados según política del programa.,Call 843-669-7310 for admissions; pairs with Hope Haven and SCDPPPS Pee Dee region.,Llame al 843-669-7310 para admisiones; se vincula con Hope Haven y región Pee Dee de SCDPPPS.,Residential program 24/7; admissions during business hours,florence|housing|recovery-residence|SUD|pee-dee|reentry,Residential treatment|Recovery housing|Outpatient referrals|Medicaid-funded beds|Justice referral intake,Florence,Florence|Darlington|Dillon|Marion|Marlboro,multi
135,The Haven — Men's Transitional Shelter,housing,Rock Hill / York County,"The Haven Men's Shelter in Rock Hill provides structured transitional housing, meals, case management, employment assistance, and counseling for motivated men experiencing homelessness in York, Lancaster, and Chester counties, including returning citizens released from York County Detention Center. Applicants must be 18 or older, pass drug screening and a background check, and commit to full-time work. Direct shelter program—not a walk-in emergency drop-in center.","El refugio para hombres The Haven en Rock Hill ofrece vivienda transicional estructurada, comidas, manejo de casos, asistencia laboral y consejería para hombres motivados sin hogar en los condados York, Lancaster y Chester, incluidos ciudadanos que regresan liberados de la cárcel del condado York.",546 Z South Cherry Road,Rock Hill,803-328-1143,letsconnect@thehavenrh.org,https://thehavenrh.org,"Men age 18+ in York, Lancaster, or Chester counties willing to work full-time, pass drug screening and background check, and pursue sober stable housing.","Hombres de 18 años o más en los condados York, Lancaster o Chester dispuestos a trabajar tiempo completo, pasar prueba de drogas y verificación de antecedentes, y buscar vivienda estable y sobria.","Call 803-328-1143 for intake interview; pairs with Keystone Rock Hill, Catawba Mental Health, and SC Works York.","Llame al 803-328-1143 para entrevista de admisión; se vincula con Keystone Rock Hill, Catawba Mental Health y SC Works York.",Contact for intake hours,rock-hill|york|housing|transitional-shelter|men|reentry,Transitional shelter|Meals|Case management|Employment assistance|Counseling|Financial literacy training,York,York|Lancaster|Chester,multi
136,Orangeburg-Calhoun Community Action Agency — Housing & Emergency Assistance,housing,Orangeburg / I-95 Corridor,"The Orangeburg-Calhoun Community Action Agency coordinates homeless prevention, emergency shelter referrals, and housing navigation for low-income residents in Orangeburg, Calhoun, Bamberg, and Allendale counties including justice-involved adults returning from rural I-95 corridor jails. OCAB staff connect households to SC Works, DSS benefits, and regional shelter partners through the agency's community services network. Community action agency—not a 24-hour walk-in shelter.","Orangeburg-Calhoun Community Action Agency coordina prevención de falta de vivienda, referencias de refugio de emergencia y navegación de vivienda para residentes de bajos ingresos en los condados Orangeburg, Calhoun, Bamberg y Allendale, incluidos adultos con antecedentes penales que regresan de cárceles rurales del corredor I-95.",1820 Goff Avenue,Orangeburg,803-536-2271,,https://ocabcommunityaction.org,"Low-income residents of Orangeburg, Calhoun, Bamberg, and Allendale counties facing housing instability; justice-involved adults may qualify for emergency assistance.","Residentes de bajos ingresos de los condados Orangeburg, Calhoun, Bamberg y Allendale que enfrentan inestabilidad de vivienda; adultos con antecedentes penales pueden calificar para asistencia de emergencia.",Call 803-536-2271 for intake; LIHEAP and emergency assistance available; pairs with Orangeburg Area Mental Health and SC Works.,Llame al 803-536-2271 para admisión; LIHEAP y asistencia de emergencia disponibles; se vincula con Orangeburg Area Mental Health y SC Works.,Monday–Friday business hours,orangeburg|calhoun|housing|community-action|homeless-prevention|reentry,Homeless prevention|Emergency shelter referrals|Housing navigation|LIHEAP energy assistance|Emergency financial assistance,Orangeburg,Orangeburg|Calhoun|Bamberg|Allendale,multi
137,Sumter United Ministries — Shelter & Rehousing,housing,Sumter / Midlands,"Sumter United Ministries provides emergency shelter, utility and rent assistance, and rehousing support for unhoused and at-risk households in Sumter County including returning citizens recently released from Sumter-Lee County Detention Center. Case managers connect clients to SC Works Sumter, Central Carolina Technical College adult education, and Midlands treatment providers.","Sumter United Ministries ofrece refugio de emergencia, asistencia con servicios públicos y renta, y apoyo de realojamiento para hogares sin hogar y en riesgo en el condado Sumter, incluidos ciudadanos que regresan recién liberados de la cárcel del condado Sumter-Lee.",2511 W. Liberty Street,Sumter,803-775-0755,,https://sumterunitedministries.org,Low-income and unhoused Sumter County residents; justice-involved individuals welcome for shelter and assistance.,Residentes del condado Sumter de bajos ingresos y sin hogar; personas con antecedentes penales bienvenidas para refugio y asistencia.,Call 803-775-0755 for intake; pairs with Shaw area veteran services and SC Works Sumter.,Llame al 803-775-0755 para admisión; se vincula con servicios para veteranos del área de Shaw y SC Works Sumter.,Monday–Friday business hours; shelter intake by appointment,sumter|housing|emergency-shelter|utility-assistance|reentry,Emergency shelter|Rent and utility assistance|Rehousing support|Case management|Education referrals,Sumter,Sumter|Lee|Clarendon,multi
138,South Carolina Legal Services — Charleston Office,legal-aid,Charleston / Charleston County,"The South Carolina Legal Services Charleston regional office provides free civil legal aid to low-income residents of its service counties including housing eviction defense, public benefits appeals, family law, and expungement assistance under South Carolina law. Justice-involved clients can apply for help with record relief and benefits denials—not criminal defense representation.","La oficina regional de South Carolina Legal Services en Charleston brinda asistencia legal civil gratuita a residentes de bajos ingresos de sus condados de servicio incluyendo defensa contra desalojo, apelaciones de beneficios públicos, derecho familiar y asistencia con expungación. Los clientes con antecedentes penales pueden solicitar ayuda con alivio de antecedentes.",3947 Whiting Avenue,Charleston,843-763-8277,,https://sclegal.org,Low-income residents of SCLS Charleston service counties with civil legal problems; LSC income limits apply.,Residentes de bajos ingresos de los condados de servicio SCLS Charleston con problemas legales civiles; aplican límites de ingresos LSC.,Call 843-763-8277 or statewide helpline 1-888-346-5592; apply online at sclegal.org.,Llame al 843-763-8277 o línea estatal 1-888-346-5592; solicite en sclegal.org.,Intake Monday–Friday business hours,charleston|legal-aid|low-income|expungement|reentry,Civil legal representation|Expungement assistance|Housing legal aid|Benefits appeals|Family law assistance,Charleston,Berkeley|Charleston|Dorchester|Beaufort|Colleton|Georgetown|Hampton|Jasper,multi
139,South Carolina Legal Services — Columbia Office,legal-aid,Columbia / Richland County,"The South Carolina Legal Services Columbia regional office provides free civil legal aid to low-income residents of its service counties including housing eviction defense, public benefits appeals, family law, and expungement assistance under South Carolina law. Justice-involved clients can apply for help with record relief and benefits denials—not criminal defense representation.","La oficina regional de South Carolina Legal Services en Columbia brinda asistencia legal civil gratuita a residentes de bajos ingresos de sus condados de servicio incluyendo defensa contra desalojo, apelaciones de beneficios públicos, derecho familiar y asistencia con expungación. Los clientes con antecedentes penales pueden solicitar ayuda con alivio de antecedentes.",2109 Bull Street,Columbia,803-744-9430,,https://sclegal.org,Low-income residents of SCLS Columbia service counties with civil legal problems; LSC income limits apply.,Residentes de bajos ingresos de los condados de servicio SCLS Columbia con problemas legales civiles; aplican límites de ingresos LSC.,Call 803-744-9430 or statewide helpline 1-888-346-5592; apply online at sclegal.org.,Llame al 803-744-9430 o línea estatal 1-888-346-5592; solicite en sclegal.org.,Intake Monday–Friday business hours,columbia|legal-aid|low-income|expungement|reentry,Civil legal representation|Expungement assistance|Housing legal aid|Benefits appeals|Family law assistance,Richland,Richland|Lexington|Kershaw|Fairfield|Newberry|Calhoun|Orangeburg|Sumter,multi
140,South Carolina Legal Services — Florence Office,legal-aid,Florence / Florence County,"The South Carolina Legal Services Florence regional office provides free civil legal aid to low-income residents of its service counties including housing eviction defense, public benefits appeals, family law, and expungement assistance under South Carolina law. Justice-involved clients can apply for help with record relief and benefits denials—not criminal defense representation.","La oficina regional de South Carolina Legal Services en Florence brinda asistencia legal civil gratuita a residentes de bajos ingresos de sus condados de servicio incluyendo defensa contra desalojo, apelaciones de beneficios públicos, derecho familiar y asistencia con expungación. Los clientes con antecedentes penales pueden solicitar ayuda con alivio de antecedentes.",204 W. Evans Street,Florence,843-661-4622,,https://sclegal.org,Low-income residents of SCLS Florence service counties with civil legal problems; LSC income limits apply.,Residentes de bajos ingresos de los condados de servicio SCLS Florence con problemas legales civiles; aplican límites de ingresos LSC.,Call 843-661-4622 or statewide helpline 1-888-346-5592; apply online at sclegal.org.,Llame al 843-661-4622 o línea estatal 1-888-346-5592; solicite en sclegal.org.,Intake Monday–Friday business hours,florence|legal-aid|low-income|expungement|reentry,Civil legal representation|Expungement assistance|Housing legal aid|Benefits appeals|Family law assistance,Florence,Florence|Darlington|Dillon|Marion|Marlboro|Chesterfield|Williamsburg|Horry,multi
141,South Carolina Legal Services — Greenville Office,legal-aid,Greenville / Greenville County,"The South Carolina Legal Services Greenville regional office provides free civil legal aid to low-income residents of its service counties including housing eviction defense, public benefits appeals, family law, and expungement assistance under South Carolina law. Justice-involved clients can apply for help with record relief and benefits denials—not criminal defense representation.","La oficina regional de South Carolina Legal Services en Greenville brinda asistencia legal civil gratuita a residentes de bajos ingresos de sus condados de servicio incluyendo defensa contra desalojo, apelaciones de beneficios públicos, derecho familiar y asistencia con expungación. Los clientes con antecedentes penales pueden solicitar ayuda con alivio de antecedentes.","701 Easley Bridge Road, Suite 2004",Greenville,864-679-3232,,https://sclegal.org,Low-income residents of SCLS Greenville service counties with civil legal problems; LSC income limits apply.,Residentes de bajos ingresos de los condados de servicio SCLS Greenville con problemas legales civiles; aplican límites de ingresos LSC.,Call 864-679-3232 or statewide helpline 1-888-346-5592; apply online at sclegal.org.,Llame al 864-679-3232 o línea estatal 1-888-346-5592; solicite en sclegal.org.,Intake Monday–Friday business hours,greenville|legal-aid|low-income|expungement|reentry,Civil legal representation|Expungement assistance|Housing legal aid|Benefits appeals|Family law assistance,Greenville,Greenville|Spartanburg|Anderson|Pickens|Oconee|Laurens|Abbeville|Greenwood,multi
142,South Carolina Legal Services — Spartanburg Office,legal-aid,Spartanburg / Spartanburg County,"The South Carolina Legal Services Spartanburg regional office provides free civil legal aid to low-income residents of its service counties including housing eviction defense, public benefits appeals, family law, and expungement assistance under South Carolina law. Justice-involved clients can apply for help with record relief and benefits denials—not criminal defense representation.","La oficina regional de South Carolina Legal Services en Spartanburg brinda asistencia legal civil gratuita a residentes de bajos ingresos de sus condados de servicio incluyendo defensa contra desalojo, apelaciones de beneficios públicos, derecho familiar y asistencia con expungación. Los clientes con antecedentes penales pueden solicitar ayuda con alivio de antecedentes.",148 E. Main Street,Spartanburg,864-583-8588,,https://sclegal.org,Low-income residents of SCLS Spartanburg service counties with civil legal problems; LSC income limits apply.,Residentes de bajos ingresos de los condados de servicio SCLS Spartanburg con problemas legales civiles; aplican límites de ingresos LSC.,Call 864-583-8588 or statewide helpline 1-888-346-5592; apply online at sclegal.org.,Llame al 864-583-8588 o línea estatal 1-888-346-5592; solicite en sclegal.org.,Intake Monday–Friday business hours,spartanburg|legal-aid|low-income|expungement|reentry,Civil legal representation|Expungement assistance|Housing legal aid|Benefits appeals|Family law assistance,Spartanburg,Spartanburg|Cherokee|Union|York|Lancaster|Chester,multi
143,SCDPPPS — Rock Hill Field Office,probation-parole,Rock Hill / York County,"The SCDPPPS Rock Hill field office supervises probationers and parolees in York and surrounding counties, connecting justice-involved adults to local SC Works centers, treatment providers, and reentry organizations. Assigned agents handle compliance reporting and referrals—not emergency housing or SNAP intake.","La oficina de campo SCDPPPS de Rock Hill supervisa personas en libertad probatoria y condicional en York y condados circundantes, conectando adultos con antecedentes penales con centros SC Works locales y organizaciones de reinserción.",1170 York Highway,Rock Hill,803-324-0460,,https://www.ppp.sc.gov,Adults under SCDPPPS supervision in the Rock Hill district; report to assigned agent.,Adultos bajo supervisión SCDPPPS en el distrito de Rock Hill; reporte al agente asignado.,"Field office for York, Lancaster, Chester counties; statewide info 803-734-3900.",Oficina de campo para condados de la zona; información estatal 803-734-3900.,Monday–Friday business hours,rock-hill|probation-parole|SCDPPPS|reentry,Probation supervision|Parole reporting|Treatment referrals|Employment compliance|Reentry referrals,York,York|Lancaster|Chester,multi
144,SCDPPPS — Aiken Field Office,probation-parole,Aiken / Aiken County,"The SCDPPPS Aiken field office supervises probationers and parolees in Aiken and surrounding counties, connecting justice-involved adults to local SC Works centers, treatment providers, and reentry organizations. Assigned agents handle compliance reporting and referrals—not emergency housing or SNAP intake.","La oficina de campo SCDPPPS de Aiken supervisa personas en libertad probatoria y condicional en Aiken y condados circundantes, conectando adultos con antecedentes penales con centros SC Works locales y organizaciones de reinserción.",1555 Richland Avenue W,Aiken,803-641-4141,,https://www.ppp.sc.gov,Adults under SCDPPPS supervision in the Aiken district; report to assigned agent.,Adultos bajo supervisión SCDPPPS en el distrito de Aiken; reporte al agente asignado.,"Field office for Aiken, Barnwell, Edgefield, Saluda, McCormick counties; statewide info 803-734-3900.",Oficina de campo para condados de la zona; información estatal 803-734-3900.,Monday–Friday business hours,aiken|probation-parole|SCDPPPS|reentry,Probation supervision|Parole reporting|Treatment referrals|Employment compliance|Reentry referrals,Aiken,Aiken|Barnwell|Edgefield|Saluda|McCormick,multi
145,SCDPPPS — Orangeburg Field Office,probation-parole,Orangeburg / Orangeburg County,"The SCDPPPS Orangeburg field office supervises probationers and parolees in Orangeburg and surrounding counties, connecting justice-involved adults to local SC Works centers, treatment providers, and reentry organizations. Assigned agents handle compliance reporting and referrals—not emergency housing or SNAP intake.","La oficina de campo SCDPPPS de Orangeburg supervisa personas en libertad probatoria y condicional en Orangeburg y condados circundantes, conectando adultos con antecedentes penales con centros SC Works locales y organizaciones de reinserción.",1435 Amelia Street,Orangeburg,803-533-6280,,https://www.ppp.sc.gov,Adults under SCDPPPS supervision in the Orangeburg district; report to assigned agent.,Adultos bajo supervisión SCDPPPS en el distrito de Orangeburg; reporte al agente asignado.,"Field office for Orangeburg, Calhoun, Bamberg, Allendale counties; statewide info 803-734-3900.",Oficina de campo para condados de la zona; información estatal 803-734-3900.,Monday–Friday business hours,orangeburg|probation-parole|SCDPPPS|reentry,Probation supervision|Parole reporting|Treatment referrals|Employment compliance|Reentry referrals,Orangeburg,Orangeburg|Calhoun|Bamberg|Allendale,multi
146,SCDPPPS — Sumter Field Office,probation-parole,Sumter / Sumter County,"The SCDPPPS Sumter field office supervises probationers and parolees in Sumter and surrounding counties, connecting justice-involved adults to local SC Works centers, treatment providers, and reentry organizations. Assigned agents handle compliance reporting and referrals—not emergency housing or SNAP intake.","La oficina de campo SCDPPPS de Sumter supervisa personas en libertad probatoria y condicional en Sumter y condados circundantes, conectando adultos con antecedentes penales con centros SC Works locales y organizaciones de reinserción.",1295 N. Lafayette Drive,Sumter,803-469-6030,,https://www.ppp.sc.gov,Adults under SCDPPPS supervision in the Sumter district; report to assigned agent.,Adultos bajo supervisión SCDPPPS en el distrito de Sumter; reporte al agente asignado.,"Field office for Sumter, Lee, Clarendon counties; statewide info 803-734-3900.",Oficina de campo para condados de la zona; información estatal 803-734-3900.,Monday–Friday business hours,sumter|probation-parole|SCDPPPS|reentry,Probation supervision|Parole reporting|Treatment referrals|Employment compliance|Reentry referrals,Sumter,Sumter|Lee|Clarendon,multi
147,SCDPPPS — Myrtle Beach Field Office,probation-parole,Myrtle Beach / Horry County,"The SCDPPPS Myrtle Beach field office supervises probationers and parolees in Horry and surrounding counties, connecting justice-involved adults to local SC Works centers, treatment providers, and reentry organizations. Assigned agents handle compliance reporting and referrals—not emergency housing or SNAP intake.","La oficina de campo SCDPPPS de Myrtle Beach supervisa personas en libertad probatoria y condicional en Horry y condados circundantes, conectando adultos con antecedentes penales con centros SC Works locales y organizaciones de reinserción.",950 Crabtree Lane,Myrtle Beach,843-915-5160,,https://www.ppp.sc.gov,Adults under SCDPPPS supervision in the Myrtle Beach district; report to assigned agent.,Adultos bajo supervisión SCDPPPS en el distrito de Myrtle Beach; reporte al agente asignado.,"Field office for Horry, Georgetown counties; statewide info 803-734-3900.",Oficina de campo para condados de la zona; información estatal 803-734-3900.,Monday–Friday business hours,myrtle-beach|probation-parole|SCDPPPS|reentry,Probation supervision|Parole reporting|Treatment referrals|Employment compliance|Reentry referrals,Horry,Horry|Georgetown,multi
148,Trident Literacy Association,education,North Charleston / Charleston County,"Trident Literacy Association offers GED preparation, adult literacy, and workforce readiness classes for justice-involved adults rebuilding education credentials after incarceration in the North Charleston area. Free or low-cost instruction prepares students for high school equivalency testing and connects graduates to SC Works and local employers.","Trident Literacy Association ofrece preparación para el GED, alfabetización de adultos y clases de preparación laboral para adultos con antecedentes penales que reconstruyen credenciales educativas después de la encarcelación en el área de North Charleston.",6365 Rivers Avenue,North Charleston,843-747-2223,,https://scworks.org,Adults 17 and older without high school diploma; justice-involved students welcome.,Adultos de 17 años o más sin diploma de secundaria; estudiantes con antecedentes penales bienvenidos.,Call 843-747-2223 for enrollment; pairs with SC Works North Charleston and local reentry partners.,Llame al 843-747-2223 para inscripción; se vincula con SC Works North Charleston y aliados locales de reinserción.,Class schedules vary; call for enrollment,north-charleston|education|GED|adult-education|reentry,GED preparation|Adult literacy|Workforce readiness|Testing referrals|Employer connections,Charleston,Berkeley|Charleston|Dorchester,multi
149,Florence-Darlington Technical College Adult Education,education,Florence / Florence County,"Florence-Darlington Technical College Adult Education offers GED preparation, adult literacy, and workforce readiness classes for justice-involved adults rebuilding education credentials after incarceration in the Florence area. Free or low-cost instruction prepares students for high school equivalency testing and connects graduates to SC Works and local employers.","Florence-Darlington Technical College Adult Education ofrece preparación para el GED, alfabetización de adultos y clases de preparación laboral para adultos con antecedentes penales que reconstruyen credenciales educativas después de la encarcelación en el área de Florence.",2715 W. Lucas Street,Florence,843-661-8324,,https://scworks.org,Adults 17 and older without high school diploma; justice-involved students welcome.,Adultos de 17 años o más sin diploma de secundaria; estudiantes con antecedentes penales bienvenidos.,Call 843-661-8324 for enrollment; pairs with SC Works Florence and local reentry partners.,Llame al 843-661-8324 para inscripción; se vincula con SC Works Florence y aliados locales de reinserción.,Class schedules vary; call for enrollment,florence|education|GED|adult-education|reentry,GED preparation|Adult literacy|Workforce readiness|Testing referrals|Employer connections,Florence,Florence|Darlington|Marion|Marlboro,multi
150,Spartanburg Community College Adult Education,education,Spartanburg / Spartanburg County,"Spartanburg Community College Adult Education offers GED preparation, adult literacy, and workforce readiness classes for justice-involved adults rebuilding education credentials after incarceration in the Spartanburg area. Free or low-cost instruction prepares students for high school equivalency testing and connects graduates to SC Works and local employers.","Spartanburg Community College Adult Education ofrece preparación para el GED, alfabetización de adultos y clases de preparación laboral para adultos con antecedentes penales que reconstruyen credenciales educativas después de la encarcelación en el área de Spartanburg.",107 Community College Drive,Spartanburg,864-592-4800,,https://scworks.org,Adults 17 and older without high school diploma; justice-involved students welcome.,Adultos de 17 años o más sin diploma de secundaria; estudiantes con antecedentes penales bienvenidos.,Call 864-592-4800 for enrollment; pairs with SC Works Spartanburg and local reentry partners.,Llame al 864-592-4800 para inscripción; se vincula con SC Works Spartanburg y aliados locales de reinserción.,Class schedules vary; call for enrollment,spartanburg|education|GED|adult-education|reentry,GED preparation|Adult literacy|Workforce readiness|Testing referrals|Employer connections,Spartanburg,Spartanburg|Cherokee|Union,multi
151,York Technical College Adult Education,education,Rock Hill / York County,"York Technical College Adult Education offers GED preparation, adult literacy, and workforce readiness classes for justice-involved adults rebuilding education credentials after incarceration in the Rock Hill area. Free or low-cost instruction prepares students for high school equivalency testing and connects graduates to SC Works and local employers.","York Technical College Adult Education ofrece preparación para el GED, alfabetización de adultos y clases de preparación laboral para adultos con antecedentes penales que reconstruyen credenciales educativas después de la encarcelación en el área de Rock Hill.",452 S. Anderson Road,Rock Hill,803-327-8000,,https://scworks.org,Adults 17 and older without high school diploma; justice-involved students welcome.,Adultos de 17 años o más sin diploma de secundaria; estudiantes con antecedentes penales bienvenidos.,Call 803-327-8000 for enrollment; pairs with SC Works Rock Hill and local reentry partners.,Llame al 803-327-8000 para inscripción; se vincula con SC Works Rock Hill y aliados locales de reinserción.,Class schedules vary; call for enrollment,rock-hill|education|GED|adult-education|reentry,GED preparation|Adult literacy|Workforce readiness|Testing referrals|Employer connections,York,York|Lancaster|Chester,multi
152,Greenville County Veterans Affairs Office,veterans,Greenville / Upstate,"The Greenville County Veterans Affairs Office provides free VA benefits claims assistance, discharge document review, and referrals to veteran treatment courts and Upstate reentry partners for justice-involved veterans in Greenville, Pickens, and Laurens counties. County veterans service officers help returning veteran citizens navigate VA healthcare enrollment and disability compensation.","La Oficina de Asuntos de Veteranos del condado Greenville ofrece asistencia gratuita con reclamaciones de beneficios VA, revisión de documentos de baja y referencias a tribunales de tratamiento para veteranos para veteranos con antecedentes penales en los condados Greenville, Pickens y Laurens.",301 University Ridge,Greenville,864-467-7060,,https://scdva.sc.gov,Veterans and eligible dependents in Greenville County; service documentation required for VA claims.,Veteranos y dependientes elegibles en el condado Greenville; se requiere documentación de servicio para reclamaciones VA.,Call 864-467-7060 for appointment; free claims assistance; pairs with Miracle Hill veteran programs.,Llame al 864-467-7060 para cita; asistencia gratuita con reclamaciones; se vincula con programas para veteranos de Miracle Hill.,Monday–Friday business hours,greenville|veterans|VA-benefits|upstate|reentry,VA benefits claims assistance|Discharge document review|Veteran treatment court referrals|Healthcare enrollment help|Disability compensation navigation,Greenville,Greenville|Pickens|Laurens,multi
153,Charleston County Veterans Affairs Office,veterans,Charleston / Tri-County,"The Charleston County Veterans Affairs Office provides free VA benefits claims assistance, discharge upgrade guidance, and referrals to Lowcountry veteran treatment resources for justice-involved veterans in Charleston, Berkeley, and Dorchester counties. County veterans service officers help returning veteran citizens navigate VA healthcare enrollment, disability compensation, and SSVF housing partners.","La Oficina de Asuntos de Veteranos del condado Charleston ofrece asistencia gratuita con reclamaciones de beneficios VA, orientación sobre actualización de baja y referencias a recursos de tratamiento para veteranos del Lowcountry para veteranos con antecedentes penales en los condados Charleston, Berkeley y Dorchester.",4367 Headquarters Road,North Charleston,843-202-6464,,https://scdva.sc.gov,Veterans and eligible dependents in Charleston County; service documentation required for VA claims.,Veteranos y dependientes elegibles en el condado Charleston; se requiere documentación de servicio para reclamaciones VA.,Call 843-202-6464 for appointment; free claims assistance; pairs with One80 Place SSVF and SC DVS.,Llame al 843-202-6464 para cita; asistencia gratuita con reclamaciones; se vincula con SSVF de One80 Place y SC DVS.,Monday–Friday business hours,charleston|veterans|VA-benefits|lowcountry|reentry,VA benefits claims assistance|Discharge upgrade guidance|SSVF housing referrals|Healthcare enrollment help|Disability compensation navigation,Charleston,Charleston|Berkeley|Dorchester,multi
154,Florence County Veterans Affairs Office,veterans,Florence / Florence County,"The Florence County Veterans Affairs Office provides free VA benefits claims assistance, discharge upgrade guidance, and referrals to veteran treatment courts and SC DVS programs for justice-involved veterans in Florence County. County veterans service officers help returning veteran citizens navigate VA healthcare and disability compensation.",La Oficina de Asuntos de Veteranos del condado Florence ofrece asistencia gratuita con reclamaciones de beneficios VA y referencias a tribunales de tratamiento para veteranos para veteranos con antecedentes penales en el condado Florence.,1450 W. Evans Street,Florence,843-661-4766,,https://scdva.sc.gov,Veterans and eligible dependents in Florence County; service documentation required.,Veteranos y dependientes elegibles en el condado Florence; se requiere documentación de servicio.,Call 843-661-4766 for appointment; free claims assistance through SC DVS county network.,Llame al 843-661-4766 para cita; asistencia gratuita con reclamaciones a través de la red del condado SC DVS.,Monday–Friday business hours,florence|veterans|VA-benefits|reentry,VA benefits claims assistance|Disability claims navigation|Healthcare enrollment help|Veteran treatment court referrals,Florence,Florence,single
155,York County Veterans Affairs Office,veterans,York / York County,"The York County Veterans Affairs Office provides free VA benefits claims assistance, discharge upgrade guidance, and referrals to veteran treatment courts and SC DVS programs for justice-involved veterans in York County. County veterans service officers help returning veteran citizens navigate VA healthcare and disability compensation.",La Oficina de Asuntos de Veteranos del condado York ofrece asistencia gratuita con reclamaciones de beneficios VA y referencias a tribunales de tratamiento para veteranos para veteranos con antecedentes penales en el condado York.,1070 Heckle Boulevard,York,803-909-7200,,https://scdva.sc.gov,Veterans and eligible dependents in York County; service documentation required.,Veteranos y dependientes elegibles en el condado York; se requiere documentación de servicio.,Call 803-909-7200 for appointment; free claims assistance through SC DVS county network.,Llame al 803-909-7200 para cita; asistencia gratuita con reclamaciones a través de la red del condado SC DVS.,Monday–Friday business hours,york|veterans|VA-benefits|reentry,VA benefits claims assistance|Disability claims navigation|Healthcare enrollment help|Veteran treatment court referrals,York,York,single
156,Horry County Veterans Affairs Office,veterans,Horry / Horry County,"The Horry County Veterans Affairs Office provides free VA benefits claims assistance, discharge upgrade guidance, and referrals to veteran treatment courts and SC DVS programs for justice-involved veterans in Horry County. County veterans service officers help returning veteran citizens navigate VA healthcare and disability compensation.",La Oficina de Asuntos de Veteranos del condado Horry ofrece asistencia gratuita con reclamaciones de beneficios VA y referencias a tribunales de tratamiento para veteranos para veteranos con antecedentes penales en el condado Horry.,1300 26th Avenue N,Horry,843-915-5100,,https://scdva.sc.gov,Veterans and eligible dependents in Horry County; service documentation required.,Veteranos y dependientes elegibles en el condado Horry; se requiere documentación de servicio.,Call 843-915-5100 for appointment; free claims assistance through SC DVS county network.,Llame al 843-915-5100 para cita; asistencia gratuita con reclamaciones a través de la red del condado SC DVS.,Monday–Friday business hours,horry|veterans|VA-benefits|reentry,VA benefits claims assistance|Disability claims navigation|Healthcare enrollment help|Veteran treatment court referrals,Horry,Horry,single
157,Golden Harvest Food Bank,food-nutrition,Augusta area / Aiken,"Golden Harvest Food Bank distributes food through partner pantries and direct programs serving food-insecure households in Aiken, Edgefield, Barnwell, McCormick, Saluda counties including returning citizens reestablishing food security after incarceration. Partner agency network helps clients supplement SNAP benefits and access nutrition resources.",Golden Harvest Food Bank distribuye alimentos a través de despensas aliadas y programas directos sirviendo hogares con inseguridad alimentaria en los condados de la zona incluidos ciudadanos que regresan que reestablecen seguridad alimentaria.,3310 Commerce Drive,Aiken,803-642-3408,,https://goldenharvest.org,Food-insecure residents of the Aiken-area service counties; partner pantry registration requirements vary.,Residentes con inseguridad alimentaria de los condados del área de Aiken; los requisitos de registro en despensas aliadas varían.,Call 803-642-3408 or visit goldenharvest.org for partner pantries; pairs with county DSS SNAP offices.,Llame al 803-642-3408 o visite goldenharvest.org para despensas aliadas; se vincula con oficinas DSS SNAP del condado.,Hours vary by location,food-nutrition|food-bank|pantry|aiken|reentry,Food distribution|Partner pantry network|SNAP outreach|Mobile pantry|Nutrition programs,Aiken,Aiken|Edgefield|Barnwell|McCormick|Saluda,multi
158,Cooperative Ministry — Columbia Emergency Assistance,basic-needs,Columbia / Richland County,"The Cooperative Ministry provides emergency rent, utility, food, and prescription assistance for low-income Richland and Lexington county households including justice-involved families rebuilding after incarceration. Case managers connect clients to SC Works, DSS benefits, and Midlands housing partners through a centralized intake process on Calhoun Street.","The Cooperative Ministry ofrece asistencia de emergencia para renta, servicios públicos, alimentos y recetas para hogares de bajos ingresos de los condados Richland y Lexington incluidas familias con antecedentes penales que se reconstruyen después de la encarcelación.",3821 W. Beltline Boulevard,Columbia,803-799-3853,,https://cooperativeministry.com,Low-income residents of Richland and Lexington counties; appointment required for financial assistance.,Residentes de bajos ingresos de los condados Richland y Lexington; cita requerida para asistencia financiera.,Call 803-799-3853 for intake appointment; food pantry walk-ins during posted hours.,Llame al 803-799-3853 para cita de admisión; despensa sin cita durante horarios publicados.,Monday–Friday business hours,columbia|basic-needs|emergency-assistance|richland|reentry,Emergency rent assistance|Utility assistance|Food pantry|Prescription assistance|Benefits referrals,Richland,Richland|Lexington,multi
159,Anderson Interfaith Ministries,basic-needs,Anderson / Upstate,"Anderson Interfaith Ministries provides emergency food, financial assistance, and referral navigation for low-income Anderson County residents including returning citizens reestablishing stability after release from Anderson County Detention Center. Staff connect clients to ROAR, SC Works Anderson, and Upstate treatment and housing partners.","Anderson Interfaith Ministries ofrece alimentos de emergencia, asistencia financiera y navegación de referencias para residentes de bajos ingresos del condado Anderson incluidos ciudadanos que regresan que reestablecen estabilidad después de la liberación.",1202 South Murray Avenue,Anderson,864-226-2273,,https://aimcharity.org,Low-income Anderson County residents; proof of income and residency for financial assistance.,Residentes de bajos ingresos del condado Anderson; prueba de ingresos y residencia para asistencia financiera.,Call 864-226-2273 for intake; food pantry hours posted online; pairs with ROAR and SC Works Anderson.,Llame al 864-226-2273 para admisión; horario de despensa publicado en línea; se vincula con ROAR y SC Works Anderson.,Monday–Friday business hours,anderson|basic-needs|food|emergency-assistance|reentry,Emergency food|Financial assistance|Referral navigation|SNAP complement|Case management,Anderson,Anderson,single
160,Beckman Center for Mental Health — Greenwood,substance-use-treatment,Greenwood / Lakelands,"Beckman Center for Mental Health Services provides outpatient behavioral health and substance use treatment for Greenwood, Laurens, Abbeville, and Edgefield county residents including justice-involved adults under SCDPPPS supervision. Medicaid and sliding-fee services support returning citizens in rural Lakelands communities.","Beckman Center for Mental Health Services ofrece salud conductual ambulatoria y tratamiento de uso de sustancias para residentes de los condados Greenwood, Laurens, Abbeville y Edgefield incluidos adultos con antecedentes penales bajo supervisión SCDPPPS.",115 Carter Court,Greenwood,864-941-5500,,https://beckmancenter.org,Lakelands region residents needing behavioral health or substance use services; Medicaid accepted.,Residentes de la región Lakelands que necesiten servicios de salud conductual o uso de sustancias; se acepta Medicaid.,Call 864-941-5500 for intake; crisis services available; pairs with ABLRC community action.,Llame al 864-941-5500 para admisión; servicios de crisis disponibles; se vincula con ABLRC.,Monday–Friday clinic hours,greenwood|substance-use-treatment|behavioral-health|lakelands|reentry,Outpatient counseling|Substance use treatment|Psychiatric services|Crisis referrals|Case management,Greenwood,Greenwood|Laurens|Abbeville|Edgefield,multi
161,Georgetown County Board of Voter Registration & Elections,id-documentation,Georgetown / Coastal,"The Georgetown County Board of Voter Registration and Elections assists residents with voter registration, photo ID requirements, and guidance on restoring voting rights after felony convictions under South Carolina law. Staff provide forms and referrals to SCDMV and South Carolina Legal Services—not DMV licensing services.","La Junta de Registro de Votantes y Elecciones del condado Georgetown ayuda a residentes con registro de votantes, requisitos de identificación con foto y orientación sobre restauración de derechos de voto después de condenas por delitos graves según la ley de Carolina del Sur.",303 North Hazard Street,Georgetown,843-545-3339,vote@gtcounty.org,https://www.gtcounty.org/directory.aspx?did=46,Georgetown County residents; individuals with felony convictions should verify rights restoration requirements at scvotes.gov.,Residentes del condado Georgetown; personas con condenas por delitos graves deben verificar requisitos de restauración de derechos en scvotes.gov.,Call 843-545-3339 Monday–Friday 8:30 a.m.–5:00 p.m.; online registration at scvotes.gov; pairs with SCDMV and SCLS Georgetown office.,Llame al 843-545-3339 de lunes a viernes 8:30 a.m.–5:00 p.m.; registro en línea en scvotes.gov; se vincula con SCDMV y oficina SCLS de Georgetown.,"Monday–Friday, 8:30 a.m.–5:00 p.m.",georgetown|id-documentation|voting-rights|coastal|reentry,Voter registration|Photo ID guidance|Rights restoration information|Document counseling|Election referrals,Georgetown,Georgetown,single
162,Waccamaw Regional Transportation Authority,transportation,Georgetown / Horry,"Waccamaw Regional Transportation Authority provides public transit and paratransit services in Georgetown and Horry counties connecting coastal residents to SC Works Conway, New Directions Myrtle Beach, and coastal healthcare facilities. Returning citizens without vehicles use Waccamaw Regional to reach employment and probation appointments.","Waccamaw Regional Transportation Authority ofrece tránsito público y paratransporte en los condados Georgetown y Horry conectando a residentes costeros con SC Works Conway, New Directions Myrtle Beach e instalaciones de salud costeras.",1410 Highway 501 East,Conway,843-488-0865,,https://waccamawregion.com,Open to all riders in Georgetown and Horry counties; ADA paratransit for eligible riders.,Abierto a todos los pasajeros en los condados Georgetown y Horry; paratransporte ADA para pasajeros elegibles.,Route information at waccamawregion.com; pairs with Coast RTA services in Horry County.,Información de rutas en waccamawregion.com; se vincula con servicios Coast RTA en el condado Horry.,Route hours vary,georgetown|horry|transportation|public-transit|coastal|reentry,Fixed-route bus service|ADA paratransit|Reduced fares|Coastal routes|Rural connectors,Horry,Horry|Georgetown,multi
163,Darlington County Adult Education,education,Darlington / Pee Dee,"Darlington County Adult Education offers GED preparation, adult literacy, and workforce readiness classes for justice-involved adults in Darlington, Florence, and Chesterfield counties rebuilding education credentials after incarceration. Free instruction prepares students for high school equivalency testing and connects graduates to Pee Dee SC Works centers.","Educación para Adultos del condado Darlington ofrece preparación para el GED, alfabetización de adultos y clases de preparación laboral para adultos con antecedentes penales en los condados Darlington, Florence y Chesterfield.",120 E. Smith Avenue,Darlington,843-398-2342,,https://www.scworks.org,Adults 17 and older without high school diploma in the Pee Dee region; justice-involved students welcome.,Adultos de 17 años o más sin diploma de secundaria en la región Pee Dee; estudiantes con antecedentes penales bienvenidos.,Call 843-398-2342 for enrollment; pairs with SC Works Darlington and Keystone.,Llame al 843-398-2342 para inscripción; se vincula con SC Works Darlington y Keystone.,Class schedules vary,darlington|education|GED|adult-education|pee-dee|reentry,GED preparation|Adult literacy|Workforce readiness|Testing referrals|SC Works connections,Darlington,Darlington|Florence|Chesterfield,multi
164,Newberry County VSO — Veterans Benefits,veterans,Newberry / Midlands,"The Newberry County Veterans Affairs office provides free VA benefits claims assistance and referrals to SC DVS programs for justice-involved veterans in Newberry, Fairfield, and Lexington fringe communities rebuilding after incarceration.","La oficina de Asuntos de Veteranos del condado Newberry ofrece asistencia gratuita con reclamaciones de beneficios VA y referencias a programas SC DVS para veteranos con antecedentes penales en comunidades de Newberry, Fairfield y Lexington.",1100 N. Main Street,Newberry,803-321-2105,,https://scdva.sc.gov,Veterans and eligible dependents in Newberry County; service documentation required.,Veteranos y dependientes elegibles en el condado Newberry; se requiere documentación de servicio.,Call 803-321-2105 for appointment; part of SC DVS 46-county VSO network.,Llame al 803-321-2105 para cita; parte de la red VSO de 46 condados de SC DVS.,Monday–Friday business hours,newberry|veterans|VA-benefits|midlands|reentry,VA benefits claims assistance|Disability navigation|Healthcare enrollment|Veteran treatment court referrals,Newberry,Newberry|Fairfield,multi
165,Pickens County Meals and More Food Pantry,food-nutrition,Pickens / Upstate,Pickens County Meals and More operates a food pantry and emergency nutrition support for low-income Pickens County households including returning citizens reestablishing food security after release. The pantry supplements SNAP benefits and connects clients to SC Works Easley and Upstate reentry partners.,Pickens County Meals and More opera una despensa de alimentos y apoyo nutricional de emergencia para hogares de bajos ingresos del condado Pickens incluidos ciudadanos que regresan que reestablecen seguridad alimentaria.,222 Hampton Avenue,Pickens,864-878-1121,,https://harvesthope.org,Low-income Pickens County residents; registration may require proof of address.,Residentes de bajos ingresos del condado Pickens; el registro puede requerir prueba de dirección.,Call 864-878-1121 for pantry hours; pairs with SC Works Pickens and ROAR.,Llame al 864-878-1121 para horario de despensa; se vincula con SC Works Pickens y ROAR.,Pantry hours vary; call ahead,pickens|food-nutrition|pantry|upstate|reentry,Emergency food boxes|Pantry distribution|SNAP complement|Nutrition support|Referral navigation,Pickens,Pickens,single
166,Lexington County Community Mental Health,peer-support,Lexington / Midlands,"Lexington County Community Mental Health provides peer support groups, outpatient counseling, and recovery coaching for adults with mental health and substance use challenges including justice-involved clients in Lexington and Richland fringe communities coordinating with LRADAC and Transitions SC.","Lexington County Community Mental Health ofrece grupos de apoyo entre pares, consejería ambulatoria y coaching de recuperación para adultos con desafíos de salud mental y uso de sustancias incluidos clientes con antecedentes penales en comunidades de Lexington y Richland.",3180 Augusta Road,Lexington,803-359-3454,,https://scdmh.net,Lexington County residents needing behavioral health or peer support services; Medicaid accepted.,Residentes del condado Lexington que necesiten servicios de salud conductual o apoyo entre pares; se acepta Medicaid.,Call 803-359-3454 for intake; pairs with LRADAC and New Directions Midlands.,Llame al 803-359-3454 para admisión; se vincula con LRADAC y New Directions Midlands.,Monday–Friday clinic hours,lexington|peer-support|behavioral-health|midlands|reentry,Peer support groups|Outpatient counseling|Recovery coaching|Crisis referrals|Case management,Lexington,Lexington,single
167,Oconee County DSS — SNAP Outreach,food-nutrition,Seneca / Oconee County,Oconee County DSS coordinates SNAP outreach and emergency food referrals for low-income Oconee County households including justice-involved residents applying for benefits through benefitsportal.dss.sc.gov. DSS staff assist with verification and connect clients to regional food pantries and SC Works Seneca.,DSS del condado Oconee coordina alcance SNAP y referencias de alimentos de emergencia para hogares de bajos ingresos del condado Oconee incluidos residentes con antecedentes penales que solicitan beneficios a través de benefitsportal.dss.sc.gov.,1860 Wells Highway,Seneca,864-882-2100,,https://portal.dss.sc.gov,Oconee County residents meeting SNAP income requirements; criminal record generally not a barrier.,Residentes del condado Oconee que cumplan requisitos de ingresos SNAP; los antecedentes penales generalmente no son barrera.,Apply online at benefitsportal.dss.sc.gov; call 864-882-2100 for county office help.,Solicite en benefitsportal.dss.sc.gov; llame al 864-882-2100 para ayuda de la oficina del condado.,Monday–Friday business hours,oconee|food-nutrition|SNAP|DSS|outreach|reentry,SNAP outreach|Emergency food referrals|Benefits verification|Medicaid application help|SC Works referrals,Oconee,Oconee,single
168,Second Harvest Food Bank of Metrolina,food-nutrition,Rock Hill,"Second Harvest Food Bank of Metrolina distributes food through partner pantries and direct programs serving food-insecure households in York, Lancaster, Chester counties including returning citizens reestablishing food security after incarceration. Partner agency network helps clients supplement SNAP benefits and access nutrition resources.",Second Harvest Food Bank of Metrolina distribuye alimentos a través de despensas aliadas y programas directos sirviendo hogares con inseguridad alimentaria en los condados de la zona incluidos ciudadanos que regresan que reestablecen seguridad alimentaria.,500-B Spratt Street,York,803-327-3134,,https://sc211.org,Food-insecure residents of the service area; partner pantry registration requirements vary.,Residentes con inseguridad alimentaria del área de servicio; los requisitos de registro en despensas aliadas varían.,Call 803-327-3134 or search sc211.org for nearest pantry; pairs with county DSS SNAP offices.,Llame al 803-327-3134 o busque en sc211.org la despensa más cercana; se vincula con oficinas DSS SNAP del condado.,Hours vary by location,food-nutrition|food-bank|pantry|york|reentry,Food distribution|Partner pantry network|SNAP outreach|Mobile pantry|Nutrition programs,York,York|Lancaster|Chester,multi
169,I-Believe Food Pantry Network,food-nutrition,Spartanburg,"I-Believe Food Pantry Network distributes food through partner pantries and direct programs serving food-insecure households in Spartanburg, Cherokee, Union counties including returning citizens reestablishing food security after incarceration. Partner agency network helps clients supplement SNAP benefits and access nutrition resources.",I-Believe Food Pantry Network distribuye alimentos a través de despensas aliadas y programas directos sirviendo hogares con inseguridad alimentaria en los condados de la zona incluidos ciudadanos que regresan que reestablecen seguridad alimentaria.,400 E. Main Street,Spartanburg,864-573-7688,,https://sc211.org,Food-insecure residents of the service area; partner pantry registration requirements vary.,Residentes con inseguridad alimentaria del área de servicio; los requisitos de registro en despensas aliadas varían.,Call 864-573-7688 or search sc211.org for nearest pantry; pairs with county DSS SNAP offices.,Llame al 864-573-7688 o busque en sc211.org la despensa más cercana; se vincula con oficinas DSS SNAP del condado.,Hours vary by location,food-nutrition|food-bank|pantry|spartanburg|reentry,Food distribution|Partner pantry network|SNAP outreach|Mobile pantry|Nutrition programs,Spartanburg,Spartanburg|Cherokee|Union,multi
170,Richland County Library — Reentry Resource Navigation,id-documentation,Columbia / Richland County,"Library social workers help justice-involved patrons obtain birth certificates, IDs, and online benefits applications through partner referrals to SCDMV and DSS—not a licensing office. Direct community services for Columbia area residents—not a statewide hotline.",Servicios comunitarios directos para residentes del área de Columbia—no es una línea estatal. Programas de apoyo para personas con antecedentes penales que reconstruyen estabilidad después de la encarcelación en el condado Richland.,1431 Assembly Street,Columbia,803-799-9084,,https://sc211.org,"Low-income residents of Richland, Lexington; justice-involved individuals welcome per program policy.",Residentes de bajos ingresos de la zona de servicio; personas con antecedentes penales bienvenidas según política del programa.,Call 803-799-9084 for intake; pairs with SC 211 and local reentry partners.,Llame al 803-799-9084 para admisión; se vincula con SC 211 y aliados locales de reinserción.,Monday–Friday business hours; varies by program,columbia|id-documentation|reentry,Community referrals|Case navigation|Direct assistance|Partner connections|Resource counseling,Richland,Richland|Lexington,multi
171,Palmetto Health Bright Futures — Peer Support,peer-support,Columbia / Richland County,"Certified peer support specialists help adults with mental health and substance use challenges including justice-involved clients navigating treatment, housing, and SC Works referrals. Direct community services for Columbia area residents—not a statewide hotline.",Servicios comunitarios directos para residentes del área de Columbia—no es una línea estatal. Programas de apoyo para personas con antecedentes penales que reconstruyen estabilidad después de la encarcelación en el condado Richland.,1301 Taylor Street,Columbia,803-296-2273,,https://sc211.org,Low-income residents of Richland; justice-involved individuals welcome per program policy.,Residentes de bajos ingresos de la zona de servicio; personas con antecedentes penales bienvenidas según política del programa.,Call 803-296-2273 for intake; pairs with SC 211 and local reentry partners.,Llame al 803-296-2273 para admisión; se vincula con SC 211 y aliados locales de reinserción.,Monday–Friday business hours; varies by program,columbia|peer-support|reentry,Community referrals|Case navigation|Direct assistance|Partner connections|Resource counseling,Richland,Richland,single
172,Spartanburg Regional Transportation — Dial-a-Ride,transportation,Spartanburg / Spartanburg County,"Spartanburg County dial-a-ride and connector services help residents without vehicles reach SC Works, Miracle Hill, and medical appointments. Direct community services for Spartanburg area residents—not a statewide hotline.",Servicios comunitarios directos para residentes del área de Spartanburg—no es una línea estatal. Programas de apoyo para personas con antecedentes penales que reconstruyen estabilidad después de la encarcelación en el condado Spartanburg.,100 E. Main Street,Spartanburg,864-573-7244,,https://sc211.org,"Low-income residents of Spartanburg, Cherokee; justice-involved individuals welcome per program policy.",Residentes de bajos ingresos de la zona de servicio; personas con antecedentes penales bienvenidas según política del programa.,Call 864-573-7244 for intake; pairs with SC 211 and local reentry partners.,Llame al 864-573-7244 para admisión; se vincula con SC 211 y aliados locales de reinserción.,Monday–Friday business hours; varies by program,spartanburg|transportation|reentry,Community referrals|Case navigation|Direct assistance|Partner connections|Resource counseling,Spartanburg,Spartanburg|Cherokee,multi
173,LRADAC — Chester County Outreach,substance-use-treatment,Chester / Chester County,"LRADAC Chester outreach provides substance use assessment, outpatient counseling, and MAT referrals for justice-involved adults in the Catawba region under SCDPPPS supervision. Direct community services for Chester area residents—not a statewide hotline.",Servicios comunitarios directos para residentes del área de Chester—no es una línea estatal. Programas de apoyo para personas con antecedentes penales que reconstruyen estabilidad después de la encarcelación en el condado Chester.,112 J.A. Cochran Bypass,Chester,803-385-5151,,https://sc211.org,"Low-income residents of Chester, Lancaster, York; justice-involved individuals welcome per program policy.",Residentes de bajos ingresos de la zona de servicio; personas con antecedentes penales bienvenidas según política del programa.,Call 803-385-5151 for intake; pairs with SC 211 and local reentry partners.,Llame al 803-385-5151 para admisión; se vincula con SC 211 y aliados locales de reinserción.,Monday–Friday business hours; varies by program,chester|substance-use-treatment|reentry,Community referrals|Case navigation|Direct assistance|Partner connections|Resource counseling,Chester,Chester|Lancaster|York,multi
174,Birthright of Charleston — Pregnancy & Family Support,family-children,Charleston / Charleston County,"Birthright provides pregnancy support, parenting supplies, and referrals for expectant parents including justice-involved mothers reunifying with children after release. Direct community services for Charleston area residents—not a statewide hotline.","Birthright of Charleston ofrece apoyo durante el embarazo, suministros para la crianza y referencias para padres expectantes, incluidas madres con antecedentes penales que se reúnen con sus hijos después de la liberación. Servicios comunitarios directos en el área de Charleston, no una línea estatal.",1909 Savannah Highway,Charleston,843-769-9898,,https://birthrightcharleston.org,Expectant and new parents in the Charleston area; justice-involved mothers welcome for pregnancy and parenting support.,Padres expectantes y nuevos en el área de Charleston; madres con antecedentes penales bienvenidas para apoyo durante el embarazo y la crianza.,Call 843-769-9898 for intake; free pregnancy tests and parenting supplies; pairs with One80 Place family programs.,Llame al 843-769-9898 para admisión; pruebas de embarazo y suministros para la crianza gratuitos; se vincula con programas familiares de One80 Place.,Monday–Friday business hours,charleston|family-children|pregnancy|parenting|reentry,Pregnancy support|Parenting supplies|Referrals|Maternity counseling|Community navigation,Charleston,Charleston|Berkeley|Dorchester,multi
175,Saint Vincent de Paul — Columbia Conference,basic-needs,Columbia / Richland County,"Saint Vincent de Paul Columbia provides emergency rent, utility, and food assistance for low-income households including returning citizens through parish-based volunteer networks. Direct community services for Columbia area residents—not a statewide hotline.","Saint Vincent de Paul Columbia proporciona asistencia de emergencia para renta, servicios públicos y alimentos para hogares de bajos ingresos, incluidos ciudadanos que regresan, a través de redes de voluntarios parroquiales. Servicios comunitarios directos en el área de Columbia.",2711 Middleburg Drive,Columbia,803-254-0111,,https://www.svdpofcolumbia.org,Low-income residents of Richland and Lexington counties; justice-involved households eligible for emergency assistance.,Residentes de bajos ingresos de los condados Richland y Lexington; hogares con antecedentes penales elegibles para asistencia de emergencia.,"Call 803-254-0111 for home visit intake; parish volunteers provide rent, utility, and food help.","Llame al 803-254-0111 para admisión con visita domiciliaria; voluntarios parroquiales brindan ayuda con renta, servicios y alimentos.",Intake by appointment; call for schedule,columbia|basic-needs|emergency-assistance|utilities|reentry,Emergency rent assistance|Utility assistance|Food aid|Home visits|Parish-based support,Richland,Richland|Lexington,multi
176,South Carolina Legal Services — Anderson Office,legal-aid,Anderson / Upstate,"The South Carolina Legal Services Anderson regional office provides free civil legal aid to low-income Upstate residents including housing eviction defense, public benefits appeals, and expungement assistance under South Carolina law. Justice-involved clients in Anderson, Oconee, and Pickens counties can apply for record relief and benefits advocacy—not criminal defense.","La oficina regional de South Carolina Legal Services en Anderson brinda asistencia legal civil gratuita a residentes de bajos ingresos del Upstate incluyendo defensa contra desalojo, apelaciones de beneficios públicos y asistencia con expungación bajo la ley de Carolina del Sur.",1204 South Murray Avenue,Anderson,864-225-6637,,https://sclegal.org,Low-income residents of SCLS Anderson service counties with civil legal problems; LSC income limits apply.,Residentes de bajos ingresos de los condados de servicio SCLS Anderson con problemas legales civiles; aplican límites LSC.,Call 864-225-6637 or statewide helpline 1-888-346-5592; apply online at sclegal.org.,Llame al 864-225-6637 o línea estatal 1-888-346-5592; solicite en sclegal.org.,Intake Monday–Friday business hours,anderson|legal-aid|low-income|expungement|reentry,Civil legal representation|Expungement assistance|Housing legal aid|Benefits appeals|Family law assistance,Anderson,Anderson|Oconee|Pickens|Abbeville|Greenwood|Laurens,multi
177,South Carolina Legal Services — Aiken Office,legal-aid,Aiken / CSRA,"The South Carolina Legal Services Aiken regional office provides free civil legal aid to low-income CSRA residents including housing eviction defense, public benefits appeals, and expungement assistance. Justice-involved clients in Aiken, Edgefield, Barnwell, and Allendale counties can apply for civil record relief—not criminal defense representation.","La oficina regional de South Carolina Legal Services en Aiken brinda asistencia legal civil gratuita a residentes de bajos ingresos del CSRA incluyendo defensa contra desalojo, apelaciones de beneficios y asistencia con expungación.",1701 Main Street,Aiken,803-648-1301,,https://sclegal.org,Low-income residents of SCLS Aiken service counties with civil legal problems; LSC income limits apply.,Residentes de bajos ingresos de los condados de servicio SCLS Aiken con problemas legales civiles; aplican límites LSC.,Call 803-648-1301 or statewide helpline 1-888-346-5592; apply online at sclegal.org.,Llame al 803-648-1301 o línea estatal 1-888-346-5592; solicite en sclegal.org.,Intake Monday–Friday business hours,aiken|legal-aid|low-income|expungement|reentry,Civil legal representation|Expungement assistance|Housing legal aid|Benefits appeals|Family law assistance,Aiken,Aiken|Edgefield|Barnwell|Allendale|Saluda|McCormick,multi
178,South Carolina Legal Services — Rock Hill Office,legal-aid,Rock Hill / York County,"The South Carolina Legal Services Rock Hill regional office provides free civil legal aid to low-income residents of York, Lancaster, Chester, and Union counties including housing eviction defense, public benefits appeals, and expungement assistance. Justice-involved clients can apply for record relief and benefits denials—not criminal defense.","La oficina regional de South Carolina Legal Services en Rock Hill brinda asistencia legal civil gratuita a residentes de bajos ingresos de los condados York, Lancaster, Chester y Union incluyendo defensa contra desalojo y asistencia con expungación.",331 E. Main Street,Rock Hill,803-327-6101,,https://sclegal.org,Low-income residents of SCLS Rock Hill service counties with civil legal problems; LSC income limits apply.,Residentes de bajos ingresos de los condados de servicio SCLS Rock Hill con problemas legales civiles; aplican límites LSC.,Call 803-327-6101 or statewide helpline 1-888-346-5592; apply online at sclegal.org.,Llame al 803-327-6101 o línea estatal 1-888-346-5592; solicite en sclegal.org.,Intake Monday–Friday business hours,rock-hill|york|legal-aid|low-income|expungement|reentry,Civil legal representation|Expungement assistance|Housing legal aid|Benefits appeals|Family law assistance,York,York|Lancaster|Chester|Union|Cherokee,multi
179,South Carolina Legal Services — Orangeburg Office,legal-aid,Orangeburg / I-95 Corridor,"The South Carolina Legal Services Orangeburg regional office provides free civil legal aid to low-income residents of Orangeburg, Calhoun, Bamberg, and Clarendon counties including housing eviction defense, public benefits appeals, and expungement assistance. Justice-involved clients in rural I-95 corridor counties can apply for civil legal help—not criminal defense.","La oficina regional de South Carolina Legal Services en Orangeburg brinda asistencia legal civil gratuita a residentes de bajos ingresos de los condados Orangeburg, Calhoun, Bamberg y Clarendon incluyendo defensa contra desalojo y asistencia con expungación.",1050 Founders Boulevard,Orangeburg,803-534-1011,,https://sclegal.org,Low-income residents of SCLS Orangeburg service counties with civil legal problems; LSC income limits apply.,Residentes de bajos ingresos de los condados de servicio SCLS Orangeburg con problemas legales civiles; aplican límites LSC.,Call 803-534-1011 or statewide helpline 1-888-346-5592; apply online at sclegal.org.,Llame al 803-534-1011 o línea estatal 1-888-346-5592; solicite en sclegal.org.,Intake Monday–Friday business hours,orangeburg|legal-aid|low-income|expungement|rural|reentry,Civil legal representation|Expungement assistance|Housing legal aid|Benefits appeals|Family law assistance,Orangeburg,Orangeburg|Calhoun|Bamberg|Clarendon|Lee|Sumter,multi
180,South Carolina Legal Services — Georgetown Office,legal-aid,Georgetown / Lowcountry,"The South Carolina Legal Services Georgetown regional office provides free civil legal aid to low-income coastal residents of Georgetown, Horry, and Williamsburg counties including housing eviction defense, public benefits appeals, and expungement assistance. Justice-involved clients on the Grand Strand and rural coast can apply for civil legal help—not criminal defense.","La oficina regional de South Carolina Legal Services en Georgetown brinda asistencia legal civil gratuita a residentes costeros de bajos ingresos de los condados Georgetown, Horry y Williamsburg incluyendo defensa contra desalojo y asistencia con expungación.",1225 North Fraser Street,Georgetown,843-527-0066,,https://sclegal.org,Low-income residents of SCLS Georgetown service counties with civil legal problems; LSC income limits apply.,Residentes de bajos ingresos de los condados de servicio SCLS Georgetown con problemas legales civiles; aplican límites LSC.,Call 843-527-0066 or statewide helpline 1-888-346-5592; apply online at sclegal.org.,Llame al 843-527-0066 o línea estatal 1-888-346-5592; solicite en sclegal.org.,Intake Monday–Friday business hours,georgetown|horry|legal-aid|low-income|expungement|reentry,Civil legal representation|Expungement assistance|Housing legal aid|Benefits appeals|Family law assistance,Georgetown,Georgetown|Horry|Williamsburg|Dillon|Marion,multi
181,Trident Literacy Association — Adult Education,education,North Charleston / Tri-County,"Trident Literacy Association provides free adult literacy, GED preparation, and English language instruction for low-income Tri-County residents including justice-involved adults rebuilding education credentials after release from Charleston County Detention Center. Instructors help returning citizens pass GED exams and connect to SC Works Trident and fair-chance employers.","Trident Literacy Association ofrece alfabetización de adultos gratuita, preparación para el GED e instrucción en inglés para residentes de bajos ingresos del Tri-County, incluidos adultos con antecedentes penales que reconstruyen credenciales educativas después de la liberación.",7245 Stall Road,North Charleston,843-747-2223,,https://tridentlit.org,"Adults 18 and older in Berkeley, Charleston, and Dorchester counties; free programs for qualifying students.","Adultos de 18 años o más en los condados Berkeley, Charleston y Dorchester; programas gratuitos para estudiantes calificados.",Call 843-747-2223 for enrollment; morning and evening classes; pairs with Turning Leaf and SC Works.,Llame al 843-747-2223 para inscripción; clases matutinas y vespertinas; se vincula con Turning Leaf y SC Works.,Class schedules vary; office Monday–Friday,charleston|education|GED|literacy|adult-education|reentry,Adult literacy|GED preparation|English language instruction|Testing referrals|Employment connections,Charleston,Berkeley|Charleston|Dorchester,multi
182,York County Adult Education — GED & WorkKeys,education,Rock Hill / York County,"York County Adult Education offers GED preparation, WorkKeys career readiness certification, and English language classes for justice-involved adults in York, Chester, and Lancaster counties at the Floyd T. Lewis Center in York. Free classes prepare returning citizens for SC Works York training programs and Charlotte metro fair-chance employment.","York County Adult Education ofrece preparación para el GED, certificación WorkKeys de preparación profesional y clases de inglés para adultos con antecedentes penales en los condados York, Chester y Lancaster en el Floyd T. Lewis Center.",521 Oakland Avenue,York,803-684-2461,,https://www.yorkcountyschools.org,Adults 17 and older in York County area; no high school diploma required for GED prep; justice-involved students welcome.,Adultos de 17 años o más en el área del condado York; no se requiere diploma para preparación GED; estudiantes con antecedentes penales bienvenidos.,Call 803-684-2461 for class schedules; pairs with Keystone Rock Hill and SC Works York.,Llame al 803-684-2461 para horarios de clases; se vincula con Keystone Rock Hill y SC Works York.,Monday–Thursday class hours; call for schedule,york|education|GED|WorkKeys|adult-education|reentry,GED preparation|WorkKeys certification|English language classes|Career readiness|Testing coordination,York,York|Chester|Lancaster,multi
183,Aiken County Adult Education — GED Program,education,Aiken / CSRA,"Aiken County Adult Education provides GED preparation, skills remediation, and career readiness classes for justice-involved adults in Aiken, Barnwell, and Edgefield counties at the Aiken County Career and Technology Center. Instructors coordinate with SC Works Aiken and ABLRC Community Action for returning citizens completing education requirements before employment training.","Aiken County Adult Education ofrece preparación para el GED, remediación de habilidades y clases de preparación profesional para adultos con antecedentes penales en los condados Aiken, Barnwell y Edgefield.",2451 Jefferson Davis Highway,Graniteville,803-641-2428,,https://www.acpsd.net,Adults 17 and older in Aiken County area; free GED prep for qualifying students; justice-involved adults welcome.,Adultos de 17 años o más en el área del condado Aiken; preparación GED gratuita para estudiantes calificados; adultos con antecedentes penales bienvenidos.,Call 803-641-2428 for enrollment; day and evening classes available.,Llame al 803-641-2428 para inscripción; clases diurnas y vespertinas disponibles.,Class schedules vary by term,aiken|education|GED|adult-education|CSRA|reentry,GED preparation|Skills remediation|Career readiness classes|Testing referrals|SC Works coordination,Aiken,Aiken|Barnwell|Edgefield,multi
184,Piedmont Technical College — Adult Education,education,Greenwood / Upstate,"Piedmont Technical College Adult Education offers GED preparation, WIN career readiness credentials, and English language instruction at sites across Greenwood, Laurens, Newberry, and Abbeville counties for justice-involved adults in rural Upstate South Carolina. Free classes connect graduates to SC Works Laurens and regional manufacturing employers.","Piedmont Technical College Adult Education ofrece preparación para el GED, credenciales WIN de preparación profesional e instrucción en inglés en sitios de los condados Greenwood, Laurens, Newberry y Abbeville para adultos con antecedentes penales en el Upstate rural.",620 North Emerald Road,Greenwood,864-941-8420,,https://www.ptc.edu/adult-education,Adults 17 and older in Piedmont Tech service area; free GED prep; justice-involved students welcome.,Adultos de 17 años o más en el área de servicio de Piedmont Tech; preparación GED gratuita; estudiantes con antecedentes penales bienvenidos.,Call 864-941-8420 for nearest class site; pairs with SC Works Greenwood and ROAR.,Llame al 864-941-8420 para el sitio de clases más cercano; se vincula con SC Works Greenwood y ROAR.,Class schedules vary by county site,greenwood|education|GED|adult-education|rural|reentry,GED preparation|WIN career readiness|English language instruction|Workforce referrals|Testing coordination,Greenwood,Greenwood|Laurens|Newberry|Abbeville|McCormick,multi
185,Horry County Adult Education — GED & ESL,education,Conway / Horry County,"Horry County Adult Education provides GED preparation and English language classes for justice-involved adults in Horry and Georgetown counties at Conway and Myrtle Beach learning centers. Instructors coordinate with New Directions, SC Works Coastal, and Grand Strand employers for returning citizens completing education before workforce training.",Horry County Adult Education ofrece preparación para el GED y clases de inglés para adultos con antecedentes penales en los condados Horry y Georgetown en centros de aprendizaje de Conway y Myrtle Beach.,335 Four Mile Road,Conway,843-488-6200,,https://www.horrycountyschools.net,Adults 17 and older in Horry County; free GED prep; justice-involved students welcome.,Adultos de 17 años o más en el condado Horry; preparación GED gratuita; estudiantes con antecedentes penales bienvenidos.,Call 843-488-6200 for enrollment; pairs with New Directions and Crossroads Recovery.,Llame al 843-488-6200 para inscripción; se vincula con New Directions y Crossroads Recovery.,Class schedules vary; call for current term,horry|education|GED|ESL|grand-strand|reentry,GED preparation|English language classes|Career readiness|Testing referrals|Employer connections,Horry,Horry|Georgetown,multi
186,SC Department of Alcohol and Other Drug Abuse Services (DAODAS),state-agency,Statewide,"The South Carolina Department of Alcohol and Other Drug Abuse Services oversees the statewide network of substance use prevention, treatment, and recovery providers licensed to serve justice-involved clients through courts, probation, and prison reentry referrals. DAODAS publishes treatment locators and funds county alcohol and drug abuse authorities connecting returning citizens to MAT, residential, and outpatient programs.","El Departamento de Servicios de Abuso de Alcohol y Otras Drogas de Carolina del Sur supervisa la red estatal de proveedores de prevención, tratamiento y recuperación autorizados para atender clientes con antecedentes penales a través de tribunales, probatoria y referencias de reinserción carcelaria.",1800 Main Street,Columbia,803-896-5555,,https://daodas.sc.gov,South Carolina residents seeking state-funded or licensed substance use treatment; justice referrals accepted through county authorities.,Residentes de Carolina del Sur que busquen tratamiento estatal o autorizado de uso de sustancias; referencias de justicia aceptadas a través de autoridades del condado.,Treatment locator at daodas.sc.gov; county alcohol and drug abuse authorities serve each region.,Localizador de tratamiento en daodas.sc.gov; las autoridades de alcohol y drogas del condado sirven cada región.,State office Monday–Friday business hours,statewide|state-agency|substance-use|treatment|DAODAS|reentry,Treatment provider oversight|County authority referrals|Prevention programs|Recovery support coordination|Justice system liaison,Richland,,statewide
187,SC Department of Health and Human Services — Healthy Connections,state-agency,Statewide,"The South Carolina Department of Health and Human Services administers Medicaid (Healthy Connections), CHIP, and other public health coverage programs used by returning citizens enrolling in healthcare after release. SCDHHS coordinates with county DSS offices and hospital financial counselors on Medicaid eligibility, presumptive eligibility, and renewal—not emergency clinical care.","El Departamento de Salud y Servicios Humanos de Carolina del Sur administra Medicaid (Healthy Connections), CHIP y otros programas de cobertura de salud pública usados por ciudadanos que regresan al inscribirse en atención médica después de la liberación.",1801 Main Street,Columbia,888-549-0820,,https://www.scdhhs.gov,South Carolina residents meeting Medicaid and CHIP income and categorical requirements; criminal record generally not a barrier.,Residentes de Carolina del Sur que cumplan requisitos de ingresos y categoría de Medicaid y CHIP; los antecedentes penales generalmente no son barrera.,Apply through benefitsportal.dss.sc.gov or county DSS; member services 888-549-0820.,Solicite en benefitsportal.dss.sc.gov o DSS del condado; servicios al miembro 888-549-0820.,Online 24/7; call center Monday–Friday business hours,statewide|state-agency|Medicaid|Healthy-Connections|healthcare|reentry,Medicaid enrollment|CHIP coverage|Member services|Presumptive eligibility guidance|Renewal assistance,Richland,,statewide
188,Spartanburg County Veterans Affairs Office,veterans,Spartanburg / Upstate,"The Spartanburg County Veterans Affairs Office provides free VA benefits claims assistance, discharge upgrade guidance, and referrals to veteran treatment courts and Upstate reentry partners for justice-involved veterans in Spartanburg and Cherokee counties. County veterans service officers help returning veteran citizens navigate VA healthcare enrollment and disability compensation after release from local jail or SCDC custody.","La Oficina de Asuntos de Veteranos del condado Spartanburg ofrece asistencia gratuita con reclamaciones de beneficios VA, orientación sobre actualización de baja y referencias a tribunales de tratamiento para veteranos para veteranos con antecedentes penales en los condados Spartanburg y Cherokee.",366 N. Church Street,Spartanburg,864-596-3839,,https://scdva.sc.gov,Veterans and eligible dependents in Spartanburg County; service documentation required for VA claims.,Veteranos y dependientes elegibles en el condado Spartanburg; se requiere documentación de servicio para reclamaciones VA.,Call 864-596-3839 for appointment; free claims assistance; pairs with ROAR Spartanburg and Miracle Hill veteran programs.,Llame al 864-596-3839 para cita; asistencia gratuita con reclamaciones; se vincula con ROAR Spartanburg y programas para veteranos de Miracle Hill.,Monday–Friday business hours,spartanburg|veterans|VA-benefits|upstate|reentry,VA benefits claims assistance|Discharge upgrade guidance|Veteran treatment court referrals|Healthcare enrollment help|Disability compensation navigation,Spartanburg,Spartanburg|Cherokee,multi
189,SC Works Career Center — Abbeville County,employment,Abbeville / Abbeville County,"SC Works Career Center Abbeville County in Abbeville connects job seekers including justice-involved adults from Abbeville County jails and SCDC custody to WIOA-funded training, resume assistance, fair-chance employment navigation, and SC Works online job matching. Staff link returning citizens to local healthcare, food, and reentry partners in rural Abbeville County. Free core career services—not emergency cash or housing placement.","SC Works Career Center del condado Abbeville en Abbeville conecta buscadores de empleo incluidos adultos con antecedentes penales de cárceles del condado Abbeville y custodia SCDC con capacitación WIOA, ayuda con currículum y navegación de empleo de segunda oportunidad. Servicios básicos de carrera gratuitos.",903 W. Greenwood Street,Abbeville,864-366-5311,,https://www.scworks.org,Open to Abbeville County job seekers including justice-involved individuals; core SC Works services are free.,Abierto a buscadores de empleo del condado Abbeville incluidas personas con antecedentes penales; servicios básicos de SC Works son gratuitos.,Register at scworks.org; call 864-366-5311; pairs with county DSS and local community action partners.,Regístrese en scworks.org; llame al 864-366-5311; se vincula con DSS del condado y aliados de acción comunitaria.,Monday–Friday business hours; call ahead in rural counties,abbeville|abbeville|employment|SC-Works|WIOA|reentry|fair-chance,Job search assistance|Resume preparation|WIOA training referrals|Fair-chance employment|Career coaching,Abbeville,Abbeville,single
190,Abbeville Area Medical Center,healthcare,Abbeville / Abbeville County,"Abbeville Area Medical Center provides primary care, emergency services, and community health outreach for Abbeville County residents including uninsured and Medicaid patients such as returning citizens establishing local medical care after release from SCDC custody or county jails. Direct clinical services—not a walk-in benefits or probation office.","Abbeville Area Medical Center brinda servicios para residentes del condado Abbeville incluidos pacientes sin seguro y Medicaid como ciudadanos que regresan que establecen atención médica local después de la liberación. Servicios directos, no oficina de beneficios ni de probatoria.",420 Thompson Street,Abbeville,864-366-2181,,https://selfregional.org,Open to Abbeville County residents; sliding-fee and Medicaid patients welcome including justice-involved adults.,Abierto a residentes del condado Abbeville; pacientes con tarifa móvil y Medicaid bienvenidos incluidos adultos con antecedentes penales.,Call 864-366-2181 for appointments and services; pairs with SC Works Abbeville and county DSS.,Llame al 864-366-2181 para citas y servicios; se vincula con SC Works Abbeville y DSS del condado.,Emergency 24/7; call for hours,abbeville|healthcare|rural|reentry,Primary care|Emergency services|Community health outreach|Sliding-fee care|Specialist referrals,Abbeville,Abbeville,single
191,SC Works Career Center — Allendale County,employment,Allendale / Allendale County,"SC Works Career Center Allendale County in Allendale connects job seekers including justice-involved adults from Allendale County jails and SCDC custody to WIOA-funded training, resume assistance, fair-chance employment navigation, and SC Works online job matching. Staff link returning citizens to local healthcare, food, and reentry partners in rural Allendale County. Free core career services—not emergency cash or housing placement.","SC Works Career Center del condado Allendale en Allendale conecta buscadores de empleo incluidos adultos con antecedentes penales de cárceles del condado Allendale y custodia SCDC con capacitación WIOA, ayuda con currículum y navegación de empleo de segunda oportunidad. Servicios básicos de carrera gratuitos.",4455 Allendale-Fairfax Highway,Allendale,803-584-4200,,https://www.scworks.org,Open to Allendale County job seekers including justice-involved individuals; core SC Works services are free.,Abierto a buscadores de empleo del condado Allendale incluidas personas con antecedentes penales; servicios básicos de SC Works son gratuitos.,Register at scworks.org; call 803-584-4200; pairs with county DSS and local community action partners.,Regístrese en scworks.org; llame al 803-584-4200; se vincula con DSS del condado y aliados de acción comunitaria.,Monday–Friday business hours; call ahead in rural counties,allendale|allendale|employment|SC-Works|WIOA|reentry|fair-chance,Job search assistance|Resume preparation|WIOA training referrals|Fair-chance employment|Career coaching,Allendale,Allendale,single
192,Allendale County Hospital,healthcare,Allendale / Allendale County,"Allendale County Hospital provides primary care, emergency services, and community health outreach for Allendale County residents including uninsured and Medicaid patients such as returning citizens establishing local medical care after release from SCDC custody or county jails. Direct clinical services—not a walk-in benefits or probation office.","Allendale County Hospital brinda servicios para residentes del condado Allendale incluidos pacientes sin seguro y Medicaid como ciudadanos que regresan que establecen atención médica local después de la liberación. Servicios directos, no oficina de beneficios ni de probatoria.",1787 Allendale-Fairfax Highway,Allendale,803-632-3311,,https://allendalecountyhospital.com,Open to Allendale County residents; sliding-fee and Medicaid patients welcome including justice-involved adults.,Abierto a residentes del condado Allendale; pacientes con tarifa móvil y Medicaid bienvenidos incluidos adultos con antecedentes penales.,Call 803-632-3311 for appointments and services; pairs with SC Works Allendale and county DSS.,Llame al 803-632-3311 para citas y servicios; se vincula con SC Works Allendale y DSS del condado.,Emergency 24/7; call for hours,allendale|healthcare|rural|reentry,Primary care|Emergency services|Community health outreach|Sliding-fee care|Specialist referrals,Allendale,Allendale,single
193,SC Works Career Center — Bamberg County,employment,Bamberg / Bamberg County,"SC Works Career Center Bamberg County in Bamberg connects job seekers including justice-involved adults from Bamberg County jails and SCDC custody to WIOA-funded training, resume assistance, fair-chance employment navigation, and SC Works online job matching. Staff link returning citizens to local healthcare, food, and reentry partners in rural Bamberg County. Free core career services—not emergency cash or housing placement.","SC Works Career Center del condado Bamberg en Bamberg conecta buscadores de empleo incluidos adultos con antecedentes penales de cárceles del condado Bamberg y custodia SCDC con capacitación WIOA, ayuda con currículum y navegación de empleo de segunda oportunidad. Servicios básicos de carrera gratuitos.",115B Ghent Street,Bamberg,803-245-5188,,https://www.scworks.org,Open to Bamberg County job seekers including justice-involved individuals; core SC Works services are free.,Abierto a buscadores de empleo del condado Bamberg incluidas personas con antecedentes penales; servicios básicos de SC Works son gratuitos.,Register at scworks.org; call 803-245-5188; pairs with county DSS and local community action partners.,Regístrese en scworks.org; llame al 803-245-5188; se vincula con DSS del condado y aliados de acción comunitaria.,Monday–Friday business hours; call ahead in rural counties,bamberg|bamberg|employment|SC-Works|WIOA|reentry|fair-chance,Job search assistance|Resume preparation|WIOA training referrals|Fair-chance employment|Career coaching,Bamberg,Bamberg,single
194,Bamberg County Hospital,healthcare,Bamberg / Bamberg County,"Bamberg County Hospital provides primary care, emergency services, and community health outreach for Bamberg County residents including uninsured and Medicaid patients such as returning citizens establishing local medical care after release from SCDC custody or county jails. Direct clinical services—not a walk-in benefits or probation office.","Bamberg County Hospital brinda servicios para residentes del condado Bamberg incluidos pacientes sin seguro y Medicaid como ciudadanos que regresan que establecen atención médica local después de la liberación. Servicios directos, no oficina de beneficios ni de probatoria.",509 N. Carolina Avenue,Bamberg,803-245-4321,,https://bambergcountyhospital.com,Open to Bamberg County residents; sliding-fee and Medicaid patients welcome including justice-involved adults.,Abierto a residentes del condado Bamberg; pacientes con tarifa móvil y Medicaid bienvenidos incluidos adultos con antecedentes penales.,Call 803-245-4321 for appointments and services; pairs with SC Works Bamberg and county DSS.,Llame al 803-245-4321 para citas y servicios; se vincula con SC Works Bamberg y DSS del condado.,Emergency 24/7; call for hours,bamberg|healthcare|rural|reentry,Primary care|Emergency services|Community health outreach|Sliding-fee care|Specialist referrals,Bamberg,Bamberg,single
195,SC Works Career Center — Barnwell County,employment,Barnwell / Barnwell County,"SC Works Career Center Barnwell County in Barnwell connects job seekers including justice-involved adults from Barnwell County jails and SCDC custody to WIOA-funded training, resume assistance, fair-chance employment navigation, and SC Works online job matching. Staff link returning citizens to local healthcare, food, and reentry partners in rural Barnwell County. Free core career services—not emergency cash or housing placement.","SC Works Career Center del condado Barnwell en Barnwell conecta buscadores de empleo incluidos adultos con antecedentes penales de cárceles del condado Barnwell y custodia SCDC con capacitación WIOA, ayuda con currículum y navegación de empleo de segunda oportunidad. Servicios básicos de carrera gratuitos.",85 Ulmer Road,Barnwell,803-541-1200,,https://www.scworks.org,Open to Barnwell County job seekers including justice-involved individuals; core SC Works services are free.,Abierto a buscadores de empleo del condado Barnwell incluidas personas con antecedentes penales; servicios básicos de SC Works son gratuitos.,Register at scworks.org; call 803-541-1200; pairs with county DSS and local community action partners.,Regístrese en scworks.org; llame al 803-541-1200; se vincula con DSS del condado y aliados de acción comunitaria.,Monday–Friday business hours; call ahead in rural counties,barnwell|barnwell|employment|SC-Works|WIOA|reentry|fair-chance,Job search assistance|Resume preparation|WIOA training referrals|Fair-chance employment|Career coaching,Barnwell,Barnwell,single
196,Barnwell County Hospital,healthcare,Barnwell / Barnwell County,"Barnwell County Hospital provides primary care, emergency services, and community health outreach for Barnwell County residents including uninsured and Medicaid patients such as returning citizens establishing local medical care after release from SCDC custody or county jails. Direct clinical services—not a walk-in benefits or probation office.","Barnwell County Hospital brinda servicios para residentes del condado Barnwell incluidos pacientes sin seguro y Medicaid como ciudadanos que regresan que establecen atención médica local después de la liberación. Servicios directos, no oficina de beneficios ni de probatoria.",286 Kennedy Street,Barnwell,803-259-4500,,https://barnwellcountyhospital.com,Open to Barnwell County residents; sliding-fee and Medicaid patients welcome including justice-involved adults.,Abierto a residentes del condado Barnwell; pacientes con tarifa móvil y Medicaid bienvenidos incluidos adultos con antecedentes penales.,Call 803-259-4500 for appointments and services; pairs with SC Works Barnwell and county DSS.,Llame al 803-259-4500 para citas y servicios; se vincula con SC Works Barnwell y DSS del condado.,Emergency 24/7; call for hours,barnwell|healthcare|rural|reentry,Primary care|Emergency services|Community health outreach|Sliding-fee care|Specialist referrals,Barnwell,Barnwell,single
197,SC Works Career Center — Calhoun County,employment,St. Matthews / Calhoun County,"SC Works Career Center Calhoun County in St. Matthews connects job seekers including justice-involved adults from Calhoun County jails and SCDC custody to WIOA-funded training, resume assistance, fair-chance employment navigation, and SC Works online job matching. Staff link returning citizens to local healthcare, food, and reentry partners in rural Calhoun County. Free core career services—not emergency cash or housing placement.","SC Works Career Center del condado Calhoun en St. Matthews conecta buscadores de empleo incluidos adultos con antecedentes penales de cárceles del condado Calhoun y custodia SCDC con capacitación WIOA, ayuda con currículum y navegación de empleo de segunda oportunidad. Servicios básicos de carrera gratuitos.",1200 Confederate Highway,St. Matthews,803-874-3500,,https://www.scworks.org,Open to Calhoun County job seekers including justice-involved individuals; core SC Works services are free.,Abierto a buscadores de empleo del condado Calhoun incluidas personas con antecedentes penales; servicios básicos de SC Works son gratuitos.,Register at scworks.org; call 803-874-3500; pairs with county DSS and local community action partners.,Regístrese en scworks.org; llame al 803-874-3500; se vincula con DSS del condado y aliados de acción comunitaria.,Monday–Friday business hours; call ahead in rural counties,st.-matthews|calhoun|employment|SC-Works|WIOA|reentry|fair-chance,Job search assistance|Resume preparation|WIOA training referrals|Fair-chance employment|Career coaching,Calhoun,Calhoun,single
198,Calhoun County Medical Center,healthcare,St. Matthews / Calhoun County,"Calhoun County Medical Center provides primary care, emergency services, and community health outreach for Calhoun County residents including uninsured and Medicaid patients such as returning citizens establishing local medical care after release from SCDC custody or county jails. Direct clinical services—not a walk-in benefits or probation office.","Calhoun County Medical Center brinda servicios para residentes del condado Calhoun incluidos pacientes sin seguro y Medicaid como ciudadanos que regresan que establecen atención médica local después de la liberación. Servicios directos, no oficina de beneficios ni de probatoria.",701 Medical Park Drive,St. Matthews,803-874-2222,,https://calhouncountymedicalcenter.com,Open to Calhoun County residents; sliding-fee and Medicaid patients welcome including justice-involved adults.,Abierto a residentes del condado Calhoun; pacientes con tarifa móvil y Medicaid bienvenidos incluidos adultos con antecedentes penales.,Call 803-874-2222 for appointments and services; pairs with SC Works Calhoun and county DSS.,Llame al 803-874-2222 para citas y servicios; se vincula con SC Works Calhoun y DSS del condado.,Emergency 24/7; call for hours,calhoun|healthcare|rural|reentry,Primary care|Emergency services|Community health outreach|Sliding-fee care|Specialist referrals,Calhoun,Calhoun,single
199,SC Works Career Center — Chester County,employment,Chester / Chester County,"SC Works Career Center Chester County in Chester connects job seekers including justice-involved adults from Chester County jails and SCDC custody to WIOA-funded training, resume assistance, fair-chance employment navigation, and SC Works online job matching. Staff link returning citizens to local healthcare, food, and reentry partners in rural Chester County. Free core career services—not emergency cash or housing placement.","SC Works Career Center del condado Chester en Chester conecta buscadores de empleo incluidos adultos con antecedentes penales de cárceles del condado Chester y custodia SCDC con capacitación WIOA, ayuda con currículum y navegación de empleo de segunda oportunidad. Servicios básicos de carrera gratuitos.",1136 Saluda Street,Chester,803-385-5121,,https://www.scworks.org,Open to Chester County job seekers including justice-involved individuals; core SC Works services are free.,Abierto a buscadores de empleo del condado Chester incluidas personas con antecedentes penales; servicios básicos de SC Works son gratuitos.,Register at scworks.org; call 803-385-5121; pairs with county DSS and local community action partners.,Regístrese en scworks.org; llame al 803-385-5121; se vincula con DSS del condado y aliados de acción comunitaria.,Monday–Friday business hours; call ahead in rural counties,chester|chester|employment|SC-Works|WIOA|reentry|fair-chance,Job search assistance|Resume preparation|WIOA training referrals|Fair-chance employment|Career coaching,Chester,Chester,single
200,Chester Regional Medical Center,healthcare,Chester / Chester County,"Chester Regional Medical Center provides primary care, emergency services, and community health outreach for Chester County residents including uninsured and Medicaid patients such as returning citizens establishing local medical care after release from SCDC custody or county jails. Direct clinical services—not a walk-in benefits or probation office.","Chester Regional Medical Center brinda servicios para residentes del condado Chester incluidos pacientes sin seguro y Medicaid como ciudadanos que regresan que establecen atención médica local después de la liberación. Servicios directos, no oficina de beneficios ni de probatoria.",1 Medical Park Drive,Chester,803-385-2345,,https://mcleodhealth.org,Open to Chester County residents; sliding-fee and Medicaid patients welcome including justice-involved adults.,Abierto a residentes del condado Chester; pacientes con tarifa móvil y Medicaid bienvenidos incluidos adultos con antecedentes penales.,Call 803-385-2345 for appointments and services; pairs with SC Works Chester and county DSS.,Llame al 803-385-2345 para citas y servicios; se vincula con SC Works Chester y DSS del condado.,Emergency 24/7; call for hours,chester|healthcare|rural|reentry,Primary care|Emergency services|Community health outreach|Sliding-fee care|Specialist referrals,Chester,Chester,single
201,SC Works Career Center — Chesterfield County,employment,Chesterfield / Chesterfield County,"SC Works Career Center Chesterfield County in Chesterfield connects job seekers including justice-involved adults from Chesterfield County jails and SCDC custody to WIOA-funded training, resume assistance, fair-chance employment navigation, and SC Works online job matching. Staff link returning citizens to local healthcare, food, and reentry partners in rural Chesterfield County. Free core career services—not emergency cash or housing placement.","SC Works Career Center del condado Chesterfield en Chesterfield conecta buscadores de empleo incluidos adultos con antecedentes penales de cárceles del condado Chesterfield y custodia SCDC con capacitación WIOA, ayuda con currículum y navegación de empleo de segunda oportunidad. Servicios básicos de carrera gratuitos.",203 Main Street,Chesterfield,843-623-2146,,https://www.scworks.org,Open to Chesterfield County job seekers including justice-involved individuals; core SC Works services are free.,Abierto a buscadores de empleo del condado Chesterfield incluidas personas con antecedentes penales; servicios básicos de SC Works son gratuitos.,Register at scworks.org; call 843-623-2146; pairs with county DSS and local community action partners.,Regístrese en scworks.org; llame al 843-623-2146; se vincula con DSS del condado y aliados de acción comunitaria.,Monday–Friday business hours; call ahead in rural counties,chesterfield|chesterfield|employment|SC-Works|WIOA|reentry|fair-chance,Job search assistance|Resume preparation|WIOA training referrals|Fair-chance employment|Career coaching,Chesterfield,Chesterfield,single
202,Chesterfield-Marlboro EOC,basic-needs,Chesterfield / Chesterfield County,Chesterfield-Marlboro EOC provides emergency assistance and community support for Chesterfield County residents including uninsured and Medicaid patients such as returning citizens establishing local stability after release from SCDC custody or county jails. Direct assistance services—not a walk-in benefits or probation office.,"Chesterfield-Marlboro EOC brinda servicios para residentes del condado Chesterfield incluidos pacientes sin seguro y Medicaid como ciudadanos que regresan que establecen estabilidad local después de la liberación. Servicios directos, no oficina de beneficios ni de probatoria.",203 Main Street,Chesterfield,843-623-5111,,https://cmeoc.org,Open to Chesterfield County residents; sliding-fee and Medicaid patients welcome including justice-involved adults.,Abierto a residentes del condado Chesterfield; pacientes con tarifa móvil y Medicaid bienvenidos incluidos adultos con antecedentes penales.,Call 843-623-5111 for appointments and services; pairs with SC Works Chesterfield and county DSS.,Llame al 843-623-5111 para citas y servicios; se vincula con SC Works Chesterfield y DSS del condado.,Monday–Friday business hours; call for hours,chesterfield|basic-needs|rural|reentry,Emergency assistance|Referral navigation|Utility help|Case management|Benefits referrals,Chesterfield,Chesterfield,single
203,SC Works Career Center — Clarendon County,employment,Manning / Clarendon County,"SC Works Career Center Clarendon County in Manning connects job seekers including justice-involved adults from Clarendon County jails and SCDC custody to WIOA-funded training, resume assistance, fair-chance employment navigation, and SC Works online job matching. Staff link returning citizens to local healthcare, food, and reentry partners in rural Clarendon County. Free core career services—not emergency cash or housing placement.","SC Works Career Center del condado Clarendon en Manning conecta buscadores de empleo incluidos adultos con antecedentes penales de cárceles del condado Clarendon y custodia SCDC con capacitación WIOA, ayuda con currículum y navegación de empleo de segunda oportunidad. Servicios básicos de carrera gratuitos.",21 W. Rigby Street,Manning,803-435-4418,,https://www.scworks.org,Open to Clarendon County job seekers including justice-involved individuals; core SC Works services are free.,Abierto a buscadores de empleo del condado Clarendon incluidas personas con antecedentes penales; servicios básicos de SC Works son gratuitos.,Register at scworks.org; call 803-435-4418; pairs with county DSS and local community action partners.,Regístrese en scworks.org; llame al 803-435-4418; se vincula con DSS del condado y aliados de acción comunitaria.,Monday–Friday business hours; call ahead in rural counties,manning|clarendon|employment|SC-Works|WIOA|reentry|fair-chance,Job search assistance|Resume preparation|WIOA training referrals|Fair-chance employment|Career coaching,Clarendon,Clarendon,single
204,Clarendon County Food Bank,food-nutrition,Manning / Clarendon County,"Clarendon County Food Bank provides emergency food, basic needs assistance, and referral navigation for Clarendon County residents including uninsured and Medicaid patients such as returning citizens establishing local food security and basic needs after release from SCDC custody or county jails. Direct assistance services—not a walk-in benefits or probation office.","Clarendon County Food Bank brinda servicios para residentes del condado Clarendon incluidos pacientes sin seguro y Medicaid como ciudadanos que regresan que establecen seguridad alimentaria local después de la liberación. Servicios directos, no oficina de beneficios ni de probatoria.",21 W. Rigby Street,Manning,803-435-6954,,https://harvesthope.org,Open to Clarendon County residents; sliding-fee and Medicaid patients welcome including justice-involved adults.,Abierto a residentes del condado Clarendon; pacientes con tarifa móvil y Medicaid bienvenidos incluidos adultos con antecedentes penales.,Call 803-435-6954 for appointments and services; pairs with SC Works Clarendon and county DSS.,Llame al 803-435-6954 para citas y servicios; se vincula con SC Works Clarendon y DSS del condado.,Monday–Friday business hours; call for hours,clarendon|food-nutrition|rural|reentry,Emergency food|Pantry distribution|SNAP complement|Client registration|Nutrition support,Clarendon,Clarendon,single
205,SC Works Career Center — Dillon County,employment,Dillon / Dillon County,"SC Works Career Center Dillon County in Dillon connects job seekers including justice-involved adults from Dillon County jails and SCDC custody to WIOA-funded training, resume assistance, fair-chance employment navigation, and SC Works online job matching. Staff link returning citizens to local healthcare, food, and reentry partners in rural Dillon County. Free core career services—not emergency cash or housing placement.","SC Works Career Center del condado Dillon en Dillon conecta buscadores de empleo incluidos adultos con antecedentes penales de cárceles del condado Dillon y custodia SCDC con capacitación WIOA, ayuda con currículum y navegación de empleo de segunda oportunidad. Servicios básicos de carrera gratuitos.",204 W. Hampton Street,Dillon,843-774-1402,,https://www.scworks.org,Open to Dillon County job seekers including justice-involved individuals; core SC Works services are free.,Abierto a buscadores de empleo del condado Dillon incluidas personas con antecedentes penales; servicios básicos de SC Works son gratuitos.,Register at scworks.org; call 843-774-1402; pairs with county DSS and local community action partners.,Regístrese en scworks.org; llame al 843-774-1402; se vincula con DSS del condado y aliados de acción comunitaria.,Monday–Friday business hours; call ahead in rural counties,dillon|dillon|employment|SC-Works|WIOA|reentry|fair-chance,Job search assistance|Resume preparation|WIOA training referrals|Fair-chance employment|Career coaching,Dillon,Dillon,single
206,Dillon County Health Department,healthcare,Dillon / Dillon County,"Dillon County Health Department provides primary care, emergency services, and community health outreach for Dillon County residents including uninsured and Medicaid patients such as returning citizens establishing local medical care after release from SCDC custody or county jails. Direct clinical services—not a walk-in benefits or probation office.","Dillon County Health Department brinda servicios para residentes del condado Dillon incluidos pacientes sin seguro y Medicaid como ciudadanos que regresan que establecen atención médica local después de la liberación. Servicios directos, no oficina de beneficios ni de probatoria.",111 W. Hampton Street,Dillon,843-774-4500,,https://scdhec.gov,Open to Dillon County residents; sliding-fee and Medicaid patients welcome including justice-involved adults.,Abierto a residentes del condado Dillon; pacientes con tarifa móvil y Medicaid bienvenidos incluidos adultos con antecedentes penales.,Call 843-774-4500 for appointments and services; pairs with SC Works Dillon and county DSS.,Llame al 843-774-4500 para citas y servicios; se vincula con SC Works Dillon y DSS del condado.,Emergency 24/7; call for hours,dillon|healthcare|rural|reentry,Primary care|Emergency services|Community health outreach|Sliding-fee care|Specialist referrals,Dillon,Dillon,single
207,SC Works Career Center — Edgefield County,employment,Edgefield / Edgefield County,"SC Works Career Center Edgefield County in Edgefield connects job seekers including justice-involved adults from Edgefield County jails and SCDC custody to WIOA-funded training, resume assistance, fair-chance employment navigation, and SC Works online job matching. Staff link returning citizens to local healthcare, food, and reentry partners in rural Edgefield County. Free core career services—not emergency cash or housing placement.","SC Works Career Center del condado Edgefield en Edgefield conecta buscadores de empleo incluidos adultos con antecedentes penales de cárceles del condado Edgefield y custodia SCDC con capacitación WIOA, ayuda con currículum y navegación de empleo de segunda oportunidad. Servicios básicos de carrera gratuitos.",201 Edgefield Highway,Edgefield,803-637-4073,,https://www.scworks.org,Open to Edgefield County job seekers including justice-involved individuals; core SC Works services are free.,Abierto a buscadores de empleo del condado Edgefield incluidas personas con antecedentes penales; servicios básicos de SC Works son gratuitos.,Register at scworks.org; call 803-637-4073; pairs with county DSS and local community action partners.,Regístrese en scworks.org; llame al 803-637-4073; se vincula con DSS del condado y aliados de acción comunitaria.,Monday–Friday business hours; call ahead in rural counties,edgefield|edgefield|employment|SC-Works|WIOA|reentry|fair-chance,Job search assistance|Resume preparation|WIOA training referrals|Fair-chance employment|Career coaching,Edgefield,Edgefield,single
208,Edgefield County DSS Food Referral,food-nutrition,Edgefield / Edgefield County,"Edgefield County DSS Food Referral provides emergency food, basic needs assistance, and referral navigation for Edgefield County residents including uninsured and Medicaid patients such as returning citizens establishing local food security and basic needs after release from SCDC custody or county jails. Direct assistance services—not a walk-in benefits or probation office.","Edgefield County DSS Food Referral brinda servicios para residentes del condado Edgefield incluidos pacientes sin seguro y Medicaid como ciudadanos que regresan que establecen seguridad alimentaria local después de la liberación. Servicios directos, no oficina de beneficios ni de probatoria.",201 Edgefield Highway,Edgefield,803-637-3011,,https://harvesthope.org,Open to Edgefield County residents; sliding-fee and Medicaid patients welcome including justice-involved adults.,Abierto a residentes del condado Edgefield; pacientes con tarifa móvil y Medicaid bienvenidos incluidos adultos con antecedentes penales.,Call 803-637-3011 for appointments and services; pairs with SC Works Edgefield and county DSS.,Llame al 803-637-3011 para citas y servicios; se vincula con SC Works Edgefield y DSS del condado.,Monday–Friday business hours; call for hours,edgefield|food-nutrition|rural|reentry,Emergency food|Pantry distribution|SNAP complement|Client registration|Nutrition support,Edgefield,Edgefield,single
209,SC Works Career Center — Fairfield County,employment,Winnsboro / Fairfield County,"SC Works Career Center Fairfield County in Winnsboro connects job seekers including justice-involved adults from Fairfield County jails and SCDC custody to WIOA-funded training, resume assistance, fair-chance employment navigation, and SC Works online job matching. Staff link returning citizens to local healthcare, food, and reentry partners in rural Fairfield County. Free core career services—not emergency cash or housing placement.","SC Works Career Center del condado Fairfield en Winnsboro conecta buscadores de empleo incluidos adultos con antecedentes penales de cárceles del condado Fairfield y custodia SCDC con capacitación WIOA, ayuda con currículum y navegación de empleo de segunda oportunidad. Servicios básicos de carrera gratuitos.",101 S. Congress Street,Winnsboro,803-635-5515,,https://www.scworks.org,Open to Fairfield County job seekers including justice-involved individuals; core SC Works services are free.,Abierto a buscadores de empleo del condado Fairfield incluidas personas con antecedentes penales; servicios básicos de SC Works son gratuitos.,Register at scworks.org; call 803-635-5515; pairs with county DSS and local community action partners.,Regístrese en scworks.org; llame al 803-635-5515; se vincula con DSS del condado y aliados de acción comunitaria.,Monday–Friday business hours; call ahead in rural counties,winnsboro|fairfield|employment|SC-Works|WIOA|reentry|fair-chance,Job search assistance|Resume preparation|WIOA training referrals|Fair-chance employment|Career coaching,Fairfield,Fairfield,single
210,Fairfield Behavioral Health Services,healthcare,Winnsboro / Fairfield County,"Fairfield Behavioral Health Services provides primary care, emergency services, and community health outreach for Fairfield County residents including uninsured and Medicaid patients such as returning citizens establishing local medical care after release from SCDC custody or county jails. Direct clinical services—not a walk-in benefits or probation office.","Fairfield Behavioral Health Services brinda servicios para residentes del condado Fairfield incluidos pacientes sin seguro y Medicaid como ciudadanos que regresan que establecen atención médica local después de la liberación. Servicios directos, no oficina de beneficios ni de probatoria.",101 S. Congress Street,Winnsboro,803-635-2335,,https://scdmh.net,Open to Fairfield County residents; sliding-fee and Medicaid patients welcome including justice-involved adults.,Abierto a residentes del condado Fairfield; pacientes con tarifa móvil y Medicaid bienvenidos incluidos adultos con antecedentes penales.,Call 803-635-2335 for appointments and services; pairs with SC Works Fairfield and county DSS.,Llame al 803-635-2335 para citas y servicios; se vincula con SC Works Fairfield y DSS del condado.,Emergency 24/7; call for hours,fairfield|healthcare|rural|reentry,Primary care|Emergency services|Community health outreach|Sliding-fee care|Specialist referrals,Fairfield,Fairfield,single
211,SC Works Career Center — Hampton County,employment,Hampton / Hampton County,"SC Works Career Center Hampton County in Hampton connects job seekers including justice-involved adults from Hampton County jails and SCDC custody to WIOA-funded training, resume assistance, fair-chance employment navigation, and SC Works online job matching. Staff link returning citizens to local healthcare, food, and reentry partners in rural Hampton County. Free core career services—not emergency cash or housing placement.","SC Works Career Center del condado Hampton en Hampton conecta buscadores de empleo incluidos adultos con antecedentes penales de cárceles del condado Hampton y custodia SCDC con capacitación WIOA, ayuda con currículum y navegación de empleo de segunda oportunidad. Servicios básicos de carrera gratuitos.",208 Lee Avenue,Hampton,803-943-2200,,https://www.scworks.org,Open to Hampton County job seekers including justice-involved individuals; core SC Works services are free.,Abierto a buscadores de empleo del condado Hampton incluidas personas con antecedentes penales; servicios básicos de SC Works son gratuitos.,Register at scworks.org; call 803-943-2200; pairs with county DSS and local community action partners.,Regístrese en scworks.org; llame al 803-943-2200; se vincula con DSS del condado y aliados de acción comunitaria.,Monday–Friday business hours; call ahead in rural counties,hampton|hampton|employment|SC-Works|WIOA|reentry|fair-chance,Job search assistance|Resume preparation|WIOA training referrals|Fair-chance employment|Career coaching,Hampton,Hampton,single
212,Hampton Regional Medical Center,healthcare,Hampton / Hampton County,"Hampton Regional Medical Center provides primary care, emergency services, and community health outreach for Hampton County residents including uninsured and Medicaid patients such as returning citizens establishing local medical care after release from SCDC custody or county jails. Direct clinical services—not a walk-in benefits or probation office.","Hampton Regional Medical Center brinda servicios para residentes del condado Hampton incluidos pacientes sin seguro y Medicaid como ciudadanos que regresan que establecen atención médica local después de la liberación. Servicios directos, no oficina de beneficios ni de probatoria.",595 W. Carolina Avenue,Hampton,803-943-2771,,https://hamptonregional.org,Open to Hampton County residents; sliding-fee and Medicaid patients welcome including justice-involved adults.,Abierto a residentes del condado Hampton; pacientes con tarifa móvil y Medicaid bienvenidos incluidos adultos con antecedentes penales.,Call 803-943-2771 for appointments and services; pairs with SC Works Hampton and county DSS.,Llame al 803-943-2771 para citas y servicios; se vincula con SC Works Hampton y DSS del condado.,Emergency 24/7; call for hours,hampton|healthcare|rural|reentry,Primary care|Emergency services|Community health outreach|Sliding-fee care|Specialist referrals,Hampton,Hampton,single
213,SC Works Career Center — Jasper County,employment,Ridgeland / Jasper County,"SC Works Career Center Jasper County in Ridgeland connects job seekers including justice-involved adults from Jasper County jails and SCDC custody to WIOA-funded training, resume assistance, fair-chance employment navigation, and SC Works online job matching. Staff link returning citizens to local healthcare, food, and reentry partners in rural Jasper County. Free core career services—not emergency cash or housing placement.","SC Works Career Center del condado Jasper en Ridgeland conecta buscadores de empleo incluidos adultos con antecedentes penales de cárceles del condado Jasper y custodia SCDC con capacitación WIOA, ayuda con currículum y navegación de empleo de segunda oportunidad. Servicios básicos de carrera gratuitos.",358 Third Avenue,Ridgeland,843-726-7611,,https://www.scworks.org,Open to Jasper County job seekers including justice-involved individuals; core SC Works services are free.,Abierto a buscadores de empleo del condado Jasper incluidas personas con antecedentes penales; servicios básicos de SC Works son gratuitos.,Register at scworks.org; call 843-726-7611; pairs with county DSS and local community action partners.,Regístrese en scworks.org; llame al 843-726-7611; se vincula con DSS del condado y aliados de acción comunitaria.,Monday–Friday business hours; call ahead in rural counties,ridgeland|jasper|employment|SC-Works|WIOA|reentry|fair-chance,Job search assistance|Resume preparation|WIOA training referrals|Fair-chance employment|Career coaching,Jasper,Jasper,single
214,Beaufort-Jasper-Hampton Comprehensive Health,healthcare,Ridgeland / Jasper County,"Beaufort-Jasper-Hampton Comprehensive Health provides primary care, emergency services, and community health outreach for Jasper County residents including uninsured and Medicaid patients such as returning citizens establishing local medical care after release from SCDC custody or county jails. Direct clinical services—not a walk-in benefits or probation office.","Beaufort-Jasper-Hampton Comprehensive Health brinda servicios para residentes del condado Jasper incluidos pacientes sin seguro y Medicaid como ciudadanos que regresan que establecen atención médica local después de la liberación. Servicios directos, no oficina de beneficios ni de probatoria.",106 Beaufort Industrial Village,Ridgeland,843-524-3393,,https://coastalempirecmhc.org,Open to Jasper County residents; sliding-fee and Medicaid patients welcome including justice-involved adults.,Abierto a residentes del condado Jasper; pacientes con tarifa móvil y Medicaid bienvenidos incluidos adultos con antecedentes penales.,Call 843-524-3393 for appointments and services; pairs with SC Works Jasper and county DSS.,Llame al 843-524-3393 para citas y servicios; se vincula con SC Works Jasper y DSS del condado.,Emergency 24/7; call for hours,jasper|healthcare|rural|reentry,Primary care|Emergency services|Community health outreach|Sliding-fee care|Specialist referrals,Jasper,Jasper,single
215,SC Works Career Center — Kershaw County,employment,Camden / Kershaw County,"SC Works Career Center Kershaw County in Camden connects job seekers including justice-involved adults from Kershaw County jails and SCDC custody to WIOA-funded training, resume assistance, fair-chance employment navigation, and SC Works online job matching. Staff link returning citizens to local healthcare, food, and reentry partners in rural Kershaw County. Free core career services—not emergency cash or housing placement.","SC Works Career Center del condado Kershaw en Camden conecta buscadores de empleo incluidos adultos con antecedentes penales de cárceles del condado Kershaw y custodia SCDC con capacitación WIOA, ayuda con currículum y navegación de empleo de segunda oportunidad. Servicios básicos de carrera gratuitos.",1121 Broad Street,Camden,803-432-5620,,https://www.scworks.org,Open to Kershaw County job seekers including justice-involved individuals; core SC Works services are free.,Abierto a buscadores de empleo del condado Kershaw incluidas personas con antecedentes penales; servicios básicos de SC Works son gratuitos.,Register at scworks.org; call 803-432-5620; pairs with county DSS and local community action partners.,Regístrese en scworks.org; llame al 803-432-5620; se vincula con DSS del condado y aliados de acción comunitaria.,Monday–Friday business hours; call ahead in rural counties,camden|kershaw|employment|SC-Works|WIOA|reentry|fair-chance,Job search assistance|Resume preparation|WIOA training referrals|Fair-chance employment|Career coaching,Kershaw,Kershaw,single
216,Kershaw County Food Pantry,food-nutrition,Camden / Kershaw County,"Kershaw County Food Pantry provides emergency food, basic needs assistance, and referral navigation for Kershaw County residents including uninsured and Medicaid patients such as returning citizens establishing local food security and basic needs after release from SCDC custody or county jails. Direct assistance services—not a walk-in benefits or probation office.","Kershaw County Food Pantry brinda servicios para residentes del condado Kershaw incluidos pacientes sin seguro y Medicaid como ciudadanos que regresan que establecen seguridad alimentaria local después de la liberación. Servicios directos, no oficina de beneficios ni de probatoria.",1121 Broad Street,Camden,803-432-0951,,https://harvesthope.org,Open to Kershaw County residents; sliding-fee and Medicaid patients welcome including justice-involved adults.,Abierto a residentes del condado Kershaw; pacientes con tarifa móvil y Medicaid bienvenidos incluidos adultos con antecedentes penales.,Call 803-432-0951 for appointments and services; pairs with SC Works Kershaw and county DSS.,Llame al 803-432-0951 para citas y servicios; se vincula con SC Works Kershaw y DSS del condado.,Monday–Friday business hours; call for hours,kershaw|food-nutrition|rural|reentry,Emergency food|Pantry distribution|SNAP complement|Client registration|Nutrition support,Kershaw,Kershaw,single
217,SC Works Career Center — Lee County,employment,Bishopville / Lee County,"SC Works Career Center Lee County in Bishopville connects job seekers including justice-involved adults from Lee County jails and SCDC custody to WIOA-funded training, resume assistance, fair-chance employment navigation, and SC Works online job matching. Staff link returning citizens to local healthcare, food, and reentry partners in rural Lee County. Free core career services—not emergency cash or housing placement.","SC Works Career Center del condado Lee en Bishopville conecta buscadores de empleo incluidos adultos con antecedentes penales de cárceles del condado Lee y custodia SCDC con capacitación WIOA, ayuda con currículum y navegación de empleo de segunda oportunidad. Servicios básicos de carrera gratuitos.",123 E. Council Street,Bishopville,803-484-6121,,https://www.scworks.org,Open to Lee County job seekers including justice-involved individuals; core SC Works services are free.,Abierto a buscadores de empleo del condado Lee incluidas personas con antecedentes penales; servicios básicos de SC Works son gratuitos.,Register at scworks.org; call 803-484-6121; pairs with county DSS and local community action partners.,Regístrese en scworks.org; llame al 803-484-6121; se vincula con DSS del condado y aliados de acción comunitaria.,Monday–Friday business hours; call ahead in rural counties,bishopville|lee|employment|SC-Works|WIOA|reentry|fair-chance,Job search assistance|Resume preparation|WIOA training referrals|Fair-chance employment|Career coaching,Lee,Lee,single
218,Lee County DSS Emergency Assistance,basic-needs,Bishopville / Lee County,Lee County DSS Emergency Assistance provides emergency assistance and community support for Lee County residents including uninsured and Medicaid patients such as returning citizens establishing local stability after release from SCDC custody or county jails. Direct assistance services—not a walk-in benefits or probation office.,"Lee County DSS Emergency Assistance brinda servicios para residentes del condado Lee incluidos pacientes sin seguro y Medicaid como ciudadanos que regresan que establecen estabilidad local después de la liberación. Servicios directos, no oficina de beneficios ni de probatoria.",123 E. Council Street,Bishopville,803-484-5511,,https://portal.dss.sc.gov,Open to Lee County residents; sliding-fee and Medicaid patients welcome including justice-involved adults.,Abierto a residentes del condado Lee; pacientes con tarifa móvil y Medicaid bienvenidos incluidos adultos con antecedentes penales.,Call 803-484-5511 for appointments and services; pairs with SC Works Lee and county DSS.,Llame al 803-484-5511 para citas y servicios; se vincula con SC Works Lee y DSS del condado.,Monday–Friday business hours; call for hours,lee|basic-needs|rural|reentry,Emergency assistance|Referral navigation|Utility help|Case management|Benefits referrals,Lee,Lee,single
219,SC Works Career Center — Marion County,employment,Marion / Marion County,"SC Works Career Center Marion County in Marion connects job seekers including justice-involved adults from Marion County jails and SCDC custody to WIOA-funded training, resume assistance, fair-chance employment navigation, and SC Works online job matching. Staff link returning citizens to local healthcare, food, and reentry partners in rural Marion County. Free core career services—not emergency cash or housing placement.","SC Works Career Center del condado Marion en Marion conecta buscadores de empleo incluidos adultos con antecedentes penales de cárceles del condado Marion y custodia SCDC con capacitación WIOA, ayuda con currículum y navegación de empleo de segunda oportunidad. Servicios básicos de carrera gratuitos.",1205 N. Main Street,Marion,843-423-2260,,https://www.scworks.org,Open to Marion County job seekers including justice-involved individuals; core SC Works services are free.,Abierto a buscadores de empleo del condado Marion incluidas personas con antecedentes penales; servicios básicos de SC Works son gratuitos.,Register at scworks.org; call 843-423-2260; pairs with county DSS and local community action partners.,Regístrese en scworks.org; llame al 843-423-2260; se vincula con DSS del condado y aliados de acción comunitaria.,Monday–Friday business hours; call ahead in rural counties,marion|marion|employment|SC-Works|WIOA|reentry|fair-chance,Job search assistance|Resume preparation|WIOA training referrals|Fair-chance employment|Career coaching,Marion,Marion,single
220,Marion County Medical Center,healthcare,Marion / Marion County,"Marion County Medical Center provides primary care, emergency services, and community health outreach for Marion County residents including uninsured and Medicaid patients such as returning citizens establishing local medical care after release from SCDC custody or county jails. Direct clinical services—not a walk-in benefits or probation office.","Marion County Medical Center brinda servicios para residentes del condado Marion incluidos pacientes sin seguro y Medicaid como ciudadanos que regresan que establecen atención médica local después de la liberación. Servicios directos, no oficina de beneficios ni de probatoria.",1205 N. Main Street,Marion,843-423-8281,,https://mcmchealthcare.com,Open to Marion County residents; sliding-fee and Medicaid patients welcome including justice-involved adults.,Abierto a residentes del condado Marion; pacientes con tarifa móvil y Medicaid bienvenidos incluidos adultos con antecedentes penales.,Call 843-423-8281 for appointments and services; pairs with SC Works Marion and county DSS.,Llame al 843-423-8281 para citas y servicios; se vincula con SC Works Marion y DSS del condado.,Emergency 24/7; call for hours,marion|healthcare|rural|reentry,Primary care|Emergency services|Community health outreach|Sliding-fee care|Specialist referrals,Marion,Marion,single
221,SC Works Career Center — Marlboro County,employment,Bennettsville / Marlboro County,"SC Works Career Center Marlboro County in Bennettsville connects job seekers including justice-involved adults from Marlboro County jails and SCDC custody to WIOA-funded training, resume assistance, fair-chance employment navigation, and SC Works online job matching. Staff link returning citizens to local healthcare, food, and reentry partners in rural Marlboro County. Free core career services—not emergency cash or housing placement.","SC Works Career Center del condado Marlboro en Bennettsville conecta buscadores de empleo incluidos adultos con antecedentes penales de cárceles del condado Marlboro y custodia SCDC con capacitación WIOA, ayuda con currículum y navegación de empleo de segunda oportunidad. Servicios básicos de carrera gratuitos.",201 S. Marlboro Street,Bennettsville,843-479-5610,,https://www.scworks.org,Open to Marlboro County job seekers including justice-involved individuals; core SC Works services are free.,Abierto a buscadores de empleo del condado Marlboro incluidas personas con antecedentes penales; servicios básicos de SC Works son gratuitos.,Register at scworks.org; call 843-479-5610; pairs with county DSS and local community action partners.,Regístrese en scworks.org; llame al 843-479-5610; se vincula con DSS del condado y aliados de acción comunitaria.,Monday–Friday business hours; call ahead in rural counties,bennettsville|marlboro|employment|SC-Works|WIOA|reentry|fair-chance,Job search assistance|Resume preparation|WIOA training referrals|Fair-chance employment|Career coaching,Marlboro,Marlboro,single
222,Marlboro County Hospital,healthcare,Bennettsville / Marlboro County,"Marlboro County Hospital provides primary care, emergency services, and community health outreach for Marlboro County residents including uninsured and Medicaid patients such as returning citizens establishing local medical care after release from SCDC custody or county jails. Direct clinical services—not a walk-in benefits or probation office.","Marlboro County Hospital brinda servicios para residentes del condado Marlboro incluidos pacientes sin seguro y Medicaid como ciudadanos que regresan que establecen atención médica local después de la liberación. Servicios directos, no oficina de beneficios ni de probatoria.",300 Medpark Drive,Bennettsville,843-479-1111,,https://mcleodhealth.org,Open to Marlboro County residents; sliding-fee and Medicaid patients welcome including justice-involved adults.,Abierto a residentes del condado Marlboro; pacientes con tarifa móvil y Medicaid bienvenidos incluidos adultos con antecedentes penales.,Call 843-479-1111 for appointments and services; pairs with SC Works Marlboro and county DSS.,Llame al 843-479-1111 para citas y servicios; se vincula con SC Works Marlboro y DSS del condado.,Emergency 24/7; call for hours,marlboro|healthcare|rural|reentry,Primary care|Emergency services|Community health outreach|Sliding-fee care|Specialist referrals,Marlboro,Marlboro,single
223,SC Works Career Center — McCormick County,employment,McCormick / McCormick County,"SC Works Career Center McCormick County in McCormick connects job seekers including justice-involved adults from McCormick County jails and SCDC custody to WIOA-funded training, resume assistance, fair-chance employment navigation, and SC Works online job matching. Staff link returning citizens to local healthcare, food, and reentry partners in rural McCormick County. Free core career services—not emergency cash or housing placement.","SC Works Career Center del condado McCormick en McCormick conecta buscadores de empleo incluidos adultos con antecedentes penales de cárceles del condado McCormick y custodia SCDC con capacitación WIOA, ayuda con currículum y navegación de empleo de segunda oportunidad. Servicios básicos de carrera gratuitos.",100 S. Main Street,McCormick,864-465-3551,,https://www.scworks.org,Open to McCormick County job seekers including justice-involved individuals; core SC Works services are free.,Abierto a buscadores de empleo del condado McCormick incluidas personas con antecedentes penales; servicios básicos de SC Works son gratuitos.,Register at scworks.org; call 864-465-3551; pairs with county DSS and local community action partners.,Regístrese en scworks.org; llame al 864-465-3551; se vincula con DSS del condado y aliados de acción comunitaria.,Monday–Friday business hours; call ahead in rural counties,mccormick|mccormick|employment|SC-Works|WIOA|reentry|fair-chance,Job search assistance|Resume preparation|WIOA training referrals|Fair-chance employment|Career coaching,McCormick,McCormick,single
224,McCormick County Hospital,healthcare,McCormick / McCormick County,"McCormick County Hospital provides primary care, emergency services, and community health outreach for McCormick County residents including uninsured and Medicaid patients such as returning citizens establishing local medical care after release from SCDC custody or county jails. Direct clinical services—not a walk-in benefits or probation office.","McCormick County Hospital brinda servicios para residentes del condado McCormick incluidos pacientes sin seguro y Medicaid como ciudadanos que regresan que establecen atención médica local después de la liberación. Servicios directos, no oficina de beneficios ni de probatoria.",100 Medical Park Drive,McCormick,864-465-3551,,https://selfregional.org,Open to McCormick County residents; sliding-fee and Medicaid patients welcome including justice-involved adults.,Abierto a residentes del condado McCormick; pacientes con tarifa móvil y Medicaid bienvenidos incluidos adultos con antecedentes penales.,Call 864-465-3551 for appointments and services; pairs with SC Works McCormick and county DSS.,Llame al 864-465-3551 para citas y servicios; se vincula con SC Works McCormick y DSS del condado.,Emergency 24/7; call for hours,mccormick|healthcare|rural|reentry,Primary care|Emergency services|Community health outreach|Sliding-fee care|Specialist referrals,McCormick,McCormick,single
225,SC Works Career Center — Saluda County,employment,Saluda / Saluda County,"SC Works Career Center Saluda County in Saluda connects job seekers including justice-involved adults from Saluda County jails and SCDC custody to WIOA-funded training, resume assistance, fair-chance employment navigation, and SC Works online job matching. Staff link returning citizens to local healthcare, food, and reentry partners in rural Saluda County. Free core career services—not emergency cash or housing placement.","SC Works Career Center del condado Saluda en Saluda conecta buscadores de empleo incluidos adultos con antecedentes penales de cárceles del condado Saluda y custodia SCDC con capacitación WIOA, ayuda con currículum y navegación de empleo de segunda oportunidad. Servicios básicos de carrera gratuitos.",201 E. Church Street,Saluda,864-445-4500,,https://www.scworks.org,Open to Saluda County job seekers including justice-involved individuals; core SC Works services are free.,Abierto a buscadores de empleo del condado Saluda incluidas personas con antecedentes penales; servicios básicos de SC Works son gratuitos.,Register at scworks.org; call 864-445-4500; pairs with county DSS and local community action partners.,Regístrese en scworks.org; llame al 864-445-4500; se vincula con DSS del condado y aliados de acción comunitaria.,Monday–Friday business hours; call ahead in rural counties,saluda|saluda|employment|SC-Works|WIOA|reentry|fair-chance,Job search assistance|Resume preparation|WIOA training referrals|Fair-chance employment|Career coaching,Saluda,Saluda,single
226,Saluda County Hospital,healthcare,Saluda / Saluda County,"Saluda County Hospital provides primary care, emergency services, and community health outreach for Saluda County residents including uninsured and Medicaid patients such as returning citizens establishing local medical care after release from SCDC custody or county jails. Direct clinical services—not a walk-in benefits or probation office.","Saluda County Hospital brinda servicios para residentes del condado Saluda incluidos pacientes sin seguro y Medicaid como ciudadanos que regresan que establecen atención médica local después de la liberación. Servicios directos, no oficina de beneficios ni de probatoria.",201 E. Church Street,Saluda,864-445-4500,,https://selfregional.org,Open to Saluda County residents; sliding-fee and Medicaid patients welcome including justice-involved adults.,Abierto a residentes del condado Saluda; pacientes con tarifa móvil y Medicaid bienvenidos incluidos adultos con antecedentes penales.,Call 864-445-4500 for appointments and services; pairs with SC Works Saluda and county DSS.,Llame al 864-445-4500 para citas y servicios; se vincula con SC Works Saluda y DSS del condado.,Emergency 24/7; call for hours,saluda|healthcare|rural|reentry,Primary care|Emergency services|Community health outreach|Sliding-fee care|Specialist referrals,Saluda,Saluda,single
227,SC Works Career Center — Union County,employment,Union / Union County,"SC Works Career Center Union County in Union connects job seekers including justice-involved adults from Union County jails and SCDC custody to WIOA-funded training, resume assistance, fair-chance employment navigation, and SC Works online job matching. Staff link returning citizens to local healthcare, food, and reentry partners in rural Union County. Free core career services—not emergency cash or housing placement.","SC Works Career Center del condado Union en Union conecta buscadores de empleo incluidos adultos con antecedentes penales de cárceles del condado Union y custodia SCDC con capacitación WIOA, ayuda con currículum y navegación de empleo de segunda oportunidad. Servicios básicos de carrera gratuitos.",111 S. Mountain Street,Union,864-427-4114,,https://www.scworks.org,Open to Union County job seekers including justice-involved individuals; core SC Works services are free.,Abierto a buscadores de empleo del condado Union incluidas personas con antecedentes penales; servicios básicos de SC Works son gratuitos.,Register at scworks.org; call 864-427-4114; pairs with county DSS and local community action partners.,Regístrese en scworks.org; llame al 864-427-4114; se vincula con DSS del condado y aliados de acción comunitaria.,Monday–Friday business hours; call ahead in rural counties,union|union|employment|SC-Works|WIOA|reentry|fair-chance,Job search assistance|Resume preparation|WIOA training referrals|Fair-chance employment|Career coaching,Union,Union,single
228,Union County Carnegie Library Workforce,employment,Union / Union County,Union County Carnegie Library Workforce provides emergency assistance and community support for Union County residents including uninsured and Medicaid patients such as returning citizens establishing local stability after release from SCDC custody or county jails. Direct assistance services—not a walk-in benefits or probation office.,"Union County Carnegie Library Workforce brinda servicios para residentes del condado Union incluidos pacientes sin seguro y Medicaid como ciudadanos que regresan que establecen estabilidad local después de la liberación. Servicios directos, no oficina de beneficios ni de probatoria.",111 S. Mountain Street,Union,864-427-7140,,https://scworks.org,Open to Union County residents; sliding-fee and Medicaid patients welcome including justice-involved adults.,Abierto a residentes del condado Union; pacientes con tarifa móvil y Medicaid bienvenidos incluidos adultos con antecedentes penales.,Call 864-427-7140 for appointments and services; pairs with SC Works Union and county DSS.,Llame al 864-427-7140 para citas y servicios; se vincula con SC Works Union y DSS del condado.,Monday–Friday business hours; call for hours,union|employment|rural|reentry,Emergency assistance|Referral navigation|Utility help|Case management|Benefits referrals,Union,Union,single
229,SC Works Career Center — Williamsburg County,employment,Kingstree / Williamsburg County,"SC Works Career Center Williamsburg County in Kingstree connects job seekers including justice-involved adults from Williamsburg County jails and SCDC custody to WIOA-funded training, resume assistance, fair-chance employment navigation, and SC Works online job matching. Staff link returning citizens to local healthcare, food, and reentry partners in rural Williamsburg County. Free core career services—not emergency cash or housing placement.","SC Works Career Center del condado Williamsburg en Kingstree conecta buscadores de empleo incluidos adultos con antecedentes penales de cárceles del condado Williamsburg y custodia SCDC con capacitación WIOA, ayuda con currículum y navegación de empleo de segunda oportunidad. Servicios básicos de carrera gratuitos.",201 N. Academy Street,Kingstree,843-355-9321,,https://www.scworks.org,Open to Williamsburg County job seekers including justice-involved individuals; core SC Works services are free.,Abierto a buscadores de empleo del condado Williamsburg incluidas personas con antecedentes penales; servicios básicos de SC Works son gratuitos.,Register at scworks.org; call 843-355-9321; pairs with county DSS and local community action partners.,Regístrese en scworks.org; llame al 843-355-9321; se vincula con DSS del condado y aliados de acción comunitaria.,Monday–Friday business hours; call ahead in rural counties,kingstree|williamsburg|employment|SC-Works|WIOA|reentry|fair-chance,Job search assistance|Resume preparation|WIOA training referrals|Fair-chance employment|Career coaching,Williamsburg,Williamsburg,single
230,Williamsburg County Hospital,healthcare,Kingstree / Williamsburg County,"Williamsburg County Hospital provides primary care, emergency services, and community health outreach for Williamsburg County residents including uninsured and Medicaid patients such as returning citizens establishing local medical care after release from SCDC custody or county jails. Direct clinical services—not a walk-in benefits or probation office.","Williamsburg County Hospital brinda servicios para residentes del condado Williamsburg incluidos pacientes sin seguro y Medicaid como ciudadanos que regresan que establecen atención médica local después de la liberación. Servicios directos, no oficina de beneficios ni de probatoria.",500 N. Academy Street,Kingstree,843-355-8900,,https://williamsburgregional.com,Open to Williamsburg County residents; sliding-fee and Medicaid patients welcome including justice-involved adults.,Abierto a residentes del condado Williamsburg; pacientes con tarifa móvil y Medicaid bienvenidos incluidos adultos con antecedentes penales.,Call 843-355-8900 for appointments and services; pairs with SC Works Williamsburg and county DSS.,Llame al 843-355-8900 para citas y servicios; se vincula con SC Works Williamsburg y DSS del condado.,Emergency 24/7; call for hours,williamsburg|healthcare|rural|reentry,Primary care|Emergency services|Community health outreach|Sliding-fee care|Specialist referrals,Williamsburg,Williamsburg,single
