source_url,source_type,date_accessed,confidence,notes,id_reference
https://www.tdcj.texas.gov/divisions/rrd/reentry_program.html,government,2026-07-08,high,Resource id 1: TDCJ — Reentry & Release Programs,1
https://www.tdcj.texas.gov/divisions/pd/index.html,government,2026-07-08,high,Resource id 2: TDCJ — Parole Division,2
https://yourtexasbenefits.com,government,2026-07-08,high,Resource id 3: Your Texas Benefits,3
https://www.hhs.texas.gov/services/health/medicaid-chip,government,2026-07-08,high,Resource id 4: Texas Medicaid & CHIP,4
https://www.211texas.org,government,2026-07-08,high,Resource id 5: 211 Texas,5
https://texaslawhelp.org,government,2026-07-08,high,Resource id 6: Texas Law Help,6
https://www.lonestarlegal.org,government,2026-07-08,high,Resource id 7: Lone Star Legal Aid — Statewide Intake,7
https://www.trla.org,government,2026-07-08,high,Resource id 8: Texas RioGrande Legal Aid,8
https://www.twc.texas.gov/jobseekers/find-work,government,2026-07-08,high,Resource id 9: Texas Workforce Commission — Find Work,9
https://www.tvc.texas.gov,government,2026-07-08,high,Resource id 10: Texas Veterans Commission,10
https://www.dps.texas.gov/section/driver-license,government,2026-07-08,high,Resource id 11: Texas DPS — Driver License & ID,11
https://www.dshs.texas.gov/vital-statistics,government,2026-07-08,high,Resource id 12: Texas Vital Records,12
https://988lifeline.org,government,2026-07-08,high,Resource id 13: 988 Suicide & Crisis Lifeline — Texas,13
https://www.samhsa.gov/find-help/national-helpline,government,2026-07-08,high,Resource id 14: SAMHSA National Helpline,14
https://findtreatment.gov,government,2026-07-08,high,Resource id 15: FindTreatment.gov — Texas Provider Search,15
https://www.tdcj.texas.gov/divisions/rrd/reentry_program.html,government,2026-07-08,high,Resource id 16: TDCJ Reentry Hotline,16
https://www.hhs.texas.gov/services/snap/apply-for-snap,government,2026-07-08,high,Resource id 17: Anderson County HHSC — Your Texas Benefits,17
https://www.hhs.texas.gov/services/snap/apply-for-snap,government,2026-07-08,high,Resource id 18: Andrews County HHSC — Your Texas Benefits,18
https://www.hhs.texas.gov/services/snap/apply-for-snap,government,2026-07-08,high,Resource id 19: Angelina County HHSC — Your Texas Benefits,19
https://www.hhs.texas.gov/services/snap/apply-for-snap,government,2026-07-08,high,Resource id 20: Aransas County HHSC — Your Texas Benefits,20
https://www.hhs.texas.gov/services/snap/apply-for-snap,government,2026-07-08,high,Resource id 21: Archer County HHSC — Your Texas Benefits,21
https://www.hhs.texas.gov/services/snap/apply-for-snap,government,2026-07-08,high,Resource id 22: Armstrong County HHSC — Your Texas Benefits,22
https://www.hhs.texas.gov/services/snap/apply-for-snap,government,2026-07-08,high,Resource id 23: Atascosa County HHSC — Your Texas Benefits,23
https://www.hhs.texas.gov/services/snap/apply-for-snap,government,2026-07-08,high,Resource id 24: Austin County HHSC — Your Texas Benefits,24
https://www.hhs.texas.gov/services/snap/apply-for-snap,government,2026-07-08,high,Resource id 25: Bailey County HHSC — Your Texas Benefits,25
https://www.hhs.texas.gov/services/snap/apply-for-snap,government,2026-07-08,high,Resource id 26: Bandera County HHSC — Your Texas Benefits,26
https://www.hhs.texas.gov/services/snap/apply-for-snap,government,2026-07-08,high,Resource id 27: Bastrop County HHSC — Your Texas Benefits,27
https://www.hhs.texas.gov/services/snap/apply-for-snap,government,2026-07-08,high,Resource id 28: Baylor County HHSC — Your Texas Benefits,28
https://www.hhs.texas.gov/services/snap/apply-for-snap,government,2026-07-08,high,Resource id 29: Bee County HHSC — Your Texas Benefits,29
https://www.hhs.texas.gov/services/snap/apply-for-snap,government,2026-07-08,high,Resource id 30: Bell County HHSC — Your Texas Benefits,30
https://www.hhs.texas.gov/services/snap/apply-for-snap,government,2026-07-08,high,Resource id 31: Bexar County HHSC — Your Texas Benefits,31
https://www.hhs.texas.gov/services/snap/apply-for-snap,government,2026-07-08,high,Resource id 32: Blanco County HHSC — Your Texas Benefits,32
https://www.hhs.texas.gov/services/snap/apply-for-snap,government,2026-07-08,high,Resource id 33: Borden County HHSC — Your Texas Benefits,33
https://www.hhs.texas.gov/services/snap/apply-for-snap,government,2026-07-08,high,Resource id 34: Bosque County HHSC — Your Texas Benefits,34
https://www.hhs.texas.gov/services/snap/apply-for-snap,government,2026-07-08,high,Resource id 35: Bowie County HHSC — Your Texas Benefits,35
https://www.hhs.texas.gov/services/snap/apply-for-snap,government,2026-07-08,high,Resource id 36: Brazoria County HHSC — Your Texas Benefits,36
https://www.hhs.texas.gov/services/snap/apply-for-snap,government,2026-07-08,high,Resource id 37: Brazos County HHSC — Your Texas Benefits,37
https://www.hhs.texas.gov/services/snap/apply-for-snap,government,2026-07-08,high,Resource id 38: Brewster County HHSC — Your Texas Benefits,38
https://www.hhs.texas.gov/services/snap/apply-for-snap,government,2026-07-08,high,Resource id 39: Briscoe County HHSC — Your Texas Benefits,39
https://www.hhs.texas.gov/services/snap/apply-for-snap,government,2026-07-08,high,Resource id 40: Brooks County HHSC — Your Texas Benefits,40
https://www.hhs.texas.gov/services/snap/apply-for-snap,government,2026-07-08,high,Resource id 41: Brown County HHSC — Your Texas Benefits,41
https://www.hhs.texas.gov/services/snap/apply-for-snap,government,2026-07-08,high,Resource id 42: Burleson County HHSC — Your Texas Benefits,42
https://www.hhs.texas.gov/services/snap/apply-for-snap,government,2026-07-08,high,Resource id 43: Burnet County HHSC — Your Texas Benefits,43
https://www.hhs.texas.gov/services/snap/apply-for-snap,government,2026-07-08,high,Resource id 44: Caldwell County HHSC — Your Texas Benefits,44
https://www.hhs.texas.gov/services/snap/apply-for-snap,government,2026-07-08,high,Resource id 45: Calhoun County HHSC — Your Texas Benefits,45
https://www.hhs.texas.gov/services/snap/apply-for-snap,government,2026-07-08,high,Resource id 46: Callahan County HHSC — Your Texas Benefits,46
https://www.hhs.texas.gov/services/snap/apply-for-snap,government,2026-07-08,high,Resource id 47: Cameron County HHSC — Your Texas Benefits,47
https://www.hhs.texas.gov/services/snap/apply-for-snap,government,2026-07-08,high,Resource id 48: Camp County HHSC — Your Texas Benefits,48
https://www.hhs.texas.gov/services/snap/apply-for-snap,government,2026-07-08,high,Resource id 49: Carson County HHSC — Your Texas Benefits,49
https://www.hhs.texas.gov/services/snap/apply-for-snap,government,2026-07-08,high,Resource id 50: Cass County HHSC — Your Texas Benefits,50
https://www.hhs.texas.gov/services/snap/apply-for-snap,government,2026-07-08,high,Resource id 51: Castro County HHSC — Your Texas Benefits,51
https://www.hhs.texas.gov/services/snap/apply-for-snap,government,2026-07-08,high,Resource id 52: Chambers County HHSC — Your Texas Benefits,52
https://www.hhs.texas.gov/services/snap/apply-for-snap,government,2026-07-08,high,Resource id 53: Cherokee County HHSC — Your Texas Benefits,53
https://www.hhs.texas.gov/services/snap/apply-for-snap,government,2026-07-08,high,Resource id 54: Childress County HHSC — Your Texas Benefits,54
https://www.hhs.texas.gov/services/snap/apply-for-snap,government,2026-07-08,high,Resource id 55: Clay County HHSC — Your Texas Benefits,55
https://www.hhs.texas.gov/services/snap/apply-for-snap,government,2026-07-08,high,Resource id 56: Cochran County HHSC — Your Texas Benefits,56
https://www.hhs.texas.gov/services/snap/apply-for-snap,government,2026-07-08,high,Resource id 57: Coke County HHSC — Your Texas Benefits,57
https://www.hhs.texas.gov/services/snap/apply-for-snap,government,2026-07-08,high,Resource id 58: Coleman County HHSC — Your Texas Benefits,58
https://www.hhs.texas.gov/services/snap/apply-for-snap,government,2026-07-08,high,Resource id 59: Collin County HHSC — Your Texas Benefits,59
https://www.hhs.texas.gov/services/snap/apply-for-snap,government,2026-07-08,high,Resource id 60: Collingsworth County HHSC — Your Texas Benefits,60
https://www.hhs.texas.gov/services/snap/apply-for-snap,government,2026-07-08,high,Resource id 61: Colorado County HHSC — Your Texas Benefits,61
https://www.hhs.texas.gov/services/snap/apply-for-snap,government,2026-07-08,high,Resource id 62: Comal County HHSC — Your Texas Benefits,62
https://www.hhs.texas.gov/services/snap/apply-for-snap,government,2026-07-08,high,Resource id 63: Comanche County HHSC — Your Texas Benefits,63
https://www.hhs.texas.gov/services/snap/apply-for-snap,government,2026-07-08,high,Resource id 64: Concho County HHSC — Your Texas Benefits,64
https://www.hhs.texas.gov/services/snap/apply-for-snap,government,2026-07-08,high,Resource id 65: Cooke County HHSC — Your Texas Benefits,65
https://www.hhs.texas.gov/services/snap/apply-for-snap,government,2026-07-08,high,Resource id 66: Coryell County HHSC — Your Texas Benefits,66
https://www.hhs.texas.gov/services/snap/apply-for-snap,government,2026-07-08,high,Resource id 67: Cottle County HHSC — Your Texas Benefits,67
https://www.hhs.texas.gov/services/snap/apply-for-snap,government,2026-07-08,high,Resource id 68: Crane County HHSC — Your Texas Benefits,68
https://www.hhs.texas.gov/services/snap/apply-for-snap,government,2026-07-08,high,Resource id 69: Crockett County HHSC — Your Texas Benefits,69
https://www.hhs.texas.gov/services/snap/apply-for-snap,government,2026-07-08,high,Resource id 70: Crosby County HHSC — Your Texas Benefits,70
https://www.hhs.texas.gov/services/snap/apply-for-snap,government,2026-07-08,high,Resource id 71: Culberson County HHSC — Your Texas Benefits,71
https://www.hhs.texas.gov/services/snap/apply-for-snap,government,2026-07-08,high,Resource id 72: Dallam County HHSC — Your Texas Benefits,72
https://www.hhs.texas.gov/services/snap/apply-for-snap,government,2026-07-08,high,Resource id 73: Dallas County HHSC — Your Texas Benefits,73
https://www.hhs.texas.gov/services/snap/apply-for-snap,government,2026-07-08,high,Resource id 74: Dawson County HHSC — Your Texas Benefits,74
https://www.hhs.texas.gov/services/snap/apply-for-snap,government,2026-07-08,high,Resource id 75: DeWitt County HHSC — Your Texas Benefits,75
https://www.hhs.texas.gov/services/snap/apply-for-snap,government,2026-07-08,high,Resource id 76: Deaf Smith County HHSC — Your Texas Benefits,76
https://www.hhs.texas.gov/services/snap/apply-for-snap,government,2026-07-08,high,Resource id 77: Delta County HHSC — Your Texas Benefits,77
https://www.hhs.texas.gov/services/snap/apply-for-snap,government,2026-07-08,high,Resource id 78: Denton County HHSC — Your Texas Benefits,78
https://www.hhs.texas.gov/services/snap/apply-for-snap,government,2026-07-08,high,Resource id 79: Dickens County HHSC — Your Texas Benefits,79
https://www.hhs.texas.gov/services/snap/apply-for-snap,government,2026-07-08,high,Resource id 80: Dimmit County HHSC — Your Texas Benefits,80
https://www.hhs.texas.gov/services/snap/apply-for-snap,government,2026-07-08,high,Resource id 81: Donley County HHSC — Your Texas Benefits,81
https://www.hhs.texas.gov/services/snap/apply-for-snap,government,2026-07-08,high,Resource id 82: Duval County HHSC — Your Texas Benefits,82
https://www.hhs.texas.gov/services/snap/apply-for-snap,government,2026-07-08,high,Resource id 83: Eastland County HHSC — Your Texas Benefits,83
https://www.hhs.texas.gov/services/snap/apply-for-snap,government,2026-07-08,high,Resource id 84: Ector County HHSC — Your Texas Benefits,84
https://www.hhs.texas.gov/services/snap/apply-for-snap,government,2026-07-08,high,Resource id 85: Edwards County HHSC — Your Texas Benefits,85
https://www.hhs.texas.gov/services/snap/apply-for-snap,government,2026-07-08,high,Resource id 86: El Paso County HHSC — Your Texas Benefits,86
https://www.hhs.texas.gov/services/snap/apply-for-snap,government,2026-07-08,high,Resource id 87: Ellis County HHSC — Your Texas Benefits,87
https://www.hhs.texas.gov/services/snap/apply-for-snap,government,2026-07-08,high,Resource id 88: Erath County HHSC — Your Texas Benefits,88
https://www.hhs.texas.gov/services/snap/apply-for-snap,government,2026-07-08,high,Resource id 89: Falls County HHSC — Your Texas Benefits,89
https://www.hhs.texas.gov/services/snap/apply-for-snap,government,2026-07-08,high,Resource id 90: Fannin County HHSC — Your Texas Benefits,90
https://www.hhs.texas.gov/services/snap/apply-for-snap,government,2026-07-08,high,Resource id 91: Fayette County HHSC — Your Texas Benefits,91
https://www.hhs.texas.gov/services/snap/apply-for-snap,government,2026-07-08,high,Resource id 92: Fisher County HHSC — Your Texas Benefits,92
https://www.hhs.texas.gov/services/snap/apply-for-snap,government,2026-07-08,high,Resource id 93: Floyd County HHSC — Your Texas Benefits,93
https://www.hhs.texas.gov/services/snap/apply-for-snap,government,2026-07-08,high,Resource id 94: Foard County HHSC — Your Texas Benefits,94
https://www.hhs.texas.gov/services/snap/apply-for-snap,government,2026-07-08,high,Resource id 95: Fort Bend County HHSC — Your Texas Benefits,95
https://www.hhs.texas.gov/services/snap/apply-for-snap,government,2026-07-08,high,Resource id 96: Franklin County HHSC — Your Texas Benefits,96
https://www.hhs.texas.gov/services/snap/apply-for-snap,government,2026-07-08,high,Resource id 97: Freestone County HHSC — Your Texas Benefits,97
https://www.hhs.texas.gov/services/snap/apply-for-snap,government,2026-07-08,high,Resource id 98: Frio County HHSC — Your Texas Benefits,98
https://www.hhs.texas.gov/services/snap/apply-for-snap,government,2026-07-08,high,Resource id 99: Gaines County HHSC — Your Texas Benefits,99
https://www.hhs.texas.gov/services/snap/apply-for-snap,government,2026-07-08,high,Resource id 100: Galveston County HHSC — Your Texas Benefits,100
https://www.hhs.texas.gov/services/snap/apply-for-snap,government,2026-07-08,high,Resource id 101: Garza County HHSC — Your Texas Benefits,101
https://www.hhs.texas.gov/services/snap/apply-for-snap,government,2026-07-08,high,Resource id 102: Gillespie County HHSC — Your Texas Benefits,102
https://www.hhs.texas.gov/services/snap/apply-for-snap,government,2026-07-08,high,Resource id 103: Glasscock County HHSC — Your Texas Benefits,103
https://www.hhs.texas.gov/services/snap/apply-for-snap,government,2026-07-08,high,Resource id 104: Goliad County HHSC — Your Texas Benefits,104
https://www.hhs.texas.gov/services/snap/apply-for-snap,government,2026-07-08,high,Resource id 105: Gonzales County HHSC — Your Texas Benefits,105
https://www.hhs.texas.gov/services/snap/apply-for-snap,government,2026-07-08,high,Resource id 106: Gray County HHSC — Your Texas Benefits,106
https://www.hhs.texas.gov/services/snap/apply-for-snap,government,2026-07-08,high,Resource id 107: Grayson County HHSC — Your Texas Benefits,107
https://www.hhs.texas.gov/services/snap/apply-for-snap,government,2026-07-08,high,Resource id 108: Gregg County HHSC — Your Texas Benefits,108
https://www.hhs.texas.gov/services/snap/apply-for-snap,government,2026-07-08,high,Resource id 109: Grimes County HHSC — Your Texas Benefits,109
https://www.hhs.texas.gov/services/snap/apply-for-snap,government,2026-07-08,high,Resource id 110: Guadalupe County HHSC — Your Texas Benefits,110
https://www.hhs.texas.gov/services/snap/apply-for-snap,government,2026-07-08,high,Resource id 111: Hale County HHSC — Your Texas Benefits,111
https://www.hhs.texas.gov/services/snap/apply-for-snap,government,2026-07-08,high,Resource id 112: Hall County HHSC — Your Texas Benefits,112
https://www.hhs.texas.gov/services/snap/apply-for-snap,government,2026-07-08,high,Resource id 113: Hamilton County HHSC — Your Texas Benefits,113
https://www.hhs.texas.gov/services/snap/apply-for-snap,government,2026-07-08,high,Resource id 114: Hansford County HHSC — Your Texas Benefits,114
https://www.hhs.texas.gov/services/snap/apply-for-snap,government,2026-07-08,high,Resource id 115: Hardeman County HHSC — Your Texas Benefits,115
https://www.hhs.texas.gov/services/snap/apply-for-snap,government,2026-07-08,high,Resource id 116: Hardin County HHSC — Your Texas Benefits,116
https://www.hhs.texas.gov/services/snap/apply-for-snap,government,2026-07-08,high,Resource id 117: Harris County HHSC — Your Texas Benefits,117
https://www.hhs.texas.gov/services/snap/apply-for-snap,government,2026-07-08,high,Resource id 118: Harrison County HHSC — Your Texas Benefits,118
https://www.hhs.texas.gov/services/snap/apply-for-snap,government,2026-07-08,high,Resource id 119: Hartley County HHSC — Your Texas Benefits,119
https://www.hhs.texas.gov/services/snap/apply-for-snap,government,2026-07-08,high,Resource id 120: Haskell County HHSC — Your Texas Benefits,120
https://www.hhs.texas.gov/services/snap/apply-for-snap,government,2026-07-08,high,Resource id 121: Hays County HHSC — Your Texas Benefits,121
https://www.hhs.texas.gov/services/snap/apply-for-snap,government,2026-07-08,high,Resource id 122: Hemphill County HHSC — Your Texas Benefits,122
https://www.hhs.texas.gov/services/snap/apply-for-snap,government,2026-07-08,high,Resource id 123: Henderson County HHSC — Your Texas Benefits,123
https://www.hhs.texas.gov/services/snap/apply-for-snap,government,2026-07-08,high,Resource id 124: Hidalgo County HHSC — Your Texas Benefits,124
https://www.hhs.texas.gov/services/snap/apply-for-snap,government,2026-07-08,high,Resource id 125: Hill County HHSC — Your Texas Benefits,125
https://www.hhs.texas.gov/services/snap/apply-for-snap,government,2026-07-08,high,Resource id 126: Hockley County HHSC — Your Texas Benefits,126
https://www.hhs.texas.gov/services/snap/apply-for-snap,government,2026-07-08,high,Resource id 127: Hood County HHSC — Your Texas Benefits,127
https://www.hhs.texas.gov/services/snap/apply-for-snap,government,2026-07-08,high,Resource id 128: Hopkins County HHSC — Your Texas Benefits,128
https://www.hhs.texas.gov/services/snap/apply-for-snap,government,2026-07-08,high,Resource id 129: Houston County HHSC — Your Texas Benefits,129
https://www.hhs.texas.gov/services/snap/apply-for-snap,government,2026-07-08,high,Resource id 130: Howard County HHSC — Your Texas Benefits,130
https://www.hhs.texas.gov/services/snap/apply-for-snap,government,2026-07-08,high,Resource id 131: Hudspeth County HHSC — Your Texas Benefits,131
https://www.hhs.texas.gov/services/snap/apply-for-snap,government,2026-07-08,high,Resource id 132: Hunt County HHSC — Your Texas Benefits,132
https://www.hhs.texas.gov/services/snap/apply-for-snap,government,2026-07-08,high,Resource id 133: Hutchinson County HHSC — Your Texas Benefits,133
https://www.hhs.texas.gov/services/snap/apply-for-snap,government,2026-07-08,high,Resource id 134: Irion County HHSC — Your Texas Benefits,134
https://www.hhs.texas.gov/services/snap/apply-for-snap,government,2026-07-08,high,Resource id 135: Jack County HHSC — Your Texas Benefits,135
https://www.hhs.texas.gov/services/snap/apply-for-snap,government,2026-07-08,high,Resource id 136: Jackson County HHSC — Your Texas Benefits,136
https://www.hhs.texas.gov/services/snap/apply-for-snap,government,2026-07-08,high,Resource id 137: Jasper County HHSC — Your Texas Benefits,137
https://www.hhs.texas.gov/services/snap/apply-for-snap,government,2026-07-08,high,Resource id 138: Jeff Davis County HHSC — Your Texas Benefits,138
https://www.hhs.texas.gov/services/snap/apply-for-snap,government,2026-07-08,high,Resource id 139: Jefferson County HHSC — Your Texas Benefits,139
https://www.hhs.texas.gov/services/snap/apply-for-snap,government,2026-07-08,high,Resource id 140: Jim Hogg County HHSC — Your Texas Benefits,140
https://www.hhs.texas.gov/services/snap/apply-for-snap,government,2026-07-08,high,Resource id 141: Jim Wells County HHSC — Your Texas Benefits,141
https://www.hhs.texas.gov/services/snap/apply-for-snap,government,2026-07-08,high,Resource id 142: Johnson County HHSC — Your Texas Benefits,142
https://www.hhs.texas.gov/services/snap/apply-for-snap,government,2026-07-08,high,Resource id 143: Jones County HHSC — Your Texas Benefits,143
https://www.hhs.texas.gov/services/snap/apply-for-snap,government,2026-07-08,high,Resource id 144: Karnes County HHSC — Your Texas Benefits,144
https://www.hhs.texas.gov/services/snap/apply-for-snap,government,2026-07-08,high,Resource id 145: Kaufman County HHSC — Your Texas Benefits,145
https://www.hhs.texas.gov/services/snap/apply-for-snap,government,2026-07-08,high,Resource id 146: Kendall County HHSC — Your Texas Benefits,146
https://www.hhs.texas.gov/services/snap/apply-for-snap,government,2026-07-08,high,Resource id 147: Kenedy County HHSC — Your Texas Benefits,147
https://www.hhs.texas.gov/services/snap/apply-for-snap,government,2026-07-08,high,Resource id 148: Kent County HHSC — Your Texas Benefits,148
https://www.hhs.texas.gov/services/snap/apply-for-snap,government,2026-07-08,high,Resource id 149: Kerr County HHSC — Your Texas Benefits,149
https://www.hhs.texas.gov/services/snap/apply-for-snap,government,2026-07-08,high,Resource id 150: Kimble County HHSC — Your Texas Benefits,150
https://www.hhs.texas.gov/services/snap/apply-for-snap,government,2026-07-08,high,Resource id 151: King County HHSC — Your Texas Benefits,151
https://www.hhs.texas.gov/services/snap/apply-for-snap,government,2026-07-08,high,Resource id 152: Kinney County HHSC — Your Texas Benefits,152
https://www.hhs.texas.gov/services/snap/apply-for-snap,government,2026-07-08,high,Resource id 153: Kleberg County HHSC — Your Texas Benefits,153
https://www.hhs.texas.gov/services/snap/apply-for-snap,government,2026-07-08,high,Resource id 154: Knox County HHSC — Your Texas Benefits,154
https://www.hhs.texas.gov/services/snap/apply-for-snap,government,2026-07-08,high,Resource id 155: La Salle County HHSC — Your Texas Benefits,155
https://www.hhs.texas.gov/services/snap/apply-for-snap,government,2026-07-08,high,Resource id 156: Lamar County HHSC — Your Texas Benefits,156
https://www.hhs.texas.gov/services/snap/apply-for-snap,government,2026-07-08,high,Resource id 157: Lamb County HHSC — Your Texas Benefits,157
https://www.hhs.texas.gov/services/snap/apply-for-snap,government,2026-07-08,high,Resource id 158: Lampasas County HHSC — Your Texas Benefits,158
https://www.hhs.texas.gov/services/snap/apply-for-snap,government,2026-07-08,high,Resource id 159: Lavaca County HHSC — Your Texas Benefits,159
https://www.hhs.texas.gov/services/snap/apply-for-snap,government,2026-07-08,high,Resource id 160: Lee County HHSC — Your Texas Benefits,160
https://www.hhs.texas.gov/services/snap/apply-for-snap,government,2026-07-08,high,Resource id 161: Leon County HHSC — Your Texas Benefits,161
https://www.hhs.texas.gov/services/snap/apply-for-snap,government,2026-07-08,high,Resource id 162: Liberty County HHSC — Your Texas Benefits,162
https://www.hhs.texas.gov/services/snap/apply-for-snap,government,2026-07-08,high,Resource id 163: Limestone County HHSC — Your Texas Benefits,163
https://www.hhs.texas.gov/services/snap/apply-for-snap,government,2026-07-08,high,Resource id 164: Lipscomb County HHSC — Your Texas Benefits,164
https://www.hhs.texas.gov/services/snap/apply-for-snap,government,2026-07-08,high,Resource id 165: Live Oak County HHSC — Your Texas Benefits,165
https://www.hhs.texas.gov/services/snap/apply-for-snap,government,2026-07-08,high,Resource id 166: Llano County HHSC — Your Texas Benefits,166
https://www.hhs.texas.gov/services/snap/apply-for-snap,government,2026-07-08,high,Resource id 167: Loving County HHSC — Your Texas Benefits,167
https://www.hhs.texas.gov/services/snap/apply-for-snap,government,2026-07-08,high,Resource id 168: Lubbock County HHSC — Your Texas Benefits,168
https://www.hhs.texas.gov/services/snap/apply-for-snap,government,2026-07-08,high,Resource id 169: Lynn County HHSC — Your Texas Benefits,169
https://www.hhs.texas.gov/services/snap/apply-for-snap,government,2026-07-08,high,Resource id 170: Madison County HHSC — Your Texas Benefits,170
https://www.hhs.texas.gov/services/snap/apply-for-snap,government,2026-07-08,high,Resource id 171: Marion County HHSC — Your Texas Benefits,171
https://www.hhs.texas.gov/services/snap/apply-for-snap,government,2026-07-08,high,Resource id 172: Martin County HHSC — Your Texas Benefits,172
https://www.hhs.texas.gov/services/snap/apply-for-snap,government,2026-07-08,high,Resource id 173: Mason County HHSC — Your Texas Benefits,173
https://www.hhs.texas.gov/services/snap/apply-for-snap,government,2026-07-08,high,Resource id 174: Matagorda County HHSC — Your Texas Benefits,174
https://www.hhs.texas.gov/services/snap/apply-for-snap,government,2026-07-08,high,Resource id 175: Maverick County HHSC — Your Texas Benefits,175
https://www.hhs.texas.gov/services/snap/apply-for-snap,government,2026-07-08,high,Resource id 176: McCulloch County HHSC — Your Texas Benefits,176
https://www.hhs.texas.gov/services/snap/apply-for-snap,government,2026-07-08,high,Resource id 177: McLennan County HHSC — Your Texas Benefits,177
https://www.hhs.texas.gov/services/snap/apply-for-snap,government,2026-07-08,high,Resource id 178: McMullen County HHSC — Your Texas Benefits,178
https://www.hhs.texas.gov/services/snap/apply-for-snap,government,2026-07-08,high,Resource id 179: Medina County HHSC — Your Texas Benefits,179
https://www.hhs.texas.gov/services/snap/apply-for-snap,government,2026-07-08,high,Resource id 180: Menard County HHSC — Your Texas Benefits,180
https://www.hhs.texas.gov/services/snap/apply-for-snap,government,2026-07-08,high,Resource id 181: Midland County HHSC — Your Texas Benefits,181
https://www.hhs.texas.gov/services/snap/apply-for-snap,government,2026-07-08,high,Resource id 182: Milam County HHSC — Your Texas Benefits,182
https://www.hhs.texas.gov/services/snap/apply-for-snap,government,2026-07-08,high,Resource id 183: Mills County HHSC — Your Texas Benefits,183
https://www.hhs.texas.gov/services/snap/apply-for-snap,government,2026-07-08,high,Resource id 184: Mitchell County HHSC — Your Texas Benefits,184
https://www.hhs.texas.gov/services/snap/apply-for-snap,government,2026-07-08,high,Resource id 185: Montague County HHSC — Your Texas Benefits,185
https://www.hhs.texas.gov/services/snap/apply-for-snap,government,2026-07-08,high,Resource id 186: Montgomery County HHSC — Your Texas Benefits,186
https://www.hhs.texas.gov/services/snap/apply-for-snap,government,2026-07-08,high,Resource id 187: Moore County HHSC — Your Texas Benefits,187
https://www.hhs.texas.gov/services/snap/apply-for-snap,government,2026-07-08,high,Resource id 188: Morris County HHSC — Your Texas Benefits,188
https://www.hhs.texas.gov/services/snap/apply-for-snap,government,2026-07-08,high,Resource id 189: Motley County HHSC — Your Texas Benefits,189
https://www.hhs.texas.gov/services/snap/apply-for-snap,government,2026-07-08,high,Resource id 190: Nacogdoches County HHSC — Your Texas Benefits,190
https://www.hhs.texas.gov/services/snap/apply-for-snap,government,2026-07-08,high,Resource id 191: Navarro County HHSC — Your Texas Benefits,191
https://www.hhs.texas.gov/services/snap/apply-for-snap,government,2026-07-08,high,Resource id 192: Newton County HHSC — Your Texas Benefits,192
https://www.hhs.texas.gov/services/snap/apply-for-snap,government,2026-07-08,high,Resource id 193: Nolan County HHSC — Your Texas Benefits,193
https://www.hhs.texas.gov/services/snap/apply-for-snap,government,2026-07-08,high,Resource id 194: Nueces County HHSC — Your Texas Benefits,194
https://www.hhs.texas.gov/services/snap/apply-for-snap,government,2026-07-08,high,Resource id 195: Ochiltree County HHSC — Your Texas Benefits,195
https://www.hhs.texas.gov/services/snap/apply-for-snap,government,2026-07-08,high,Resource id 196: Oldham County HHSC — Your Texas Benefits,196
https://www.hhs.texas.gov/services/snap/apply-for-snap,government,2026-07-08,high,Resource id 197: Orange County HHSC — Your Texas Benefits,197
https://www.hhs.texas.gov/services/snap/apply-for-snap,government,2026-07-08,high,Resource id 198: Palo Pinto County HHSC — Your Texas Benefits,198
https://www.hhs.texas.gov/services/snap/apply-for-snap,government,2026-07-08,high,Resource id 199: Panola County HHSC — Your Texas Benefits,199
https://www.hhs.texas.gov/services/snap/apply-for-snap,government,2026-07-08,high,Resource id 200: Parker County HHSC — Your Texas Benefits,200
https://www.hhs.texas.gov/services/snap/apply-for-snap,government,2026-07-08,high,Resource id 201: Parmer County HHSC — Your Texas Benefits,201
https://www.hhs.texas.gov/services/snap/apply-for-snap,government,2026-07-08,high,Resource id 202: Pecos County HHSC — Your Texas Benefits,202
https://www.hhs.texas.gov/services/snap/apply-for-snap,government,2026-07-08,high,Resource id 203: Polk County HHSC — Your Texas Benefits,203
https://www.hhs.texas.gov/services/snap/apply-for-snap,government,2026-07-08,high,Resource id 204: Potter County HHSC — Your Texas Benefits,204
https://www.hhs.texas.gov/services/snap/apply-for-snap,government,2026-07-08,high,Resource id 205: Presidio County HHSC — Your Texas Benefits,205
https://www.hhs.texas.gov/services/snap/apply-for-snap,government,2026-07-08,high,Resource id 206: Rains County HHSC — Your Texas Benefits,206
https://www.hhs.texas.gov/services/snap/apply-for-snap,government,2026-07-08,high,Resource id 207: Randall County HHSC — Your Texas Benefits,207
https://www.hhs.texas.gov/services/snap/apply-for-snap,government,2026-07-08,high,Resource id 208: Reagan County HHSC — Your Texas Benefits,208
https://www.hhs.texas.gov/services/snap/apply-for-snap,government,2026-07-08,high,Resource id 209: Real County HHSC — Your Texas Benefits,209
https://www.hhs.texas.gov/services/snap/apply-for-snap,government,2026-07-08,high,Resource id 210: Red River County HHSC — Your Texas Benefits,210
https://www.hhs.texas.gov/services/snap/apply-for-snap,government,2026-07-08,high,Resource id 211: Reeves County HHSC — Your Texas Benefits,211
https://www.hhs.texas.gov/services/snap/apply-for-snap,government,2026-07-08,high,Resource id 212: Refugio County HHSC — Your Texas Benefits,212
https://www.hhs.texas.gov/services/snap/apply-for-snap,government,2026-07-08,high,Resource id 213: Roberts County HHSC — Your Texas Benefits,213
https://www.hhs.texas.gov/services/snap/apply-for-snap,government,2026-07-08,high,Resource id 214: Robertson County HHSC — Your Texas Benefits,214
https://www.hhs.texas.gov/services/snap/apply-for-snap,government,2026-07-08,high,Resource id 215: Rockwall County HHSC — Your Texas Benefits,215
https://www.hhs.texas.gov/services/snap/apply-for-snap,government,2026-07-08,high,Resource id 216: Runnels County HHSC — Your Texas Benefits,216
https://www.hhs.texas.gov/services/snap/apply-for-snap,government,2026-07-08,high,Resource id 217: Rusk County HHSC — Your Texas Benefits,217
https://www.hhs.texas.gov/services/snap/apply-for-snap,government,2026-07-08,high,Resource id 218: Sabine County HHSC — Your Texas Benefits,218
https://www.hhs.texas.gov/services/snap/apply-for-snap,government,2026-07-08,high,Resource id 219: San Augustine County HHSC — Your Texas Benefits,219
https://www.hhs.texas.gov/services/snap/apply-for-snap,government,2026-07-08,high,Resource id 220: San Jacinto County HHSC — Your Texas Benefits,220
https://www.hhs.texas.gov/services/snap/apply-for-snap,government,2026-07-08,high,Resource id 221: San Patricio County HHSC — Your Texas Benefits,221
https://www.hhs.texas.gov/services/snap/apply-for-snap,government,2026-07-08,high,Resource id 222: San Saba County HHSC — Your Texas Benefits,222
https://www.hhs.texas.gov/services/snap/apply-for-snap,government,2026-07-08,high,Resource id 223: Schleicher County HHSC — Your Texas Benefits,223
https://www.hhs.texas.gov/services/snap/apply-for-snap,government,2026-07-08,high,Resource id 224: Scurry County HHSC — Your Texas Benefits,224
https://www.hhs.texas.gov/services/snap/apply-for-snap,government,2026-07-08,high,Resource id 225: Shackelford County HHSC — Your Texas Benefits,225
https://www.hhs.texas.gov/services/snap/apply-for-snap,government,2026-07-08,high,Resource id 226: Shelby County HHSC — Your Texas Benefits,226
https://www.hhs.texas.gov/services/snap/apply-for-snap,government,2026-07-08,high,Resource id 227: Sherman County HHSC — Your Texas Benefits,227
https://www.hhs.texas.gov/services/snap/apply-for-snap,government,2026-07-08,high,Resource id 228: Smith County HHSC — Your Texas Benefits,228
https://www.hhs.texas.gov/services/snap/apply-for-snap,government,2026-07-08,high,Resource id 229: Somervell County HHSC — Your Texas Benefits,229
https://www.hhs.texas.gov/services/snap/apply-for-snap,government,2026-07-08,high,Resource id 230: Starr County HHSC — Your Texas Benefits,230
https://www.hhs.texas.gov/services/snap/apply-for-snap,government,2026-07-08,high,Resource id 231: Stephens County HHSC — Your Texas Benefits,231
https://www.hhs.texas.gov/services/snap/apply-for-snap,government,2026-07-08,high,Resource id 232: Sterling County HHSC — Your Texas Benefits,232
https://www.hhs.texas.gov/services/snap/apply-for-snap,government,2026-07-08,high,Resource id 233: Stonewall County HHSC — Your Texas Benefits,233
https://www.hhs.texas.gov/services/snap/apply-for-snap,government,2026-07-08,high,Resource id 234: Sutton County HHSC — Your Texas Benefits,234
https://www.hhs.texas.gov/services/snap/apply-for-snap,government,2026-07-08,high,Resource id 235: Swisher County HHSC — Your Texas Benefits,235
https://www.hhs.texas.gov/services/snap/apply-for-snap,government,2026-07-08,high,Resource id 236: Tarrant County HHSC — Your Texas Benefits,236
https://www.hhs.texas.gov/services/snap/apply-for-snap,government,2026-07-08,high,Resource id 237: Taylor County HHSC — Your Texas Benefits,237
https://www.hhs.texas.gov/services/snap/apply-for-snap,government,2026-07-08,high,Resource id 238: Terrell County HHSC — Your Texas Benefits,238
https://www.hhs.texas.gov/services/snap/apply-for-snap,government,2026-07-08,high,Resource id 239: Terry County HHSC — Your Texas Benefits,239
https://www.hhs.texas.gov/services/snap/apply-for-snap,government,2026-07-08,high,Resource id 240: Throckmorton County HHSC — Your Texas Benefits,240
https://www.hhs.texas.gov/services/snap/apply-for-snap,government,2026-07-08,high,Resource id 241: Titus County HHSC — Your Texas Benefits,241
https://www.hhs.texas.gov/services/snap/apply-for-snap,government,2026-07-08,high,Resource id 242: Tom Green County HHSC — Your Texas Benefits,242
https://www.hhs.texas.gov/services/snap/apply-for-snap,government,2026-07-08,high,Resource id 243: Travis County HHSC — Your Texas Benefits,243
https://www.hhs.texas.gov/services/snap/apply-for-snap,government,2026-07-08,high,Resource id 244: Trinity County HHSC — Your Texas Benefits,244
https://www.hhs.texas.gov/services/snap/apply-for-snap,government,2026-07-08,high,Resource id 245: Tyler County HHSC — Your Texas Benefits,245
https://www.hhs.texas.gov/services/snap/apply-for-snap,government,2026-07-08,high,Resource id 246: Upshur County HHSC — Your Texas Benefits,246
https://www.hhs.texas.gov/services/snap/apply-for-snap,government,2026-07-08,high,Resource id 247: Upton County HHSC — Your Texas Benefits,247
https://www.hhs.texas.gov/services/snap/apply-for-snap,government,2026-07-08,high,Resource id 248: Uvalde County HHSC — Your Texas Benefits,248
https://www.hhs.texas.gov/services/snap/apply-for-snap,government,2026-07-08,high,Resource id 249: Val Verde County HHSC — Your Texas Benefits,249
https://www.hhs.texas.gov/services/snap/apply-for-snap,government,2026-07-08,high,Resource id 250: Van Zandt County HHSC — Your Texas Benefits,250
https://www.hhs.texas.gov/services/snap/apply-for-snap,government,2026-07-08,high,Resource id 251: Victoria County HHSC — Your Texas Benefits,251
https://www.hhs.texas.gov/services/snap/apply-for-snap,government,2026-07-08,high,Resource id 252: Walker County HHSC — Your Texas Benefits,252
https://www.hhs.texas.gov/services/snap/apply-for-snap,government,2026-07-08,high,Resource id 253: Waller County HHSC — Your Texas Benefits,253
https://www.hhs.texas.gov/services/snap/apply-for-snap,government,2026-07-08,high,Resource id 254: Ward County HHSC — Your Texas Benefits,254
https://www.hhs.texas.gov/services/snap/apply-for-snap,government,2026-07-08,high,Resource id 255: Washington County HHSC — Your Texas Benefits,255
https://www.hhs.texas.gov/services/snap/apply-for-snap,government,2026-07-08,high,Resource id 256: Webb County HHSC — Your Texas Benefits,256
https://www.hhs.texas.gov/services/snap/apply-for-snap,government,2026-07-08,high,Resource id 257: Wharton County HHSC — Your Texas Benefits,257
https://www.hhs.texas.gov/services/snap/apply-for-snap,government,2026-07-08,high,Resource id 258: Wheeler County HHSC — Your Texas Benefits,258
https://www.hhs.texas.gov/services/snap/apply-for-snap,government,2026-07-08,high,Resource id 259: Wichita County HHSC — Your Texas Benefits,259
https://www.hhs.texas.gov/services/snap/apply-for-snap,government,2026-07-08,high,Resource id 260: Wilbarger County HHSC — Your Texas Benefits,260
https://www.hhs.texas.gov/services/snap/apply-for-snap,government,2026-07-08,high,Resource id 261: Willacy County HHSC — Your Texas Benefits,261
https://www.hhs.texas.gov/services/snap/apply-for-snap,government,2026-07-08,high,Resource id 262: Williamson County HHSC — Your Texas Benefits,262
https://www.hhs.texas.gov/services/snap/apply-for-snap,government,2026-07-08,high,Resource id 263: Wilson County HHSC — Your Texas Benefits,263
https://www.hhs.texas.gov/services/snap/apply-for-snap,government,2026-07-08,high,Resource id 264: Winkler County HHSC — Your Texas Benefits,264
https://www.hhs.texas.gov/services/snap/apply-for-snap,government,2026-07-08,high,Resource id 265: Wise County HHSC — Your Texas Benefits,265
https://www.hhs.texas.gov/services/snap/apply-for-snap,government,2026-07-08,high,Resource id 266: Wood County HHSC — Your Texas Benefits,266
https://www.hhs.texas.gov/services/snap/apply-for-snap,government,2026-07-08,high,Resource id 267: Yoakum County HHSC — Your Texas Benefits,267
https://www.hhs.texas.gov/services/snap/apply-for-snap,government,2026-07-08,high,Resource id 268: Young County HHSC — Your Texas Benefits,268
https://www.hhs.texas.gov/services/snap/apply-for-snap,government,2026-07-08,high,Resource id 269: Zapata County HHSC — Your Texas Benefits,269
https://www.hhs.texas.gov/services/snap/apply-for-snap,government,2026-07-08,high,Resource id 270: Zavala County HHSC — Your Texas Benefits,270
https://www.thewayhomehouston.org,nonprofit,2026-07-08,high,Resource id 271: The Way Home — Houston/Harris Reentry Housing,271
https://www.searchhomeless.org,nonprofit,2026-07-08,high,Resource id 272: SEARCH Homeless Services — Houston,272
https://www.crrhouston.org,nonprofit,2026-07-08,high,Resource id 273: Career and Recovery Resources — Houston,273
https://www.unlockingdoors.org,nonprofit,2026-07-08,high,Resource id 274: Unlocking DOORS — Dallas Reentry,274
https://www.exodusministries.org,nonprofit,2026-07-08,high,Resource id 275: Exodus Ministries — Dallas Reentry,275
https://www.dallasworkforce.org,nonprofit,2026-07-08,high,Resource id 276: Workforce Solutions Greater Dallas,276
https://www.workforcesolutionsalamo.org,nonprofit,2026-07-08,high,Resource id 277: Workforce Solutions Alamo — San Antonio,277
https://www.bexar.org/3267/Reentry-Services,nonprofit,2026-07-08,high,Resource id 278: Bexar County Reentry Services,278
https://www.foundationcommunities.org,nonprofit,2026-07-08,high,Resource id 279: Foundation Communities — Austin Reentry Housing,279
https://www.texascjc.org,nonprofit,2026-07-08,high,Resource id 280: Texas Criminal Justice Coalition — Austin,280
https://www.wfscapitalarea.com,nonprofit,2026-07-08,high,Resource id 281: Workforce Solutions Capital Area — Austin,281
https://www.projectvida.net,nonprofit,2026-07-08,high,Resource id 282: Project Vida — El Paso Reentry,282
https://www.tarrantcounty.com/en/criminal-district-attorney/reentry.html,nonprofit,2026-07-08,high,Resource id 283: Tarrant County Reentry Coalition,283
https://www.gulfcoastcenter.org,nonprofit,2026-07-08,high,Resource id 284: Gulf Coast Center — Behavioral Health,284
https://www.theharriscenter.org,nonprofit,2026-07-08,high,Resource id 285: Harris Center for Mental Health — Houston,285
https://www.tdcj.texas.gov,government,2026-07-08,high,Resource id 286: TDCJ — Region I — Houston Parole Office,286
https://www.tdcj.texas.gov,government,2026-07-08,high,Resource id 287: TDCJ — Region II — Dallas Parole Office,287
https://www.tdcj.texas.gov,government,2026-07-08,high,Resource id 288: TDCJ — Region III — San Antonio Parole Office,288
https://www.tdcj.texas.gov,government,2026-07-08,high,Resource id 289: TDCJ — Region IV — Austin Parole Office,289
https://www.tdcj.texas.gov,government,2026-07-08,high,Resource id 290: TDCJ — Region V — Fort Worth Parole Office,290
https://www.tdcj.texas.gov,government,2026-07-08,high,Resource id 291: TDCJ — Region VI — El Paso Parole Office,291
https://www.twc.texas.gov/jobseekers/workforce-solutions-office-locator,government,2026-07-08,high,Resource id 292: Workforce Solutions — Anderson County Employment,292
https://www.dshs.texas.gov/chs/lhe,government,2026-07-08,high,Resource id 293: Anderson County Local Health Entity — Public Health,293
https://www.twc.texas.gov/jobseekers/workforce-solutions-office-locator,government,2026-07-08,high,Resource id 294: Workforce Solutions — Andrews County Employment,294
https://www.dshs.texas.gov/chs/lhe,government,2026-07-08,high,Resource id 295: Andrews County Local Health Entity — Public Health,295
https://www.twc.texas.gov/jobseekers/workforce-solutions-office-locator,government,2026-07-08,high,Resource id 296: Workforce Solutions — Angelina County Employment,296
https://www.dshs.texas.gov/chs/lhe,government,2026-07-08,high,Resource id 297: Angelina County Local Health Entity — Public Health,297
https://www.twc.texas.gov/jobseekers/workforce-solutions-office-locator,government,2026-07-08,high,Resource id 298: Workforce Solutions — Aransas County Employment,298
https://www.dshs.texas.gov/chs/lhe,government,2026-07-08,high,Resource id 299: Aransas County Local Health Entity — Public Health,299
https://www.twc.texas.gov/jobseekers/workforce-solutions-office-locator,government,2026-07-08,high,Resource id 300: Workforce Solutions — Archer County Employment,300
https://www.dshs.texas.gov/chs/lhe,government,2026-07-08,high,Resource id 301: Archer County Local Health Entity — Public Health,301
https://www.twc.texas.gov/jobseekers/workforce-solutions-office-locator,government,2026-07-08,high,Resource id 302: Workforce Solutions — Armstrong County Employment,302
https://www.dshs.texas.gov/chs/lhe,government,2026-07-08,high,Resource id 303: Armstrong County Local Health Entity — Public Health,303
https://www.twc.texas.gov/jobseekers/workforce-solutions-office-locator,government,2026-07-08,high,Resource id 304: Workforce Solutions — Atascosa County Employment,304
https://www.dshs.texas.gov/chs/lhe,government,2026-07-08,high,Resource id 305: Atascosa County Local Health Entity — Public Health,305
https://www.twc.texas.gov/jobseekers/workforce-solutions-office-locator,government,2026-07-08,high,Resource id 306: Workforce Solutions — Austin County Employment,306
https://www.dshs.texas.gov/chs/lhe,government,2026-07-08,high,Resource id 307: Austin County Local Health Entity — Public Health,307
https://www.twc.texas.gov/jobseekers/workforce-solutions-office-locator,government,2026-07-08,high,Resource id 308: Workforce Solutions — Bailey County Employment,308
https://www.dshs.texas.gov/chs/lhe,government,2026-07-08,high,Resource id 309: Bailey County Local Health Entity — Public Health,309
https://www.twc.texas.gov/jobseekers/workforce-solutions-office-locator,government,2026-07-08,high,Resource id 310: Workforce Solutions — Bandera County Employment,310
https://www.dshs.texas.gov/chs/lhe,government,2026-07-08,high,Resource id 311: Bandera County Local Health Entity — Public Health,311
https://www.twc.texas.gov/jobseekers/workforce-solutions-office-locator,government,2026-07-08,high,Resource id 312: Workforce Solutions — Bastrop County Employment,312
https://www.dshs.texas.gov/chs/lhe,government,2026-07-08,high,Resource id 313: Bastrop County Local Health Entity — Public Health,313
https://www.twc.texas.gov/jobseekers/workforce-solutions-office-locator,government,2026-07-08,high,Resource id 314: Workforce Solutions — Baylor County Employment,314
https://www.dshs.texas.gov/chs/lhe,government,2026-07-08,high,Resource id 315: Baylor County Local Health Entity — Public Health,315
https://www.twc.texas.gov/jobseekers/workforce-solutions-office-locator,government,2026-07-08,high,Resource id 316: Workforce Solutions — Bee County Employment,316
https://www.dshs.texas.gov/chs/lhe,government,2026-07-08,high,Resource id 317: Bee County Local Health Entity — Public Health,317
https://www.twc.texas.gov/jobseekers/workforce-solutions-office-locator,government,2026-07-08,high,Resource id 318: Workforce Solutions — Bell County Employment,318
https://www.dshs.texas.gov/chs/lhe,government,2026-07-08,high,Resource id 319: Bell County Local Health Entity — Public Health,319
https://www.twc.texas.gov/jobseekers/workforce-solutions-office-locator,government,2026-07-08,high,Resource id 320: Workforce Solutions — Bexar County Employment,320
https://www.dshs.texas.gov/chs/lhe,government,2026-07-08,high,Resource id 321: Bexar County Local Health Entity — Public Health,321
https://www.twc.texas.gov/jobseekers/workforce-solutions-office-locator,government,2026-07-08,high,Resource id 322: Workforce Solutions — Blanco County Employment,322
https://www.dshs.texas.gov/chs/lhe,government,2026-07-08,high,Resource id 323: Blanco County Local Health Entity — Public Health,323
https://www.twc.texas.gov/jobseekers/workforce-solutions-office-locator,government,2026-07-08,high,Resource id 324: Workforce Solutions — Borden County Employment,324
https://www.dshs.texas.gov/chs/lhe,government,2026-07-08,high,Resource id 325: Borden County Local Health Entity — Public Health,325
https://www.twc.texas.gov/jobseekers/workforce-solutions-office-locator,government,2026-07-08,high,Resource id 326: Workforce Solutions — Bosque County Employment,326
https://www.dshs.texas.gov/chs/lhe,government,2026-07-08,high,Resource id 327: Bosque County Local Health Entity — Public Health,327
https://www.twc.texas.gov/jobseekers/workforce-solutions-office-locator,government,2026-07-08,high,Resource id 328: Workforce Solutions — Bowie County Employment,328
https://www.dshs.texas.gov/chs/lhe,government,2026-07-08,high,Resource id 329: Bowie County Local Health Entity — Public Health,329
https://www.twc.texas.gov/jobseekers/workforce-solutions-office-locator,government,2026-07-08,high,Resource id 330: Workforce Solutions — Brazoria County Employment,330
https://www.dshs.texas.gov/chs/lhe,government,2026-07-08,high,Resource id 331: Brazoria County Local Health Entity — Public Health,331
https://www.twc.texas.gov/jobseekers/workforce-solutions-office-locator,government,2026-07-08,high,Resource id 332: Workforce Solutions — Brazos County Employment,332
https://www.dshs.texas.gov/chs/lhe,government,2026-07-08,high,Resource id 333: Brazos County Local Health Entity — Public Health,333
https://www.twc.texas.gov/jobseekers/workforce-solutions-office-locator,government,2026-07-08,high,Resource id 334: Workforce Solutions — Brewster County Employment,334
https://www.dshs.texas.gov/chs/lhe,government,2026-07-08,high,Resource id 335: Brewster County Local Health Entity — Public Health,335
https://www.twc.texas.gov/jobseekers/workforce-solutions-office-locator,government,2026-07-08,high,Resource id 336: Workforce Solutions — Briscoe County Employment,336
https://www.dshs.texas.gov/chs/lhe,government,2026-07-08,high,Resource id 337: Briscoe County Local Health Entity — Public Health,337
https://www.twc.texas.gov/jobseekers/workforce-solutions-office-locator,government,2026-07-08,high,Resource id 338: Workforce Solutions — Brooks County Employment,338
https://www.dshs.texas.gov/chs/lhe,government,2026-07-08,high,Resource id 339: Brooks County Local Health Entity — Public Health,339
https://www.twc.texas.gov/jobseekers/workforce-solutions-office-locator,government,2026-07-08,high,Resource id 340: Workforce Solutions — Brown County Employment,340
https://www.dshs.texas.gov/chs/lhe,government,2026-07-08,high,Resource id 341: Brown County Local Health Entity — Public Health,341
https://www.twc.texas.gov/jobseekers/workforce-solutions-office-locator,government,2026-07-08,high,Resource id 342: Workforce Solutions — Burleson County Employment,342
https://www.dshs.texas.gov/chs/lhe,government,2026-07-08,high,Resource id 343: Burleson County Local Health Entity — Public Health,343
https://www.twc.texas.gov/jobseekers/workforce-solutions-office-locator,government,2026-07-08,high,Resource id 344: Workforce Solutions — Burnet County Employment,344
https://www.dshs.texas.gov/chs/lhe,government,2026-07-08,high,Resource id 345: Burnet County Local Health Entity — Public Health,345
https://www.twc.texas.gov/jobseekers/workforce-solutions-office-locator,government,2026-07-08,high,Resource id 346: Workforce Solutions — Caldwell County Employment,346
https://www.dshs.texas.gov/chs/lhe,government,2026-07-08,high,Resource id 347: Caldwell County Local Health Entity — Public Health,347
https://www.twc.texas.gov/jobseekers/workforce-solutions-office-locator,government,2026-07-08,high,Resource id 348: Workforce Solutions — Calhoun County Employment,348
https://www.dshs.texas.gov/chs/lhe,government,2026-07-08,high,Resource id 349: Calhoun County Local Health Entity — Public Health,349
https://www.twc.texas.gov/jobseekers/workforce-solutions-office-locator,government,2026-07-08,high,Resource id 350: Workforce Solutions — Callahan County Employment,350
https://www.dshs.texas.gov/chs/lhe,government,2026-07-08,high,Resource id 351: Callahan County Local Health Entity — Public Health,351
https://www.twc.texas.gov/jobseekers/workforce-solutions-office-locator,government,2026-07-08,high,Resource id 352: Workforce Solutions — Cameron County Employment,352
https://www.dshs.texas.gov/chs/lhe,government,2026-07-08,high,Resource id 353: Cameron County Local Health Entity — Public Health,353
https://www.twc.texas.gov/jobseekers/workforce-solutions-office-locator,government,2026-07-08,high,Resource id 354: Workforce Solutions — Camp County Employment,354
https://www.dshs.texas.gov/chs/lhe,government,2026-07-08,high,Resource id 355: Camp County Local Health Entity — Public Health,355
https://www.twc.texas.gov/jobseekers/workforce-solutions-office-locator,government,2026-07-08,high,Resource id 356: Workforce Solutions — Carson County Employment,356
https://www.dshs.texas.gov/chs/lhe,government,2026-07-08,high,Resource id 357: Carson County Local Health Entity — Public Health,357
https://www.twc.texas.gov/jobseekers/workforce-solutions-office-locator,government,2026-07-08,high,Resource id 358: Workforce Solutions — Cass County Employment,358
https://www.dshs.texas.gov/chs/lhe,government,2026-07-08,high,Resource id 359: Cass County Local Health Entity — Public Health,359
https://www.twc.texas.gov/jobseekers/workforce-solutions-office-locator,government,2026-07-08,high,Resource id 360: Workforce Solutions — Castro County Employment,360
https://www.dshs.texas.gov/chs/lhe,government,2026-07-08,high,Resource id 361: Castro County Local Health Entity — Public Health,361
https://www.twc.texas.gov/jobseekers/workforce-solutions-office-locator,government,2026-07-08,high,Resource id 362: Workforce Solutions — Chambers County Employment,362
https://www.dshs.texas.gov/chs/lhe,government,2026-07-08,high,Resource id 363: Chambers County Local Health Entity — Public Health,363
https://www.twc.texas.gov/jobseekers/workforce-solutions-office-locator,government,2026-07-08,high,Resource id 364: Workforce Solutions — Cherokee County Employment,364
https://www.dshs.texas.gov/chs/lhe,government,2026-07-08,high,Resource id 365: Cherokee County Local Health Entity — Public Health,365
https://www.twc.texas.gov/jobseekers/workforce-solutions-office-locator,government,2026-07-08,high,Resource id 366: Workforce Solutions — Childress County Employment,366
https://www.dshs.texas.gov/chs/lhe,government,2026-07-08,high,Resource id 367: Childress County Local Health Entity — Public Health,367
https://www.twc.texas.gov/jobseekers/workforce-solutions-office-locator,government,2026-07-08,high,Resource id 368: Workforce Solutions — Clay County Employment,368
https://www.dshs.texas.gov/chs/lhe,government,2026-07-08,high,Resource id 369: Clay County Local Health Entity — Public Health,369
https://www.twc.texas.gov/jobseekers/workforce-solutions-office-locator,government,2026-07-08,high,Resource id 370: Workforce Solutions — Cochran County Employment,370
https://www.dshs.texas.gov/chs/lhe,government,2026-07-08,high,Resource id 371: Cochran County Local Health Entity — Public Health,371
https://www.twc.texas.gov/jobseekers/workforce-solutions-office-locator,government,2026-07-08,high,Resource id 372: Workforce Solutions — Coke County Employment,372
https://www.dshs.texas.gov/chs/lhe,government,2026-07-08,high,Resource id 373: Coke County Local Health Entity — Public Health,373
https://www.twc.texas.gov/jobseekers/workforce-solutions-office-locator,government,2026-07-08,high,Resource id 374: Workforce Solutions — Coleman County Employment,374
https://www.dshs.texas.gov/chs/lhe,government,2026-07-08,high,Resource id 375: Coleman County Local Health Entity — Public Health,375
https://www.twc.texas.gov/jobseekers/workforce-solutions-office-locator,government,2026-07-08,high,Resource id 376: Workforce Solutions — Collin County Employment,376
https://www.dshs.texas.gov/chs/lhe,government,2026-07-08,high,Resource id 377: Collin County Local Health Entity — Public Health,377
https://www.twc.texas.gov/jobseekers/workforce-solutions-office-locator,government,2026-07-08,high,Resource id 378: Workforce Solutions — Collingsworth County Employment,378
https://www.dshs.texas.gov/chs/lhe,government,2026-07-08,high,Resource id 379: Collingsworth County Local Health Entity — Public Health,379
https://www.twc.texas.gov/jobseekers/workforce-solutions-office-locator,government,2026-07-08,high,Resource id 380: Workforce Solutions — Colorado County Employment,380
https://www.dshs.texas.gov/chs/lhe,government,2026-07-08,high,Resource id 381: Colorado County Local Health Entity — Public Health,381
https://www.twc.texas.gov/jobseekers/workforce-solutions-office-locator,government,2026-07-08,high,Resource id 382: Workforce Solutions — Comal County Employment,382
https://www.dshs.texas.gov/chs/lhe,government,2026-07-08,high,Resource id 383: Comal County Local Health Entity — Public Health,383
https://www.twc.texas.gov/jobseekers/workforce-solutions-office-locator,government,2026-07-08,high,Resource id 384: Workforce Solutions — Comanche County Employment,384
https://www.dshs.texas.gov/chs/lhe,government,2026-07-08,high,Resource id 385: Comanche County Local Health Entity — Public Health,385
https://www.twc.texas.gov/jobseekers/workforce-solutions-office-locator,government,2026-07-08,high,Resource id 386: Workforce Solutions — Concho County Employment,386
https://www.dshs.texas.gov/chs/lhe,government,2026-07-08,high,Resource id 387: Concho County Local Health Entity — Public Health,387
https://www.twc.texas.gov/jobseekers/workforce-solutions-office-locator,government,2026-07-08,high,Resource id 388: Workforce Solutions — Cooke County Employment,388
https://www.dshs.texas.gov/chs/lhe,government,2026-07-08,high,Resource id 389: Cooke County Local Health Entity — Public Health,389
https://www.twc.texas.gov/jobseekers/workforce-solutions-office-locator,government,2026-07-08,high,Resource id 390: Workforce Solutions — Coryell County Employment,390
https://www.dshs.texas.gov/chs/lhe,government,2026-07-08,high,Resource id 391: Coryell County Local Health Entity — Public Health,391
https://www.twc.texas.gov/jobseekers/workforce-solutions-office-locator,government,2026-07-08,high,Resource id 392: Workforce Solutions — Cottle County Employment,392
https://www.dshs.texas.gov/chs/lhe,government,2026-07-08,high,Resource id 393: Cottle County Local Health Entity — Public Health,393
https://www.twc.texas.gov/jobseekers/workforce-solutions-office-locator,government,2026-07-08,high,Resource id 394: Workforce Solutions — Crane County Employment,394
https://www.dshs.texas.gov/chs/lhe,government,2026-07-08,high,Resource id 395: Crane County Local Health Entity — Public Health,395
https://www.twc.texas.gov/jobseekers/workforce-solutions-office-locator,government,2026-07-08,high,Resource id 396: Workforce Solutions — Crockett County Employment,396
https://www.dshs.texas.gov/chs/lhe,government,2026-07-08,high,Resource id 397: Crockett County Local Health Entity — Public Health,397
https://www.twc.texas.gov/jobseekers/workforce-solutions-office-locator,government,2026-07-08,high,Resource id 398: Workforce Solutions — Crosby County Employment,398
https://www.dshs.texas.gov/chs/lhe,government,2026-07-08,high,Resource id 399: Crosby County Local Health Entity — Public Health,399
https://www.twc.texas.gov/jobseekers/workforce-solutions-office-locator,government,2026-07-08,high,Resource id 400: Workforce Solutions — Culberson County Employment,400
https://www.dshs.texas.gov/chs/lhe,government,2026-07-08,high,Resource id 401: Culberson County Local Health Entity — Public Health,401
https://www.twc.texas.gov/jobseekers/workforce-solutions-office-locator,government,2026-07-08,high,Resource id 402: Workforce Solutions — Dallam County Employment,402
https://www.dshs.texas.gov/chs/lhe,government,2026-07-08,high,Resource id 403: Dallam County Local Health Entity — Public Health,403
https://www.twc.texas.gov/jobseekers/workforce-solutions-office-locator,government,2026-07-08,high,Resource id 404: Workforce Solutions — Dallas County Employment,404
https://www.dshs.texas.gov/chs/lhe,government,2026-07-08,high,Resource id 405: Dallas County Local Health Entity — Public Health,405
https://www.twc.texas.gov/jobseekers/workforce-solutions-office-locator,government,2026-07-08,high,Resource id 406: Workforce Solutions — Dawson County Employment,406
https://www.dshs.texas.gov/chs/lhe,government,2026-07-08,high,Resource id 407: Dawson County Local Health Entity — Public Health,407
https://www.twc.texas.gov/jobseekers/workforce-solutions-office-locator,government,2026-07-08,high,Resource id 408: Workforce Solutions — DeWitt County Employment,408
https://www.dshs.texas.gov/chs/lhe,government,2026-07-08,high,Resource id 409: DeWitt County Local Health Entity — Public Health,409
https://www.twc.texas.gov/jobseekers/workforce-solutions-office-locator,government,2026-07-08,high,Resource id 410: Workforce Solutions — Deaf Smith County Employment,410
https://www.dshs.texas.gov/chs/lhe,government,2026-07-08,high,Resource id 411: Deaf Smith County Local Health Entity — Public Health,411
https://www.twc.texas.gov/jobseekers/workforce-solutions-office-locator,government,2026-07-08,high,Resource id 412: Workforce Solutions — Delta County Employment,412
https://www.dshs.texas.gov/chs/lhe,government,2026-07-08,high,Resource id 413: Delta County Local Health Entity — Public Health,413
https://www.twc.texas.gov/jobseekers/workforce-solutions-office-locator,government,2026-07-08,high,Resource id 414: Workforce Solutions — Denton County Employment,414
https://www.dshs.texas.gov/chs/lhe,government,2026-07-08,high,Resource id 415: Denton County Local Health Entity — Public Health,415
https://www.twc.texas.gov/jobseekers/workforce-solutions-office-locator,government,2026-07-08,high,Resource id 416: Workforce Solutions — Dickens County Employment,416
https://www.dshs.texas.gov/chs/lhe,government,2026-07-08,high,Resource id 417: Dickens County Local Health Entity — Public Health,417
https://www.twc.texas.gov/jobseekers/workforce-solutions-office-locator,government,2026-07-08,high,Resource id 418: Workforce Solutions — Dimmit County Employment,418
https://www.dshs.texas.gov/chs/lhe,government,2026-07-08,high,Resource id 419: Dimmit County Local Health Entity — Public Health,419
https://www.twc.texas.gov/jobseekers/workforce-solutions-office-locator,government,2026-07-08,high,Resource id 420: Workforce Solutions — Donley County Employment,420
https://www.dshs.texas.gov/chs/lhe,government,2026-07-08,high,Resource id 421: Donley County Local Health Entity — Public Health,421
https://www.twc.texas.gov/jobseekers/workforce-solutions-office-locator,government,2026-07-08,high,Resource id 422: Workforce Solutions — Duval County Employment,422
https://www.dshs.texas.gov/chs/lhe,government,2026-07-08,high,Resource id 423: Duval County Local Health Entity — Public Health,423
https://www.twc.texas.gov/jobseekers/workforce-solutions-office-locator,government,2026-07-08,high,Resource id 424: Workforce Solutions — Eastland County Employment,424
https://www.dshs.texas.gov/chs/lhe,government,2026-07-08,high,Resource id 425: Eastland County Local Health Entity — Public Health,425
https://www.twc.texas.gov/jobseekers/workforce-solutions-office-locator,government,2026-07-08,high,Resource id 426: Workforce Solutions — Ector County Employment,426
https://www.dshs.texas.gov/chs/lhe,government,2026-07-08,high,Resource id 427: Ector County Local Health Entity — Public Health,427
https://www.twc.texas.gov/jobseekers/workforce-solutions-office-locator,government,2026-07-08,high,Resource id 428: Workforce Solutions — Edwards County Employment,428
https://www.dshs.texas.gov/chs/lhe,government,2026-07-08,high,Resource id 429: Edwards County Local Health Entity — Public Health,429
https://www.twc.texas.gov/jobseekers/workforce-solutions-office-locator,government,2026-07-08,high,Resource id 430: Workforce Solutions — El Paso County Employment,430
https://www.dshs.texas.gov/chs/lhe,government,2026-07-08,high,Resource id 431: El Paso County Local Health Entity — Public Health,431
https://www.twc.texas.gov/jobseekers/workforce-solutions-office-locator,government,2026-07-08,high,Resource id 432: Workforce Solutions — Ellis County Employment,432
https://www.dshs.texas.gov/chs/lhe,government,2026-07-08,high,Resource id 433: Ellis County Local Health Entity — Public Health,433
https://www.twc.texas.gov/jobseekers/workforce-solutions-office-locator,government,2026-07-08,high,Resource id 434: Workforce Solutions — Erath County Employment,434
https://www.dshs.texas.gov/chs/lhe,government,2026-07-08,high,Resource id 435: Erath County Local Health Entity — Public Health,435
https://www.twc.texas.gov/jobseekers/workforce-solutions-office-locator,government,2026-07-08,high,Resource id 436: Workforce Solutions — Falls County Employment,436
https://www.dshs.texas.gov/chs/lhe,government,2026-07-08,high,Resource id 437: Falls County Local Health Entity — Public Health,437
https://www.twc.texas.gov/jobseekers/workforce-solutions-office-locator,government,2026-07-08,high,Resource id 438: Workforce Solutions — Fannin County Employment,438
https://www.dshs.texas.gov/chs/lhe,government,2026-07-08,high,Resource id 439: Fannin County Local Health Entity — Public Health,439
https://www.twc.texas.gov/jobseekers/workforce-solutions-office-locator,government,2026-07-08,high,Resource id 440: Workforce Solutions — Fayette County Employment,440
https://www.dshs.texas.gov/chs/lhe,government,2026-07-08,high,Resource id 441: Fayette County Local Health Entity — Public Health,441
https://www.twc.texas.gov/jobseekers/workforce-solutions-office-locator,government,2026-07-08,high,Resource id 442: Workforce Solutions — Fisher County Employment,442
https://www.dshs.texas.gov/chs/lhe,government,2026-07-08,high,Resource id 443: Fisher County Local Health Entity — Public Health,443
https://www.twc.texas.gov/jobseekers/workforce-solutions-office-locator,government,2026-07-08,high,Resource id 444: Workforce Solutions — Floyd County Employment,444
https://www.dshs.texas.gov/chs/lhe,government,2026-07-08,high,Resource id 445: Floyd County Local Health Entity — Public Health,445
https://www.twc.texas.gov/jobseekers/workforce-solutions-office-locator,government,2026-07-08,high,Resource id 446: Workforce Solutions — Foard County Employment,446
https://www.dshs.texas.gov/chs/lhe,government,2026-07-08,high,Resource id 447: Foard County Local Health Entity — Public Health,447
https://www.twc.texas.gov/jobseekers/workforce-solutions-office-locator,government,2026-07-08,high,Resource id 448: Workforce Solutions — Fort Bend County Employment,448
https://www.dshs.texas.gov/chs/lhe,government,2026-07-08,high,Resource id 449: Fort Bend County Local Health Entity — Public Health,449
https://www.twc.texas.gov/jobseekers/workforce-solutions-office-locator,government,2026-07-08,high,Resource id 450: Workforce Solutions — Franklin County Employment,450
https://www.dshs.texas.gov/chs/lhe,government,2026-07-08,high,Resource id 451: Franklin County Local Health Entity — Public Health,451
https://www.twc.texas.gov/jobseekers/workforce-solutions-office-locator,government,2026-07-08,high,Resource id 452: Workforce Solutions — Freestone County Employment,452
https://www.dshs.texas.gov/chs/lhe,government,2026-07-08,high,Resource id 453: Freestone County Local Health Entity — Public Health,453
https://www.twc.texas.gov/jobseekers/workforce-solutions-office-locator,government,2026-07-08,high,Resource id 454: Workforce Solutions — Frio County Employment,454
https://www.dshs.texas.gov/chs/lhe,government,2026-07-08,high,Resource id 455: Frio County Local Health Entity — Public Health,455
https://www.twc.texas.gov/jobseekers/workforce-solutions-office-locator,government,2026-07-08,high,Resource id 456: Workforce Solutions — Gaines County Employment,456
https://www.dshs.texas.gov/chs/lhe,government,2026-07-08,high,Resource id 457: Gaines County Local Health Entity — Public Health,457
https://www.twc.texas.gov/jobseekers/workforce-solutions-office-locator,government,2026-07-08,high,Resource id 458: Workforce Solutions — Galveston County Employment,458
https://www.dshs.texas.gov/chs/lhe,government,2026-07-08,high,Resource id 459: Galveston County Local Health Entity — Public Health,459
https://www.twc.texas.gov/jobseekers/workforce-solutions-office-locator,government,2026-07-08,high,Resource id 460: Workforce Solutions — Garza County Employment,460
https://www.dshs.texas.gov/chs/lhe,government,2026-07-08,high,Resource id 461: Garza County Local Health Entity — Public Health,461
https://www.twc.texas.gov/jobseekers/workforce-solutions-office-locator,government,2026-07-08,high,Resource id 462: Workforce Solutions — Gillespie County Employment,462
https://www.dshs.texas.gov/chs/lhe,government,2026-07-08,high,Resource id 463: Gillespie County Local Health Entity — Public Health,463
https://www.twc.texas.gov/jobseekers/workforce-solutions-office-locator,government,2026-07-08,high,Resource id 464: Workforce Solutions — Glasscock County Employment,464
https://www.dshs.texas.gov/chs/lhe,government,2026-07-08,high,Resource id 465: Glasscock County Local Health Entity — Public Health,465
https://www.twc.texas.gov/jobseekers/workforce-solutions-office-locator,government,2026-07-08,high,Resource id 466: Workforce Solutions — Goliad County Employment,466
https://www.dshs.texas.gov/chs/lhe,government,2026-07-08,high,Resource id 467: Goliad County Local Health Entity — Public Health,467
https://www.twc.texas.gov/jobseekers/workforce-solutions-office-locator,government,2026-07-08,high,Resource id 468: Workforce Solutions — Gonzales County Employment,468
https://www.dshs.texas.gov/chs/lhe,government,2026-07-08,high,Resource id 469: Gonzales County Local Health Entity — Public Health,469
https://www.twc.texas.gov/jobseekers/workforce-solutions-office-locator,government,2026-07-08,high,Resource id 470: Workforce Solutions — Gray County Employment,470
https://www.dshs.texas.gov/chs/lhe,government,2026-07-08,high,Resource id 471: Gray County Local Health Entity — Public Health,471
https://www.twc.texas.gov/jobseekers/workforce-solutions-office-locator,government,2026-07-08,high,Resource id 472: Workforce Solutions — Grayson County Employment,472
https://www.dshs.texas.gov/chs/lhe,government,2026-07-08,high,Resource id 473: Grayson County Local Health Entity — Public Health,473
https://www.twc.texas.gov/jobseekers/workforce-solutions-office-locator,government,2026-07-08,high,Resource id 474: Workforce Solutions — Gregg County Employment,474
https://www.dshs.texas.gov/chs/lhe,government,2026-07-08,high,Resource id 475: Gregg County Local Health Entity — Public Health,475
https://www.twc.texas.gov/jobseekers/workforce-solutions-office-locator,government,2026-07-08,high,Resource id 476: Workforce Solutions — Grimes County Employment,476
https://www.dshs.texas.gov/chs/lhe,government,2026-07-08,high,Resource id 477: Grimes County Local Health Entity — Public Health,477
https://www.twc.texas.gov/jobseekers/workforce-solutions-office-locator,government,2026-07-08,high,Resource id 478: Workforce Solutions — Guadalupe County Employment,478
https://www.dshs.texas.gov/chs/lhe,government,2026-07-08,high,Resource id 479: Guadalupe County Local Health Entity — Public Health,479
https://www.twc.texas.gov/jobseekers/workforce-solutions-office-locator,government,2026-07-08,high,Resource id 480: Workforce Solutions — Hale County Employment,480
https://www.dshs.texas.gov/chs/lhe,government,2026-07-08,high,Resource id 481: Hale County Local Health Entity — Public Health,481
https://www.twc.texas.gov/jobseekers/workforce-solutions-office-locator,government,2026-07-08,high,Resource id 482: Workforce Solutions — Hall County Employment,482
https://www.dshs.texas.gov/chs/lhe,government,2026-07-08,high,Resource id 483: Hall County Local Health Entity — Public Health,483
https://www.twc.texas.gov/jobseekers/workforce-solutions-office-locator,government,2026-07-08,high,Resource id 484: Workforce Solutions — Hamilton County Employment,484
https://www.dshs.texas.gov/chs/lhe,government,2026-07-08,high,Resource id 485: Hamilton County Local Health Entity — Public Health,485
https://www.twc.texas.gov/jobseekers/workforce-solutions-office-locator,government,2026-07-08,high,Resource id 486: Workforce Solutions — Hansford County Employment,486
https://www.dshs.texas.gov/chs/lhe,government,2026-07-08,high,Resource id 487: Hansford County Local Health Entity — Public Health,487
https://www.twc.texas.gov/jobseekers/workforce-solutions-office-locator,government,2026-07-08,high,Resource id 488: Workforce Solutions — Hardeman County Employment,488
https://www.dshs.texas.gov/chs/lhe,government,2026-07-08,high,Resource id 489: Hardeman County Local Health Entity — Public Health,489
https://www.twc.texas.gov/jobseekers/workforce-solutions-office-locator,government,2026-07-08,high,Resource id 490: Workforce Solutions — Hardin County Employment,490
https://www.dshs.texas.gov/chs/lhe,government,2026-07-08,high,Resource id 491: Hardin County Local Health Entity — Public Health,491
https://www.twc.texas.gov/jobseekers/workforce-solutions-office-locator,government,2026-07-08,high,Resource id 492: Workforce Solutions — Harris County Employment,492
https://www.dshs.texas.gov/chs/lhe,government,2026-07-08,high,Resource id 493: Harris County Local Health Entity — Public Health,493
https://www.twc.texas.gov/jobseekers/workforce-solutions-office-locator,government,2026-07-08,high,Resource id 494: Workforce Solutions — Harrison County Employment,494
https://www.dshs.texas.gov/chs/lhe,government,2026-07-08,high,Resource id 495: Harrison County Local Health Entity — Public Health,495
https://www.twc.texas.gov/jobseekers/workforce-solutions-office-locator,government,2026-07-08,high,Resource id 496: Workforce Solutions — Hartley County Employment,496
https://www.dshs.texas.gov/chs/lhe,government,2026-07-08,high,Resource id 497: Hartley County Local Health Entity — Public Health,497
https://www.twc.texas.gov/jobseekers/workforce-solutions-office-locator,government,2026-07-08,high,Resource id 498: Workforce Solutions — Haskell County Employment,498
https://www.dshs.texas.gov/chs/lhe,government,2026-07-08,high,Resource id 499: Haskell County Local Health Entity — Public Health,499
https://www.twc.texas.gov/jobseekers/workforce-solutions-office-locator,government,2026-07-08,high,Resource id 500: Workforce Solutions — Hays County Employment,500
https://www.dshs.texas.gov/chs/lhe,government,2026-07-08,high,Resource id 501: Hays County Local Health Entity — Public Health,501
https://www.twc.texas.gov/jobseekers/workforce-solutions-office-locator,government,2026-07-08,high,Resource id 502: Workforce Solutions — Hemphill County Employment,502
https://www.dshs.texas.gov/chs/lhe,government,2026-07-08,high,Resource id 503: Hemphill County Local Health Entity — Public Health,503
https://www.twc.texas.gov/jobseekers/workforce-solutions-office-locator,government,2026-07-08,high,Resource id 504: Workforce Solutions — Henderson County Employment,504
https://www.dshs.texas.gov/chs/lhe,government,2026-07-08,high,Resource id 505: Henderson County Local Health Entity — Public Health,505
https://www.twc.texas.gov/jobseekers/workforce-solutions-office-locator,government,2026-07-08,high,Resource id 506: Workforce Solutions — Hidalgo County Employment,506
https://www.dshs.texas.gov/chs/lhe,government,2026-07-08,high,Resource id 507: Hidalgo County Local Health Entity — Public Health,507
https://www.twc.texas.gov/jobseekers/workforce-solutions-office-locator,government,2026-07-08,high,Resource id 508: Workforce Solutions — Hill County Employment,508
https://www.dshs.texas.gov/chs/lhe,government,2026-07-08,high,Resource id 509: Hill County Local Health Entity — Public Health,509
https://www.twc.texas.gov/jobseekers/workforce-solutions-office-locator,government,2026-07-08,high,Resource id 510: Workforce Solutions — Hockley County Employment,510
https://www.dshs.texas.gov/chs/lhe,government,2026-07-08,high,Resource id 511: Hockley County Local Health Entity — Public Health,511
https://www.twc.texas.gov/jobseekers/workforce-solutions-office-locator,government,2026-07-08,high,Resource id 512: Workforce Solutions — Hood County Employment,512
https://www.dshs.texas.gov/chs/lhe,government,2026-07-08,high,Resource id 513: Hood County Local Health Entity — Public Health,513
https://www.twc.texas.gov/jobseekers/workforce-solutions-office-locator,government,2026-07-08,high,Resource id 514: Workforce Solutions — Hopkins County Employment,514
https://www.dshs.texas.gov/chs/lhe,government,2026-07-08,high,Resource id 515: Hopkins County Local Health Entity — Public Health,515
https://www.twc.texas.gov/jobseekers/workforce-solutions-office-locator,government,2026-07-08,high,Resource id 516: Workforce Solutions — Houston County Employment,516
https://www.dshs.texas.gov/chs/lhe,government,2026-07-08,high,Resource id 517: Houston County Local Health Entity — Public Health,517
https://www.twc.texas.gov/jobseekers/workforce-solutions-office-locator,government,2026-07-08,high,Resource id 518: Workforce Solutions — Howard County Employment,518
https://www.dshs.texas.gov/chs/lhe,government,2026-07-08,high,Resource id 519: Howard County Local Health Entity — Public Health,519
https://www.twc.texas.gov/jobseekers/workforce-solutions-office-locator,government,2026-07-08,high,Resource id 520: Workforce Solutions — Hudspeth County Employment,520
https://www.dshs.texas.gov/chs/lhe,government,2026-07-08,high,Resource id 521: Hudspeth County Local Health Entity — Public Health,521
https://www.twc.texas.gov/jobseekers/workforce-solutions-office-locator,government,2026-07-08,high,Resource id 522: Workforce Solutions — Hunt County Employment,522
https://www.dshs.texas.gov/chs/lhe,government,2026-07-08,high,Resource id 523: Hunt County Local Health Entity — Public Health,523
https://www.twc.texas.gov/jobseekers/workforce-solutions-office-locator,government,2026-07-08,high,Resource id 524: Workforce Solutions — Hutchinson County Employment,524
https://www.dshs.texas.gov/chs/lhe,government,2026-07-08,high,Resource id 525: Hutchinson County Local Health Entity — Public Health,525
https://www.twc.texas.gov/jobseekers/workforce-solutions-office-locator,government,2026-07-08,high,Resource id 526: Workforce Solutions — Irion County Employment,526
https://www.dshs.texas.gov/chs/lhe,government,2026-07-08,high,Resource id 527: Irion County Local Health Entity — Public Health,527
https://www.twc.texas.gov/jobseekers/workforce-solutions-office-locator,government,2026-07-08,high,Resource id 528: Workforce Solutions — Jack County Employment,528
https://www.dshs.texas.gov/chs/lhe,government,2026-07-08,high,Resource id 529: Jack County Local Health Entity — Public Health,529
https://www.twc.texas.gov/jobseekers/workforce-solutions-office-locator,government,2026-07-08,high,Resource id 530: Workforce Solutions — Jackson County Employment,530
https://www.dshs.texas.gov/chs/lhe,government,2026-07-08,high,Resource id 531: Jackson County Local Health Entity — Public Health,531
https://www.twc.texas.gov/jobseekers/workforce-solutions-office-locator,government,2026-07-08,high,Resource id 532: Workforce Solutions — Jasper County Employment,532
https://www.dshs.texas.gov/chs/lhe,government,2026-07-08,high,Resource id 533: Jasper County Local Health Entity — Public Health,533
https://www.twc.texas.gov/jobseekers/workforce-solutions-office-locator,government,2026-07-08,high,Resource id 534: Workforce Solutions — Jeff Davis County Employment,534
https://www.dshs.texas.gov/chs/lhe,government,2026-07-08,high,Resource id 535: Jeff Davis County Local Health Entity — Public Health,535
https://www.twc.texas.gov/jobseekers/workforce-solutions-office-locator,government,2026-07-08,high,Resource id 536: Workforce Solutions — Jefferson County Employment,536
https://www.dshs.texas.gov/chs/lhe,government,2026-07-08,high,Resource id 537: Jefferson County Local Health Entity — Public Health,537
https://www.twc.texas.gov/jobseekers/workforce-solutions-office-locator,government,2026-07-08,high,Resource id 538: Workforce Solutions — Jim Hogg County Employment,538
https://www.dshs.texas.gov/chs/lhe,government,2026-07-08,high,Resource id 539: Jim Hogg County Local Health Entity — Public Health,539
https://www.twc.texas.gov/jobseekers/workforce-solutions-office-locator,government,2026-07-08,high,Resource id 540: Workforce Solutions — Jim Wells County Employment,540
https://www.dshs.texas.gov/chs/lhe,government,2026-07-08,high,Resource id 541: Jim Wells County Local Health Entity — Public Health,541
https://www.twc.texas.gov/jobseekers/workforce-solutions-office-locator,government,2026-07-08,high,Resource id 542: Workforce Solutions — Johnson County Employment,542
https://www.dshs.texas.gov/chs/lhe,government,2026-07-08,high,Resource id 543: Johnson County Local Health Entity — Public Health,543
https://www.twc.texas.gov/jobseekers/workforce-solutions-office-locator,government,2026-07-08,high,Resource id 544: Workforce Solutions — Jones County Employment,544
https://www.dshs.texas.gov/chs/lhe,government,2026-07-08,high,Resource id 545: Jones County Local Health Entity — Public Health,545
https://www.twc.texas.gov/jobseekers/workforce-solutions-office-locator,government,2026-07-08,high,Resource id 546: Workforce Solutions — Karnes County Employment,546
https://www.dshs.texas.gov/chs/lhe,government,2026-07-08,high,Resource id 547: Karnes County Local Health Entity — Public Health,547
https://www.twc.texas.gov/jobseekers/workforce-solutions-office-locator,government,2026-07-08,high,Resource id 548: Workforce Solutions — Kaufman County Employment,548
https://www.dshs.texas.gov/chs/lhe,government,2026-07-08,high,Resource id 549: Kaufman County Local Health Entity — Public Health,549
https://www.twc.texas.gov/jobseekers/workforce-solutions-office-locator,government,2026-07-08,high,Resource id 550: Workforce Solutions — Kendall County Employment,550
https://www.dshs.texas.gov/chs/lhe,government,2026-07-08,high,Resource id 551: Kendall County Local Health Entity — Public Health,551
https://www.twc.texas.gov/jobseekers/workforce-solutions-office-locator,government,2026-07-08,high,Resource id 552: Workforce Solutions — Kenedy County Employment,552
https://www.dshs.texas.gov/chs/lhe,government,2026-07-08,high,Resource id 553: Kenedy County Local Health Entity — Public Health,553
https://www.twc.texas.gov/jobseekers/workforce-solutions-office-locator,government,2026-07-08,high,Resource id 554: Workforce Solutions — Kent County Employment,554
https://www.dshs.texas.gov/chs/lhe,government,2026-07-08,high,Resource id 555: Kent County Local Health Entity — Public Health,555
https://www.twc.texas.gov/jobseekers/workforce-solutions-office-locator,government,2026-07-08,high,Resource id 556: Workforce Solutions — Kerr County Employment,556
https://www.dshs.texas.gov/chs/lhe,government,2026-07-08,high,Resource id 557: Kerr County Local Health Entity — Public Health,557
https://www.twc.texas.gov/jobseekers/workforce-solutions-office-locator,government,2026-07-08,high,Resource id 558: Workforce Solutions — Kimble County Employment,558
https://www.dshs.texas.gov/chs/lhe,government,2026-07-08,high,Resource id 559: Kimble County Local Health Entity — Public Health,559
https://www.twc.texas.gov/jobseekers/workforce-solutions-office-locator,government,2026-07-08,high,Resource id 560: Workforce Solutions — King County Employment,560
https://www.dshs.texas.gov/chs/lhe,government,2026-07-08,high,Resource id 561: King County Local Health Entity — Public Health,561
https://www.twc.texas.gov/jobseekers/workforce-solutions-office-locator,government,2026-07-08,high,Resource id 562: Workforce Solutions — Kinney County Employment,562
https://www.dshs.texas.gov/chs/lhe,government,2026-07-08,high,Resource id 563: Kinney County Local Health Entity — Public Health,563
https://www.twc.texas.gov/jobseekers/workforce-solutions-office-locator,government,2026-07-08,high,Resource id 564: Workforce Solutions — Kleberg County Employment,564
https://www.dshs.texas.gov/chs/lhe,government,2026-07-08,high,Resource id 565: Kleberg County Local Health Entity — Public Health,565
https://www.twc.texas.gov/jobseekers/workforce-solutions-office-locator,government,2026-07-08,high,Resource id 566: Workforce Solutions — Knox County Employment,566
https://www.dshs.texas.gov/chs/lhe,government,2026-07-08,high,Resource id 567: Knox County Local Health Entity — Public Health,567
https://www.twc.texas.gov/jobseekers/workforce-solutions-office-locator,government,2026-07-08,high,Resource id 568: Workforce Solutions — La Salle County Employment,568
https://www.dshs.texas.gov/chs/lhe,government,2026-07-08,high,Resource id 569: La Salle County Local Health Entity — Public Health,569
https://www.twc.texas.gov/jobseekers/workforce-solutions-office-locator,government,2026-07-08,high,Resource id 570: Workforce Solutions — Lamar County Employment,570
https://www.dshs.texas.gov/chs/lhe,government,2026-07-08,high,Resource id 571: Lamar County Local Health Entity — Public Health,571
https://www.twc.texas.gov/jobseekers/workforce-solutions-office-locator,government,2026-07-08,high,Resource id 572: Workforce Solutions — Lamb County Employment,572
https://www.dshs.texas.gov/chs/lhe,government,2026-07-08,high,Resource id 573: Lamb County Local Health Entity — Public Health,573
https://www.twc.texas.gov/jobseekers/workforce-solutions-office-locator,government,2026-07-08,high,Resource id 574: Workforce Solutions — Lampasas County Employment,574
https://www.dshs.texas.gov/chs/lhe,government,2026-07-08,high,Resource id 575: Lampasas County Local Health Entity — Public Health,575
https://www.twc.texas.gov/jobseekers/workforce-solutions-office-locator,government,2026-07-08,high,Resource id 576: Workforce Solutions — Lavaca County Employment,576
https://www.dshs.texas.gov/chs/lhe,government,2026-07-08,high,Resource id 577: Lavaca County Local Health Entity — Public Health,577
https://www.twc.texas.gov/jobseekers/workforce-solutions-office-locator,government,2026-07-08,high,Resource id 578: Workforce Solutions — Lee County Employment,578
https://www.dshs.texas.gov/chs/lhe,government,2026-07-08,high,Resource id 579: Lee County Local Health Entity — Public Health,579
https://www.twc.texas.gov/jobseekers/workforce-solutions-office-locator,government,2026-07-08,high,Resource id 580: Workforce Solutions — Leon County Employment,580
https://www.dshs.texas.gov/chs/lhe,government,2026-07-08,high,Resource id 581: Leon County Local Health Entity — Public Health,581
https://www.twc.texas.gov/jobseekers/workforce-solutions-office-locator,government,2026-07-08,high,Resource id 582: Workforce Solutions — Liberty County Employment,582
https://www.dshs.texas.gov/chs/lhe,government,2026-07-08,high,Resource id 583: Liberty County Local Health Entity — Public Health,583
https://www.twc.texas.gov/jobseekers/workforce-solutions-office-locator,government,2026-07-08,high,Resource id 584: Workforce Solutions — Limestone County Employment,584
https://www.dshs.texas.gov/chs/lhe,government,2026-07-08,high,Resource id 585: Limestone County Local Health Entity — Public Health,585
https://www.twc.texas.gov/jobseekers/workforce-solutions-office-locator,government,2026-07-08,high,Resource id 586: Workforce Solutions — Lipscomb County Employment,586
https://www.dshs.texas.gov/chs/lhe,government,2026-07-08,high,Resource id 587: Lipscomb County Local Health Entity — Public Health,587
https://www.twc.texas.gov/jobseekers/workforce-solutions-office-locator,government,2026-07-08,high,Resource id 588: Workforce Solutions — Live Oak County Employment,588
https://www.dshs.texas.gov/chs/lhe,government,2026-07-08,high,Resource id 589: Live Oak County Local Health Entity — Public Health,589
https://www.twc.texas.gov/jobseekers/workforce-solutions-office-locator,government,2026-07-08,high,Resource id 590: Workforce Solutions — Llano County Employment,590
https://www.dshs.texas.gov/chs/lhe,government,2026-07-08,high,Resource id 591: Llano County Local Health Entity — Public Health,591
https://www.twc.texas.gov/jobseekers/workforce-solutions-office-locator,government,2026-07-08,high,Resource id 592: Workforce Solutions — Loving County Employment,592
https://www.dshs.texas.gov/chs/lhe,government,2026-07-08,high,Resource id 593: Loving County Local Health Entity — Public Health,593
https://www.twc.texas.gov/jobseekers/workforce-solutions-office-locator,government,2026-07-08,high,Resource id 594: Workforce Solutions — Lubbock County Employment,594
https://www.dshs.texas.gov/chs/lhe,government,2026-07-08,high,Resource id 595: Lubbock County Local Health Entity — Public Health,595
https://www.twc.texas.gov/jobseekers/workforce-solutions-office-locator,government,2026-07-08,high,Resource id 596: Workforce Solutions — Lynn County Employment,596
https://www.dshs.texas.gov/chs/lhe,government,2026-07-08,high,Resource id 597: Lynn County Local Health Entity — Public Health,597
https://www.twc.texas.gov/jobseekers/workforce-solutions-office-locator,government,2026-07-08,high,Resource id 598: Workforce Solutions — Madison County Employment,598
https://www.dshs.texas.gov/chs/lhe,government,2026-07-08,high,Resource id 599: Madison County Local Health Entity — Public Health,599
https://www.twc.texas.gov/jobseekers/workforce-solutions-office-locator,government,2026-07-08,high,Resource id 600: Workforce Solutions — Marion County Employment,600
https://www.dshs.texas.gov/chs/lhe,government,2026-07-08,high,Resource id 601: Marion County Local Health Entity — Public Health,601
https://www.twc.texas.gov/jobseekers/workforce-solutions-office-locator,government,2026-07-08,high,Resource id 602: Workforce Solutions — Martin County Employment,602
https://www.dshs.texas.gov/chs/lhe,government,2026-07-08,high,Resource id 603: Martin County Local Health Entity — Public Health,603
https://www.twc.texas.gov/jobseekers/workforce-solutions-office-locator,government,2026-07-08,high,Resource id 604: Workforce Solutions — Mason County Employment,604
https://www.dshs.texas.gov/chs/lhe,government,2026-07-08,high,Resource id 605: Mason County Local Health Entity — Public Health,605
https://www.twc.texas.gov/jobseekers/workforce-solutions-office-locator,government,2026-07-08,high,Resource id 606: Workforce Solutions — Matagorda County Employment,606
https://www.dshs.texas.gov/chs/lhe,government,2026-07-08,high,Resource id 607: Matagorda County Local Health Entity — Public Health,607
https://www.twc.texas.gov/jobseekers/workforce-solutions-office-locator,government,2026-07-08,high,Resource id 608: Workforce Solutions — Maverick County Employment,608
https://www.dshs.texas.gov/chs/lhe,government,2026-07-08,high,Resource id 609: Maverick County Local Health Entity — Public Health,609
https://www.twc.texas.gov/jobseekers/workforce-solutions-office-locator,government,2026-07-08,high,Resource id 610: Workforce Solutions — McCulloch County Employment,610
https://www.dshs.texas.gov/chs/lhe,government,2026-07-08,high,Resource id 611: McCulloch County Local Health Entity — Public Health,611
https://www.twc.texas.gov/jobseekers/workforce-solutions-office-locator,government,2026-07-08,high,Resource id 612: Workforce Solutions — McLennan County Employment,612
https://www.dshs.texas.gov/chs/lhe,government,2026-07-08,high,Resource id 613: McLennan County Local Health Entity — Public Health,613
https://www.twc.texas.gov/jobseekers/workforce-solutions-office-locator,government,2026-07-08,high,Resource id 614: Workforce Solutions — McMullen County Employment,614
https://www.dshs.texas.gov/chs/lhe,government,2026-07-08,high,Resource id 615: McMullen County Local Health Entity — Public Health,615
https://www.twc.texas.gov/jobseekers/workforce-solutions-office-locator,government,2026-07-08,high,Resource id 616: Workforce Solutions — Medina County Employment,616
https://www.dshs.texas.gov/chs/lhe,government,2026-07-08,high,Resource id 617: Medina County Local Health Entity — Public Health,617
https://www.twc.texas.gov/jobseekers/workforce-solutions-office-locator,government,2026-07-08,high,Resource id 618: Workforce Solutions — Menard County Employment,618
https://www.dshs.texas.gov/chs/lhe,government,2026-07-08,high,Resource id 619: Menard County Local Health Entity — Public Health,619
https://www.twc.texas.gov/jobseekers/workforce-solutions-office-locator,government,2026-07-08,high,Resource id 620: Workforce Solutions — Midland County Employment,620
https://www.dshs.texas.gov/chs/lhe,government,2026-07-08,high,Resource id 621: Midland County Local Health Entity — Public Health,621
https://www.twc.texas.gov/jobseekers/workforce-solutions-office-locator,government,2026-07-08,high,Resource id 622: Workforce Solutions — Milam County Employment,622
https://www.dshs.texas.gov/chs/lhe,government,2026-07-08,high,Resource id 623: Milam County Local Health Entity — Public Health,623
https://www.twc.texas.gov/jobseekers/workforce-solutions-office-locator,government,2026-07-08,high,Resource id 624: Workforce Solutions — Mills County Employment,624
https://www.dshs.texas.gov/chs/lhe,government,2026-07-08,high,Resource id 625: Mills County Local Health Entity — Public Health,625
https://www.twc.texas.gov/jobseekers/workforce-solutions-office-locator,government,2026-07-08,high,Resource id 626: Workforce Solutions — Mitchell County Employment,626
https://www.dshs.texas.gov/chs/lhe,government,2026-07-08,high,Resource id 627: Mitchell County Local Health Entity — Public Health,627
https://www.twc.texas.gov/jobseekers/workforce-solutions-office-locator,government,2026-07-08,high,Resource id 628: Workforce Solutions — Montague County Employment,628
https://www.dshs.texas.gov/chs/lhe,government,2026-07-08,high,Resource id 629: Montague County Local Health Entity — Public Health,629
https://www.twc.texas.gov/jobseekers/workforce-solutions-office-locator,government,2026-07-08,high,Resource id 630: Workforce Solutions — Montgomery County Employment,630
https://www.dshs.texas.gov/chs/lhe,government,2026-07-08,high,Resource id 631: Montgomery County Local Health Entity — Public Health,631
https://www.twc.texas.gov/jobseekers/workforce-solutions-office-locator,government,2026-07-08,high,Resource id 632: Workforce Solutions — Moore County Employment,632
https://www.dshs.texas.gov/chs/lhe,government,2026-07-08,high,Resource id 633: Moore County Local Health Entity — Public Health,633
https://www.twc.texas.gov/jobseekers/workforce-solutions-office-locator,government,2026-07-08,high,Resource id 634: Workforce Solutions — Morris County Employment,634
https://www.dshs.texas.gov/chs/lhe,government,2026-07-08,high,Resource id 635: Morris County Local Health Entity — Public Health,635
https://www.twc.texas.gov/jobseekers/workforce-solutions-office-locator,government,2026-07-08,high,Resource id 636: Workforce Solutions — Motley County Employment,636
https://www.dshs.texas.gov/chs/lhe,government,2026-07-08,high,Resource id 637: Motley County Local Health Entity — Public Health,637
https://www.twc.texas.gov/jobseekers/workforce-solutions-office-locator,government,2026-07-08,high,Resource id 638: Workforce Solutions — Nacogdoches County Employment,638
https://www.dshs.texas.gov/chs/lhe,government,2026-07-08,high,Resource id 639: Nacogdoches County Local Health Entity — Public Health,639
https://www.twc.texas.gov/jobseekers/workforce-solutions-office-locator,government,2026-07-08,high,Resource id 640: Workforce Solutions — Navarro County Employment,640
https://www.dshs.texas.gov/chs/lhe,government,2026-07-08,high,Resource id 641: Navarro County Local Health Entity — Public Health,641
https://www.twc.texas.gov/jobseekers/workforce-solutions-office-locator,government,2026-07-08,high,Resource id 642: Workforce Solutions — Newton County Employment,642
https://www.dshs.texas.gov/chs/lhe,government,2026-07-08,high,Resource id 643: Newton County Local Health Entity — Public Health,643
https://www.twc.texas.gov/jobseekers/workforce-solutions-office-locator,government,2026-07-08,high,Resource id 644: Workforce Solutions — Nolan County Employment,644
https://www.dshs.texas.gov/chs/lhe,government,2026-07-08,high,Resource id 645: Nolan County Local Health Entity — Public Health,645
https://www.twc.texas.gov/jobseekers/workforce-solutions-office-locator,government,2026-07-08,high,Resource id 646: Workforce Solutions — Nueces County Employment,646
https://www.dshs.texas.gov/chs/lhe,government,2026-07-08,high,Resource id 647: Nueces County Local Health Entity — Public Health,647
https://www.twc.texas.gov/jobseekers/workforce-solutions-office-locator,government,2026-07-08,high,Resource id 648: Workforce Solutions — Ochiltree County Employment,648
https://www.dshs.texas.gov/chs/lhe,government,2026-07-08,high,Resource id 649: Ochiltree County Local Health Entity — Public Health,649
https://www.twc.texas.gov/jobseekers/workforce-solutions-office-locator,government,2026-07-08,high,Resource id 650: Workforce Solutions — Oldham County Employment,650
https://www.dshs.texas.gov/chs/lhe,government,2026-07-08,high,Resource id 651: Oldham County Local Health Entity — Public Health,651
https://www.twc.texas.gov/jobseekers/workforce-solutions-office-locator,government,2026-07-08,high,Resource id 652: Workforce Solutions — Orange County Employment,652
https://www.dshs.texas.gov/chs/lhe,government,2026-07-08,high,Resource id 653: Orange County Local Health Entity — Public Health,653
https://www.twc.texas.gov/jobseekers/workforce-solutions-office-locator,government,2026-07-08,high,Resource id 654: Workforce Solutions — Palo Pinto County Employment,654
https://www.dshs.texas.gov/chs/lhe,government,2026-07-08,high,Resource id 655: Palo Pinto County Local Health Entity — Public Health,655
https://www.twc.texas.gov/jobseekers/workforce-solutions-office-locator,government,2026-07-08,high,Resource id 656: Workforce Solutions — Panola County Employment,656
https://www.dshs.texas.gov/chs/lhe,government,2026-07-08,high,Resource id 657: Panola County Local Health Entity — Public Health,657
https://www.twc.texas.gov/jobseekers/workforce-solutions-office-locator,government,2026-07-08,high,Resource id 658: Workforce Solutions — Parker County Employment,658
https://www.dshs.texas.gov/chs/lhe,government,2026-07-08,high,Resource id 659: Parker County Local Health Entity — Public Health,659
https://www.twc.texas.gov/jobseekers/workforce-solutions-office-locator,government,2026-07-08,high,Resource id 660: Workforce Solutions — Parmer County Employment,660
https://www.dshs.texas.gov/chs/lhe,government,2026-07-08,high,Resource id 661: Parmer County Local Health Entity — Public Health,661
https://www.twc.texas.gov/jobseekers/workforce-solutions-office-locator,government,2026-07-08,high,Resource id 662: Workforce Solutions — Pecos County Employment,662
https://www.dshs.texas.gov/chs/lhe,government,2026-07-08,high,Resource id 663: Pecos County Local Health Entity — Public Health,663
https://www.twc.texas.gov/jobseekers/workforce-solutions-office-locator,government,2026-07-08,high,Resource id 664: Workforce Solutions — Polk County Employment,664
https://www.dshs.texas.gov/chs/lhe,government,2026-07-08,high,Resource id 665: Polk County Local Health Entity — Public Health,665
https://www.twc.texas.gov/jobseekers/workforce-solutions-office-locator,government,2026-07-08,high,Resource id 666: Workforce Solutions — Potter County Employment,666
https://www.dshs.texas.gov/chs/lhe,government,2026-07-08,high,Resource id 667: Potter County Local Health Entity — Public Health,667
https://www.twc.texas.gov/jobseekers/workforce-solutions-office-locator,government,2026-07-08,high,Resource id 668: Workforce Solutions — Presidio County Employment,668
https://www.dshs.texas.gov/chs/lhe,government,2026-07-08,high,Resource id 669: Presidio County Local Health Entity — Public Health,669
https://www.twc.texas.gov/jobseekers/workforce-solutions-office-locator,government,2026-07-08,high,Resource id 670: Workforce Solutions — Rains County Employment,670
https://www.dshs.texas.gov/chs/lhe,government,2026-07-08,high,Resource id 671: Rains County Local Health Entity — Public Health,671
https://www.twc.texas.gov/jobseekers/workforce-solutions-office-locator,government,2026-07-08,high,Resource id 672: Workforce Solutions — Randall County Employment,672
https://www.dshs.texas.gov/chs/lhe,government,2026-07-08,high,Resource id 673: Randall County Local Health Entity — Public Health,673
https://www.twc.texas.gov/jobseekers/workforce-solutions-office-locator,government,2026-07-08,high,Resource id 674: Workforce Solutions — Reagan County Employment,674
https://www.dshs.texas.gov/chs/lhe,government,2026-07-08,high,Resource id 675: Reagan County Local Health Entity — Public Health,675
https://www.twc.texas.gov/jobseekers/workforce-solutions-office-locator,government,2026-07-08,high,Resource id 676: Workforce Solutions — Real County Employment,676
https://www.dshs.texas.gov/chs/lhe,government,2026-07-08,high,Resource id 677: Real County Local Health Entity — Public Health,677
https://www.twc.texas.gov/jobseekers/workforce-solutions-office-locator,government,2026-07-08,high,Resource id 678: Workforce Solutions — Red River County Employment,678
https://www.dshs.texas.gov/chs/lhe,government,2026-07-08,high,Resource id 679: Red River County Local Health Entity — Public Health,679
https://www.twc.texas.gov/jobseekers/workforce-solutions-office-locator,government,2026-07-08,high,Resource id 680: Workforce Solutions — Reeves County Employment,680
https://www.dshs.texas.gov/chs/lhe,government,2026-07-08,high,Resource id 681: Reeves County Local Health Entity — Public Health,681
https://www.twc.texas.gov/jobseekers/workforce-solutions-office-locator,government,2026-07-08,high,Resource id 682: Workforce Solutions — Refugio County Employment,682
https://www.dshs.texas.gov/chs/lhe,government,2026-07-08,high,Resource id 683: Refugio County Local Health Entity — Public Health,683
https://www.twc.texas.gov/jobseekers/workforce-solutions-office-locator,government,2026-07-08,high,Resource id 684: Workforce Solutions — Roberts County Employment,684
https://www.dshs.texas.gov/chs/lhe,government,2026-07-08,high,Resource id 685: Roberts County Local Health Entity — Public Health,685
https://www.twc.texas.gov/jobseekers/workforce-solutions-office-locator,government,2026-07-08,high,Resource id 686: Workforce Solutions — Robertson County Employment,686
https://www.dshs.texas.gov/chs/lhe,government,2026-07-08,high,Resource id 687: Robertson County Local Health Entity — Public Health,687
https://www.twc.texas.gov/jobseekers/workforce-solutions-office-locator,government,2026-07-08,high,Resource id 688: Workforce Solutions — Rockwall County Employment,688
https://www.dshs.texas.gov/chs/lhe,government,2026-07-08,high,Resource id 689: Rockwall County Local Health Entity — Public Health,689
https://www.twc.texas.gov/jobseekers/workforce-solutions-office-locator,government,2026-07-08,high,Resource id 690: Workforce Solutions — Runnels County Employment,690
https://www.dshs.texas.gov/chs/lhe,government,2026-07-08,high,Resource id 691: Runnels County Local Health Entity — Public Health,691
https://www.twc.texas.gov/jobseekers/workforce-solutions-office-locator,government,2026-07-08,high,Resource id 692: Workforce Solutions — Rusk County Employment,692
https://www.dshs.texas.gov/chs/lhe,government,2026-07-08,high,Resource id 693: Rusk County Local Health Entity — Public Health,693
https://www.twc.texas.gov/jobseekers/workforce-solutions-office-locator,government,2026-07-08,high,Resource id 694: Workforce Solutions — Sabine County Employment,694
https://www.dshs.texas.gov/chs/lhe,government,2026-07-08,high,Resource id 695: Sabine County Local Health Entity — Public Health,695
https://www.twc.texas.gov/jobseekers/workforce-solutions-office-locator,government,2026-07-08,high,Resource id 696: Workforce Solutions — San Augustine County Employment,696
https://www.dshs.texas.gov/chs/lhe,government,2026-07-08,high,Resource id 697: San Augustine County Local Health Entity — Public Health,697
https://www.twc.texas.gov/jobseekers/workforce-solutions-office-locator,government,2026-07-08,high,Resource id 698: Workforce Solutions — San Jacinto County Employment,698
https://www.dshs.texas.gov/chs/lhe,government,2026-07-08,high,Resource id 699: San Jacinto County Local Health Entity — Public Health,699
https://www.twc.texas.gov/jobseekers/workforce-solutions-office-locator,government,2026-07-08,high,Resource id 700: Workforce Solutions — San Patricio County Employment,700
https://www.dshs.texas.gov/chs/lhe,government,2026-07-08,high,Resource id 701: San Patricio County Local Health Entity — Public Health,701
https://www.twc.texas.gov/jobseekers/workforce-solutions-office-locator,government,2026-07-08,high,Resource id 702: Workforce Solutions — San Saba County Employment,702
https://www.dshs.texas.gov/chs/lhe,government,2026-07-08,high,Resource id 703: San Saba County Local Health Entity — Public Health,703
https://www.twc.texas.gov/jobseekers/workforce-solutions-office-locator,government,2026-07-08,high,Resource id 704: Workforce Solutions — Schleicher County Employment,704
https://www.dshs.texas.gov/chs/lhe,government,2026-07-08,high,Resource id 705: Schleicher County Local Health Entity — Public Health,705
https://www.twc.texas.gov/jobseekers/workforce-solutions-office-locator,government,2026-07-08,high,Resource id 706: Workforce Solutions — Scurry County Employment,706
https://www.dshs.texas.gov/chs/lhe,government,2026-07-08,high,Resource id 707: Scurry County Local Health Entity — Public Health,707
https://www.twc.texas.gov/jobseekers/workforce-solutions-office-locator,government,2026-07-08,high,Resource id 708: Workforce Solutions — Shackelford County Employment,708
https://www.dshs.texas.gov/chs/lhe,government,2026-07-08,high,Resource id 709: Shackelford County Local Health Entity — Public Health,709
https://www.twc.texas.gov/jobseekers/workforce-solutions-office-locator,government,2026-07-08,high,Resource id 710: Workforce Solutions — Shelby County Employment,710
https://www.dshs.texas.gov/chs/lhe,government,2026-07-08,high,Resource id 711: Shelby County Local Health Entity — Public Health,711
https://www.twc.texas.gov/jobseekers/workforce-solutions-office-locator,government,2026-07-08,high,Resource id 712: Workforce Solutions — Sherman County Employment,712
https://www.dshs.texas.gov/chs/lhe,government,2026-07-08,high,Resource id 713: Sherman County Local Health Entity — Public Health,713
https://www.twc.texas.gov/jobseekers/workforce-solutions-office-locator,government,2026-07-08,high,Resource id 714: Workforce Solutions — Smith County Employment,714
https://www.dshs.texas.gov/chs/lhe,government,2026-07-08,high,Resource id 715: Smith County Local Health Entity — Public Health,715
https://www.twc.texas.gov/jobseekers/workforce-solutions-office-locator,government,2026-07-08,high,Resource id 716: Workforce Solutions — Somervell County Employment,716
https://www.dshs.texas.gov/chs/lhe,government,2026-07-08,high,Resource id 717: Somervell County Local Health Entity — Public Health,717
https://www.twc.texas.gov/jobseekers/workforce-solutions-office-locator,government,2026-07-08,high,Resource id 718: Workforce Solutions — Starr County Employment,718
https://www.dshs.texas.gov/chs/lhe,government,2026-07-08,high,Resource id 719: Starr County Local Health Entity — Public Health,719
https://www.twc.texas.gov/jobseekers/workforce-solutions-office-locator,government,2026-07-08,high,Resource id 720: Workforce Solutions — Stephens County Employment,720
https://www.dshs.texas.gov/chs/lhe,government,2026-07-08,high,Resource id 721: Stephens County Local Health Entity — Public Health,721
https://www.twc.texas.gov/jobseekers/workforce-solutions-office-locator,government,2026-07-08,high,Resource id 722: Workforce Solutions — Sterling County Employment,722
https://www.dshs.texas.gov/chs/lhe,government,2026-07-08,high,Resource id 723: Sterling County Local Health Entity — Public Health,723
https://www.twc.texas.gov/jobseekers/workforce-solutions-office-locator,government,2026-07-08,high,Resource id 724: Workforce Solutions — Stonewall County Employment,724
https://www.dshs.texas.gov/chs/lhe,government,2026-07-08,high,Resource id 725: Stonewall County Local Health Entity — Public Health,725
https://www.twc.texas.gov/jobseekers/workforce-solutions-office-locator,government,2026-07-08,high,Resource id 726: Workforce Solutions — Sutton County Employment,726
https://www.dshs.texas.gov/chs/lhe,government,2026-07-08,high,Resource id 727: Sutton County Local Health Entity — Public Health,727
https://www.twc.texas.gov/jobseekers/workforce-solutions-office-locator,government,2026-07-08,high,Resource id 728: Workforce Solutions — Swisher County Employment,728
https://www.dshs.texas.gov/chs/lhe,government,2026-07-08,high,Resource id 729: Swisher County Local Health Entity — Public Health,729
https://www.twc.texas.gov/jobseekers/workforce-solutions-office-locator,government,2026-07-08,high,Resource id 730: Workforce Solutions — Tarrant County Employment,730
https://www.dshs.texas.gov/chs/lhe,government,2026-07-08,high,Resource id 731: Tarrant County Local Health Entity — Public Health,731
https://www.twc.texas.gov/jobseekers/workforce-solutions-office-locator,government,2026-07-08,high,Resource id 732: Workforce Solutions — Taylor County Employment,732
https://www.dshs.texas.gov/chs/lhe,government,2026-07-08,high,Resource id 733: Taylor County Local Health Entity — Public Health,733
https://www.twc.texas.gov/jobseekers/workforce-solutions-office-locator,government,2026-07-08,high,Resource id 734: Workforce Solutions — Terrell County Employment,734
https://www.dshs.texas.gov/chs/lhe,government,2026-07-08,high,Resource id 735: Terrell County Local Health Entity — Public Health,735
https://www.twc.texas.gov/jobseekers/workforce-solutions-office-locator,government,2026-07-08,high,Resource id 736: Workforce Solutions — Terry County Employment,736
https://www.dshs.texas.gov/chs/lhe,government,2026-07-08,high,Resource id 737: Terry County Local Health Entity — Public Health,737
https://www.twc.texas.gov/jobseekers/workforce-solutions-office-locator,government,2026-07-08,high,Resource id 738: Workforce Solutions — Throckmorton County Employment,738
https://www.dshs.texas.gov/chs/lhe,government,2026-07-08,high,Resource id 739: Throckmorton County Local Health Entity — Public Health,739
https://www.twc.texas.gov/jobseekers/workforce-solutions-office-locator,government,2026-07-08,high,Resource id 740: Workforce Solutions — Titus County Employment,740
https://www.dshs.texas.gov/chs/lhe,government,2026-07-08,high,Resource id 741: Titus County Local Health Entity — Public Health,741
https://www.twc.texas.gov/jobseekers/workforce-solutions-office-locator,government,2026-07-08,high,Resource id 742: Workforce Solutions — Tom Green County Employment,742
https://www.dshs.texas.gov/chs/lhe,government,2026-07-08,high,Resource id 743: Tom Green County Local Health Entity — Public Health,743
https://www.twc.texas.gov/jobseekers/workforce-solutions-office-locator,government,2026-07-08,high,Resource id 744: Workforce Solutions — Travis County Employment,744
https://www.dshs.texas.gov/chs/lhe,government,2026-07-08,high,Resource id 745: Travis County Local Health Entity — Public Health,745
https://www.twc.texas.gov/jobseekers/workforce-solutions-office-locator,government,2026-07-08,high,Resource id 746: Workforce Solutions — Trinity County Employment,746
https://www.dshs.texas.gov/chs/lhe,government,2026-07-08,high,Resource id 747: Trinity County Local Health Entity — Public Health,747
https://www.twc.texas.gov/jobseekers/workforce-solutions-office-locator,government,2026-07-08,high,Resource id 748: Workforce Solutions — Tyler County Employment,748
https://www.dshs.texas.gov/chs/lhe,government,2026-07-08,high,Resource id 749: Tyler County Local Health Entity — Public Health,749
https://www.twc.texas.gov/jobseekers/workforce-solutions-office-locator,government,2026-07-08,high,Resource id 750: Workforce Solutions — Upshur County Employment,750
https://www.dshs.texas.gov/chs/lhe,government,2026-07-08,high,Resource id 751: Upshur County Local Health Entity — Public Health,751
https://www.twc.texas.gov/jobseekers/workforce-solutions-office-locator,government,2026-07-08,high,Resource id 752: Workforce Solutions — Upton County Employment,752
https://www.dshs.texas.gov/chs/lhe,government,2026-07-08,high,Resource id 753: Upton County Local Health Entity — Public Health,753
https://www.twc.texas.gov/jobseekers/workforce-solutions-office-locator,government,2026-07-08,high,Resource id 754: Workforce Solutions — Uvalde County Employment,754
https://www.dshs.texas.gov/chs/lhe,government,2026-07-08,high,Resource id 755: Uvalde County Local Health Entity — Public Health,755
https://www.twc.texas.gov/jobseekers/workforce-solutions-office-locator,government,2026-07-08,high,Resource id 756: Workforce Solutions — Val Verde County Employment,756
https://www.dshs.texas.gov/chs/lhe,government,2026-07-08,high,Resource id 757: Val Verde County Local Health Entity — Public Health,757
https://www.twc.texas.gov/jobseekers/workforce-solutions-office-locator,government,2026-07-08,high,Resource id 758: Workforce Solutions — Van Zandt County Employment,758
https://www.dshs.texas.gov/chs/lhe,government,2026-07-08,high,Resource id 759: Van Zandt County Local Health Entity — Public Health,759
https://www.twc.texas.gov/jobseekers/workforce-solutions-office-locator,government,2026-07-08,high,Resource id 760: Workforce Solutions — Victoria County Employment,760
https://www.dshs.texas.gov/chs/lhe,government,2026-07-08,high,Resource id 761: Victoria County Local Health Entity — Public Health,761
https://www.twc.texas.gov/jobseekers/workforce-solutions-office-locator,government,2026-07-08,high,Resource id 762: Workforce Solutions — Walker County Employment,762
https://www.dshs.texas.gov/chs/lhe,government,2026-07-08,high,Resource id 763: Walker County Local Health Entity — Public Health,763
https://www.twc.texas.gov/jobseekers/workforce-solutions-office-locator,government,2026-07-08,high,Resource id 764: Workforce Solutions — Waller County Employment,764
https://www.dshs.texas.gov/chs/lhe,government,2026-07-08,high,Resource id 765: Waller County Local Health Entity — Public Health,765
https://www.twc.texas.gov/jobseekers/workforce-solutions-office-locator,government,2026-07-08,high,Resource id 766: Workforce Solutions — Ward County Employment,766
https://www.dshs.texas.gov/chs/lhe,government,2026-07-08,high,Resource id 767: Ward County Local Health Entity — Public Health,767
https://www.twc.texas.gov/jobseekers/workforce-solutions-office-locator,government,2026-07-08,high,Resource id 768: Workforce Solutions — Washington County Employment,768
https://www.dshs.texas.gov/chs/lhe,government,2026-07-08,high,Resource id 769: Washington County Local Health Entity — Public Health,769
https://www.twc.texas.gov/jobseekers/workforce-solutions-office-locator,government,2026-07-08,high,Resource id 770: Workforce Solutions — Webb County Employment,770
https://www.dshs.texas.gov/chs/lhe,government,2026-07-08,high,Resource id 771: Webb County Local Health Entity — Public Health,771
https://www.twc.texas.gov/jobseekers/workforce-solutions-office-locator,government,2026-07-08,high,Resource id 772: Workforce Solutions — Wharton County Employment,772
https://www.dshs.texas.gov/chs/lhe,government,2026-07-08,high,Resource id 773: Wharton County Local Health Entity — Public Health,773
https://www.twc.texas.gov/jobseekers/workforce-solutions-office-locator,government,2026-07-08,high,Resource id 774: Workforce Solutions — Wheeler County Employment,774
https://www.dshs.texas.gov/chs/lhe,government,2026-07-08,high,Resource id 775: Wheeler County Local Health Entity — Public Health,775
https://www.twc.texas.gov/jobseekers/workforce-solutions-office-locator,government,2026-07-08,high,Resource id 776: Workforce Solutions — Wichita County Employment,776
https://www.dshs.texas.gov/chs/lhe,government,2026-07-08,high,Resource id 777: Wichita County Local Health Entity — Public Health,777
https://www.twc.texas.gov/jobseekers/workforce-solutions-office-locator,government,2026-07-08,high,Resource id 778: Workforce Solutions — Wilbarger County Employment,778
https://www.dshs.texas.gov/chs/lhe,government,2026-07-08,high,Resource id 779: Wilbarger County Local Health Entity — Public Health,779
https://www.twc.texas.gov/jobseekers/workforce-solutions-office-locator,government,2026-07-08,high,Resource id 780: Workforce Solutions — Willacy County Employment,780
https://www.dshs.texas.gov/chs/lhe,government,2026-07-08,high,Resource id 781: Willacy County Local Health Entity — Public Health,781
https://www.twc.texas.gov/jobseekers/workforce-solutions-office-locator,government,2026-07-08,high,Resource id 782: Workforce Solutions — Williamson County Employment,782
https://www.dshs.texas.gov/chs/lhe,government,2026-07-08,high,Resource id 783: Williamson County Local Health Entity — Public Health,783
https://www.twc.texas.gov/jobseekers/workforce-solutions-office-locator,government,2026-07-08,high,Resource id 784: Workforce Solutions — Wilson County Employment,784
https://www.dshs.texas.gov/chs/lhe,government,2026-07-08,high,Resource id 785: Wilson County Local Health Entity — Public Health,785
https://www.twc.texas.gov/jobseekers/workforce-solutions-office-locator,government,2026-07-08,high,Resource id 786: Workforce Solutions — Winkler County Employment,786
https://www.dshs.texas.gov/chs/lhe,government,2026-07-08,high,Resource id 787: Winkler County Local Health Entity — Public Health,787
https://www.twc.texas.gov/jobseekers/workforce-solutions-office-locator,government,2026-07-08,high,Resource id 788: Workforce Solutions — Wise County Employment,788
https://www.dshs.texas.gov/chs/lhe,government,2026-07-08,high,Resource id 789: Wise County Local Health Entity — Public Health,789
https://www.twc.texas.gov/jobseekers/workforce-solutions-office-locator,government,2026-07-08,high,Resource id 790: Workforce Solutions — Wood County Employment,790
https://www.dshs.texas.gov/chs/lhe,government,2026-07-08,high,Resource id 791: Wood County Local Health Entity — Public Health,791
https://www.twc.texas.gov/jobseekers/workforce-solutions-office-locator,government,2026-07-08,high,Resource id 792: Workforce Solutions — Yoakum County Employment,792
https://www.dshs.texas.gov/chs/lhe,government,2026-07-08,high,Resource id 793: Yoakum County Local Health Entity — Public Health,793
https://www.twc.texas.gov/jobseekers/workforce-solutions-office-locator,government,2026-07-08,high,Resource id 794: Workforce Solutions — Young County Employment,794
https://www.dshs.texas.gov/chs/lhe,government,2026-07-08,high,Resource id 795: Young County Local Health Entity — Public Health,795
https://www.twc.texas.gov/jobseekers/workforce-solutions-office-locator,government,2026-07-08,high,Resource id 796: Workforce Solutions — Zapata County Employment,796
https://www.dshs.texas.gov/chs/lhe,government,2026-07-08,high,Resource id 797: Zapata County Local Health Entity — Public Health,797
https://www.twc.texas.gov/jobseekers/workforce-solutions-office-locator,government,2026-07-08,high,Resource id 798: Workforce Solutions — Zavala County Employment,798
https://www.dshs.texas.gov/chs/lhe,government,2026-07-08,high,Resource id 799: Zavala County Local Health Entity — Public Health,799
https://www.lonestarlegal.org,nonprofit,2026-07-08,high,Resource id 800: Lone Star Legal Aid — Houston,800
https://www.trla.org,nonprofit,2026-07-08,high,Resource id 801: Texas RioGrande Legal Aid — South Texas,801
https://www.ridemetro.org,nonprofit,2026-07-08,high,Resource id 802: Houston METRO — Reduced Fare,802
https://www.capmetro.org,nonprofit,2026-07-08,high,Resource id 803: Capital Metro — Austin Transit,803
https://www.ntfb.org,nonprofit,2026-07-08,high,Resource id 804: North Texas Food Bank,804
https://www.centraltexasfoodbank.org,nonprofit,2026-07-08,high,Resource id 805: Central Texas Food Bank,805
https://www.goodwillcentraltexas.org,nonprofit,2026-07-08,high,Resource id 806: Goodwill Central Texas — Reentry Employment,806
https://www.sohmission.org,nonprofit,2026-07-08,high,Resource id 807: Star of Hope — Houston Shelter,807
https://www.salvationarmyhouston.org,nonprofit,2026-07-08,high,Resource id 808: Salvation Army — Houston Area Command,808
https://www.salvationarmydfw.org,nonprofit,2026-07-08,high,Resource id 809: Salvation Army — Dallas,809
https://www.catholiccharities.org,nonprofit,2026-07-08,high,Resource id 810: Catholic Charities — Galveston-Houston,810
https://www.unitedwayhouston.org,nonprofit,2026-07-08,high,Resource id 811: United Way of Greater Houston — 211,811
https://www.svdpdallas.org,nonprofit,2026-07-08,high,Resource id 812: St. Vincent de Paul — Dallas,812
https://www.cam-sa.org,nonprofit,2026-07-08,high,Resource id 813: Christian Assistance Ministry — San Antonio,813
https://www.aaul.org,nonprofit,2026-07-08,high,Resource id 814: Austin Area Urban League — Basic Needs,814
https://www.elpasoansfightinghunger.org,nonprofit,2026-07-08,high,Resource id 815: El Pasoans Fighting Hunger,815
https://www.tafb.org,nonprofit,2026-07-08,high,Resource id 816: Tarrant Area Food Bank,816
https://www.coastalbendfoodbank.org,nonprofit,2026-07-08,high,Resource id 817: Coastal Bend Food Bank,817
https://www.twc.texas.gov/partners/adult-education-and-literacy,nonprofit,2026-07-08,high,Resource id 818: Texas Adult Education — Statewide,818
https://www.hccs.edu,nonprofit,2026-07-08,high,Resource id 819: Houston Community College — Adult Education,819
https://www.dallascollege.edu,nonprofit,2026-07-08,high,Resource id 820: Dallas College — Adult Education & GED,820
https://www.austincc.edu,nonprofit,2026-07-08,high,Resource id 821: Austin Community College — Adult Education,821
https://www.alamo.edu,nonprofit,2026-07-08,high,Resource id 822: Alamo Colleges — San Antonio Adult Ed,822
https://www.epcc.edu,nonprofit,2026-07-08,high,Resource id 823: El Paso Community College — GED,823
https://www.tccd.edu,nonprofit,2026-07-08,high,Resource id 824: Tarrant County College — Adult Education,824
https://www.lonestar.edu,nonprofit,2026-07-08,high,Resource id 825: Lone Star College — Adult Education,825
https://www.tjc.edu,nonprofit,2026-07-08,high,Resource id 826: Tyler Junior College — Adult Education,826
https://www.actx.edu,nonprofit,2026-07-08,high,Resource id 827: Amarillo College — Adult Education,827
https://www.southtexascollege.edu,nonprofit,2026-07-08,high,Resource id 828: South Texas College — Adult Education,828
https://www.midland.edu,nonprofit,2026-07-08,high,Resource id 829: Midland College — Adult Education,829
https://www.tfi-family.org,nonprofit,2026-07-08,high,Resource id 830: Texas Family Initiative — Parent Support,830
https://www.childrenatrisk.org,nonprofit,2026-07-08,high,Resource id 831: Children at Risk — Houston,831
https://www.anybabycansa.org,nonprofit,2026-07-08,high,Resource id 832: Any Baby Can — San Antonio,832
https://www.safoodbank.org,nonprofit,2026-07-08,high,Resource id 833: San Antonio Food Bank,833
https://www.houstonfoodbank.org,nonprofit,2026-07-08,high,Resource id 834: Houston Food Bank,834
https://www.cityofdallas.gov/departments/office-homeless-solutions,nonprofit,2026-07-08,high,Resource id 835: The Bridge — Dallas Homeless Recovery,835
https://www.austinhomeless.org,nonprofit,2026-07-08,high,Resource id 836: Austin Resource Center for the Homeless (ARCH),836
https://www.samm.org,nonprofit,2026-07-08,high,Resource id 837: SAMMinistries — San Antonio Transitional Housing,837
https://www.salvationarmyaustin.org,nonprofit,2026-07-08,high,Resource id 838: Salvation Army — Austin Shelter,838
https://www.familygateway.org,nonprofit,2026-07-08,high,Resource id 839: Family Gateway — Dallas Family Shelter,839
https://www.pnsfw.org,nonprofit,2026-07-08,high,Resource id 840: Presbyterian Night Shelter — Fort Worth,840
https://www.elpasorescuemission.org,nonprofit,2026-07-08,high,Resource id 841: Rescue Mission of El Paso,841
https://www.ccmetro.org,nonprofit,2026-07-08,high,Resource id 842: Corpus Christi Metro Ministries,842
https://www.salvationarmylubbock.org,nonprofit,2026-07-08,high,Resource id 843: The Salvation Army — Lubbock Shelter,843
https://www.tylerdaynursery.org,nonprofit,2026-07-08,high,Resource id 844: Tyler Day Nursery — Transitional Support,844
https://www.midlandfairhavens.org,nonprofit,2026-07-08,high,Resource id 845: Midland Fair Havens — Transitional Housing,845
https://www.proyectoazteca.org,nonprofit,2026-07-08,high,Resource id 846: Rio Grande Valley — Proyecto Azteca Housing,846
https://www.vlsatx.org,nonprofit,2026-07-08,high,Resource id 847: Volunteer Legal Services of Central Texas,847
https://www.legalaidtx.org,nonprofit,2026-07-08,high,Resource id 848: Legal Aid of NorthWest Texas,848
https://www.lonestarlegal.org,nonprofit,2026-07-08,high,Resource id 849: Lone Star Legal Aid — Beaumont,849
https://www.tlsc.org,nonprofit,2026-07-08,high,Resource id 850: Texas Legal Services Center — Austin,850
https://www.makejusticehappen.org,nonprofit,2026-07-08,high,Resource id 851: Houston Volunteer Lawyers,851
https://www.disabilityrightstx.org,nonprofit,2026-07-08,high,Resource id 852: Disability Rights Texas — Legal Advocacy,852
https://www.fairdefense.org,nonprofit,2026-07-08,high,Resource id 853: Texas Fair Defense Project,853
https://www.traviscountytx.gov/county-clerk,nonprofit,2026-07-08,high,Resource id 854: Texas County Clerk — Birth Certificate (Travis),854
https://www.cclerk.hctx.net,nonprofit,2026-07-08,high,Resource id 855: Harris County Clerk — Vital Records,855
https://www.dallascounty.org/government/county-clerk,nonprofit,2026-07-08,high,Resource id 856: Dallas County Clerk — Vital Records,856
https://www.bexar.org/2956/County-Clerk,nonprofit,2026-07-08,high,Resource id 857: Bexar County Clerk — Vital Records,857
https://www.thetori.org,nonprofit,2026-07-08,high,Resource id 858: Texas Offenders Reentry Initiative (TORI) — Peer Support,858
https://www.allofusornone.org,nonprofit,2026-07-08,high,Resource id 859: All of Us or None — Texas Chapter,859
https://www.texasreentry.org,nonprofit,2026-07-08,high,Resource id 860: Texas Reentry Services — Peer Navigation,860
https://www.texascjc.org,nonprofit,2026-07-08,high,Resource id 861: Formerly Incarcerated Peer Support — Austin,861
https://www.tdcj.texas.gov,nonprofit,2026-07-08,high,Resource id 862: TDCJ — Region VI Parole ( Lubbock ),862
https://www.tdcj.texas.gov,nonprofit,2026-07-08,high,Resource id 863: TDCJ — Region VII Parole ( Midland ),863
https://www.tdcj.texas.gov,nonprofit,2026-07-08,high,Resource id 864: TDCJ — Region VIII Parole ( Corpus Christi ),864
https://www.hhs.texas.gov,nonprofit,2026-07-08,high,Resource id 865: HHSC — Health & Human Services Commission,865
https://www.hhs.texas.gov,nonprofit,2026-07-08,high,Resource id 866: Texas Health and Human Services — Benefits Helpline,866
https://www.serenityhouse.org,nonprofit,2026-07-08,high,Resource id 867: Serenity House — Houston SUD Treatment,867
https://www.phoenixhousetexas.org,nonprofit,2026-07-08,high,Resource id 868: Phoenix House — Dallas Treatment,868
https://www.chcsbc.org,nonprofit,2026-07-08,high,Resource id 869: Center for Health Care Services — San Antonio,869
https://www.integralcare.org,nonprofit,2026-07-08,high,Resource id 870: Integral Care — Austin Behavioral Health,870
https://www.dart.org,nonprofit,2026-07-08,high,Resource id 871: DART — Dallas Area Rapid Transit Reduced Fare,871
https://www.viainfo.net,nonprofit,2026-07-08,high,Resource id 872: VIA Metropolitan Transit — San Antonio,872
https://www.tvc.texas.gov,nonprofit,2026-07-08,high,Resource id 873: Texas Veterans Commission — Houston,873
https://www.tvc.texas.gov,nonprofit,2026-07-08,high,Resource id 874: Texas Veterans Commission — Dallas,874
https://www.tvc.texas.gov,nonprofit,2026-07-08,high,Resource id 875: Texas Veterans Commission — San Antonio,875
https://www.tvc.texas.gov,nonprofit,2026-07-08,high,Resource id 876: Texas Veterans Commission — Austin,876
https://www.tvc.texas.gov,nonprofit,2026-07-08,high,Resource id 877: Texas Veterans Commission — El Paso,877
https://www.tvc.texas.gov,nonprofit,2026-07-08,high,Resource id 878: Texas Veterans Commission — Fort Worth,878
https://www.tvc.texas.gov,nonprofit,2026-07-08,high,Resource id 879: Texas Veterans Commission — Lubbock,879
https://www.tvc.texas.gov,nonprofit,2026-07-08,high,Resource id 880: Texas Veterans Commission — Corpus Christi,880
https://www.tvc.texas.gov,nonprofit,2026-07-08,high,Resource id 881: Texas Veterans Commission — Tyler,881
https://www.tvc.texas.gov,nonprofit,2026-07-08,high,Resource id 882: Texas Veterans Commission — McAllen,882
https://www.salvationarmytx.org/waco,nonprofit,2026-07-08,high,Resource id 883: The Salvation Army — Waco Shelter,883
https://www.hopehavenamarillo.org,nonprofit,2026-07-08,high,Resource id 884: Hope Haven — Amarillo Transitional Housing,884
https://www.abilenehopehaven.org,nonprofit,2026-07-08,high,Resource id 885: Abilene Hope Haven — Transitional Housing,885
https://www.bvhc.org,nonprofit,2026-07-08,high,Resource id 886: Brazos Valley Homeless Coalition,886
