id,name,category,region,description,description_es,address,city,phone,email,website,eligibility,eligibility_es,notes,notes_es,hours,tags,services,county,served_counties,coverage,intake_signals
1,VADOC — Reentry & Reintegration Services,state-agency,Statewide,"The Virginia Department of Corrections coordinates statewide reentry planning that begins at intake and continues through release and community supervision. Reentry staff connect people leaving state custody to housing options, Medicaid enrollment, DMV Connect ID services, employment programs, and local reentry councils across Virginia. This office provides planning, programming, and referrals—not a walk-in crisis line or emergency cash assistance.","El Departamento de Correcciones de Virginia coordina la planificación estatal de reinserción que comienza al ingreso y continúa durante la liberación y la supervisión comunitaria. El personal de reinserción conecta a las personas que salen de custodia estatal con vivienda, inscripción en Medicaid, servicios de identificación DMV Connect, programas de empleo y consejos locales de reinserción en toda Virginia. Esta oficina ofrece planificación y referencias, no es una línea de crisis ni asistencia de efectivo de emergencia.",6900 Atmore Drive,Richmond,804-674-3000,,https://vadoc.virginia.gov/inmates-and-supervisees/reentry-resources/,"People in VADOC custody, preparing for release, or under VADOC community supervision; families and community partners may use the published reentry resources.","Personas en custodia de VADOC, preparándose para la liberación o bajo supervisión comunitaria de VADOC; las familias y los aliados comunitarios pueden usar los recursos publicados de reinserción.",Review the Reentry Resource Packet and Pathway to Benefits brochure on the VADOC website; coordinate through your facility reentry staff or assigned probation officer; dial 211 for local referrals.,Revise el Paquete de Recursos de Reinserción y el folleto Pathway to Benefits en el sitio web de VADOC; coordine con el personal de reinserción de su instalación o su oficial de probatoria; marque 211 para referencias locales.,State office Monday–Friday business hours,statewide|reentry|VADOC|DOC|pre-release|parole|probation,Pre-release reentry planning|Medicaid enrollment coordination|DMV Connect ID scheduling|Local reentry council connections|Community partner referrals,Richmond City,,statewide,accepts_criminal_record
2,VADOC — Probation & Parole District Offices,probation-parole,Statewide,"The Virginia Department of Corrections Division of Community Corrections supervises people on probation and parole through 43 probation and parole district offices that together cover every Virginia city and county. District officers complete risk and needs assessments, refer supervisees to substance use treatment, mental health care, employment services, and housing, and coordinate Community Corrections Alternative Programs and reentry probation seminars for people returning from prison.","La División de Correcciones Comunitarias del Departamento de Correcciones de Virginia supervisa a personas en probatoria y libertad condicional a través de 43 oficinas de distrito que en conjunto cubren cada ciudad y condado de Virginia. Los oficiales de distrito realizan evaluaciones de riesgo y necesidades, refieren a tratamiento de uso de sustancias, salud mental, empleo y vivienda, y coordinan los Programas Alternativos de Correcciones Comunitarias.",6900 Atmore Drive,Richmond,804-674-3000,,https://vadoc.virginia.gov/inmates-and-supervisees/community-supervision/,"Virginians under VADOC community supervision (probation, parole, or post-release supervision) assigned to a district office by the court or the department.","Virginianos bajo supervisión comunitaria de VADOC (probatoria, libertad condicional o supervisión posterior a la liberación) asignados a una oficina de distrito por el tribunal o el departamento.","Find your assigned district office through the VADOC website locations directory; report as directed by your supervision officer; ask your officer about treatment, employment, and housing referrals.","Encuentre su oficina de distrito asignada en el directorio del sitio web de VADOC; repórtese según lo indique su oficial de supervisión; pregunte a su oficial sobre referencias de tratamiento, empleo y vivienda.",District offices Monday–Friday business hours,statewide|probation|parole|supervision|VADOC|reentry,Community supervision|Risk and needs assessment|Treatment referrals|Employment and housing referrals|Reentry probation seminars,Richmond City,,statewide,accepts_criminal_record
3,CommonHelp — Virginia Benefits Portal,financial-assistance,Statewide,"CommonHelp is Virginia's official online portal for screening, applying for, and managing SNAP food assistance, Medicaid and other health coverage, TANF cash assistance, child care assistance, and energy assistance administered through local departments of social services. People returning from incarceration can apply for food and health benefits online after release, and account holders can upload documents, report changes, and track renewals in one place.","CommonHelp es el portal oficial en línea de Virginia para evaluar, solicitar y administrar asistencia alimentaria SNAP, Medicaid y otra cobertura de salud, asistencia en efectivo TANF, asistencia de cuidado infantil y asistencia de energía administradas por los departamentos locales de servicios sociales. Las personas que regresan de la encarcelación pueden solicitar beneficios de alimentos y salud en línea después de la liberación, subir documentos, reportar cambios y seguir renovaciones.",,,855-635-4370,,https://commonhelp.virginia.gov,"Virginia residents who meet income and household requirements for SNAP, Medicaid, TANF, child care, or energy assistance; a criminal record is generally not a barrier to SNAP or Medicaid in Virginia.","Residentes de Virginia que cumplan los requisitos de ingresos y hogar para SNAP, Medicaid, TANF, cuidado infantil o asistencia de energía; los antecedentes penales generalmente no son una barrera para SNAP o Medicaid en Virginia.",Apply online at commonhelp.virginia.gov or call the Enterprise Customer Service Center at 855-635-4370 (Mon–Fri 7 a.m.–6 p.m.); for health coverage help call Cover Virginia at 833-522-5582; paper applications are accepted at local DSS offices.,Solicite en commonhelp.virginia.gov o llame al Centro de Servicio al Cliente al 855-635-4370 (lun–vie 7 a.m.–6 p.m.); para ayuda con cobertura de salud llame a Cover Virginia al 833-522-5582; las oficinas locales de DSS aceptan solicitudes en papel.,"Online 24/7; phone support Monday–Friday, 7:00 a.m.–6:00 p.m.",statewide|benefits|SNAP|Medicaid|TANF|online|reentry,SNAP application|Medicaid and health coverage application|TANF cash assistance application|Child care assistance|Benefits account management,,,statewide,
4,Virginia Department of Social Services — Local DSS Offices,financial-assistance,Statewide,"The Virginia Department of Social Services administers SNAP, TANF, Medicaid intake, energy assistance, and child care assistance through 120 local departments of social services serving all 133 Virginia cities and counties. Returning citizens can apply in person at their local DSS office with help verifying identity and income, and VADOC reentry staff coordinate benefit applications with local departments before release. VDSS is a benefits agency—not a housing or crisis provider.","El Departamento de Servicios Sociales de Virginia administra SNAP, TANF, la admisión de Medicaid, asistencia de energía y asistencia de cuidado infantil a través de 120 departamentos locales que sirven a las 133 ciudades y condados de Virginia. Los ciudadanos que regresan pueden solicitar en persona en su oficina local de DSS con ayuda para verificar identidad e ingresos. VDSS es una agencia de beneficios, no un proveedor de vivienda ni de crisis.",801 East Main Street,Richmond,804-726-7000,,https://www.dss.virginia.gov,Virginia residents who meet program income and household-size requirements; bring identification and release paperwork if recently released from incarceration.,Residentes de Virginia que cumplan los requisitos de ingresos y tamaño del hogar del programa; traiga identificación y documentos de liberación si fue liberado recientemente.,Use the 'Find my local department' tool at dss.virginia.gov to locate your city or county office; apply online through CommonHelp to avoid a first trip; call 804-726-7000 for help finding the right contact.,Use la herramienta 'Find my local department' en dss.virginia.gov para ubicar su oficina local; solicite en línea mediante CommonHelp para evitar un primer viaje; llame al 804-726-7000 para encontrar el contacto correcto.,Local office hours vary; typically Monday–Friday business hours,statewide|benefits|SNAP|TANF|Medicaid|DSS|reentry,SNAP intake|TANF intake|Medicaid application assistance|Energy assistance|Document verification,Richmond City,,statewide,accepts_criminal_record
5,211 Virginia,state-agency,Statewide,"211 Virginia is a free, confidential, 24/7 information and referral service operated by the Virginia Department of Social Services that connects residents to housing, food, utility help, employment, health care, and reentry programs across the Commonwealth. Trained specialists search a database of more than 20,000 listings by ZIP code, with live help in English and Spanish and interpretation in over 150 languages. 211 Virginia is a referral service—not a direct-service provider.","211 Virginia es un servicio gratuito y confidencial de información y referencia, disponible 24/7, operado por el Departamento de Servicios Sociales de Virginia, que conecta a los residentes con vivienda, alimentos, ayuda con servicios públicos, empleo, atención médica y programas de reinserción en todo el estado. Especialistas capacitados buscan en una base de datos de más de 20,000 listados por código postal, con ayuda en inglés y español. Es un servicio de referencia, no un proveedor directo.",,,211,,https://211virginia.org,Open to anyone in Virginia; no criminal-record restrictions stated.,Abierto a cualquier persona en Virginia; sin restricciones de antecedentes penales indicadas.,Dial 211 from any Virginia phone; text CONNECT to 247211; chat or search online at 211virginia.org; from outside Virginia call 1-800-230-6977.,Marque 211 desde cualquier teléfono en Virginia; envíe CONNECT por texto al 247211; chatee o busque en 211virginia.org; desde fuera de Virginia llame al 1-800-230-6977.,"Available 24/7, 365 days a year",statewide|hotline|211|referral-only|basic-needs|reentry,Information and referral|Housing resource navigation|Food and utility referrals|Reentry program referrals|Crisis resource connections,,,statewide,
6,Virginia Legal Aid Network — Statewide Intake (VaLegalAid.org),legal-aid,Statewide,"Virginia's nine regional legal aid programs provide free civil legal help to low-income Virginians with housing, public benefits, family law, consumer, and criminal record matters including expungement and the record sealing process taking effect July 1, 2026. The statewide helpline at 1-866-LEGLAID routes callers to the legal aid office serving their city or county, and VaLegalAid.org publishes self-help guides. Legal aid programs handle civil matters—not criminal defense.","Los nueve programas regionales de asistencia legal de Virginia ofrecen ayuda legal civil gratuita a virginianos de bajos ingresos con vivienda, beneficios públicos, derecho familiar, asuntos de consumidor y antecedentes penales, incluida la expungación y el proceso de sellado de antecedentes vigente desde el 1 de julio de 2026. La línea estatal 1-866-LEGLAID dirige a la oficina que sirve su ciudad o condado. Los programas atienden asuntos civiles, no defensa penal.",,,1-866-534-5243,,https://www.valegalaid.org,Low-income Virginia residents; LSC income limits generally apply; each regional program serves specific cities and counties listed on valegalaid.org.,Residentes de Virginia de bajos ingresos; generalmente aplican límites de ingresos LSC; cada programa regional sirve ciudades y condados específicos listados en valegalaid.org.,"Call 1-866-LEGLAID (1-866-534-5243) to be connected to your local legal aid office; browse self-help guides at valegalaid.org; automatic sealing of certain records begins July 1, 2026 with petition sealing also available.","Llame al 1-866-LEGLAID (1-866-534-5243) para conectarse con su oficina local de asistencia legal; consulte guías de autoayuda en valegalaid.org; el sellado automático de ciertos antecedentes comienza el 1 de julio de 2026, y también hay sellado por petición.",Helpline available during business hours; online resources 24/7,statewide|legal-aid|expungement|record-sealing|hotline|low-income,Legal aid office routing|Expungement information|Record sealing guidance|Housing legal help referrals|Benefits advocacy referrals,,,statewide,
7,Virginia Poverty Law Center,legal-aid,Statewide,"The Virginia Poverty Law Center is a statewide advocacy organization that supports Virginia's legal aid network with policy work, litigation, and free specialized helplines covering SNAP benefits, health coverage enrollment, utilities, predatory loans, and eviction defense tools. VPLC generally does not provide direct legal representation; it connects low-income Virginians—including people with criminal records—to their regional legal aid office and to self-help legal resources.","El Virginia Poverty Law Center es una organización estatal de defensa que apoya la red de asistencia legal de Virginia con trabajo de políticas, litigio y líneas de ayuda gratuitas especializadas en beneficios SNAP, inscripción en cobertura de salud, servicios públicos, préstamos abusivos y herramientas contra desalojos. VPLC generalmente no ofrece representación legal directa; conecta a virginianos de bajos ingresos, incluidas personas con antecedentes penales, con su oficina regional de asistencia legal.","919 East Main Street, Suite 610",Richmond,804-782-9430,info@vplc.org,https://www.vplc.org,"Low-income Virginians seeking help with benefits, health coverage, utilities, predatory loans, or referrals to regional legal aid; direct representation only in limited referred matters.","Virginianos de bajos ingresos que buscan ayuda con beneficios, cobertura de salud, servicios públicos, préstamos abusivos o referencias a asistencia legal regional; representación directa solo en asuntos limitados referidos.",Call the VPLC helpline at 1-800-868-8752; SNAP helpline 866-753-7627; Enroll Virginia health coverage helpline 888-392-5132; for representation call 1-866-534-5243 to find your local legal aid office.,Llame a la línea de VPLC al 1-800-868-8752; línea SNAP 866-753-7627; línea de cobertura de salud Enroll Virginia 888-392-5132; para representación llame al 1-866-534-5243 y encuentre su oficina local de asistencia legal.,Monday–Friday business hours; helpline hours vary,statewide|legal-aid|benefits|advocacy|helpline|referral-only,SNAP benefits helpline|Health coverage enrollment help|Utility assistance helpline|Predatory loan helpline|Legal aid referrals,Richmond City,,statewide,accepts_criminal_record
8,Virginia Works — Virginia Career Works Centers,employment,Statewide,"Virginia Works is the Commonwealth's workforce development agency, operating the Virginia Career Works network of American Job Centers through 15 regional workforce boards. Centers offer free job search assistance, career coaching, WIOA-funded training referrals, apprenticeship connections, and hiring events open to justice-involved job seekers, plus employer incentives such as the Work Opportunity Tax Credit that support fair-chance hiring across Virginia.","Virginia Works es la agencia de desarrollo de la fuerza laboral del estado y opera la red Virginia Career Works de Centros de Empleo Americanos a través de 15 juntas regionales. Los centros ofrecen ayuda gratuita para buscar empleo, orientación profesional, referencias a capacitación financiada por WIOA, conexiones con aprendizajes y ferias de contratación abiertas a buscadores de empleo con antecedentes penales, además de incentivos para empleadores que apoyan la contratación de segunda oportunidad.",,,,,https://virginiacareerworks.com,Open to Virginia job seekers including people with criminal records; core career center services are free; WIOA training eligibility is determined at your local center.,"Abierto a buscadores de empleo de Virginia, incluidas personas con antecedentes penales; los servicios básicos del centro son gratuitos; la elegibilidad para capacitación WIOA se determina en su centro local.",Find your nearest center with the locator at virginiacareerworks.com/locations; register for job listings on the Virginia Workforce Connection; ask center staff about fair-chance employers and federal bonding.,Encuentre su centro más cercano en virginiacareerworks.com/locations; regístrese para ofertas de empleo en Virginia Workforce Connection; pregunte al personal sobre empleadores de segunda oportunidad y fianzas federales.,Center hours vary; typically Monday–Friday business hours,statewide|employment|workforce|WIOA|fair-chance|reentry,Job search assistance|Career coaching|WIOA training referrals|Apprenticeship connections|Hiring events,,,statewide,accepts_criminal_record
9,Virginia DARS — Vocational Rehabilitation,employment,Statewide,"The Virginia Department for Aging and Rehabilitative Services helps Virginians with disabilities—including justice-involved people with qualifying physical or mental health disabilities—prepare for, find, and keep employment. Vocational rehabilitation counselors at field offices statewide arrange evaluation, counseling, skills training, job placement, and supports such as the Wilson Workforce and Rehabilitation Center, working through roughly 85 approved community rehabilitation providers.","El Departamento de Servicios para Personas Mayores y de Rehabilitación de Virginia ayuda a virginianos con discapacidades—incluidas personas con antecedentes penales y discapacidades físicas o de salud mental calificadas—a prepararse para el empleo, encontrarlo y mantenerlo. Los consejeros de rehabilitación vocacional en oficinas de campo en todo el estado organizan evaluación, consejería, capacitación, colocación laboral y apoyos a través de unos 85 proveedores comunitarios aprobados.",5620 Cox Road,Glen Allen,800-552-5019,,https://dars.virginia.gov/about/divisions/rehabilitative-services/,Virginia residents with a physical or mental disability that creates a barrier to employment; eligibility determined through DARS assessment; self-referrals accepted.,Residentes de Virginia con una discapacidad física o mental que crea una barrera para el empleo; la elegibilidad se determina mediante evaluación de DARS; se aceptan autorreferencias.,Call 800-552-5019 or contact your nearest DARS field office to start an application; dial 711 for relay services; DARS coordinates with Virginia Career Works centers on shared cases.,Llame al 800-552-5019 o contacte su oficina de campo de DARS más cercana para iniciar una solicitud; marque 711 para servicios de retransmisión; DARS coordina con los centros Virginia Career Works.,Field offices Monday–Friday business hours,statewide|employment|disability|vocational-rehabilitation|DARS|reentry,Vocational counseling|Skills training|Job placement|Assistive technology|Employer partnerships,Henrico,,statewide,accepts_criminal_record
10,Virginia Community Services Boards (DBHDS Network),healthcare,Statewide,"Virginia's 40 community services boards are the single points of entry into publicly funded mental health, developmental disability, and substance use disorder services, together covering all 133 cities and counties. Under the STEP-VA initiative, CSBs offer same-day mental health assessment, outpatient treatment, case management, and crisis services, and many operate jail-based and reentry-focused behavioral health programs. Find your CSB by locality through the DBHDS website.","Las 40 juntas de servicios comunitarios de Virginia son los puntos únicos de entrada a los servicios públicos de salud mental, discapacidades del desarrollo y trastornos por uso de sustancias, y en conjunto cubren las 133 ciudades y condados. Bajo la iniciativa STEP-VA, las CSB ofrecen evaluación de salud mental el mismo día, tratamiento ambulatorio, manejo de casos y servicios de crisis, y muchas operan programas conductuales en cárceles y enfocados en la reinserción.",,,,,https://dbhds.virginia.gov/find-help/,"Open to residents of each CSB's catchment area; publicly funded services are available regardless of ability to pay, with sliding fees and Medicaid accepted.","Abierto a residentes del área de cobertura de cada CSB; los servicios con fondos públicos están disponibles independientemente de la capacidad de pago, con tarifas móviles y Medicaid aceptado.",Use the 'Find your CSB' tool at dbhds.virginia.gov/find-help or the directory at vacsb.org/csb-bha-directory; for behavioral health crises call or text 988 any time.,Use la herramienta 'Find your CSB' en dbhds.virginia.gov/find-help o el directorio en vacsb.org/csb-bha-directory; para crisis de salud conductual llame o envíe un texto al 988 en cualquier momento.,CSB hours vary by locality; crisis services 24/7 via 988,statewide|healthcare|mental-health|substance-use|CSB|STEP-VA|reentry,Same-day mental health assessment|Outpatient behavioral health treatment|Substance use disorder services|Case management|Crisis services,,,statewide,
11,988 Suicide & Crisis Lifeline — Virginia,healthcare,Statewide,"Free, confidential crisis support available 24/7 for anyone in Virginia experiencing a mental health emergency, suicidal thoughts, or a substance use crisis. Trained crisis counselors provide immediate phone and text support and can connect callers to local community services board crisis teams and mobile crisis response. Available to everyone—not reentry-specific, but an essential safety net for justice-involved Virginians and their families in crisis.","Apoyo de crisis gratuito y confidencial disponible 24/7 para cualquier persona en Virginia que experimente una emergencia de salud mental, pensamientos suicidas o una crisis por uso de sustancias. Consejeros de crisis capacitados brindan apoyo inmediato por teléfono y texto y pueden conectar a los usuarios con equipos de crisis de las juntas de servicios comunitarios locales y respuesta móvil de crisis. Disponible para todos; esencial para personas con antecedentes penales y sus familias.",,,988,,https://988lifeline.org,"Open to anyone in Virginia experiencing a mental health, suicide, or substance use crisis; no eligibility restrictions.","Abierto a cualquier persona en Virginia en crisis de salud mental, suicidio o uso de sustancias; sin restricciones de elegibilidad.",Call or text 988; Spanish-language support available; for immediate physical danger call 911.,Llame o envíe un texto al 988; soporte en español disponible; para peligro físico inmediato llame al 911.,Available 24/7,statewide|hotline|crisis|mental-health|988,Crisis counseling|Suicide prevention support|Substance use crisis support|Local crisis team connections,,,statewide,
12,SAMHSA National Helpline — Virginia Treatment Referrals,substance-use-treatment,Statewide,"Free, confidential 24/7 treatment referral and information service for individuals and families facing mental health or substance use disorders. Specialists refer callers to licensed treatment providers, community services boards, and recovery supports across Virginia, with Spanish-language support available. The helpline provides referrals and information only—it is not a counseling line and does not provide direct treatment.","Servicio gratuito y confidencial de referencia e información de tratamiento, disponible 24/7, para personas y familias con trastornos de salud mental o uso de sustancias. Los especialistas refieren a proveedores de tratamiento con licencia, juntas de servicios comunitarios y apoyos de recuperación en toda Virginia, con soporte en español disponible. La línea ofrece solo referencias e información; no brinda consejería ni tratamiento directo.",,,800-662-4357,,https://www.samhsa.gov/find-help/national-helpline,Open to anyone in the United States seeking substance use or mental health treatment information and referrals.,Abierto a cualquier persona en Estados Unidos que busque información y referencias de tratamiento de uso de sustancias o salud mental.,"TTY 800-487-4889; search Virginia providers online at FindTreatment.gov and filter by MAT, outpatient, or residential care.","TTY 800-487-4889; busque proveedores de Virginia en FindTreatment.gov y filtre por TMO, atención ambulatoria o residencial.",Available 24/7,statewide|hotline|substance-use|treatment-referral|national,Treatment referrals|Substance use information|Mental health resource navigation,,,statewide,
13,"Virginia CARES, Inc.",reentry-organizations,Statewide,"Virginia CARES (Community Action Reentry System) is a statewide network of community action agencies serving returning citizens since 1981, with pre-release programs in 15 prisons and 11 regional and local jails and post-release services in 43 Virginia localities. Local sites provide case management, job readiness training, peer support groups, emergency aid for food, clothing, transportation, and ID fees, and rights restoration help. Contact the central office to be routed to your local site.","Virginia CARES (Community Action Reentry System) es una red estatal de agencias de acción comunitaria que sirve a ciudadanos que regresan desde 1981, con programas previos a la liberación en 15 prisiones y 11 cárceles regionales y locales, y servicios posteriores en 43 localidades de Virginia. Los sitios locales ofrecen manejo de casos, preparación laboral, grupos de apoyo entre pares, ayuda de emergencia para alimentos, ropa, transporte y tarifas de identificación, y restauración de derechos.",108 Henry Street NW,Roanoke,540-342-9344,,https://www.vacares.org,"People incarcerated in Virginia state or federal prisons or local and regional jails, and people recently released who reside in Virginia; family members may also seek guidance.","Personas encarceladas en prisiones estatales o federales de Virginia o en cárceles locales y regionales, y personas recién liberadas que residen en Virginia; los familiares también pueden buscar orientación.",Call 540-342-9344 to find the Virginia CARES site serving your locality; phone referrals and walk-ins accepted at local sites; Spanish-language assistance available.,Llame al 540-342-9344 para encontrar el sitio de Virginia CARES que sirve su localidad; los sitios locales aceptan referencias telefónicas y visitas sin cita; asistencia en español disponible.,Central office Monday–Friday business hours; local site hours vary,statewide|reentry|case-management|peer-support|employment|rights-restoration,Pre-release workshops|Post-release case management|Job readiness training|Emergency aid|Rights restoration assistance,Roanoke City,,statewide,accepts_criminal_record
14,Virginia DMV — ID Cards & DMV Connect,id-documentation,Statewide,"The Virginia Department of Motor Vehicles issues the state ID cards and driver's licenses needed for employment, housing, and benefits after release. Through the DMV Connect mobile program, DMV teams visit VADOC facilities so people can obtain a Virginia ID—including REAL ID—about six months before release, and DMV Connect also brings ID, vital records ordering, and license services to community sites statewide. Fees apply, with loans available for indigent individuals in custody.","El Departamento de Vehículos Motorizados de Virginia emite las tarjetas de identificación estatales y licencias de conducir necesarias para empleo, vivienda y beneficios después de la liberación. Mediante el programa móvil DMV Connect, equipos del DMV visitan las instalaciones de VADOC para que las personas obtengan una identificación de Virginia—incluida REAL ID—unos seis meses antes de la liberación, y también llevan servicios de identificación y registros vitales a sitios comunitarios. Aplican tarifas.",,,,,https://www.dmv.virginia.gov/locations/mobile-offices,Virginia residents with required identity and residency documents; people in VADOC custody are scheduled through facility staff; standard DMV fees apply.,Residentes de Virginia con los documentos requeridos de identidad y residencia; las personas en custodia de VADOC se programan a través del personal de la instalación; aplican tarifas estándar del DMV.,Find DMV Connect visit schedules and customer service centers at dmv.virginia.gov; bring a certified birth certificate or passport plus proof of Virginia residency; DMV Connect can also order Virginia vital records by mail.,Encuentre los horarios de visitas de DMV Connect y los centros de servicio en dmv.virginia.gov; traiga un certificado de nacimiento certificado o pasaporte más prueba de residencia en Virginia; DMV Connect también puede ordenar registros vitales por correo.,Customer service center and DMV Connect visit hours vary; check dmv.virginia.gov,statewide|id-documentation|DMV|drivers-license|DMV-connect|reentry,State ID card issuance|REAL ID issuance|Driver's license services|Vital records ordering|Mobile ID visits at correctional facilities,,,statewide,accepts_criminal_record
15,Virginia Veteran & Family Support (VVFS) — Department of Veterans Services,veterans,Statewide,"Virginia Veteran and Family Support is the Department of Veterans Services program that coordinates behavioral health, rehabilitative services, and community resources for veterans and their families statewide. Its Justice Involved Services program assigns Veteran Justice Specialists who connect justice-involved veterans—in veteran treatment court dockets, in jail or prison within 120 days of release, or on community supervision—to housing, employment, treatment, and VA benefits. VVFS is not a crisis line.","Virginia Veteran and Family Support es el programa del Departamento de Servicios para Veteranos que coordina salud conductual, servicios de rehabilitación y recursos comunitarios para veteranos y sus familias en todo el estado. Su programa de Servicios para Personas Involucradas con la Justicia asigna especialistas que conectan a veteranos con antecedentes penales—en tribunales de tratamiento, en cárcel o prisión dentro de 120 días de la liberación, o bajo supervisión—con vivienda, empleo, tratamiento y beneficios del VA. No es una línea de crisis.",101 North 14th Street,Richmond,1-844-838-7838,,https://www.dvs.virginia.gov/benefits-services/veteran-and-family-support,"Virginia-resident veterans of any era regardless of discharge status, Virginia National Guard and Reserve members, transitioning service members, and their families and caregivers.","Veteranos residentes de Virginia de cualquier época sin importar el tipo de baja, miembros de la Guardia Nacional y la Reserva de Virginia, militares en transición y sus familias y cuidadores.",Request services at vvn.dvs.virginia.gov or call 1-844-838-7838; for the Justice Involved Services program call 804-225-4734 or email justice.vvfs@dvs.virginia.gov; in crisis call or text 988.,Solicite servicios en vvn.dvs.virginia.gov o llame al 1-844-838-7838; para el programa de Servicios para Personas Involucradas con la Justicia llame al 804-225-4734 o escriba a justice.vvfs@dvs.virginia.gov; en crisis llame o envíe un texto al 988.,"Monday–Friday business hours; services available in person, by phone, and virtually",statewide|veterans|justice-involved-veterans|VA-benefits|peer-support|reentry,Veteran Justice Specialist connections|Care coordination|Peer recovery support|VA benefits linkages|Housing and employment referrals,Richmond City,,statewide,
16,Federation of Virginia Food Banks,food-nutrition,Statewide,"The Federation of Virginia Food Banks is the Feeding America state association coordinating Virginia's seven regional food banks and more than 1,100 partner pantries and distribution sites across the Commonwealth. The federation supports food sourcing, SNAP outreach, and hunger advocacy so that every Virginia locality has access to a regional food bank network. The federation itself is a coordinating body—food is distributed through member food banks and their local partner agencies.","La Federación de Bancos de Alimentos de Virginia es la asociación estatal de Feeding America que coordina los siete bancos de alimentos regionales de Virginia y más de 1,100 despensas y sitios de distribución asociados en todo el estado. La federación apoya el abastecimiento de alimentos, la difusión de SNAP y la defensa contra el hambre para que cada localidad tenga acceso a una red regional. La federación es un ente coordinador; los alimentos se distribuyen mediante los bancos miembros y sus agencias locales.",,,,,https://vafoodbanks.org,Open to Virginians facing food insecurity through member food banks and partner pantries; pantry-level requirements vary by site.,Abierto a virginianos con inseguridad alimentaria a través de los bancos de alimentos miembros y despensas asociadas; los requisitos varían según el sitio.,Find your regional food bank at vafoodbanks.org; dial 211 to locate the nearest pantry; apply for SNAP through CommonHelp or call 855-635-4370.,Encuentre su banco de alimentos regional en vafoodbanks.org; marque 211 para ubicar la despensa más cercana; solicite SNAP mediante CommonHelp o llame al 855-635-4370.,Member food bank and pantry hours vary,statewide|food-nutrition|food-bank|feeding-america|SNAP|referral-only,Regional food bank network|Partner pantry locator|SNAP outreach|Hunger relief coordination,,,statewide,
17,SAARA of Virginia — Peer Recovery Support,peer-support,Statewide,"SAARA of Virginia (Substance Abuse and Addiction Recovery Alliance) is the statewide recovery community organization providing peer-led recovery groups, warmline support, recovery advocacy, and training for Certified Peer Recovery Specialists. SAARA peers also serve Richmond-area behavioral health and criminal court dockets, supporting justice-involved participants one-on-one through recovery. SAARA offers peer support and education—not clinical treatment or detox services.","SAARA of Virginia (Alianza de Recuperación de Adicciones y Abuso de Sustancias) es la organización comunitaria de recuperación estatal que ofrece grupos de recuperación dirigidos por pares, apoyo por línea cálida, defensa de la recuperación y capacitación para Especialistas Certificados en Recuperación entre Pares. Los pares de SAARA también sirven en tribunales conductuales y penales del área de Richmond, apoyando a participantes con antecedentes penales. SAARA ofrece apoyo entre pares y educación, no tratamiento clínico.","530 East Main Street, Suite 701",Richmond,804-762-4445,info@saara.org,https://www.saara.org,"Open to Virginians in or seeking recovery from substance use disorders, their families, and community supporters; no criminal-record restrictions stated.","Abierto a virginianos en recuperación o que buscan recuperarse de trastornos por uso de sustancias, sus familias y aliados comunitarios; sin restricciones de antecedentes penales indicadas.","Visit saara.org for peer group schedules and CPRS training dates; SAARA affiliates operate in regions across Virginia including Richmond, Roanoke, Hampton Roads, and Northern Virginia.","Visite saara.org para horarios de grupos de pares y fechas de capacitación CPRS; SAARA tiene afiliados en regiones de toda Virginia, incluidas Richmond, Roanoke, Hampton Roads y el norte de Virginia.",Office Monday–Friday business hours; group schedules vary,statewide|peer-support|recovery|substance-use|CPRS|advocacy,Peer-led recovery groups|Recovery warmline support|Peer Recovery Specialist training|Court docket peer support|Recovery advocacy,Richmond City,,statewide,accepts_criminal_record
18,OAR of Richmond,reentry-organizations,Richmond metro,"OAR of Richmond (Opportunity. Alliance. Reentry.) is the Richmond region's lead reentry organization, providing person-centered transition services during and after incarceration in the Richmond, Henrico, Chesterfield, and Hanover jails and for people returning from state and federal custody. Case managers help with employment readiness, ID and document fees, clothing, transportation, and community referrals. Intake is available for people released within roughly the past six months.","OAR of Richmond (Opportunity. Alliance. Reentry.) es la organización líder de reinserción de la región de Richmond, y ofrece servicios de transición centrados en la persona durante y después de la encarcelación en las cárceles de Richmond, Henrico, Chesterfield y Hanover y para quienes regresan de custodia estatal y federal. Los administradores de casos ayudan con preparación laboral, tarifas de identificación y documentos, ropa, transporte y referencias comunitarias. La admisión está disponible para personas liberadas en los últimos seis meses aproximadamente.",3111 West Clay Street,Richmond,804-643-2746,info@oarric.org,https://www.oarric.org,Adults impacted by the criminal legal system returning to the Richmond region; post-release intake generally within six months of release.,Adultos afectados por el sistema legal penal que regresan a la región de Richmond; la admisión posterior a la liberación generalmente es dentro de los seis meses posteriores a la liberación.,Complete intake in person; visiting hours Monday–Thursday 8:30 a.m.–12:00 p.m. and 1:00–3:30 p.m.; closed Fridays; call 804-643-2746 before your first visit.,Complete la admisión en persona; horario de visitas de lunes a jueves de 8:30 a.m. a 12:00 p.m. y de 1:00 a 3:30 p.m.; cerrado los viernes; llame al 804-643-2746 antes de su primera visita.,"Monday–Thursday, 8:30 a.m.–12:00 p.m. and 1:00–3:30 p.m.; closed Fridays",richmond|henrico|chesterfield|reentry|case-management|employment,Post-release case management|Employment readiness|ID and document assistance|Clothing and transportation aid|Community referrals,Richmond City,Richmond City|Henrico|Chesterfield|Hanover|Petersburg,multi,accepts_criminal_record
19,REAL LIFE — Recovery & Reentry Program,housing,Richmond metro,"REAL LIFE is a Richmond nonprofit bridging incarceration, homelessness, and substance use disorder through eleven structured recovery houses, an East End community center, and intensive case management. Residents complete 20–30 hours of weekly programming using a behavior modification curriculum, then receive employment and education navigation with connections to more than 100 employer partners. The program primarily serves people in reentry from across Virginia and requires full participation.","REAL LIFE es una organización sin fines de lucro de Richmond que atiende la encarcelación, la falta de vivienda y los trastornos por uso de sustancias mediante once casas de recuperación estructuradas, un centro comunitario en el East End y manejo intensivo de casos. Los residentes completan de 20 a 30 horas semanales de programación con un currículo de modificación de conducta, y luego reciben navegación de empleo y educación con conexiones a más de 100 empleadores aliados. Sirve principalmente a personas en reinserción de toda Virginia y requiere participación completa.",,Richmond,,,https://reallifeprogram.org,"Adults 18 and older exiting incarceration, homelessness, or addiction who are drug-free at entry and willing to commit to the structured residential program; participants come from across Virginia.","Adultos de 18 años o más que salen de la encarcelación, la falta de vivienda o la adicción, libres de drogas al ingresar y dispuestos a comprometerse con el programa residencial estructurado; los participantes provienen de toda Virginia.",Apply for recovery housing through the forms at reallifeprogram.org; an initial stabilization period restricts outside appointments before the employment search phase begins.,Solicite vivienda de recuperación mediante los formularios en reallifeprogram.org; un período inicial de estabilización restringe las citas externas antes de que comience la fase de búsqueda de empleo.,Residential program 24/7; contact for community center hours,richmond|housing|recovery|reentry|SUD|case-management,Structured recovery housing|Intensive case management|Behavior modification programming|Employment navigation|Education support,Richmond City,Richmond City,single,accepts_criminal_record
20,Boaz & Ruth — Transitional Jobs & Training,employment,Richmond metro,"Boaz & Ruth rebuilds lives and the Highland Park community in Richmond through a transitional jobs and training program for formerly incarcerated men and women. Trainees practice job and life skills in the organization's social enterprises along the Highland Park commercial corridor, paired with mentoring, Jobs for Life classes, and community connection activities. Fewer than 10% of program graduates have returned to incarceration, and most gain full-time employment during or shortly after the program.","Boaz & Ruth reconstruye vidas y la comunidad de Highland Park en Richmond mediante un programa de empleos transicionales y capacitación para hombres y mujeres anteriormente encarcelados. Los participantes practican habilidades laborales y de vida en las empresas sociales de la organización en el corredor comercial de Highland Park, junto con mentoría, clases Jobs for Life y actividades de conexión comunitaria. Menos del 10% de los graduados ha vuelto a la encarcelación y la mayoría obtiene empleo de tiempo completo.",3030 Meadowbridge Road,Richmond,804-329-4900,,https://www.boazandruth.com,Formerly incarcerated and unemployed or under-employed adults seeking transitional work and training; program-specific enrollment requirements apply.,Adultos anteriormente encarcelados y desempleados o subempleados que buscan trabajo transicional y capacitación; aplican requisitos de inscripción específicos del programa.,Call 804-329-4900 for training program enrollment; social enterprise sites in Highland Park serve as hands-on training labs.,Llame al 804-329-4900 para inscribirse en el programa de capacitación; los sitios de empresas sociales en Highland Park sirven como laboratorios prácticos.,Monday–Friday business hours; enterprise hours vary,richmond|employment|transitional-jobs|reentry|fair-chance|job-training,Transitional jobs|Job and life skills training|Jobs for Life classes|Mentoring|Employment placement support,Richmond City,Richmond City,single,accepts_criminal_record
21,CARITAS — The Healing Place,substance-use-treatment,Richmond metro,"The Healing Place is a long-term, peer-driven residential recovery program offered free of charge by CARITAS to men and women with substance use disorders in the greater Richmond area, including many people arriving directly from incarceration. The program combines on-demand residential recovery, workforce development, a transitional sober living community, and an active alumni network. Admission is first-come, first-served with an in-person pre-screening at the appropriate campus.","The Healing Place es un programa residencial de recuperación a largo plazo, dirigido por pares y gratuito, ofrecido por CARITAS a hombres y mujeres con trastornos por uso de sustancias en el área metropolitana de Richmond, incluidas muchas personas que llegan directamente de la encarcelación. El programa combina recuperación residencial bajo demanda, desarrollo laboral, una comunidad de vivienda sobria transicional y una red activa de exalumnos. La admisión es por orden de llegada con una preevaluación en persona.",700 Dinwiddie Avenue,Richmond,804-230-1184,,https://caritasva.org/the-healing-place/,Adults 18 and older with substance use disorders able to physically participate; men served at the Dinwiddie Avenue campus and women at 2220 Stockton Street; no fee.,Adultos de 18 años o más con trastornos por uso de sustancias capaces de participar físicamente; los hombres son atendidos en el campus de Dinwiddie Avenue y las mujeres en 2220 Stockton Street; sin costo.,Call 804-230-1184 for the men's program or 804-418-3049 for the women's program; complete pre-screening in person at the campus; for emergency shelter call the Homeless Connection Line at 804-972-0813.,Llame al 804-230-1184 para el programa de hombres o al 804-418-3049 para el de mujeres; complete la preevaluación en persona en el campus; para refugio de emergencia llame a la Homeless Connection Line al 804-972-0813.,Residential program 24/7; intake Monday–Friday business hours,richmond|chesterfield|henrico|substance-use|recovery|housing|peer-support,Long-term residential recovery|Peer-driven programming|Workforce development|Transitional sober living|Alumni recovery support,Richmond City,Richmond City|Chesterfield|Henrico|Hanover,multi,
22,CARITAS Works — Workforce Development,employment,Richmond metro,"CARITAS Works is a six-week intensive workforce development program in Richmond for adults with significant employment barriers, including criminal records, homelessness, and recovery histories. Participants build professional skills, practice interviewing, earn credentials, and connect with Richmond-area employers willing to hire program graduates. The program is part of the CARITAS continuum that also includes shelter, recovery, and furniture bank services for the region.","CARITAS Works es un programa intensivo de desarrollo laboral de seis semanas en Richmond para adultos con barreras significativas de empleo, incluidos antecedentes penales, falta de vivienda e historiales de recuperación. Los participantes desarrollan habilidades profesionales, practican entrevistas, obtienen credenciales y se conectan con empleadores del área de Richmond dispuestos a contratar a los graduados. Forma parte del continuo de CARITAS, que también incluye refugio, recuperación y un banco de muebles.",2220 Stockton Street,Richmond,804-612-1752,mmilio@caritasva.org,https://caritasva.org/i-need-help/,"Adults in the Richmond region with significant barriers to employment, including justice involvement, homelessness, or substance use recovery.","Adultos de la región de Richmond con barreras significativas para el empleo, incluidas la participación en el sistema de justicia, la falta de vivienda o la recuperación del uso de sustancias.","Contact mmilio@caritasva.org or 804-612-1752 to apply; cohorts run on a class schedule, so ask about the next start date.","Contacte a mmilio@caritasva.org o al 804-612-1752 para solicitar; las cohortes siguen un calendario de clases, pregunte por la próxima fecha de inicio.",Class schedule varies by cohort; office Monday–Friday business hours,richmond|employment|job-training|fair-chance|reentry|workforce,Six-week job readiness training|Professional skills classes|Interview preparation|Employer connections|Career coaching,Richmond City,Richmond City|Chesterfield|Henrico|Hanover,multi,accepts_criminal_record
23,Goodwill of Central and Coastal Virginia — Reentry & Career Services,employment,Richmond metro & Hampton Roads,"Goodwill of Central and Coastal Virginia operates community employment centers across the Richmond region and Hampton Roads offering free career services with dedicated reentry support for citizens returning from incarceration. Staff help with career planning, resumes and interviews, disclosing a criminal record to employers, the federal bonding program, restoration of civil rights, and guidance on record expungement, plus job fairs that include fair-chance employers.","Goodwill de Virginia Central y Costera opera centros comunitarios de empleo en la región de Richmond y Hampton Roads que ofrecen servicios de carrera gratuitos con apoyo dedicado de reinserción para ciudadanos que regresan de la encarcelación. El personal ayuda con planificación de carrera, currículums y entrevistas, cómo divulgar antecedentes penales a empleadores, el programa federal de fianzas, la restauración de derechos civiles y orientación sobre expungación, además de ferias de empleo con empleadores de segunda oportunidad.",6301 Midlothian Turnpike,Richmond,804-745-6300,,https://goodwillvirginia.org,"Job seekers with barriers to employment including criminal histories, disabilities, limited work experience, or outdated skills; services are free.","Buscadores de empleo con barreras, incluidos antecedentes penales, discapacidades, experiencia laboral limitada o habilidades desactualizadas; los servicios son gratuitos.","Call 804-745-6300 in Central Virginia or 757-248-9405 in Hampton Roads (1911 Saville Row, Hampton); registration required for reentry workshops.","Llame al 804-745-6300 en Virginia Central o al 757-248-9405 en Hampton Roads (1911 Saville Row, Hampton); se requiere registro para los talleres de reinserción.","Monday–Friday, 8:00 a.m.–4:30 p.m.; center hours vary",richmond|hampton|newport-news|norfolk|employment|fair-chance|reentry|job-training,Career planning|Resume and interview preparation|Criminal record disclosure coaching|Federal bonding guidance|Reentry workshops,Richmond City,Richmond City|Henrico|Chesterfield|Hampton|Newport News|Norfolk,multi,accepts_criminal_record
24,Daily Planet Health Services,healthcare,Richmond metro,"Daily Planet Health Services is a federally qualified health center in Richmond serving people experiencing homelessness or housing instability—including many returning from incarceration—along with the broader community facing barriers to care. Integrated services include primary medical care, mental health and substance use disorder treatment, dental care, pharmacy counseling, case management, and medical respite, delivered across multiple sites regardless of insurance status.","Daily Planet Health Services es un centro de salud calificado federalmente en Richmond que atiende a personas sin hogar o con inestabilidad de vivienda—incluidas muchas que regresan de la encarcelación—y a la comunidad en general que enfrenta barreras de atención. Los servicios integrados incluyen atención médica primaria, tratamiento de salud mental y uso de sustancias, atención dental, consejería de farmacia, manejo de casos y descanso médico, en varios sitios sin importar el estado del seguro.",517 West Grace Street,Richmond,804-783-2505,,https://dailyplanetva.org,"Anyone regardless of housing, financial, or insurance status; primary population is people experiencing homelessness or housing instability; sliding fees determined at registration.","Cualquier persona sin importar su situación de vivienda, financiera o de seguro; la población principal son personas sin hogar o con inestabilidad de vivienda; tarifas móviles determinadas al registrarse.",Register in person 8–11:30 a.m. and 1–3 p.m. Monday–Friday or by phone at 804-783-2505; walk-in medical care at 511 West Grace Street; bring ID and proof of income if available.,Regístrese en persona de 8 a 11:30 a.m. y de 1 a 3 p.m. de lunes a viernes o por teléfono al 804-783-2505; atención médica sin cita en 511 West Grace Street; traiga identificación y prueba de ingresos si las tiene.,"Monday–Friday, 8:30 a.m.–4:30 p.m.; 24/7 after-hours phone coverage",richmond|healthcare|FQHC|homeless|mental-health|substance-use|walk-in,Primary medical care|Behavioral health treatment|Substance use disorder services|Dental care|Case management,Richmond City,Richmond City|Henrico|Chesterfield,multi,
25,Feed More — Central Virginia Food Bank,food-nutrition,Central Virginia — 30+ localities,"Feed More is Central Virginia's Feeding America food bank, collecting and distributing food through nearly 300 partner pantries, soup kitchens, and mobile distributions across a 34-locality service area stretching from the Northern Neck to the North Carolina border. Its Help Line connects neighbors—including people rebuilding after incarceration—to nearby food pantries and helps with SNAP applications. Feed More distributes through partners rather than serving walk-in clients at its warehouse.","Feed More es el banco de alimentos de Feeding America para Virginia Central, y recolecta y distribuye alimentos a través de casi 300 despensas asociadas, comedores y distribuciones móviles en un área de servicio de 34 localidades que se extiende desde el Northern Neck hasta la frontera con Carolina del Norte. Su línea de ayuda conecta a los vecinos—incluidas personas que se reconstruyen tras la encarcelación—con despensas cercanas y ayuda con solicitudes de SNAP. Distribuye mediante aliados, no atiende directamente en su almacén.",8020 Villa Park Drive,Richmond,804-521-2500,,https://feedmore.org,Residents of Feed More's 34-city-and-county Central Virginia service area facing food insecurity; partner pantry requirements vary by site.,Residentes del área de servicio de 34 ciudades y condados de Feed More en Virginia Central que enfrentan inseguridad alimentaria; los requisitos de las despensas asociadas varían según el sitio.,Call the Help Line at 804-237-8617 (Mon–Fri 9 a.m.–4 p.m.) to find a nearby pantry or get SNAP application help; use the online agency locator at feedmore.org.,Llame a la línea de ayuda al 804-237-8617 (lun–vie 9 a.m.–4 p.m.) para encontrar una despensa cercana u obtener ayuda con la solicitud de SNAP; use el localizador de agencias en feedmore.org.,"Help Line Monday–Friday, 9:00 a.m.–4:00 p.m.; pantry hours vary",richmond|central-virginia|food-nutrition|food-bank|SNAP|pantry,Partner pantry network|Food assistance locator|SNAP application help|Mobile pantry distributions|Meals on Wheels,Henrico,Amelia|Brunswick|Charles City|Chesterfield|Colonial Heights|Cumberland|Dinwiddie|Emporia|Goochland|Greensville|Halifax|Henrico|Hopewell|King and Queen|King William|Lancaster|Louisa|Lunenburg|Mecklenburg|Middlesex|New Kent|Northumberland|Nottoway|Petersburg|Powhatan|Prince Edward|Prince George|Richmond City|Sussex|Westmoreland,multi,
26,The Fountain Fund — Central Virginia,financial-assistance,Charlottesville & Richmond,"The Fountain Fund is a nonprofit lender providing low-interest microloans and financial coaching to formerly incarcerated people in Central Virginia, with lending based in Charlottesville and expanded into Richmond. Loans up to $5,000 for consumers (and larger amounts for businesses) can pay court debt, work expenses, transportation, rental move-in costs, or child support, at rates near 5% regardless of conviction type. Borrowers build credit while working toward self-determined goals.","The Fountain Fund es un prestamista sin fines de lucro que ofrece microcréditos de bajo interés y asesoría financiera a personas anteriormente encarceladas en Virginia Central, con préstamos basados en Charlottesville y expandidos a Richmond. Los préstamos de hasta $5,000 para consumidores (y montos mayores para negocios) pueden pagar deudas judiciales, gastos laborales, transporte, costos de mudanza o manutención infantil, con tasas cercanas al 5% sin importar el tipo de condena. Los prestatarios construyen crédito.",,Charlottesville,,,https://www.fountainfund.org,Formerly incarcerated adults in the Central Virginia lending area with a demonstrated ability to repay; no restrictions based on conviction type or length of incarceration.,Adultos anteriormente encarcelados en el área de préstamos de Virginia Central con capacidad demostrada de pago; sin restricciones por tipo de condena o duración de la encarcelación.,Submit the Central Virginia loan inquiry form at fountainfund.org; review the FAQs and lending policies first; an ACH automatic-payment discount lowers the rate to 3%.,Envíe el formulario de consulta de préstamo de Virginia Central en fountainfund.org; revise primero las preguntas frecuentes y las políticas de préstamo; el descuento por pago automático ACH baja la tasa al 3%.,Online inquiries 24/7; staff respond during business hours,charlottesville|richmond|financial-assistance|microloans|credit-building|reentry,Low-interest consumer microloans|Small business loans|Financial coaching|Credit building|Court debt payoff loans,Charlottesville,Charlottesville|Albemarle|Richmond City,multi,accepts_criminal_record
27,"STEP UP, Inc. — Hampton Roads Reentry Employment",employment,Hampton Roads,"STEP UP, Inc. is a Norfolk-based nonprofit providing pre-release and post-incarceration services across Hampton Roads, Western Tidewater, and nearby localities. Staff meet participants in jails and prisons before release and continue after return home with job skills training, resume help, employment placement, and referrals for housing, food, clothing, transportation, and treatment. Norfolk's re-entry resource guides list STEP UP for justice-involved job training.","STEP UP, Inc. es una organización sin fines de lucro con sede en Norfolk que ofrece servicios previos y posteriores a la encarcelación en Hampton Roads, Western Tidewater y localidades cercanas. El personal se reúne con participantes en cárceles y prisiones antes de la liberación y continúa después del regreso con capacitación laboral, ayuda con currículums, colocación de empleo y referencias de vivienda, alimentos, ropa, transporte y tratamiento.","5900 East Virginia Beach Boulevard, Suite 102",Norfolk,757-588-3151,info@stepupincorporated.org,,"People incarcerated in or released from correctional facilities who are returning to Hampton Roads localities; referrals from jails, prisons, probation, and community organizations accepted.","Personas encarceladas o liberadas de instalaciones correccionales que regresan a las localidades de Hampton Roads; se aceptan referencias de cárceles, prisiones, probatoria y organizaciones comunitarias.",Call 757-588-3151 or email info@stepupincorporated.org for intake; stepupincorporated.org was unavailable at re-audit—use phone or email. Pre-release participants are often enrolled through jail programming such as the Norfolk Sheriff's Pathway programs.,Llame al 757-588-3151 o escriba a info@stepupincorporated.org; stepupincorporated.org no estaba disponible en la reauditoría. Los participantes previos a la liberación a menudo se inscriben mediante programación carcelaria como Pathway del alguacil de Norfolk.,Monday–Friday business hours,norfolk|hampton-roads|employment|reentry|job-placement|pre-release,Pre-release job readiness classes|Post-release job placement|Resume and interview help|Employment training|Support service referrals,Norfolk,Norfolk|Virginia Beach|Chesapeake|Suffolk|Hampton|Newport News|Isle of Wight|James City|York|Williamsburg|Franklin City,multi,accepts_criminal_record
28,The Up Center — Family Support & Counseling,family-children,Hampton Roads,"The Up Center is a Norfolk-based nonprofit providing more than 20 support services for children and families across South Hampton Roads, including mental health and substance use counseling, fatherhood support through the Dad2Dads program, parenting education, youth mentoring, and housing and financial counseling. Families navigating a parent's incarceration or reentry can access counseling and father-engagement programming; the center has historically run Second Chance Act fatherhood reentry programs.","The Up Center es una organización sin fines de lucro con sede en Norfolk que ofrece más de 20 servicios de apoyo para niños y familias en South Hampton Roads, incluidos consejería de salud mental y uso de sustancias, apoyo a la paternidad mediante el programa Dad2Dads, educación para padres, mentoría juvenil y consejería de vivienda y finanzas. Las familias que atraviesan la encarcelación o reinserción de un padre pueden acceder a consejería y programas de participación paterna.","580 East Main Street, Suite 400",Norfolk,757-354-3819,,https://theupcenter.org,"Children, parents, and families in South Hampton Roads; program-specific requirements vary; Dad2Dads fatherhood services are free.","Niños, padres y familias en South Hampton Roads; los requisitos varían según el programa; los servicios de paternidad Dad2Dads son gratuitos.","Call 757-354-3819 or use the new-client application at theupcenter.org; Dads Under Construction groups meet the first and third Tuesdays, 6–7:30 p.m.",Llame al 757-354-3819 o use la solicitud de cliente nuevo en theupcenter.org; los grupos Dads Under Construction se reúnen el primer y tercer martes de 6 a 7:30 p.m.,Monday–Friday business hours; group schedules vary,norfolk|hampton-roads|family-children|fatherhood|counseling|mental-health,Family and mental health counseling|Dad2Dads fatherhood support|Parenting education|Housing and financial counseling|Youth mentoring,Norfolk,Norfolk|Portsmouth|Chesapeake|Suffolk|Virginia Beach,multi,accepts_criminal_record
29,Union Mission Ministries — Norfolk,housing,Norfolk,"Union Mission Ministries operates Norfolk's largest emergency shelter campus, open 24 hours with the Bashford Men's Shelter, the Grace Place women's shelter, and family accommodations. Guests receive meals, clothing, showers, case management, job-readiness and life-skills training, benefits assistance, and housing and employment referrals, with the RECLAIM transitional housing track for men needing longer support. The faith-based ministry cannot provide hotel vouchers or rent payments.","Union Mission Ministries opera el campus de refugio de emergencia más grande de Norfolk, abierto las 24 horas, con el refugio para hombres Bashford, el refugio para mujeres Grace Place y alojamiento familiar. Los huéspedes reciben comidas, ropa, duchas, manejo de casos, capacitación laboral y de habilidades para la vida, asistencia con beneficios y referencias de vivienda y empleo, con el programa transicional RECLAIM para hombres que necesitan apoyo más prolongado. El ministerio no ofrece vales de hotel ni pagos de renta.",5100 East Virginia Beach Boulevard,Norfolk,757-627-8686,,https://www.unionmissionministries.org,"Adults and families experiencing homelessness in the Norfolk area; no profession of faith required to receive shelter, meals, or services.","Adultos y familias sin hogar en el área de Norfolk; no se requiere profesión de fe para recibir refugio, comidas o servicios.","Call 757-627-8686 for shelter availability—ext. 200 for men, ext. 331 for women; the campus is open 24 hours; for regional housing crisis help call 757-587-4202.","Llame al 757-627-8686 para disponibilidad de refugio—ext. 200 para hombres, ext. 331 para mujeres; el campus está abierto las 24 horas; para ayuda regional de crisis de vivienda llame al 757-587-4202.",Open 24 hours daily,norfolk|housing|shelter|meals|case-management|reentry,Emergency shelter|Meals and clothing|Case management|Job readiness training|Transitional housing (RECLAIM),Norfolk,Norfolk,single,accepts_criminal_record
30,Hampton Roads Community Health Center,healthcare,Portsmouth & Norfolk,"Hampton Roads Community Health Center is a federally qualified health center with clinics in Portsmouth and Norfolk providing primary medical care, dental care, behavioral health, and an in-house pharmacy with free prescription delivery. All sites schedule through one central number, and a mobile dental unit travels across Portsmouth, Norfolk, and Suffolk to reach low-income residents where they are. New patients, including uninsured adults returning from incarceration, are accepted with sliding fees.","Hampton Roads Community Health Center es un centro de salud calificado federalmente con clínicas en Portsmouth y Norfolk que ofrece atención médica primaria, atención dental, salud conductual y una farmacia interna con entrega gratuita de recetas. Todos los sitios agendan mediante un número central, y una unidad dental móvil recorre Portsmouth, Norfolk y Suffolk para llegar a los residentes de bajos ingresos. Se aceptan pacientes nuevos, incluidos adultos sin seguro que regresan de la encarcelación, con tarifas móviles.",1541 High Street,Portsmouth,757-393-6363,,https://www.hrchc.org,"Open to Hampton Roads residents regardless of insurance status; sliding fee discounts based on income; Medicaid, Medicare, and private insurance accepted.","Abierto a residentes de Hampton Roads sin importar el estado del seguro; descuentos de tarifa móvil según ingresos; se aceptan Medicaid, Medicare y seguros privados.","Call 757-393-6363 to schedule at any location; the Portsmouth site at 1541 High Street offers medical, dental, behavioral health, and pharmacy under one roof.","Llame al 757-393-6363 para agendar en cualquier ubicación; el sitio de Portsmouth en 1541 High Street ofrece servicios médicos, dentales, de salud conductual y farmacia en un solo lugar.","Monday–Friday, 7:30 a.m.–5:30 p.m.; site hours vary",portsmouth|norfolk|healthcare|FQHC|dental|behavioral-health|sliding-scale,Primary medical care|Dental care|Behavioral health services|In-house pharmacy|Mobile dental outreach,Portsmouth,Portsmouth|Norfolk|Suffolk,multi,
31,Foodbank of Southeastern Virginia and the Eastern Shore,food-nutrition,Hampton Roads & Eastern Shore,"The Foodbank of Southeastern Virginia and the Eastern Shore is the Feeding America food bank serving eleven cities and counties across South Hampton Roads, Western Tidewater, and the Eastern Shore since 1981. It distributes food through a large network of partner pantries, mobile pantries, and community programs, and helps neighbors connect to SNAP and other benefits. Food reaches households through partner agencies located throughout the 4,745-square-mile service area.","El Foodbank of Southeastern Virginia and the Eastern Shore es el banco de alimentos de Feeding America que sirve a once ciudades y condados de South Hampton Roads, Western Tidewater y la Costa Este desde 1981. Distribuye alimentos a través de una amplia red de despensas asociadas, despensas móviles y programas comunitarios, y ayuda a los vecinos a conectarse con SNAP y otros beneficios. Los alimentos llegan a los hogares mediante agencias asociadas en toda el área de servicio.",800 Tidewater Drive,Norfolk,757-627-6599,,https://foodbankonline.org,Residents of the Foodbank's eleven-locality service area facing food insecurity; partner pantry requirements vary by site.,Residentes del área de servicio de once localidades del banco de alimentos que enfrentan inseguridad alimentaria; los requisitos de las despensas asociadas varían según el sitio.,Use the pantry locator at foodbankonline.org or dial 211 to find nearby distributions; mobile pantry schedules are posted online.,Use el localizador de despensas en foodbankonline.org o marque 211 para encontrar distribuciones cercanas; los horarios de las despensas móviles se publican en línea.,Office Monday–Friday business hours; pantry and mobile distribution hours vary,norfolk|hampton-roads|eastern-shore|food-nutrition|food-bank|pantry,Partner pantry network|Mobile pantry distributions|SNAP outreach|Community feeding programs,Norfolk,Norfolk|Portsmouth|Chesapeake|Suffolk|Franklin City|Virginia Beach|Southampton|Northampton|Sussex|Isle of Wight|Accomack,multi,
32,Virginia Peninsula Foodbank,food-nutrition,Virginia Peninsula,"The Virginia Peninsula Foodbank in Hampton provides hunger relief across nine Peninsula and Middle Peninsula localities through more than 170 partner agencies including food pantries, soup kitchens, shelters, and community centers. Neighbors can shop the Community Pantry in Newport News, find partner pantries through the online locator, or arrange emergency food assistance by appointment. The foodbank also runs mobile distributions and nutrition programs for children, seniors, and veterans.","El Virginia Peninsula Foodbank en Hampton brinda alivio contra el hambre en nueve localidades de la Península y la Península Media a través de más de 170 agencias asociadas, incluidas despensas, comedores, refugios y centros comunitarios. Los vecinos pueden usar la Despensa Comunitaria en Newport News, encontrar despensas asociadas con el localizador en línea o coordinar asistencia alimentaria de emergencia con cita. El banco también opera distribuciones móviles y programas de nutrición para niños, personas mayores y veteranos.",2401 Aluminum Avenue,Hampton,757-596-7188,,https://hrfoodbank.org,Residents of the Peninsula service area facing food insecurity; partner pantry requirements vary by site.,Residentes del área de servicio de la Península que enfrentan inseguridad alimentaria; los requisitos de las despensas asociadas varían según el sitio.,"Visit the Community Pantry at 3509 Chestnut Avenue, Newport News during shopping hours; for emergency food call 757-596-7188 (Mon–Fri 1:30–3:30 p.m., appointments preferred).","Visite la Despensa Comunitaria en 3509 Chestnut Avenue, Newport News durante el horario de compras; para alimentos de emergencia llame al 757-596-7188 (lun–vie 1:30–3:30 p.m., se prefieren citas).",Office Monday–Friday business hours; emergency assistance 1:30–3:30 p.m. weekdays,hampton|newport-news|peninsula|food-nutrition|food-bank|pantry,Community Pantry|Partner pantry locator|Emergency food assistance|Mobile pantry distributions|Child and senior nutrition programs,Hampton,Hampton|Newport News|Poquoson|Williamsburg|Gloucester|James City|Mathews|Surry|York,multi,
33,Virginia Career Works — Norfolk Center,employment,Hampton Roads,"The Virginia Career Works Norfolk center is the American Job Center serving the Hampton Roads workforce region with free job search assistance, career coaching, resume help, WIOA training referrals, and connections to hiring events. Staff serve all job seekers, including people with criminal records, and can point returning citizens to fair-chance employers, federal bonding, and the Work Opportunity Tax Credit that offsets hiring concerns for employers.","El centro Virginia Career Works de Norfolk es el Centro de Empleo Americano que sirve a la región laboral de Hampton Roads con ayuda gratuita para buscar empleo, orientación profesional, ayuda con currículums, referencias a capacitación WIOA y conexiones con eventos de contratación. El personal atiende a todos los buscadores de empleo, incluidas personas con antecedentes penales, y puede orientar a los ciudadanos que regresan hacia empleadores de segunda oportunidad, fianzas federales y el crédito fiscal WOTC.","861 Glenrock Road, Suite 100",Norfolk,,,https://virginiacareerworks.com/locations/,Open to job seekers in the Hampton Roads region including justice-involved individuals; core services are free.,"Abierto a buscadores de empleo en la región de Hampton Roads, incluidas personas con antecedentes penales; los servicios básicos son gratuitos.",Check current hours through the center locator at virginiacareerworks.com/locations; register on the Virginia Workforce Connection before visiting to speed up services.,Consulte los horarios actuales en el localizador de centros en virginiacareerworks.com/locations; regístrese en Virginia Workforce Connection antes de visitar para agilizar los servicios.,Monday–Friday business hours; confirm via center locator,norfolk|hampton-roads|employment|workforce|WIOA|fair-chance,Job search assistance|Career coaching|WIOA training referrals|Resume and interview help|Hiring events,Norfolk,Norfolk,single,accepts_criminal_record
34,Virginia Career Works — Hampton Center,employment,Virginia Peninsula,"The Virginia Career Works Hampton center is the American Job Center for the Virginia Peninsula, offering free job search tools, career counseling, skills workshops, WIOA-funded training referrals, and unemployment insurance assistance. Peninsula job seekers with criminal records can get help framing their history for employers and connecting to fair-chance hiring initiatives, GED referrals, and supportive services through partner agencies co-located with the center.","El centro Virginia Career Works de Hampton es el Centro de Empleo Americano de la Península de Virginia, y ofrece herramientas gratuitas de búsqueda de empleo, consejería de carrera, talleres de habilidades, referencias a capacitación financiada por WIOA y asistencia con el seguro de desempleo. Los buscadores de empleo con antecedentes penales pueden recibir ayuda para presentar su historial a los empleadores y conectarse con iniciativas de contratación de segunda oportunidad, referencias de GED y servicios de apoyo.","600 Butler Farm Road, Suite B",Hampton,,,https://virginiacareerworks.com/locations/,Open to job seekers on the Virginia Peninsula including justice-involved individuals; core services are free.,"Abierto a buscadores de empleo en la Península de Virginia, incluidas personas con antecedentes penales; los servicios básicos son gratuitos.",Check current hours through the center locator at virginiacareerworks.com/locations; bring ID for workshops and training enrollment when available.,Consulte los horarios actuales en el localizador de centros en virginiacareerworks.com/locations; traiga identificación para talleres e inscripción en capacitación cuando sea posible.,Monday–Friday business hours; confirm via center locator,hampton|peninsula|employment|workforce|WIOA|fair-chance,Job search assistance|Career counseling|WIOA training referrals|Skills workshops|Unemployment insurance help,Hampton,Hampton,single,accepts_criminal_record
35,"OAR of Arlington, Alexandria and Falls Church",reentry-organizations,Northern Virginia,"OAR of Arlington, Alexandria and Falls Church journeys with people impacted by the criminal legal system, running pre-release programs in the Arlington County Detention Facility, Alexandria's Truesdale Adult Detention Center, and Coffeewood Correctional Center, plus post-release reentry support at its Arlington office. Services include transition coaching, employment help, housing assistance, phones and laptops, food, clothing, and a weekly support group, along with community service alternative sentencing.","OAR de Arlington, Alexandria y Falls Church acompaña a personas afectadas por el sistema legal penal, con programas previos a la liberación en el Centro de Detención del Condado de Arlington, el Centro de Detención Truesdale de Alexandria y el Centro Correccional Coffeewood, además de apoyo de reinserción posterior a la liberación en su oficina de Arlington. Los servicios incluyen orientación de transición, ayuda de empleo, asistencia de vivienda, teléfonos y computadoras, alimentos, ropa y un grupo de apoyo semanal, junto con sentencias alternativas de servicio comunitario.","1400 N. Uhle Street, Suite 704",Arlington,703-745-5441,info@oaronline.org,https://www.oaronline.org,"People returning to Arlington County, the City of Alexandria, or the City of Falls Church from incarceration and their families; post-release reentry referral generally within 90 days of release.","Personas que regresan al Condado de Arlington, la Ciudad de Alexandria o la Ciudad de Falls Church tras la encarcelación y sus familias; la referencia de reinserción posterior a la liberación generalmente ocurre dentro de los 90 días posteriores a la liberación.","Call 703-745-5441 or email info@oaronline.org; a separate organization, OAR NOVA, serves Fairfax, Loudoun, and Prince William counties.","Llame al 703-745-5441 o escriba a info@oaronline.org; una organización separada, OAR NOVA, sirve a los condados de Fairfax, Loudoun y Prince William.",Monday–Friday business hours,arlington|alexandria|falls-church|reentry|employment|case-management,Pre-release reentry programming|Post-release coaching|Employment program|Housing and direct assistance|Weekly support group,Arlington,Arlington|Alexandria|Falls Church,multi,accepts_criminal_record
36,Friends of Guest House — Women's Reentry Program,housing,Northern Virginia,"Friends of Guest House in Alexandria is Northern Virginia's only 24/7 residential reentry program for women and the largest gender-responsive reentry program in Virginia. The free six-month residential program pairs each woman with a case manager for an individualized reentry plan covering healthcare, workforce development, life skills, GED tutoring, and family reconnection, followed by aftercare and a Second Chance transitional rental community. About 85% of graduates never return to incarceration.","Friends of Guest House en Alexandria es el único programa residencial de reinserción 24/7 para mujeres en el norte de Virginia y el programa de reinserción con enfoque de género más grande del estado. El programa residencial gratuito de seis meses asigna a cada mujer una administradora de casos con un plan individualizado que cubre atención médica, desarrollo laboral, habilidades para la vida, tutoría de GED y reconexión familiar, seguido de un programa de seguimiento y una comunidad transicional de renta. Cerca del 85% de las graduadas no vuelve a la encarcelación.",,Alexandria,,,https://friendsofguesthouse.org,"Women 18 and older on Virginia state probation or parole and in compliance with supervision terms; application includes a background check, physical exam, and phone interview.","Mujeres de 18 años o más en probatoria o libertad condicional estatal de Virginia y en cumplimiento de los términos de supervisión; la solicitud incluye verificación de antecedentes, examen físico y entrevista telefónica.",Submit the client application through friendsofguesthouse.org before release when possible; residents complete an intake evaluation with the Alexandria Community Services Board on arrival.,Envíe la solicitud de cliente en friendsofguesthouse.org antes de la liberación cuando sea posible; las residentes completan una evaluación de admisión con la Junta de Servicios Comunitarios de Alexandria al llegar.,Residential program 24/7; office Monday–Friday business hours,alexandria|arlington|fairfax|housing|women|reentry|case-management,Six-month residential reentry program|Case management|Workforce development|Aftercare program|Transitional rental housing,Alexandria,Alexandria|Arlington|Fairfax|Fairfax City|Falls Church|Loudoun|Prince William,multi,accepts_criminal_record
37,Legal Services of Northern Virginia,legal-aid,Northern Virginia,"Legal Services of Northern Virginia is a nonprofit law firm providing free civil legal help to low-income, elderly, and disabled residents across Northern Virginia, with offices in Fairfax, Arlington, Alexandria, Leesburg, and the Route 1 corridor. Practice areas include housing, consumer, family, benefits, and a Second Chances initiative addressing barriers tied to criminal records. LSNV handles civil matters only—not criminal defense—and screens all applicants for financial eligibility.","Legal Services of Northern Virginia es un bufete sin fines de lucro que brinda ayuda legal civil gratuita a residentes de bajos ingresos, personas mayores y personas con discapacidades en el norte de Virginia, con oficinas en Fairfax, Arlington, Alexandria, Leesburg y el corredor de la Ruta 1. Las áreas de práctica incluyen vivienda, consumidor, familia, beneficios y una iniciativa de Segundas Oportunidades sobre barreras ligadas a antecedentes penales. LSNV atiende solo asuntos civiles y evalúa la elegibilidad financiera.","10700 Page Avenue, Suite 100",Fairfax,703-778-6800,help@lsnv.org,https://lsnv.org,"Low-income, elderly, or disabled residents of Fairfax, Arlington, Loudoun, and Prince William counties and the cities of Alexandria, Falls Church, Fairfax, Manassas, and Manassas Park; financial eligibility screening required.","Residentes de bajos ingresos, personas mayores o con discapacidades de los condados de Fairfax, Arlington, Loudoun y Prince William y las ciudades de Alexandria, Falls Church, Fairfax, Manassas y Manassas Park; se requiere evaluación de elegibilidad financiera.","Apply online 24/7 at lsnv.org or call 703-778-6800 Monday–Thursday, 9:30 a.m.–12 p.m. and 1:30–3 p.m.; walk-in applications on Wednesdays only.","Solicite en línea 24/7 en lsnv.org o llame al 703-778-6800 de lunes a jueves, de 9:30 a.m. a 12 p.m. y de 1:30 a 3 p.m.; solicitudes sin cita solo los miércoles.","Intake Monday–Thursday, 9:30 a.m.–12:00 p.m. and 1:30–3:00 p.m.; online application 24/7",fairfax|arlington|alexandria|prince-william|loudoun|legal-aid|second-chances,Civil legal representation|Housing legal help|Second Chances record-barrier assistance|Benefits advocacy|Consumer protection,Fairfax,Fairfax|Arlington|Alexandria|Loudoun|Prince William|Falls Church|Fairfax City|Manassas|Manassas Park,multi,accepts_criminal_record
38,Legal Aid Justice Center,legal-aid,"Charlottesville, Richmond, Petersburg & Northern Virginia","The Legal Aid Justice Center provides free civil legal help to financially eligible Virginians from offices in Charlottesville, Richmond, Petersburg, and Falls Church, with a criminal legal system practice that runs expungement clinics and helps people seal eligible records under Virginia's record sealing laws taking effect July 1, 2026. LAJC also litigates on housing, benefits, immigration, and civil rights issues. It does not handle criminal defense cases.","El Legal Aid Justice Center brinda ayuda legal civil gratuita a virginianos financieramente elegibles desde oficinas en Charlottesville, Richmond, Petersburg y Falls Church, con una práctica del sistema legal penal que realiza clínicas de expungación y ayuda a sellar antecedentes elegibles bajo las leyes de sellado de Virginia vigentes desde el 1 de julio de 2026. LAJC también litiga sobre vivienda, beneficios, inmigración y derechos civiles. No atiende casos de defensa penal.","1000 Preston Avenue, Suite A",Charlottesville,434-977-0553,,https://www.justice4all.org,"Financially eligible residents of LAJC's Charlottesville, Richmond, Petersburg, and Northern Virginia service areas, or people whose legal issue arose there; income screening applies.","Residentes financieramente elegibles de las áreas de servicio de LAJC en Charlottesville, Richmond, Petersburg y el norte de Virginia, o personas cuyo asunto legal surgió allí; se aplica evaluación de ingresos.","Call the office nearest you: Charlottesville 434-977-0553, Richmond 804-643-1086 (phone intakes Mon–Fri), Petersburg 804-862-2205, Falls Church 703-778-3450; watch justice4all.org for expungement clinic dates.","Llame a la oficina más cercana: Charlottesville 434-977-0553, Richmond 804-643-1086 (admisión telefónica lun–vie), Petersburg 804-862-2205, Falls Church 703-778-3450; consulte justice4all.org para fechas de clínicas de expungación.",Intake Monday–Friday business hours; leave a voicemail for a callback,charlottesville|richmond|petersburg|falls-church|legal-aid|expungement|record-sealing,Expungement clinics|Record sealing assistance|Housing legal help|Benefits advocacy|Civil rights litigation,Charlottesville,Charlottesville|Albemarle|Fluvanna|Greene|Louisa|Nelson|Richmond City|Henrico|Chesterfield|Hanover|New Kent|Goochland|Powhatan|Charles City|Petersburg|Hopewell|Colonial Heights|Dinwiddie|Prince George|Surry|Fairfax|Fairfax City|Falls Church|Alexandria|Loudoun|Arlington|Prince William|Stafford,multi,accepts_criminal_record
39,Central Virginia Legal Aid Society,legal-aid,"Richmond, Petersburg & Charlottesville","Central Virginia Legal Aid Society provides free civil legal assistance to low-income people in the cities of Richmond, Petersburg, Hopewell, Colonial Heights, and Charlottesville and fifteen surrounding counties. Attorneys and pro bono volunteers handle housing and eviction, public benefits, family law, consumer, and expungement-related civil matters, with offices in Richmond, Petersburg, and Charlottesville. CVLAS handles civil cases only and screens applicants for income eligibility.","Central Virginia Legal Aid Society brinda asistencia legal civil gratuita a personas de bajos ingresos en las ciudades de Richmond, Petersburg, Hopewell, Colonial Heights y Charlottesville y quince condados circundantes. Abogados y voluntarios pro bono atienden vivienda y desalojos, beneficios públicos, derecho familiar, asuntos de consumidor y asuntos civiles relacionados con la expungación, con oficinas en Richmond, Petersburg y Charlottesville. CVLAS atiende solo casos civiles y evalúa la elegibilidad de ingresos.","115 S. 15th Street, Suite 400",Richmond,804-648-1012,,https://cvlas.org,Low-income residents of the CVLAS service area or people with legal problems arising there; LSC income guidelines generally apply.,Residentes de bajos ingresos del área de servicio de CVLAS o personas con problemas legales surgidos allí; generalmente aplican las pautas de ingresos LSC.,Call Richmond 804-648-1012 or toll-free 800-868-1012; Charlottesville 434-296-8851 or 800-390-9982; Petersburg 804-862-1100; online intake available at cvlas.org.,Llame a Richmond al 804-648-1012 o gratis al 800-868-1012; Charlottesville 434-296-8851 u 800-390-9982; Petersburg 804-862-1100; admisión en línea disponible en cvlas.org.,Intake Monday–Friday business hours,richmond|petersburg|charlottesville|legal-aid|eviction|benefits|low-income,Housing and eviction defense|Public benefits advocacy|Family law assistance|Consumer protection|Expungement-related civil help,Richmond City,Richmond City|Petersburg|Hopewell|Colonial Heights|Charlottesville|Albemarle|Charles City|Chesterfield|Dinwiddie|Fluvanna|Goochland|Greene|Hanover|Henrico|Louisa|Nelson|New Kent|Powhatan|Prince George|Surry,multi,accepts_criminal_record
40,Neighborhood Health — Northern Virginia FQHC,healthcare,Northern Virginia,"Neighborhood Health is Northern Virginia's leading federally qualified health center, serving more than 40,000 patients at 15 clinics across Alexandria, Arlington, and Fairfax County. Services include adult primary care, pediatrics, dental care, behavioral health, and pharmacy assistance, with sliding fee discounts for uninsured and underinsured patients and help enrolling in Medicaid. Returning citizens without coverage can establish primary and behavioral health care regardless of ability to pay.","Neighborhood Health es el principal centro de salud calificado federalmente del norte de Virginia, y atiende a más de 40,000 pacientes en 15 clínicas en Alexandria, Arlington y el condado de Fairfax. Los servicios incluyen atención primaria para adultos, pediatría, atención dental, salud conductual y asistencia de farmacia, con descuentos de tarifa móvil para pacientes sin seguro y ayuda para inscribirse en Medicaid. Los ciudadanos que regresan sin cobertura pueden establecer atención primaria y conductual sin importar su capacidad de pago.",2 East Glebe Road,Alexandria,,,https://neighborhoodhealthva.org,"Open to all Northern Virginia residents regardless of insurance status; sliding fee discounts based on household income; Medicaid, Medicare, and most private insurance accepted.","Abierto a todos los residentes del norte de Virginia sin importar el estado del seguro; descuentos de tarifa móvil según los ingresos del hogar; se aceptan Medicaid, Medicare y la mayoría de los seguros privados.",Find the nearest clinic and appointment lines at neighborhoodhealthva.org; bring proof of income to apply for the sliding fee discount; same-day and next-day appointments available at some sites.,Encuentre la clínica más cercana y las líneas de citas en neighborhoodhealthva.org; traiga prueba de ingresos para solicitar el descuento de tarifa móvil; algunos sitios ofrecen citas para el mismo día o el siguiente.,Clinic hours vary; evening and weekend options at some locations,alexandria|arlington|fairfax|healthcare|FQHC|sliding-scale|behavioral-health,Adult primary care|Behavioral health services|Dental care|Medicaid enrollment help|Pharmacy assistance,Alexandria,Alexandria|Arlington|Fairfax,multi,
41,Virginia Career Works — Alexandria Center,employment,Northern Virginia,"The Virginia Career Works Alexandria center on Cherokee Avenue is a Northern Virginia American Job Center offering free career counseling, job search assistance, workshops, WIOA training referrals, and access to hiring events for the Alexandria and Arlington area. Job seekers with criminal records receive the same free core services and can ask staff about fair-chance employers, federal bonding, and training scholarships that reduce barriers to reemployment after release.","El centro Virginia Career Works de Alexandria en Cherokee Avenue es un Centro de Empleo Americano del norte de Virginia que ofrece consejería de carrera gratuita, ayuda para buscar empleo, talleres, referencias a capacitación WIOA y acceso a eventos de contratación para el área de Alexandria y Arlington. Los buscadores de empleo con antecedentes penales reciben los mismos servicios básicos gratuitos y pueden preguntar al personal sobre empleadores de segunda oportunidad, fianzas federales y becas de capacitación.","5520 Cherokee Avenue, Suite 100",Alexandria,,,https://virginiacareerworks.com/locations/,Open to Northern Virginia job seekers including justice-involved individuals; core services are free.,"Abierto a buscadores de empleo del norte de Virginia, incluidas personas con antecedentes penales; los servicios básicos son gratuitos.",Check current hours through the center locator at virginiacareerworks.com/locations; an Arlington County affiliate site at 2100 Washington Boulevard operates Thursdays only.,Consulte los horarios actuales en el localizador de centros en virginiacareerworks.com/locations; un sitio afiliado del condado de Arlington en 2100 Washington Boulevard opera solo los jueves.,Monday–Friday business hours; confirm via center locator,alexandria|arlington|northern-virginia|employment|workforce|WIOA,Career counseling|Job search assistance|WIOA training referrals|Employment workshops|Hiring events,Alexandria,Alexandria,single,accepts_criminal_record
42,Virginia Career Works — Prince William Center,employment,Northern Virginia,"The Virginia Career Works Prince William center in Woodbridge is the American Job Center serving greater Prince William County with free job search resources, career coaching, skills assessments, WIOA training referrals, and employer hiring events. Returning citizens in the Prince William, Manassas, and Manassas Park area can use the center's computers and staffed assistance to rebuild work histories, connect with training funds, and reach employers open to fair-chance hiring.","El centro Virginia Career Works de Prince William en Woodbridge es el Centro de Empleo Americano que sirve al área metropolitana del condado de Prince William con recursos gratuitos de búsqueda de empleo, orientación profesional, evaluaciones de habilidades, referencias a capacitación WIOA y eventos de contratación. Los ciudadanos que regresan en el área de Prince William, Manassas y Manassas Park pueden usar las computadoras y la asistencia del personal para reconstruir historiales laborales y llegar a empleadores abiertos a la contratación de segunda oportunidad.",13370 Minnieville Road,Woodbridge,,,https://virginiacareerworks.com/locations/,Open to job seekers in the Prince William area including justice-involved individuals; core services are free.,"Abierto a buscadores de empleo del área de Prince William, incluidas personas con antecedentes penales; los servicios básicos son gratuitos.",Check current hours through the center locator at virginiacareerworks.com/locations; register on the Virginia Workforce Connection before visiting.,Consulte los horarios actuales en el localizador de centros en virginiacareerworks.com/locations; regístrese en Virginia Workforce Connection antes de visitar.,Monday–Friday business hours; confirm via center locator,prince-william|woodbridge|manassas|employment|workforce|WIOA,Job search assistance|Career coaching|Skills assessments|WIOA training referrals|Hiring events,Prince William,Prince William|Manassas|Manassas Park,multi,accepts_criminal_record
43,TAP — Total Action for Progress Reentry Programs,reentry-organizations,Roanoke Valley & Alleghany Highlands,"Total Action for Progress, the Roanoke Valley's community action agency, runs incarceration reentry programs including Virginia CARES, WINGS for women, and A Second Chance for the Alleghany Highlands. Staff help returning citizens within six months of release with job training and searches, interview preparation, transportation, and rights restoration, connecting participants to TAP's wider housing, education, and financial services. Participants outside the service area may enroll if they can reach a TAP office.","Total Action for Progress, la agencia de acción comunitaria del valle de Roanoke, opera programas de reinserción tras la encarcelación que incluyen Virginia CARES, WINGS para mujeres y A Second Chance para Alleghany Highlands. El personal ayuda a los ciudadanos que regresan dentro de los seis meses posteriores a la liberación con capacitación y búsqueda de empleo, preparación de entrevistas, transporte y restauración de derechos, conectándolos con los servicios más amplios de vivienda, educación y finanzas de TAP.",302 2nd Street SW,Roanoke,540-777-4673,info@tapintohope.org,https://tapintohope.org/program/reentry-program/,"People within six months of release from incarceration, before or after release, living in the Roanoke Valley or Alleghany Highlands service areas or able to travel to a TAP office.",Personas dentro de los seis meses previos o posteriores a la liberación de la encarcelación que viven en el valle de Roanoke o Alleghany Highlands o pueden trasladarse a una oficina de TAP.,Call 540-777-4673 (540-777-HOPE) or use the contact form on the reentry program page; ask about WINGS for women and A Second Chance for Alleghany-area residents.,Llame al 540-777-4673 (540-777-HOPE) o use el formulario de contacto en la página del programa de reinserción; pregunte por WINGS para mujeres y A Second Chance para residentes del área de Alleghany.,Monday–Friday business hours,roanoke|salem|alleghany|reentry|employment|rights-restoration|women,Job training and search help|Interview preparation|Transportation assistance|Rights restoration help|Case management,Roanoke City,Roanoke City|Roanoke|Salem|Botetourt|Craig|Alleghany|Covington|Buena Vista|Lexington|Rockbridge,multi,accepts_criminal_record
44,TAP This Valley Works — Adult Education & Career Training,education,Roanoke Valley,"This Valley Works is Total Action for Progress's education and career development division, offering GED preparation, adult literacy, employment soft-skills classes, and the Center for Employment Training at the Roanoke Higher Education Center. Programs pair classes and certification preparation with coaches, advisors, and job placement partnerships with local employers, and they are designed for low-income adults including those rebuilding after incarceration. About 500 students graduate each year.","This Valley Works es la división de educación y desarrollo profesional de Total Action for Progress, y ofrece preparación para el GED, alfabetización de adultos, clases de habilidades laborales y el Centro de Capacitación para el Empleo en el Roanoke Higher Education Center. Los programas combinan clases y preparación de certificaciones con tutores, asesores y alianzas de colocación laboral con empleadores locales, y están diseñados para adultos de bajos ingresos, incluidos quienes se reconstruyen tras la encarcelación.",108 N. Jefferson Street,Roanoke,540-777-4673,,https://tapintohope.org,"Low-income adults in the Roanoke Valley seeking GED preparation, literacy help, or career training; program-specific enrollment requirements apply.","Adultos de bajos ingresos del valle de Roanoke que buscan preparación para el GED, ayuda de alfabetización o capacitación profesional; aplican requisitos de inscripción específicos del programa.",Call 540-777-4673 to enroll; most classes meet at the Roanoke Higher Education Center; ask about certification test preparation and job placement support.,Llame al 540-777-4673 para inscribirse; la mayoría de las clases se imparten en el Roanoke Higher Education Center; pregunte por la preparación de exámenes de certificación y el apoyo de colocación laboral.,Class schedules vary; office Monday–Friday business hours,roanoke|education|GED|adult-education|job-training|reentry,GED preparation|Adult literacy classes|Employment soft skills|Center for Employment Training|Job placement partnerships,Roanoke City,Roanoke City,single,accepts_criminal_record
45,Rescue Mission of Roanoke,basic-needs,Roanoke Valley,"The Rescue Mission of Roanoke is a comprehensive crisis intervention center open 365 days a year with 257 low-barrier emergency shelter beds for men, women, and families, three daily community meals open to anyone, a weekly food box distribution, the Fralin Free Clinic, and The Way Forward long-term residential recovery program supported by certified peer recovery specialists. No profession of faith is required to receive meals, shelter, medical care, or other services.","La Rescue Mission de Roanoke es un centro integral de intervención en crisis abierto los 365 días del año, con 257 camas de refugio de emergencia de baja barrera para hombres, mujeres y familias, tres comidas comunitarias diarias abiertas a cualquiera, una distribución semanal de cajas de alimentos, la Clínica Gratuita Fralin y el programa residencial de recuperación a largo plazo The Way Forward apoyado por especialistas certificados en recuperación entre pares. No se requiere profesión de fe para recibir servicios.",402 Fourth Street SE,Roanoke,540-343-7227,,https://rescuemission.net,Anyone in need may eat at the Mission; shelter guests must participate in case management to continue services; The Way Forward serves adults seeking recovery from substance use disorder.,Cualquier persona necesitada puede comer en la Misión; los huéspedes del refugio deben participar en el manejo de casos para continuar los servicios; The Way Forward atiende a adultos que buscan recuperarse del trastorno por uso de sustancias.,"Shelter is open 3:00 p.m.–9:00 a.m. with daily intakes; call 540-343-7227; food boxes Wednesdays and Thursdays 1–3 p.m.; Fralin Free Clinic at 321 Tazewell Avenue SE, 540-777-7671.","El refugio abre de 3:00 p.m. a 9:00 a.m. con admisiones diarias; llame al 540-343-7227; cajas de alimentos miércoles y jueves de 1 a 3 p.m.; Clínica Gratuita Fralin en 321 Tazewell Avenue SE, 540-777-7671.",Meals daily; shelter intake daily from 3:00 p.m.; office Monday–Saturday,roanoke|basic-needs|shelter|meals|free-clinic|recovery,Emergency shelter|Daily community meals|Food box distribution|Free medical clinic|Long-term residential recovery,Roanoke City,Roanoke City|Roanoke|Salem|Covington|Alleghany|Botetourt|Craig|Floyd|Franklin,multi,
46,Blue Ridge Legal Services,legal-aid,Shenandoah & Roanoke Valleys,"Blue Ridge Legal Services is the nonprofit legal aid society providing free civil legal assistance to low-income residents of the Shenandoah and Roanoke Valleys through offices in Harrisonburg, Roanoke, Lexington, and Winchester plus a Staunton outreach site. Attorneys handle housing, public benefits, family, and consumer matters that stabilize households after incarceration, and the Roanoke office performs intake for the Legal Aid Society of Roanoke Valley as well. Civil matters only.","Blue Ridge Legal Services es la sociedad de asistencia legal sin fines de lucro que brinda ayuda legal civil gratuita a residentes de bajos ingresos de los valles de Shenandoah y Roanoke mediante oficinas en Harrisonburg, Roanoke, Lexington y Winchester, además de un sitio de atención en Staunton. Los abogados atienden asuntos de vivienda, beneficios públicos, familia y consumidor que estabilizan a los hogares tras la encarcelación, y la oficina de Roanoke realiza la admisión también para la Legal Aid Society of Roanoke Valley. Solo asuntos civiles.",204 N. High Street,Harrisonburg,540-433-1830,,https://brls.org,Low-income residents of the Shenandoah Valley and Roanoke Valley service area; income eligibility screening required.,Residentes de bajos ingresos del área de servicio de los valles de Shenandoah y Roanoke; se requiere evaluación de elegibilidad de ingresos.,Harrisonburg intake 540-433-1830 (Mon–Thu 9 a.m.–12:45 p.m.) or toll-free 800-237-0141; Roanoke office 540-344-2080; Lexington 540-463-7334; online applications accepted at brls.org.,Admisión en Harrisonburg 540-433-1830 (lun–jue 9 a.m.–12:45 p.m.) o gratis al 800-237-0141; oficina de Roanoke 540-344-2080; Lexington 540-463-7334; se aceptan solicitudes en línea en brls.org.,Intake hours vary by office; online application 24/7,harrisonburg|roanoke|winchester|lexington|legal-aid|low-income|shenandoah-valley,Civil legal representation|Housing legal help|Public benefits advocacy|Family law assistance|Consumer protection,Harrisonburg,Harrisonburg|Staunton|Waynesboro|Augusta|Highland|Page|Rockingham|Roanoke City|Salem|Bedford|Botetourt|Craig|Franklin|Roanoke|Buena Vista|Covington|Lexington|Alleghany|Bath|Rockbridge|Winchester|Clarke|Frederick|Shenandoah|Warren,multi,
47,Virginia Career Works — Roanoke Center,employment,Roanoke Valley,"The Virginia Career Works Roanoke center on South Jefferson Street is the American Job Center for the Roanoke Valley, providing free job search assistance, career coaching, workshops, WIOA training referrals, and hiring events. Staff serve all job seekers, including people returning from incarceration, and can connect returning citizens to fair-chance employers, federal bonding information, and partner programs such as TAP and Virginia CARES located nearby in downtown Roanoke.","El centro Virginia Career Works de Roanoke en South Jefferson Street es el Centro de Empleo Americano del valle de Roanoke, y ofrece ayuda gratuita para buscar empleo, orientación profesional, talleres, referencias a capacitación WIOA y eventos de contratación. El personal atiende a todos los buscadores de empleo, incluidas las personas que regresan de la encarcelación, y puede conectarlos con empleadores de segunda oportunidad, información de fianzas federales y programas aliados como TAP y Virginia CARES en el centro de Roanoke.",707 South Jefferson Street,Roanoke,,,https://virginiacareerworks.com/locations/,Open to Roanoke Valley job seekers including justice-involved individuals; core services are free.,"Abierto a buscadores de empleo del valle de Roanoke, incluidas personas con antecedentes penales; los servicios básicos son gratuitos.",Check current hours through the center locator at virginiacareerworks.com/locations; register on the Virginia Workforce Connection before visiting.,Consulte los horarios actuales en el localizador de centros en virginiacareerworks.com/locations; regístrese en Virginia Workforce Connection antes de visitar.,Monday–Friday business hours; confirm via center locator,roanoke|employment|workforce|WIOA|fair-chance,Job search assistance|Career coaching|WIOA training referrals|Employment workshops|Hiring events,Roanoke City,Roanoke City,single,accepts_criminal_record
48,Miriam's House — Lynchburg Housing Programs,housing,Lynchburg,"Miriam's House works to end homelessness in the Lynchburg community through housing-first programs, including a family emergency shelter at 409 Magnolia Street opened in early 2026 and the Community First rapid re-housing program that pairs short-term rental assistance with in-home case management. Households leaving incarceration into homelessness can be screened through the community's centralized intake line. Services focus on families with children, youth, and chronically homeless individuals.","Miriam's House trabaja para acabar con la falta de vivienda en la comunidad de Lynchburg mediante programas de vivienda primero, incluidos un refugio familiar de emergencia en 409 Magnolia Street abierto a inicios de 2026 y el programa de realojamiento rápido Community First, que combina asistencia de renta a corto plazo con manejo de casos en el hogar. Los hogares que salen de la encarcelación hacia la falta de vivienda pueden ser evaluados mediante la línea centralizada de admisión. Se enfoca en familias con niños, jóvenes y personas sin hogar crónicas.",,Lynchburg,434-427-2442,,https://www.miriamshouse.org,"Households experiencing homelessness in the Lynchburg community, with priority programs for families with children, unaccompanied youth, and chronically homeless individuals.","Hogares sin vivienda en la comunidad de Lynchburg, con programas prioritarios para familias con niños, jóvenes no acompañados y personas sin hogar crónicas.","Call the centralized homeless intake line (CHIA) at 434-427-2442 to be screened for shelter and housing programs; the family shelter provides case management, housing navigation, and basic needs.","Llame a la línea centralizada de admisión (CHIA) al 434-427-2442 para ser evaluado para refugio y programas de vivienda; el refugio familiar ofrece manejo de casos, navegación de vivienda y necesidades básicas.",Intake line business hours; shelter operates 24/7,lynchburg|housing|shelter|rapid-rehousing|families|homeless,Family emergency shelter|Rapid re-housing assistance|In-home case management|Housing navigation|Homelessness prevention,Lynchburg,Lynchburg,single,
49,Virginia Career Works — Lynchburg Center,employment,Lynchburg region,"The Virginia Career Works Lynchburg center on Odd Fellows Road is the American Job Center for the Lynchburg region, offering free job search help, career coaching, skills workshops, WIOA-funded training referrals, and connections to area employers. People with criminal records returning to Lynchburg and surrounding counties can use center computers, get help explaining their history to employers, and ask about fair-chance hiring, federal bonding, and GED and training partners.","El centro Virginia Career Works de Lynchburg en Odd Fellows Road es el Centro de Empleo Americano de la región de Lynchburg, y ofrece ayuda gratuita de búsqueda de empleo, orientación profesional, talleres de habilidades, referencias a capacitación financiada por WIOA y conexiones con empleadores del área. Las personas con antecedentes penales que regresan a Lynchburg y los condados circundantes pueden usar las computadoras del centro, recibir ayuda para explicar su historial a los empleadores y preguntar sobre contratación de segunda oportunidad y fianzas federales.",3125 Odd Fellows Road,Lynchburg,,,https://virginiacareerworks.com/locations/,Open to Lynchburg-region job seekers including justice-involved individuals; core services are free.,"Abierto a buscadores de empleo de la región de Lynchburg, incluidas personas con antecedentes penales; los servicios básicos son gratuitos.",Check current hours through the center locator at virginiacareerworks.com/locations; register on the Virginia Workforce Connection before visiting.,Consulte los horarios actuales en el localizador de centros en virginiacareerworks.com/locations; regístrese en Virginia Workforce Connection antes de visitar.,Monday–Friday business hours; confirm via center locator,lynchburg|employment|workforce|WIOA|fair-chance,Job search assistance|Career coaching|WIOA training referrals|Skills workshops|Employer connections,Lynchburg,Lynchburg,single,accepts_criminal_record
50,The Haven — Charlottesville Day Shelter & Housing,basic-needs,Charlottesville & Albemarle,"The Haven is a low-barrier day shelter at 112 West Market Street in downtown Charlottesville, open every morning of the year with breakfast, showers, laundry, a mailing address, storage, and computer access for anyone experiencing homelessness—including people just released from incarceration with nowhere to go. The Haven also administers Housing First programs (rapid re-housing, homelessness prevention, and a housing fund) and runs the region's coordinated entry Homeless Information Line.","The Haven es un refugio diurno de baja barrera en 112 West Market Street en el centro de Charlottesville, abierto todas las mañanas del año con desayuno, duchas, lavandería, dirección postal, almacenamiento y acceso a computadoras para cualquier persona sin hogar—incluidas personas recién liberadas de la encarcelación sin dónde ir. The Haven también administra programas de Vivienda Primero (realojamiento rápido, prevención de la falta de vivienda y un fondo de vivienda) y opera la Línea de Información para Personas sin Hogar de entrada coordinada de la región.",112 West Market Street,Charlottesville,434-973-1234,operations@thehaven.org,https://www.thehaven.org,Day shelter open to anyone in need; housing program screening requires literal homelessness or imminent housing loss per coordinated entry criteria.,Refugio diurno abierto a cualquier persona necesitada; la evaluación para programas de vivienda requiere falta de vivienda literal o pérdida inminente de vivienda según los criterios de entrada coordinada.,Day shelter open Mon–Fri 7 a.m.–5 p.m. and weekends 7 a.m.–noon; for housing screening call the Homeless Information Line at 434-207-2328 and leave a voicemail; for overnight shelter see PACEM.,Refugio diurno abierto lun–vie de 7 a.m. a 5 p.m. y fines de semana de 7 a.m. a mediodía; para evaluación de vivienda llame a la Línea de Información al 434-207-2328 y deje un mensaje de voz; para refugio nocturno consulte PACEM.,"Monday–Friday, 7:00 a.m.–5:00 p.m.; Saturday–Sunday, 7:00 a.m.–12:00 p.m.",charlottesville|albemarle|basic-needs|day-shelter|housing|homeless,Day shelter services|Showers and laundry|Mailing address|Rapid re-housing programs|Coordinated entry screening,Charlottesville,Charlottesville|Albemarle|Fluvanna|Greene|Louisa|Nelson,multi,accepts_criminal_record
51,Virginia Career Works — Charlottesville Center,employment,Charlottesville & Albemarle,"The Virginia Career Works Charlottesville center at Glenwood Station is the American Job Center for the Charlottesville area, offering free job search assistance, career coaching, workshops, WIOA training referrals, and employer hiring events. Justice-involved job seekers returning to Charlottesville and surrounding counties can access the same free services and ask staff about fair-chance employers, federal bonding, and reentry partners such as OAR and the Fountain Fund in the region.","El centro Virginia Career Works de Charlottesville en Glenwood Station es el Centro de Empleo Americano del área de Charlottesville, y ofrece ayuda gratuita de búsqueda de empleo, orientación profesional, talleres, referencias a capacitación WIOA y eventos de contratación con empleadores. Los buscadores de empleo con antecedentes penales que regresan a Charlottesville y los condados circundantes pueden acceder a los mismos servicios gratuitos y preguntar al personal sobre empleadores de segunda oportunidad, fianzas federales y aliados de reinserción de la región.","944 Glenwood Station Lane, Suite 103",Charlottesville,,,https://virginiacareerworks.com/locations/,Open to Charlottesville-area job seekers including justice-involved individuals; core services are free.,"Abierto a buscadores de empleo del área de Charlottesville, incluidas personas con antecedentes penales; los servicios básicos son gratuitos.",Check current hours through the center locator at virginiacareerworks.com/locations; register on the Virginia Workforce Connection before visiting.,Consulte los horarios actuales en el localizador de centros en virginiacareerworks.com/locations; regístrese en Virginia Workforce Connection antes de visitar.,Monday–Friday business hours; confirm via center locator,charlottesville|albemarle|employment|workforce|WIOA|fair-chance,Job search assistance|Career coaching|WIOA training referrals|Employment workshops|Hiring events,Charlottesville,Charlottesville,single,accepts_criminal_record
52,Accomack Department of Social Services — Benefits & Family Support,financial-assistance,Accomack / Accomack County,"Accomack Department of Social Services — Benefits & Family Support serves justice-involved adults and families rebuilding stability after incarceration in Accomack County. Accomack Department of Social Services in Accomack processes SNAP, Medicaid, TANF, and energy assistance applications for residents of Accomack County, including returning citizens reestablishing food and health benefits after release from jail or Virginia Department of Corrections custody. Bring proof of identity, income, and release or residency documents when applying at a county office or online portal. Contact this resource to confirm current intake steps, required documents, and whether walk-ins or referrals are accepted.","Accomack Department of Social Services — Benefits & Family Support sirve a adultos con antecedentes penales y familias que reconstruyen estabilidad después de la encarcelación en condado de Accomack. Lleve prueba de identidad, ingresos y documentos de liberación o residencia al solicitar en una oficina del condado o portal en línea. Contacte este recurso para confirmar pasos de admisión, documentos requeridos y si aceptan visitas sin cita o referencias.",P. O. Box 210,Accomack,(757) 787-1530,,http://www.co.accomack.va.us/departments/social-services,"Residents of Accomack County meeting income and household-size requirements for SNAP, Medicaid, and TANF; criminal record generally not a barrier.","Residentes del condado de Accomack que cumplan requisitos de ingresos y tamaño de hogar para SNAP, Medicaid y TANF; los antecedentes penales generalmente no son barrera.","Apply online at commonhelp.virginia.gov, call 833-522-5582, or visit the local department of social services.","Solicite en línea en commonhelp.virginia.gov, llame al 833-522-5582 o visite el departamento local de servicios sociales.",Typically Monday–Friday business hours; call ahead,accomack|virginia|benefits|SNAP|Medicaid|DSS|reentry,SNAP enrollment|Medicaid enrollment|Cash assistance (TANF)|Rent and utility assistance|Benefits navigation,Accomack,Accomack,single,accepts_criminal_record
53,Albemarle County Department of Social Services — Benefits & Family Support,financial-assistance,Charlottesville / Albemarle County,"Albemarle County Department of Social Services — Benefits & Family Support serves justice-involved adults and families rebuilding stability after incarceration in Albemarle County. Albemarle County Department of Social Services in Charlottesville processes SNAP, Medicaid, TANF, and energy assistance applications for residents of Albemarle County, including returning citizens reestablishing food and health benefits after release from jail or Virginia Department of Corrections custody. Bring proof of identity, income, and release or residency documents when applying at a county office or online portal. Contact this resource to confirm current intake steps, required documents, and whether walk-ins or referrals are accepted.","Albemarle County Department of Social Services — Benefits & Family Support sirve a adultos con antecedentes penales y familias que reconstruyen estabilidad después de la encarcelación en condado de Albemarle. Lleve prueba de identidad, ingresos y documentos de liberación o residencia al solicitar en una oficina del condado o portal en línea. Contacte este recurso para confirmar pasos de admisión, documentos requeridos y si aceptan visitas sin cita o referencias.","1600 Fifth St., Suite A",Charlottesville,(434) 972-4011,,http://www.albemarle.org/government/social-services,"Residents of Albemarle County meeting income and household-size requirements for SNAP, Medicaid, and TANF; criminal record generally not a barrier.","Residentes del condado de Albemarle que cumplan requisitos de ingresos y tamaño de hogar para SNAP, Medicaid y TANF; los antecedentes penales generalmente no son barrera.","Apply online at commonhelp.virginia.gov, call 833-522-5582, or visit the local department of social services.","Solicite en línea en commonhelp.virginia.gov, llame al 833-522-5582 o visite el departamento local de servicios sociales.",Typically Monday–Friday business hours; call ahead,albemarle|virginia|benefits|SNAP|Medicaid|DSS|reentry,SNAP enrollment|Medicaid enrollment|Cash assistance (TANF)|Rent and utility assistance|Benefits navigation,Albemarle,Albemarle,single,accepts_criminal_record
54,Alexandria Department of Community and Human Services — Benefits & Family Support,financial-assistance,Alexandria / City of Alexandria,"Alexandria Department of Community and Human Services — Benefits & Family Support serves justice-involved adults and families rebuilding stability after incarceration in Alexandria County. Alexandria Department of Community and Human Services in Alexandria processes SNAP, Medicaid, TANF, and energy assistance applications for residents of the City of Alexandria, including returning citizens reestablishing food and health benefits after release from jail or Virginia Department of Corrections custody. Bring proof of identity, income, and release or residency documents when applying at a county office or online portal. Contact this resource to confirm current intake steps, required documents, and whether walk-ins or referrals are accepted.","Alexandria Department of Community and Human Services — Benefits & Family Support sirve a adultos con antecedentes penales y familias que reconstruyen estabilidad después de la encarcelación en condado de Alexandria. Lleve prueba de identidad, ingresos y documentos de liberación o residencia al solicitar en una oficina del condado o portal en línea. Contacte este recurso para confirmar pasos de admisión, documentos requeridos y si aceptan visitas sin cita o referencias.",4850 Mark Center Dr.,Alexandria,(703) 746-5700,,http://www.alexandriava.gov/DCHS,"Residents of the City of Alexandria meeting income and household-size requirements for SNAP, Medicaid, and TANF; criminal record generally not a barrier.","Residentes de la ciudad de Alexandria que cumplan requisitos de ingresos y tamaño de hogar para SNAP, Medicaid y TANF; los antecedentes penales generalmente no son barrera.","Apply online at commonhelp.virginia.gov, call 833-522-5582, or visit the local department of social services.","Solicite en línea en commonhelp.virginia.gov, llame al 833-522-5582 o visite el departamento local de servicios sociales.",Typically Monday–Friday business hours; call ahead,alexandria|virginia|benefits|SNAP|Medicaid|DSS|reentry,SNAP enrollment|Medicaid enrollment|Cash assistance (TANF)|Rent and utility assistance|Benefits navigation,Alexandria,Alexandria,single,accepts_criminal_record
55,Alleghany-Covington Department of Social Services — Benefits & Family Support,financial-assistance,Covington / Alleghany County,"Alleghany-Covington Department of Social Services — Benefits & Family Support serves justice-involved adults and families rebuilding stability after incarceration in Alleghany, and Covington counties. Alleghany-Covington Department of Social Services in Covington processes SNAP, Medicaid, TANF, and energy assistance applications for residents of Alleghany County and the City of Covington, including returning citizens reestablishing food and health benefits after release from jail or Virginia Department of Corrections custody. Bring proof of identity, income, and release or residency documents when applying at a county office or online portal. Contact this resource to confirm current intake steps, required documents, and whether walk-ins or referrals are accepted.","Alleghany-Covington Department of Social Services — Benefits & Family Support sirve a adultos con antecedentes penales y familias que reconstruyen estabilidad después de la encarcelación en los condados Alleghany y Covington. Lleve prueba de identidad, ingresos y documentos de liberación o residencia al solicitar en una oficina del condado o portal en línea. Contacte este recurso para confirmar pasos de admisión, documentos requeridos y si aceptan visitas sin cita o referencias.","110 Rosedale Ave., Suite B",Covington,(540) 444-7100,,http://www.co.alleghany.va.us/social-services/,"Residents of Alleghany County and the City of Covington meeting income and household-size requirements for SNAP, Medicaid, and TANF; criminal record generally not a barrier.","Residentes del condado de Alleghany y la ciudad de Covington que cumplan requisitos de ingresos y tamaño de hogar para SNAP, Medicaid y TANF; los antecedentes penales generalmente no son barrera.","Apply online at commonhelp.virginia.gov, call 833-522-5582, or visit the local department of social services.","Solicite en línea en commonhelp.virginia.gov, llame al 833-522-5582 o visite el departamento local de servicios sociales.",Typically Monday–Friday business hours; call ahead,alleghany|virginia|benefits|SNAP|Medicaid|DSS|reentry,SNAP enrollment|Medicaid enrollment|Cash assistance (TANF)|Rent and utility assistance|Benefits navigation,Alleghany,Alleghany|Covington,multi,accepts_criminal_record
56,Amelia Department of Social Services — Benefits & Family Support,financial-assistance,Amelia / Amelia County,"Amelia Department of Social Services — Benefits & Family Support serves justice-involved adults and families rebuilding stability after incarceration in Amelia County. Amelia Department of Social Services in Amelia processes SNAP, Medicaid, TANF, and energy assistance applications for residents of Amelia County, including returning citizens reestablishing food and health benefits after release from jail or Virginia Department of Corrections custody. Bring proof of identity, income, and release or residency documents when applying at a county office or online portal. Contact this resource to confirm current intake steps, required documents, and whether walk-ins or referrals are accepted.","Amelia Department of Social Services — Benefits & Family Support sirve a adultos con antecedentes penales y familias que reconstruyen estabilidad después de la encarcelación en condado de Amelia. Lleve prueba de identidad, ingresos y documentos de liberación o residencia al solicitar en una oficina del condado o portal en línea. Contacte este recurso para confirmar pasos de admisión, documentos requeridos y si aceptan visitas sin cita o referencias.",P.O. Box 136,Amelia,(804) 561-2681,,http://www.ameliacova.com/departments/social_services/index.php,"Residents of Amelia County meeting income and household-size requirements for SNAP, Medicaid, and TANF; criminal record generally not a barrier.","Residentes del condado de Amelia que cumplan requisitos de ingresos y tamaño de hogar para SNAP, Medicaid y TANF; los antecedentes penales generalmente no son barrera.","Apply online at commonhelp.virginia.gov, call 833-522-5582, or visit the local department of social services.","Solicite en línea en commonhelp.virginia.gov, llame al 833-522-5582 o visite el departamento local de servicios sociales.",Typically Monday–Friday business hours; call ahead,amelia|virginia|benefits|SNAP|Medicaid|DSS|reentry,SNAP enrollment|Medicaid enrollment|Cash assistance (TANF)|Rent and utility assistance|Benefits navigation,Amelia,Amelia,single,accepts_criminal_record
57,Amherst Department of Social Services — Benefits & Family Support,financial-assistance,Amherst / Amherst County,"Amherst Department of Social Services — Benefits & Family Support serves justice-involved adults and families rebuilding stability after incarceration in Amherst County. Amherst Department of Social Services in Amherst processes SNAP, Medicaid, TANF, and energy assistance applications for residents of Amherst County, including returning citizens reestablishing food and health benefits after release from jail or Virginia Department of Corrections custody. Bring proof of identity, income, and release or residency documents when applying at a county office or online portal. Contact this resource to confirm current intake steps, required documents, and whether walk-ins or referrals are accepted.","Amherst Department of Social Services — Benefits & Family Support sirve a adultos con antecedentes penales y familias que reconstruyen estabilidad después de la encarcelación en condado de Amherst. Lleve prueba de identidad, ingresos y documentos de liberación o residencia al solicitar en una oficina del condado o portal en línea. Contacte este recurso para confirmar pasos de admisión, documentos requeridos y si aceptan visitas sin cita o referencias.",P. O. Box 414,Amherst,(434) 946-9330,,http://www.countyofamherst.com/department/index.php?structureid=18,"Residents of Amherst County meeting income and household-size requirements for SNAP, Medicaid, and TANF; criminal record generally not a barrier.","Residentes del condado de Amherst que cumplan requisitos de ingresos y tamaño de hogar para SNAP, Medicaid y TANF; los antecedentes penales generalmente no son barrera.","Apply online at commonhelp.virginia.gov, call 833-522-5582, or visit the local department of social services.","Solicite en línea en commonhelp.virginia.gov, llame al 833-522-5582 o visite el departamento local de servicios sociales.",Typically Monday–Friday business hours; call ahead,amherst|virginia|benefits|SNAP|Medicaid|DSS|reentry,SNAP enrollment|Medicaid enrollment|Cash assistance (TANF)|Rent and utility assistance|Benefits navigation,Amherst,Amherst,single,accepts_criminal_record
58,Appomattox Department of Social Services — Benefits & Family Support,financial-assistance,Appomattox / Appomattox County,"Appomattox Department of Social Services — Benefits & Family Support serves justice-involved adults and families rebuilding stability after incarceration in Appomattox County. Appomattox Department of Social Services in Appomattox processes SNAP, Medicaid, TANF, and energy assistance applications for residents of Appomattox County, including returning citizens reestablishing food and health benefits after release from jail or Virginia Department of Corrections custody. Bring proof of identity, income, and release or residency documents when applying at a county office or online portal. Contact this resource to confirm current intake steps, required documents, and whether walk-ins or referrals are accepted.","Appomattox Department of Social Services — Benefits & Family Support sirve a adultos con antecedentes penales y familias que reconstruyen estabilidad después de la encarcelación en condado de Appomattox. Lleve prueba de identidad, ingresos y documentos de liberación o residencia al solicitar en una oficina del condado o portal en línea. Contacte este recurso para confirmar pasos de admisión, documentos requeridos y si aceptan visitas sin cita o referencias.",PO Box 549,Appomattox,(434) 352-7125,,https://www.dss.virginia.gov/localagency/index.php,"Residents of Appomattox County meeting income and household-size requirements for SNAP, Medicaid, and TANF; criminal record generally not a barrier.","Residentes del condado de Appomattox que cumplan requisitos de ingresos y tamaño de hogar para SNAP, Medicaid y TANF; los antecedentes penales generalmente no son barrera.","Apply online at commonhelp.virginia.gov, call 833-522-5582, or visit the local department of social services.","Solicite en línea en commonhelp.virginia.gov, llame al 833-522-5582 o visite el departamento local de servicios sociales.",Typically Monday–Friday business hours; call ahead,appomattox|virginia|benefits|SNAP|Medicaid|DSS|reentry,SNAP enrollment|Medicaid enrollment|Cash assistance (TANF)|Rent and utility assistance|Benefits navigation,Appomattox,Appomattox,single,accepts_criminal_record
59,Arlington County Department of Human Services — Benefits & Family Support,financial-assistance,Arlington / Arlington County,"Arlington County Department of Human Services — Benefits & Family Support serves justice-involved adults and families rebuilding stability after incarceration in Arlington County. Arlington County Department of Human Services in Arlington processes SNAP, Medicaid, TANF, and energy assistance applications for residents of Arlington County, including returning citizens reestablishing food and health benefits after release from jail or Virginia Department of Corrections custody. Bring proof of identity, income, and release or residency documents when applying at a county office or online portal. Contact this resource to confirm current intake steps, required documents, and whether walk-ins or referrals are accepted.","Arlington County Department of Human Services — Benefits & Family Support sirve a adultos con antecedentes penales y familias que reconstruyen estabilidad después de la encarcelación en condado de Arlington. Lleve prueba de identidad, ingresos y documentos de liberación o residencia al solicitar en una oficina del condado o portal en línea. Contacte este recurso para confirmar pasos de admisión, documentos requeridos y si aceptan visitas sin cita o referencias.",2100 Washington Blvd. - 1st Fl.,Arlington,(703) 228-1350,,http://www.arlingtonva.us/Departments/HumanServices/HumanServicesMain.aspx,"Residents of Arlington County meeting income and household-size requirements for SNAP, Medicaid, and TANF; criminal record generally not a barrier.","Residentes del condado de Arlington que cumplan requisitos de ingresos y tamaño de hogar para SNAP, Medicaid y TANF; los antecedentes penales generalmente no son barrera.","Apply online at commonhelp.virginia.gov, call 833-522-5582, or visit the local department of social services.","Solicite en línea en commonhelp.virginia.gov, llame al 833-522-5582 o visite el departamento local de servicios sociales.",Typically Monday–Friday business hours; call ahead,arlington|virginia|benefits|SNAP|Medicaid|DSS|reentry,SNAP enrollment|Medicaid enrollment|Cash assistance (TANF)|Rent and utility assistance|Benefits navigation,Arlington,Arlington,single,accepts_criminal_record
60,Shenandoah Valley Dept. of Social Services (Staunton-Augusta Office) — Benefits & Family Support,financial-assistance,Verona / Augusta County,"Shenandoah Valley Dept. of Social Services (Staunton-Augusta Office) in Verona processes SNAP, Medicaid, TANF, and energy assistance applications for residents of Augusta County and the City of Staunton, including returning citizens reestablishing food and health benefits after release from jail or Virginia Department of Corrections custody.","Shenandoah Valley Dept. of Social Services (Staunton-Augusta Office) en Verona procesa solicitudes de SNAP, Medicaid, TANF y asistencia de energía para residentes del condado de Augusta y la ciudad de Staunton, incluidos ciudadanos que regresan que restablecen beneficios alimentarios y de salud después de salir de la cárcel o de la custodia del Departamento Correccional de Virginia.",P.O. Box 7,Verona,(540) 245-5800,,http://www.co.augusta.va.us/government/social-services,"Residents of Augusta County and the City of Staunton meeting income and household-size requirements for SNAP, Medicaid, and TANF; criminal record generally not a barrier.","Residentes del condado de Augusta y la ciudad de Staunton que cumplan requisitos de ingresos y tamaño de hogar para SNAP, Medicaid y TANF; los antecedentes penales generalmente no son barrera.","Apply online at commonhelp.virginia.gov, call 833-522-5582, or visit the local department of social services.","Solicite en línea en commonhelp.virginia.gov, llame al 833-522-5582 o visite el departamento local de servicios sociales.",Typically Monday–Friday business hours; call ahead,augusta|virginia|benefits|SNAP|Medicaid|DSS|reentry,SNAP enrollment|Medicaid application help|TANF cash assistance|Energy assistance|CommonHelp application help,Augusta,Augusta|Staunton,multi,accepts_criminal_record
61,Bath County Department of Social Services — Benefits & Family Support,financial-assistance,Warm Springs / Bath County,"Bath County Department of Social Services — Benefits & Family Support serves justice-involved adults and families rebuilding stability after incarceration in Bath County. Bath County Department of Social Services in Warm Springs processes SNAP, Medicaid, TANF, and energy assistance applications for residents of Bath County, including returning citizens reestablishing food and health benefits after release from jail or Virginia Department of Corrections custody. Bring proof of identity, income, and release or residency documents when applying at a county office or online portal. Contact this resource to confirm current intake steps, required documents, and whether walk-ins or referrals are accepted.","Bath County Department of Social Services — Benefits & Family Support sirve a adultos con antecedentes penales y familias que reconstruyen estabilidad después de la encarcelación en condado de Bath. Lleve prueba de identidad, ingresos y documentos de liberación o residencia al solicitar en una oficina del condado o portal en línea. Contacte este recurso para confirmar pasos de admisión, documentos requeridos y si aceptan visitas sin cita o referencias.",P.O. Box 7,Warm Springs,(540) 839-7271,,https://www.dss.virginia.gov/localagency/index.php,"Residents of Bath County meeting income and household-size requirements for SNAP, Medicaid, and TANF; criminal record generally not a barrier.","Residentes del condado de Bath que cumplan requisitos de ingresos y tamaño de hogar para SNAP, Medicaid y TANF; los antecedentes penales generalmente no son barrera.","Apply online at commonhelp.virginia.gov, call 833-522-5582, or visit the local department of social services.","Solicite en línea en commonhelp.virginia.gov, llame al 833-522-5582 o visite el departamento local de servicios sociales.",Typically Monday–Friday business hours; call ahead,bath|virginia|benefits|SNAP|Medicaid|DSS|reentry,SNAP enrollment|Medicaid enrollment|Cash assistance (TANF)|Rent and utility assistance|Benefits navigation,Bath,Bath,single,accepts_criminal_record
62,Bedford Department of Social Services — Benefits & Family Support,financial-assistance,Bedford / Bedford County,"Bedford Department of Social Services — Benefits & Family Support serves justice-involved adults and families rebuilding stability after incarceration in Bedford County. Bedford Department of Social Services in Bedford processes SNAP, Medicaid, TANF, and energy assistance applications for residents of Bedford County, including returning citizens reestablishing food and health benefits after release from jail or Virginia Department of Corrections custody. Bring proof of identity, income, and release or residency documents when applying at a county office or online portal. Contact this resource to confirm current intake steps, required documents, and whether walk-ins or referrals are accepted.","Bedford Department of Social Services — Benefits & Family Support sirve a adultos con antecedentes penales y familias que reconstruyen estabilidad después de la encarcelación en condado de Bedford. Lleve prueba de identidad, ingresos y documentos de liberación o residencia al solicitar en una oficina del condado o portal en línea. Contacte este recurso para confirmar pasos de admisión, documentos requeridos y si aceptan visitas sin cita o referencias.",PO Box 1187,Bedford,(540) 586-7750,,http://www.bedfordcountyva.gov/departments/social-services,"Residents of Bedford County meeting income and household-size requirements for SNAP, Medicaid, and TANF; criminal record generally not a barrier.","Residentes del condado de Bedford que cumplan requisitos de ingresos y tamaño de hogar para SNAP, Medicaid y TANF; los antecedentes penales generalmente no son barrera.","Apply online at commonhelp.virginia.gov, call 833-522-5582, or visit the local department of social services.","Solicite en línea en commonhelp.virginia.gov, llame al 833-522-5582 o visite el departamento local de servicios sociales.",Typically Monday–Friday business hours; call ahead,bedford|virginia|benefits|SNAP|Medicaid|DSS|reentry,SNAP enrollment|Medicaid enrollment|Cash assistance (TANF)|Rent and utility assistance|Benefits navigation,Bedford,Bedford,single,accepts_criminal_record
63,Bland County Department of Social Services — Benefits & Family Support,financial-assistance,Bland / Bland County,"Bland County Department of Social Services — Benefits & Family Support serves justice-involved adults and families rebuilding stability after incarceration in Bland County. Bland County Department of Social Services in Bland processes SNAP, Medicaid, TANF, and energy assistance applications for residents of Bland County, including returning citizens reestablishing food and health benefits after release from jail or Virginia Department of Corrections custody. Bring proof of identity, income, and release or residency documents when applying at a county office or online portal. Contact this resource to confirm current intake steps, required documents, and whether walk-ins or referrals are accepted.","Bland County Department of Social Services — Benefits & Family Support sirve a adultos con antecedentes penales y familias que reconstruyen estabilidad después de la encarcelación en condado de Bland. Lleve prueba de identidad, ingresos y documentos de liberación o residencia al solicitar en una oficina del condado o portal en línea. Contacte este recurso para confirmar pasos de admisión, documentos requeridos y si aceptan visitas sin cita o referencias.","P.O. Box 55, Bland County Court House, Suite 208",Bland,(276) 688-4111,,https://www.blandcountyva.gov/departments/social_services/index.php,"Residents of Bland County meeting income and household-size requirements for SNAP, Medicaid, and TANF; criminal record generally not a barrier.","Residentes del condado de Bland que cumplan requisitos de ingresos y tamaño de hogar para SNAP, Medicaid y TANF; los antecedentes penales generalmente no son barrera.","Apply online at commonhelp.virginia.gov, call 833-522-5582, or visit the local department of social services.","Solicite en línea en commonhelp.virginia.gov, llame al 833-522-5582 o visite el departamento local de servicios sociales.",Typically Monday–Friday business hours; call ahead,bland|virginia|benefits|SNAP|Medicaid|DSS|reentry,SNAP enrollment|Medicaid enrollment|Cash assistance (TANF)|Rent and utility assistance|Benefits navigation,Bland,Bland,single,accepts_criminal_record
64,Botetourt County Department of Social Services — Benefits & Family Support,financial-assistance,Daleville / Botetourt County,"Botetourt County Department of Social Services — Benefits & Family Support serves justice-involved adults and families rebuilding stability after incarceration in Botetourt County. Botetourt County Department of Social Services in Daleville processes SNAP, Medicaid, TANF, and energy assistance applications for residents of Botetourt County, including returning citizens reestablishing food and health benefits after release from jail or Virginia Department of Corrections custody. Bring proof of identity, income, and release or residency documents when applying at a county office or online portal. Contact this resource to confirm current intake steps, required documents, and whether walk-ins or referrals are accepted.","Botetourt County Department of Social Services — Benefits & Family Support sirve a adultos con antecedentes penales y familias que reconstruyen estabilidad después de la encarcelación en condado de Botetourt. Lleve prueba de identidad, ingresos y documentos de liberación o residencia al solicitar en una oficina del condado o portal en línea. Contacte este recurso para confirmar pasos de admisión, documentos requeridos y si aceptan visitas sin cita o referencias.",P. O. Box 99,Daleville,540-591-5961 Ext. 306,,http://www.botetourtva.gov/356/Social-Services,"Residents of Botetourt County meeting income and household-size requirements for SNAP, Medicaid, and TANF; criminal record generally not a barrier.","Residentes del condado de Botetourt que cumplan requisitos de ingresos y tamaño de hogar para SNAP, Medicaid y TANF; los antecedentes penales generalmente no son barrera.","Apply online at commonhelp.virginia.gov, call 833-522-5582, or visit the local department of social services.","Solicite en línea en commonhelp.virginia.gov, llame al 833-522-5582 o visite el departamento local de servicios sociales.",Typically Monday–Friday business hours; call ahead,botetourt|virginia|benefits|SNAP|Medicaid|DSS|reentry,SNAP enrollment|Medicaid enrollment|Cash assistance (TANF)|Rent and utility assistance|Benefits navigation,Botetourt,Botetourt,single,accepts_criminal_record
65,Bristol City Department of Social Services — Benefits & Family Support,financial-assistance,Bristol / City of Bristol,"Bristol City Department of Social Services — Benefits & Family Support serves justice-involved adults and families rebuilding stability after incarceration in Bristol County. Bristol City Department of Social Services in Bristol processes SNAP, Medicaid, TANF, and energy assistance applications for residents of the City of Bristol, including returning citizens reestablishing food and health benefits after release from jail or Virginia Department of Corrections custody. Bring proof of identity, income, and release or residency documents when applying at a county office or online portal. Contact this resource to confirm current intake steps, required documents, and whether walk-ins or referrals are accepted.","Bristol City Department of Social Services — Benefits & Family Support sirve a adultos con antecedentes penales y familias que reconstruyen estabilidad después de la encarcelación en condado de Bristol. Lleve prueba de identidad, ingresos y documentos de liberación o residencia al solicitar en una oficina del condado o portal en línea. Contacte este recurso para confirmar pasos de admisión, documentos requeridos y si aceptan visitas sin cita o referencias.",355 Bristol East Road,Bristol,(276) 645-7450,,https://www.dss.virginia.gov/localagency/index.php,"Residents of the City of Bristol meeting income and household-size requirements for SNAP, Medicaid, and TANF; criminal record generally not a barrier.","Residentes de la ciudad de Bristol que cumplan requisitos de ingresos y tamaño de hogar para SNAP, Medicaid y TANF; los antecedentes penales generalmente no son barrera.","Apply online at commonhelp.virginia.gov, call 833-522-5582, or visit the local department of social services.","Solicite en línea en commonhelp.virginia.gov, llame al 833-522-5582 o visite el departamento local de servicios sociales.",Typically Monday–Friday business hours; call ahead,bristol|virginia|benefits|SNAP|Medicaid|DSS|reentry,SNAP enrollment|Medicaid enrollment|Cash assistance (TANF)|Rent and utility assistance|Benefits navigation,Bristol,Bristol,single,accepts_criminal_record
66,Brunswick County Department of Social Services — Benefits & Family Support,financial-assistance,Lawrenceville / Brunswick County,"Brunswick County Department of Social Services — Benefits & Family Support serves justice-involved adults and families rebuilding stability after incarceration in Brunswick County. Brunswick County Department of Social Services in Lawrenceville processes SNAP, Medicaid, TANF, and energy assistance applications for residents of Brunswick County, including returning citizens reestablishing food and health benefits after release from jail or Virginia Department of Corrections custody. Bring proof of identity, income, and release or residency documents when applying at a county office or online portal. Contact this resource to confirm current intake steps, required documents, and whether walk-ins or referrals are accepted.","Brunswick County Department of Social Services — Benefits & Family Support sirve a adultos con antecedentes penales y familias que reconstruyen estabilidad después de la encarcelación en condado de Brunswick. Lleve prueba de identidad, ingresos y documentos de liberación o residencia al solicitar en una oficina del condado o portal en línea. Contacte este recurso para confirmar pasos de admisión, documentos requeridos y si aceptan visitas sin cita o referencias.","201 Sharp St., Suite 100",Lawrenceville,(434) 848-2142,,http://www.brunswickco.com/community/social_services,"Residents of Brunswick County meeting income and household-size requirements for SNAP, Medicaid, and TANF; criminal record generally not a barrier.","Residentes del condado de Brunswick que cumplan requisitos de ingresos y tamaño de hogar para SNAP, Medicaid y TANF; los antecedentes penales generalmente no son barrera.","Apply online at commonhelp.virginia.gov, call 833-522-5582, or visit the local department of social services.","Solicite en línea en commonhelp.virginia.gov, llame al 833-522-5582 o visite el departamento local de servicios sociales.",Typically Monday–Friday business hours; call ahead,brunswick|virginia|benefits|SNAP|Medicaid|DSS|reentry,SNAP enrollment|Medicaid enrollment|Cash assistance (TANF)|Rent and utility assistance|Benefits navigation,Brunswick,Brunswick,single,accepts_criminal_record
67,Buchanan County Department of Social Services — Benefits & Family Support,financial-assistance,Grundy / Buchanan County,"Buchanan County Department of Social Services — Benefits & Family Support serves justice-involved adults and families rebuilding stability after incarceration in Buchanan County. Buchanan County Department of Social Services in Grundy processes SNAP, Medicaid, TANF, and energy assistance applications for residents of Buchanan County, including returning citizens reestablishing food and health benefits after release from jail or Virginia Department of Corrections custody. Bring proof of identity, income, and release or residency documents when applying at a county office or online portal. Contact this resource to confirm current intake steps, required documents, and whether walk-ins or referrals are accepted.","Buchanan County Department of Social Services — Benefits & Family Support sirve a adultos con antecedentes penales y familias que reconstruyen estabilidad después de la encarcelación en condado de Buchanan. Lleve prueba de identidad, ingresos y documentos de liberación o residencia al solicitar en una oficina del condado o portal en línea. Contacte este recurso para confirmar pasos de admisión, documentos requeridos y si aceptan visitas sin cita o referencias.",3174 Slate Creek Road,Grundy,(276) 935-8106,,http://www.bcdss.org/,"Residents of Buchanan County meeting income and household-size requirements for SNAP, Medicaid, and TANF; criminal record generally not a barrier.","Residentes del condado de Buchanan que cumplan requisitos de ingresos y tamaño de hogar para SNAP, Medicaid y TANF; los antecedentes penales generalmente no son barrera.","Apply online at commonhelp.virginia.gov, call 833-522-5582, or visit the local department of social services.","Solicite en línea en commonhelp.virginia.gov, llame al 833-522-5582 o visite el departamento local de servicios sociales.",Typically Monday–Friday business hours; call ahead,buchanan|virginia|benefits|SNAP|Medicaid|DSS|reentry,SNAP enrollment|Medicaid enrollment|Cash assistance (TANF)|Rent and utility assistance|Benefits navigation,Buchanan,Buchanan,single,accepts_criminal_record
68,Buckingham County Department of Social Services — Benefits & Family Support,financial-assistance,Buckingham Court House / Buckingham County,"Buckingham County Department of Social Services — Benefits & Family Support serves justice-involved adults and families rebuilding stability after incarceration in Buckingham County. Buckingham County Department of Social Services in Buckingham Court House processes SNAP, Medicaid, TANF, and energy assistance applications for residents of Buckingham County, including returning citizens reestablishing food and health benefits after release from jail or Virginia Department of Corrections custody. Bring proof of identity, income, and release or residency documents when applying at a county office or online portal. Contact this resource to confirm current intake steps, required documents, and whether walk-ins or referrals are accepted.","Buckingham County Department of Social Services — Benefits & Family Support sirve a adultos con antecedentes penales y familias que reconstruyen estabilidad después de la encarcelación en condado de Buckingham. Lleve prueba de identidad, ingresos y documentos de liberación o residencia al solicitar en una oficina del condado o portal en línea. Contacte este recurso para confirmar pasos de admisión, documentos requeridos y si aceptan visitas sin cita o referencias.","Route 60, P. O. Box 170",Buckingham Court House,(434) 969-4246,,http://www.buckinghamcountyva.org/services/social_services/index.php,"Residents of Buckingham County meeting income and household-size requirements for SNAP, Medicaid, and TANF; criminal record generally not a barrier.","Residentes del condado de Buckingham que cumplan requisitos de ingresos y tamaño de hogar para SNAP, Medicaid y TANF; los antecedentes penales generalmente no son barrera.","Apply online at commonhelp.virginia.gov, call 833-522-5582, or visit the local department of social services.","Solicite en línea en commonhelp.virginia.gov, llame al 833-522-5582 o visite el departamento local de servicios sociales.",Typically Monday–Friday business hours; call ahead,buckingham|virginia|benefits|SNAP|Medicaid|DSS|reentry,SNAP enrollment|Medicaid enrollment|Cash assistance (TANF)|Rent and utility assistance|Benefits navigation,Buckingham,Buckingham,single,accepts_criminal_record
69,Campbell County Department of Social Services — Benefits & Family Support,financial-assistance,Rustburg / Campbell County,"Campbell County Department of Social Services — Benefits & Family Support serves justice-involved adults and families rebuilding stability after incarceration in Campbell County. Campbell County Department of Social Services in Rustburg processes SNAP, Medicaid, TANF, and energy assistance applications for residents of Campbell County, including returning citizens reestablishing food and health benefits after release from jail or Virginia Department of Corrections custody. Bring proof of identity, income, and release or residency documents when applying at a county office or online portal. Contact this resource to confirm current intake steps, required documents, and whether walk-ins or referrals are accepted.","Campbell County Department of Social Services — Benefits & Family Support sirve a adultos con antecedentes penales y familias que reconstruyen estabilidad después de la encarcelación en condado de Campbell. Lleve prueba de identidad, ingresos y documentos de liberación o residencia al solicitar en una oficina del condado o portal en línea. Contacte este recurso para confirmar pasos de admisión, documentos requeridos y si aceptan visitas sin cita o referencias.",69 Kabler Lane,Rustburg,(434) 332-9585,,http://www.co.campbell.va.us/295/Social-Services,"Residents of Campbell County meeting income and household-size requirements for SNAP, Medicaid, and TANF; criminal record generally not a barrier.","Residentes del condado de Campbell que cumplan requisitos de ingresos y tamaño de hogar para SNAP, Medicaid y TANF; los antecedentes penales generalmente no son barrera.","Apply online at commonhelp.virginia.gov, call 833-522-5582, or visit the local department of social services.","Solicite en línea en commonhelp.virginia.gov, llame al 833-522-5582 o visite el departamento local de servicios sociales.",Typically Monday–Friday business hours; call ahead,campbell|virginia|benefits|SNAP|Medicaid|DSS|reentry,SNAP enrollment|Medicaid enrollment|Cash assistance (TANF)|Rent and utility assistance|Benefits navigation,Campbell,Campbell,single,accepts_criminal_record
70,Caroline Department of Social Services — Benefits & Family Support,financial-assistance,Bowling Green / Caroline County,"Caroline Department of Social Services — Benefits & Family Support serves justice-involved adults and families rebuilding stability after incarceration in Caroline County. Caroline Department of Social Services in Bowling Green processes SNAP, Medicaid, TANF, and energy assistance applications for residents of Caroline County, including returning citizens reestablishing food and health benefits after release from jail or Virginia Department of Corrections custody. Bring proof of identity, income, and release or residency documents when applying at a county office or online portal. Contact this resource to confirm current intake steps, required documents, and whether walk-ins or referrals are accepted.","Caroline Department of Social Services — Benefits & Family Support sirve a adultos con antecedentes penales y familias que reconstruyen estabilidad después de la encarcelación en condado de Caroline. Lleve prueba de identidad, ingresos y documentos de liberación o residencia al solicitar en una oficina del condado o portal en línea. Contacte este recurso para confirmar pasos de admisión, documentos requeridos y si aceptan visitas sin cita o referencias.","17202 Richmond Turnpike, P.O. Box 430",Bowling Green,(804) 633-5071,,http://co.caroline.va.us/278/Social-Services-Department,"Residents of Caroline County meeting income and household-size requirements for SNAP, Medicaid, and TANF; criminal record generally not a barrier.","Residentes del condado de Caroline que cumplan requisitos de ingresos y tamaño de hogar para SNAP, Medicaid y TANF; los antecedentes penales generalmente no son barrera.","Apply online at commonhelp.virginia.gov, call 833-522-5582, or visit the local department of social services.","Solicite en línea en commonhelp.virginia.gov, llame al 833-522-5582 o visite el departamento local de servicios sociales.",Typically Monday–Friday business hours; call ahead,caroline|virginia|benefits|SNAP|Medicaid|DSS|reentry,SNAP enrollment|Medicaid enrollment|Cash assistance (TANF)|Rent and utility assistance|Benefits navigation,Caroline,Caroline,single,accepts_criminal_record
71,Carroll County Department of Social Services — Benefits & Family Support,financial-assistance,Hillsville / Carroll County,"Carroll County Department of Social Services — Benefits & Family Support serves justice-involved adults and families rebuilding stability after incarceration in Carroll County. Carroll County Department of Social Services in Hillsville processes SNAP, Medicaid, TANF, and energy assistance applications for residents of Carroll County, including returning citizens reestablishing food and health benefits after release from jail or Virginia Department of Corrections custody. Bring proof of identity, income, and release or residency documents when applying at a county office or online portal. Contact this resource to confirm current intake steps, required documents, and whether walk-ins or referrals are accepted.","Carroll County Department of Social Services — Benefits & Family Support sirve a adultos con antecedentes penales y familias que reconstruyen estabilidad después de la encarcelación en condado de Carroll. Lleve prueba de identidad, ingresos y documentos de liberación o residencia al solicitar en una oficina del condado o portal en línea. Contacte este recurso para confirmar pasos de admisión, documentos requeridos y si aceptan visitas sin cita o referencias.","Carroll Co. Governmental Complex, 605-8 Pine St.",Hillsville,(276) 730-3130,,http://carrollcountyva.gov/services/childrens_social_services/index.php,"Residents of Carroll County meeting income and household-size requirements for SNAP, Medicaid, and TANF; criminal record generally not a barrier.","Residentes del condado de Carroll que cumplan requisitos de ingresos y tamaño de hogar para SNAP, Medicaid y TANF; los antecedentes penales generalmente no son barrera.","Apply online at commonhelp.virginia.gov, call 833-522-5582, or visit the local department of social services.","Solicite en línea en commonhelp.virginia.gov, llame al 833-522-5582 o visite el departamento local de servicios sociales.",Typically Monday–Friday business hours; call ahead,carroll|virginia|benefits|SNAP|Medicaid|DSS|reentry,SNAP enrollment|Medicaid enrollment|Cash assistance (TANF)|Rent and utility assistance|Benefits navigation,Carroll,Carroll,single,accepts_criminal_record
72,Charles City Department of Social Services — Benefits & Family Support,financial-assistance,Charles City / Charles City County,"Charles City Department of Social Services — Benefits & Family Support serves justice-involved adults and families rebuilding stability after incarceration in Charles City County. Charles City Department of Social Services in Charles City processes SNAP, Medicaid, TANF, and energy assistance applications for residents of Charles City County, including returning citizens reestablishing food and health benefits after release from jail or Virginia Department of Corrections custody. Bring proof of identity, income, and release or residency documents when applying at a county office or online portal. Contact this resource to confirm current intake steps, required documents, and whether walk-ins or referrals are accepted.","Charles City Department of Social Services — Benefits & Family Support sirve a adultos con antecedentes penales y familias que reconstruyen estabilidad después de la encarcelación en condado de Charles City. Lleve prueba de identidad, ingresos y documentos de liberación o residencia al solicitar en una oficina del condado o portal en línea. Contacte este recurso para confirmar pasos de admisión, documentos requeridos y si aceptan visitas sin cita o referencias.",P.O. Box 98,Charles City,(804) 652-1708,,http://www.co.charles-city.va.us/177/Social-Services,"Residents of Charles City County meeting income and household-size requirements for SNAP, Medicaid, and TANF; criminal record generally not a barrier.","Residentes del condado de Charles City que cumplan requisitos de ingresos y tamaño de hogar para SNAP, Medicaid y TANF; los antecedentes penales generalmente no son barrera.","Apply online at commonhelp.virginia.gov, call 833-522-5582, or visit the local department of social services.","Solicite en línea en commonhelp.virginia.gov, llame al 833-522-5582 o visite el departamento local de servicios sociales.",Typically Monday–Friday business hours; call ahead,charles city|virginia|benefits|SNAP|Medicaid|DSS|reentry,SNAP enrollment|Medicaid enrollment|Cash assistance (TANF)|Rent and utility assistance|Benefits navigation,Charles City,Charles City,single,accepts_criminal_record
73,Charlotte County Department of Social Services — Benefits & Family Support,financial-assistance,Charlotte Court House / Charlotte County,"Charlotte County Department of Social Services — Benefits & Family Support serves justice-involved adults and families rebuilding stability after incarceration in Charlotte County. Charlotte County Department of Social Services in Charlotte Court House processes SNAP, Medicaid, TANF, and energy assistance applications for residents of Charlotte County, including returning citizens reestablishing food and health benefits after release from jail or Virginia Department of Corrections custody. Bring proof of identity, income, and release or residency documents when applying at a county office or online portal. Contact this resource to confirm current intake steps, required documents, and whether walk-ins or referrals are accepted.","Charlotte County Department of Social Services — Benefits & Family Support sirve a adultos con antecedentes penales y familias que reconstruyen estabilidad después de la encarcelación en condado de Charlotte. Lleve prueba de identidad, ingresos y documentos de liberación o residencia al solicitar en una oficina del condado o portal en línea. Contacte este recurso para confirmar pasos de admisión, documentos requeridos y si aceptan visitas sin cita o referencias.",PO Box 440,Charlotte Court House,(434) 542-5164,,http://www.charlottecountyva.gov/departments/social_services.php,"Residents of Charlotte County meeting income and household-size requirements for SNAP, Medicaid, and TANF; criminal record generally not a barrier.","Residentes del condado de Charlotte que cumplan requisitos de ingresos y tamaño de hogar para SNAP, Medicaid y TANF; los antecedentes penales generalmente no son barrera.","Apply online at commonhelp.virginia.gov, call 833-522-5582, or visit the local department of social services.","Solicite en línea en commonhelp.virginia.gov, llame al 833-522-5582 o visite el departamento local de servicios sociales.",Typically Monday–Friday business hours; call ahead,charlotte|virginia|benefits|SNAP|Medicaid|DSS|reentry,SNAP enrollment|Medicaid enrollment|Cash assistance (TANF)|Rent and utility assistance|Benefits navigation,Charlotte,Charlotte,single,accepts_criminal_record
74,Chesapeake Department of Social Services — Benefits & Family Support,financial-assistance,Chesapeake / City of Chesapeake,"Chesapeake Department of Social Services — Benefits & Family Support serves justice-involved adults and families rebuilding stability after incarceration in Chesapeake County. Chesapeake Department of Social Services in Chesapeake processes SNAP, Medicaid, TANF, and energy assistance applications for residents of the City of Chesapeake, including returning citizens reestablishing food and health benefits after release from jail or Virginia Department of Corrections custody. Bring proof of identity, income, and release or residency documents when applying at a county office or online portal. Contact this resource to confirm current intake steps, required documents, and whether walk-ins or referrals are accepted.","Chesapeake Department of Social Services — Benefits & Family Support sirve a adultos con antecedentes penales y familias que reconstruyen estabilidad después de la encarcelación en condado de Chesapeake. Lleve prueba de identidad, ingresos y documentos de liberación o residencia al solicitar en una oficina del condado o portal en línea. Contacte este recurso para confirmar pasos de admisión, documentos requeridos y si aceptan visitas sin cita o referencias.",P.O. Box 15098,Chesapeake,(757) 382-2000,,http://www.cityofchesapeake.net/358/Chesapeake-Social-Services,"Residents of the City of Chesapeake meeting income and household-size requirements for SNAP, Medicaid, and TANF; criminal record generally not a barrier.","Residentes de la ciudad de Chesapeake que cumplan requisitos de ingresos y tamaño de hogar para SNAP, Medicaid y TANF; los antecedentes penales generalmente no son barrera.","Apply online at commonhelp.virginia.gov, call 833-522-5582, or visit the local department of social services.","Solicite en línea en commonhelp.virginia.gov, llame al 833-522-5582 o visite el departamento local de servicios sociales.",Typically Monday–Friday business hours; call ahead,chesapeake|virginia|benefits|SNAP|Medicaid|DSS|reentry,SNAP enrollment|Medicaid enrollment|Cash assistance (TANF)|Rent and utility assistance|Benefits navigation,Chesapeake,Chesapeake,single,accepts_criminal_record
75,Chesterfield/Colonial Heights Department of Social Services — Benefits & Family Support,financial-assistance,Chesterfield / Chesterfield County,"Chesterfield/Colonial Heights Department of Social Services in Chesterfield processes SNAP, Medicaid, TANF, and energy assistance applications for residents of Chesterfield County and the City of Colonial Heights, including returning citizens reestablishing food and health benefits after release from jail or Virginia Department of Corrections custody.","Chesterfield/Colonial Heights Department of Social Services en Chesterfield procesa solicitudes de SNAP, Medicaid, TANF y asistencia de energía para residentes del condado de Chesterfield y la ciudad de Colonial Heights, incluidos ciudadanos que regresan que restablecen beneficios alimentarios y de salud después de salir de la cárcel o de la custodia del Departamento Correccional de Virginia.",P.O. Box 430,Chesterfield,(804) 748-1100,,http://www.chesterfield.gov/569/Social-Services,"Residents of Chesterfield County and the City of Colonial Heights meeting income and household-size requirements for SNAP, Medicaid, and TANF; criminal record generally not a barrier.","Residentes del condado de Chesterfield y la ciudad de Colonial Heights que cumplan requisitos de ingresos y tamaño de hogar para SNAP, Medicaid y TANF; los antecedentes penales generalmente no son barrera.","Apply online at commonhelp.virginia.gov, call 833-522-5582, or visit the local department of social services.","Solicite en línea en commonhelp.virginia.gov, llame al 833-522-5582 o visite el departamento local de servicios sociales.",Typically Monday–Friday business hours; call ahead,chesterfield|virginia|benefits|SNAP|Medicaid|DSS|reentry,SNAP enrollment|Medicaid application help|TANF cash assistance|Energy assistance|CommonHelp application help,Chesterfield,Chesterfield|Colonial Heights,multi,accepts_criminal_record
76,Clarke County Department of Social Services — Benefits & Family Support,financial-assistance,Berryville / Clarke County,"Clarke County Department of Social Services — Benefits & Family Support serves justice-involved adults and families rebuilding stability after incarceration in Clarke County. Clarke County Department of Social Services in Berryville processes SNAP, Medicaid, TANF, and energy assistance applications for residents of Clarke County, including returning citizens reestablishing food and health benefits after release from jail or Virginia Department of Corrections custody. Bring proof of identity, income, and release or residency documents when applying at a county office or online portal. Contact this resource to confirm current intake steps, required documents, and whether walk-ins or referrals are accepted.","Clarke County Department of Social Services — Benefits & Family Support sirve a adultos con antecedentes penales y familias que reconstruyen estabilidad después de la encarcelación en condado de Clarke. Lleve prueba de identidad, ingresos y documentos de liberación o residencia al solicitar en una oficina del condado o portal en línea. Contacte este recurso para confirmar pasos de admisión, documentos requeridos y si aceptan visitas sin cita o referencias.",311 E. Main St.,Berryville,(540) 955-3700,,http://www.clarkecounty.gov/government/social-services,"Residents of Clarke County meeting income and household-size requirements for SNAP, Medicaid, and TANF; criminal record generally not a barrier.","Residentes del condado de Clarke que cumplan requisitos de ingresos y tamaño de hogar para SNAP, Medicaid y TANF; los antecedentes penales generalmente no son barrera.","Apply online at commonhelp.virginia.gov, call 833-522-5582, or visit the local department of social services.","Solicite en línea en commonhelp.virginia.gov, llame al 833-522-5582 o visite el departamento local de servicios sociales.",Typically Monday–Friday business hours; call ahead,clarke|virginia|benefits|SNAP|Medicaid|DSS|reentry,SNAP enrollment|Medicaid enrollment|Cash assistance (TANF)|Rent and utility assistance|Benefits navigation,Clarke,Clarke,single,accepts_criminal_record
77,Craig County Department of Social Services — Benefits & Family Support,financial-assistance,New Castle / Craig County,"Craig County Department of Social Services — Benefits & Family Support serves justice-involved adults and families rebuilding stability after incarceration in Craig County. Craig County Department of Social Services in New Castle processes SNAP, Medicaid, TANF, and energy assistance applications for residents of Craig County, including returning citizens reestablishing food and health benefits after release from jail or Virginia Department of Corrections custody. Bring proof of identity, income, and release or residency documents when applying at a county office or online portal. Contact this resource to confirm current intake steps, required documents, and whether walk-ins or referrals are accepted.","Craig County Department of Social Services — Benefits & Family Support sirve a adultos con antecedentes penales y familias que reconstruyen estabilidad después de la encarcelación en condado de Craig. Lleve prueba de identidad, ingresos y documentos de liberación o residencia al solicitar en una oficina del condado o portal en línea. Contacte este recurso para confirmar pasos de admisión, documentos requeridos y si aceptan visitas sin cita o referencias.",P. O. Box 330,New Castle,(540) 864-5117,,https://www.craigcountyva.gov/181/Social-Services,"Residents of Craig County meeting income and household-size requirements for SNAP, Medicaid, and TANF; criminal record generally not a barrier.","Residentes del condado de Craig que cumplan requisitos de ingresos y tamaño de hogar para SNAP, Medicaid y TANF; los antecedentes penales generalmente no son barrera.","Apply online at commonhelp.virginia.gov, call 833-522-5582, or visit the local department of social services.","Solicite en línea en commonhelp.virginia.gov, llame al 833-522-5582 o visite el departamento local de servicios sociales.",Typically Monday–Friday business hours; call ahead,craig|virginia|benefits|SNAP|Medicaid|DSS|reentry,SNAP enrollment|Medicaid enrollment|Cash assistance (TANF)|Rent and utility assistance|Benefits navigation,Craig,Craig,single,accepts_criminal_record
78,Culpeper County Human Services — Benefits & Family Support,financial-assistance,Culpeper / Culpeper County,"Culpeper County Human Services — Benefits & Family Support serves justice-involved adults and families rebuilding stability after incarceration in Culpeper County. Culpeper County Human Services in Culpeper processes SNAP, Medicaid, TANF, and energy assistance applications for residents of Culpeper County, including returning citizens reestablishing food and health benefits after release from jail or Virginia Department of Corrections custody. Bring proof of identity, income, and release or residency documents when applying at a county office or online portal. Contact this resource to confirm current intake steps, required documents, and whether walk-ins or referrals are accepted.","Culpeper County Human Services — Benefits & Family Support sirve a adultos con antecedentes penales y familias que reconstruyen estabilidad después de la encarcelación en condado de Culpeper. Lleve prueba de identidad, ingresos y documentos de liberación o residencia al solicitar en una oficina del condado o portal en línea. Contacte este recurso para confirmar pasos de admisión, documentos requeridos y si aceptan visitas sin cita o referencias.",1835 Industry Drive,Culpeper,(540) 727-0372,,http://web.culpepercounty.gov/humanservices,"Residents of Culpeper County meeting income and household-size requirements for SNAP, Medicaid, and TANF; criminal record generally not a barrier.","Residentes del condado de Culpeper que cumplan requisitos de ingresos y tamaño de hogar para SNAP, Medicaid y TANF; los antecedentes penales generalmente no son barrera.","Apply online at commonhelp.virginia.gov, call 833-522-5582, or visit the local department of social services.","Solicite en línea en commonhelp.virginia.gov, llame al 833-522-5582 o visite el departamento local de servicios sociales.",Typically Monday–Friday business hours; call ahead,culpeper|virginia|benefits|SNAP|Medicaid|DSS|reentry,SNAP enrollment|Medicaid enrollment|Cash assistance (TANF)|Rent and utility assistance|Benefits navigation,Culpeper,Culpeper,single,accepts_criminal_record
79,Cumberland County Department of Social Services — Benefits & Family Support,financial-assistance,Cumberland / Cumberland County,"Cumberland County Department of Social Services — Benefits & Family Support serves justice-involved adults and families rebuilding stability after incarceration in Cumberland County. Cumberland County Department of Social Services in Cumberland processes SNAP, Medicaid, TANF, and energy assistance applications for residents of Cumberland County, including returning citizens reestablishing food and health benefits after release from jail or Virginia Department of Corrections custody. Bring proof of identity, income, and release or residency documents when applying at a county office or online portal. Contact this resource to confirm current intake steps, required documents, and whether walk-ins or referrals are accepted.","Cumberland County Department of Social Services — Benefits & Family Support sirve a adultos con antecedentes penales y familias que reconstruyen estabilidad después de la encarcelación en condado de Cumberland. Lleve prueba de identidad, ingresos y documentos de liberación o residencia al solicitar en una oficina del condado o portal en línea. Contacte este recurso para confirmar pasos de admisión, documentos requeridos y si aceptan visitas sin cita o referencias.",P. O. Box 33,Cumberland,(804) 492-4915,,http://cumberlandcounty.virginia.gov/227/Social-Services,"Residents of Cumberland County meeting income and household-size requirements for SNAP, Medicaid, and TANF; criminal record generally not a barrier.","Residentes del condado de Cumberland que cumplan requisitos de ingresos y tamaño de hogar para SNAP, Medicaid y TANF; los antecedentes penales generalmente no son barrera.","Apply online at commonhelp.virginia.gov, call 833-522-5582, or visit the local department of social services.","Solicite en línea en commonhelp.virginia.gov, llame al 833-522-5582 o visite el departamento local de servicios sociales.",Typically Monday–Friday business hours; call ahead,cumberland|virginia|benefits|SNAP|Medicaid|DSS|reentry,SNAP enrollment|Medicaid enrollment|Cash assistance (TANF)|Rent and utility assistance|Benefits navigation,Cumberland,Cumberland,single,accepts_criminal_record
80,Danville Division of Social Services — Benefits & Family Support,financial-assistance,Danville / City of Danville,"Danville Division of Social Services — Benefits & Family Support serves justice-involved adults and families rebuilding stability after incarceration in Danville County. Danville Division of Social Services in Danville processes SNAP, Medicaid, TANF, and energy assistance applications for residents of the City of Danville, including returning citizens reestablishing food and health benefits after release from jail or Virginia Department of Corrections custody. Bring proof of identity, income, and release or residency documents when applying at a county office or online portal. Contact this resource to confirm current intake steps, required documents, and whether walk-ins or referrals are accepted.","Danville Division of Social Services — Benefits & Family Support sirve a adultos con antecedentes penales y familias que reconstruyen estabilidad después de la encarcelación en condado de Danville. Lleve prueba de identidad, ingresos y documentos de liberación o residencia al solicitar en una oficina del condado o portal en línea. Contacte este recurso para confirmar pasos de admisión, documentos requeridos y si aceptan visitas sin cita o referencias.",P. O. Box 3300,Danville,(434) 799-6543,,http://www.danville-va.gov/index.aspx?nid=304,"Residents of the City of Danville meeting income and household-size requirements for SNAP, Medicaid, and TANF; criminal record generally not a barrier.","Residentes de la ciudad de Danville que cumplan requisitos de ingresos y tamaño de hogar para SNAP, Medicaid y TANF; los antecedentes penales generalmente no son barrera.","Apply online at commonhelp.virginia.gov, call 833-522-5582, or visit the local department of social services.","Solicite en línea en commonhelp.virginia.gov, llame al 833-522-5582 o visite el departamento local de servicios sociales.",Typically Monday–Friday business hours; call ahead,danville|virginia|benefits|SNAP|Medicaid|DSS|reentry,SNAP enrollment|Medicaid enrollment|Cash assistance (TANF)|Rent and utility assistance|Benefits navigation,Danville,Danville,single,accepts_criminal_record
81,Dickenson County Department of Social Services — Benefits & Family Support,financial-assistance,Clintwood / Dickenson County,"Dickenson County Department of Social Services — Benefits & Family Support serves justice-involved adults and families rebuilding stability after incarceration in Dickenson County. Dickenson County Department of Social Services in Clintwood processes SNAP, Medicaid, TANF, and energy assistance applications for residents of Dickenson County, including returning citizens reestablishing food and health benefits after release from jail or Virginia Department of Corrections custody. Bring proof of identity, income, and release or residency documents when applying at a county office or online portal. Contact this resource to confirm current intake steps, required documents, and whether walk-ins or referrals are accepted.","Dickenson County Department of Social Services — Benefits & Family Support sirve a adultos con antecedentes penales y familias que reconstruyen estabilidad después de la encarcelación en condado de Dickenson. Lleve prueba de identidad, ingresos y documentos de liberación o residencia al solicitar en una oficina del condado o portal en línea. Contacte este recurso para confirmar pasos de admisión, documentos requeridos y si aceptan visitas sin cita o referencias.",1280 Browning Hollow,Clintwood,(276) 926-1661,,http://dickensonva.org/119/Social-Services,"Residents of Dickenson County meeting income and household-size requirements for SNAP, Medicaid, and TANF; criminal record generally not a barrier.","Residentes del condado de Dickenson que cumplan requisitos de ingresos y tamaño de hogar para SNAP, Medicaid y TANF; los antecedentes penales generalmente no son barrera.","Apply online at commonhelp.virginia.gov, call 833-522-5582, or visit the local department of social services.","Solicite en línea en commonhelp.virginia.gov, llame al 833-522-5582 o visite el departamento local de servicios sociales.",Typically Monday–Friday business hours; call ahead,dickenson|virginia|benefits|SNAP|Medicaid|DSS|reentry,SNAP enrollment|Medicaid enrollment|Cash assistance (TANF)|Rent and utility assistance|Benefits navigation,Dickenson,Dickenson,single,accepts_criminal_record
82,Dinwiddie Department of Social Services — Benefits & Family Support,financial-assistance,Dinwiddie / Dinwiddie County,"Dinwiddie Department of Social Services — Benefits & Family Support serves justice-involved adults and families rebuilding stability after incarceration in Dinwiddie County. Dinwiddie Department of Social Services in Dinwiddie processes SNAP, Medicaid, TANF, and energy assistance applications for residents of Dinwiddie County, including returning citizens reestablishing food and health benefits after release from jail or Virginia Department of Corrections custody. Bring proof of identity, income, and release or residency documents when applying at a county office or online portal. Contact this resource to confirm current intake steps, required documents, and whether walk-ins or referrals are accepted.","Dinwiddie Department of Social Services — Benefits & Family Support sirve a adultos con antecedentes penales y familias que reconstruyen estabilidad después de la encarcelación en condado de Dinwiddie. Lleve prueba de identidad, ingresos y documentos de liberación o residencia al solicitar en una oficina del condado o portal en línea. Contacte este recurso para confirmar pasos de admisión, documentos requeridos y si aceptan visitas sin cita o referencias.",P.O. Box 107,Dinwiddie,(804) 469-4524,,http://www.dinwiddieva.us/609/Social-Services,"Residents of Dinwiddie County meeting income and household-size requirements for SNAP, Medicaid, and TANF; criminal record generally not a barrier.","Residentes del condado de Dinwiddie que cumplan requisitos de ingresos y tamaño de hogar para SNAP, Medicaid y TANF; los antecedentes penales generalmente no son barrera.","Apply online at commonhelp.virginia.gov, call 833-522-5582, or visit the local department of social services.","Solicite en línea en commonhelp.virginia.gov, llame al 833-522-5582 o visite el departamento local de servicios sociales.",Typically Monday–Friday business hours; call ahead,dinwiddie|virginia|benefits|SNAP|Medicaid|DSS|reentry,SNAP enrollment|Medicaid enrollment|Cash assistance (TANF)|Rent and utility assistance|Benefits navigation,Dinwiddie,Dinwiddie,single,accepts_criminal_record
83,Essex Department of Social Services — Benefits & Family Support,financial-assistance,Tappahannock / Essex County,"Essex Department of Social Services — Benefits & Family Support serves justice-involved adults and families rebuilding stability after incarceration in Essex County. Essex Department of Social Services in Tappahannock processes SNAP, Medicaid, TANF, and energy assistance applications for residents of Essex County, including returning citizens reestablishing food and health benefits after release from jail or Virginia Department of Corrections custody. Bring proof of identity, income, and release or residency documents when applying at a county office or online portal. Contact this resource to confirm current intake steps, required documents, and whether walk-ins or referrals are accepted.","Essex Department of Social Services — Benefits & Family Support sirve a adultos con antecedentes penales y familias que reconstruyen estabilidad después de la encarcelación en condado de Essex. Lleve prueba de identidad, ingresos y documentos de liberación o residencia al solicitar en una oficina del condado o portal en línea. Contacte este recurso para confirmar pasos de admisión, documentos requeridos y si aceptan visitas sin cita o referencias.",P.O. Box 1004,Tappahannock,(804) 443-3561,,https://www.essexva.gov/1245/Social-Services,"Residents of Essex County meeting income and household-size requirements for SNAP, Medicaid, and TANF; criminal record generally not a barrier.","Residentes del condado de Essex que cumplan requisitos de ingresos y tamaño de hogar para SNAP, Medicaid y TANF; los antecedentes penales generalmente no son barrera.","Apply online at commonhelp.virginia.gov, call 833-522-5582, or visit the local department of social services.","Solicite en línea en commonhelp.virginia.gov, llame al 833-522-5582 o visite el departamento local de servicios sociales.",Typically Monday–Friday business hours; call ahead,essex|virginia|benefits|SNAP|Medicaid|DSS|reentry,SNAP enrollment|Medicaid enrollment|Cash assistance (TANF)|Rent and utility assistance|Benefits navigation,Essex,Essex,single,accepts_criminal_record
84,Fairfax County Department of Family Services — Benefits & Family Support,financial-assistance,Fairfax / Fairfax County,"Fairfax County Department of Family Services in Fairfax processes SNAP, Medicaid, TANF, and energy assistance applications for residents of Fairfax County, the City of Fairfax, and the City of Falls Church, including returning citizens reestablishing food and health benefits after release from jail or Virginia Department of Corrections custody.","Fairfax County Department of Family Services en Fairfax procesa solicitudes de SNAP, Medicaid, TANF y asistencia de energía para residentes del condado de Fairfax, la ciudad de Fairfax y la ciudad de Falls Church, incluidos ciudadanos que regresan que restablecen beneficios alimentarios y de salud después de salir de la cárcel o de la custodia del Departamento Correccional de Virginia.","12011 Government Center Parkway, Suite 232",Fairfax,(703) 324-7500,,http://www.fairfaxcounty.gov/dfs/,"Residents of Fairfax County, the City of Fairfax, and the City of Falls Church meeting income and household-size requirements for SNAP, Medicaid, and TANF; criminal record generally not a barrier.","Residentes del condado de Fairfax, la ciudad de Fairfax y la ciudad de Falls Church que cumplan requisitos de ingresos y tamaño de hogar para SNAP, Medicaid y TANF; los antecedentes penales generalmente no son barrera.","Apply online at commonhelp.virginia.gov, call 833-522-5582, or visit the local department of social services.","Solicite en línea en commonhelp.virginia.gov, llame al 833-522-5582 o visite el departamento local de servicios sociales.",Typically Monday–Friday business hours; call ahead,fairfax|virginia|benefits|SNAP|Medicaid|DSS|reentry,SNAP enrollment|Medicaid application help|TANF cash assistance|Energy assistance|CommonHelp application help,Fairfax,Fairfax|Fairfax City|Falls Church,multi,accepts_criminal_record
85,Fauquier County Department of Social Services — Benefits & Family Support,financial-assistance,Warrenton / Fauquier County,"Fauquier County Department of Social Services — Benefits & Family Support serves justice-involved adults and families rebuilding stability after incarceration in Fauquier County. Fauquier County Department of Social Services in Warrenton processes SNAP, Medicaid, TANF, and energy assistance applications for residents of Fauquier County, including returning citizens reestablishing food and health benefits after release from jail or Virginia Department of Corrections custody. Bring proof of identity, income, and release or residency documents when applying at a county office or online portal. Contact this resource to confirm current intake steps, required documents, and whether walk-ins or referrals are accepted.","Fauquier County Department of Social Services — Benefits & Family Support sirve a adultos con antecedentes penales y familias que reconstruyen estabilidad después de la encarcelación en condado de Fauquier. Lleve prueba de identidad, ingresos y documentos de liberación o residencia al solicitar en una oficina del condado o portal en línea. Contacte este recurso para confirmar pasos de admisión, documentos requeridos y si aceptan visitas sin cita o referencias.","320 Hospital Drive, Suite 11",Warrenton,(540) 422-8400,,http://www.fauquiercounty.gov/government/departments-h-z/social-services,"Residents of Fauquier County meeting income and household-size requirements for SNAP, Medicaid, and TANF; criminal record generally not a barrier.","Residentes del condado de Fauquier que cumplan requisitos de ingresos y tamaño de hogar para SNAP, Medicaid y TANF; los antecedentes penales generalmente no son barrera.","Apply online at commonhelp.virginia.gov, call 833-522-5582, or visit the local department of social services.","Solicite en línea en commonhelp.virginia.gov, llame al 833-522-5582 o visite el departamento local de servicios sociales.",Typically Monday–Friday business hours; call ahead,fauquier|virginia|benefits|SNAP|Medicaid|DSS|reentry,SNAP enrollment|Medicaid enrollment|Cash assistance (TANF)|Rent and utility assistance|Benefits navigation,Fauquier,Fauquier,single,accepts_criminal_record
86,Floyd County Department of Social Services — Benefits & Family Support,financial-assistance,Floyd / Floyd County,"Floyd County Department of Social Services — Benefits & Family Support serves justice-involved adults and families rebuilding stability after incarceration in Floyd County. Floyd County Department of Social Services in Floyd processes SNAP, Medicaid, TANF, and energy assistance applications for residents of Floyd County, including returning citizens reestablishing food and health benefits after release from jail or Virginia Department of Corrections custody. Bring proof of identity, income, and release or residency documents when applying at a county office or online portal. Contact this resource to confirm current intake steps, required documents, and whether walk-ins or referrals are accepted.","Floyd County Department of Social Services — Benefits & Family Support sirve a adultos con antecedentes penales y familias que reconstruyen estabilidad después de la encarcelación en condado de Floyd. Lleve prueba de identidad, ingresos y documentos de liberación o residencia al solicitar en una oficina del condado o portal en línea. Contacte este recurso para confirmar pasos de admisión, documentos requeridos y si aceptan visitas sin cita o referencias.",P.O. Box 314,Floyd,(540) 745-9316,,http://www.floydcova.org/social-services,"Residents of Floyd County meeting income and household-size requirements for SNAP, Medicaid, and TANF; criminal record generally not a barrier.","Residentes del condado de Floyd que cumplan requisitos de ingresos y tamaño de hogar para SNAP, Medicaid y TANF; los antecedentes penales generalmente no son barrera.","Apply online at commonhelp.virginia.gov, call 833-522-5582, or visit the local department of social services.","Solicite en línea en commonhelp.virginia.gov, llame al 833-522-5582 o visite el departamento local de servicios sociales.",Typically Monday–Friday business hours; call ahead,floyd|virginia|benefits|SNAP|Medicaid|DSS|reentry,SNAP enrollment|Medicaid enrollment|Cash assistance (TANF)|Rent and utility assistance|Benefits navigation,Floyd,Floyd,single,accepts_criminal_record
87,Fluvanna County Department of Social Services — Benefits & Family Support,financial-assistance,Fork Union / Fluvanna County,"Fluvanna County Department of Social Services — Benefits & Family Support serves justice-involved adults and families rebuilding stability after incarceration in Fluvanna County. Fluvanna County Department of Social Services in Fork Union processes SNAP, Medicaid, TANF, and energy assistance applications for residents of Fluvanna County, including returning citizens reestablishing food and health benefits after release from jail or Virginia Department of Corrections custody. Bring proof of identity, income, and release or residency documents when applying at a county office or online portal. Contact this resource to confirm current intake steps, required documents, and whether walk-ins or referrals are accepted.","Fluvanna County Department of Social Services — Benefits & Family Support sirve a adultos con antecedentes penales y familias que reconstruyen estabilidad después de la encarcelación en condado de Fluvanna. Lleve prueba de identidad, ingresos y documentos de liberación o residencia al solicitar en una oficina del condado o portal en línea. Contacte este recurso para confirmar pasos de admisión, documentos requeridos y si aceptan visitas sin cita o referencias.",P.O. Box 98,Fork Union,(434) 842-8221,,http://www.fluvannacounty.org/socialservices,"Residents of Fluvanna County meeting income and household-size requirements for SNAP, Medicaid, and TANF; criminal record generally not a barrier.","Residentes del condado de Fluvanna que cumplan requisitos de ingresos y tamaño de hogar para SNAP, Medicaid y TANF; los antecedentes penales generalmente no son barrera.","Apply online at commonhelp.virginia.gov, call 833-522-5582, or visit the local department of social services.","Solicite en línea en commonhelp.virginia.gov, llame al 833-522-5582 o visite el departamento local de servicios sociales.",Typically Monday–Friday business hours; call ahead,fluvanna|virginia|benefits|SNAP|Medicaid|DSS|reentry,SNAP enrollment|Medicaid enrollment|Cash assistance (TANF)|Rent and utility assistance|Benefits navigation,Fluvanna,Fluvanna,single,accepts_criminal_record
88,Franklin County Department of Social Services — Benefits & Family Support,financial-assistance,Rocky Mount / Franklin County,"Franklin County Department of Social Services — Benefits & Family Support serves justice-involved adults and families rebuilding stability after incarceration in Franklin County. Franklin County Department of Social Services in Rocky Mount processes SNAP, Medicaid, TANF, and energy assistance applications for residents of Franklin County, including returning citizens reestablishing food and health benefits after release from jail or Virginia Department of Corrections custody. Bring proof of identity, income, and release or residency documents when applying at a county office or online portal. Contact this resource to confirm current intake steps, required documents, and whether walk-ins or referrals are accepted.","Franklin County Department of Social Services — Benefits & Family Support sirve a adultos con antecedentes penales y familias que reconstruyen estabilidad después de la encarcelación en condado de Franklin. Lleve prueba de identidad, ingresos y documentos de liberación o residencia al solicitar en una oficina del condado o portal en línea. Contacte este recurso para confirmar pasos de admisión, documentos requeridos y si aceptan visitas sin cita o referencias.",120 East Court Street,Rocky Mount,(540) 483-9247,,http://www.franklincountyva.gov/361/Social-Services,"Residents of Franklin County meeting income and household-size requirements for SNAP, Medicaid, and TANF; criminal record generally not a barrier.","Residentes del condado de Franklin que cumplan requisitos de ingresos y tamaño de hogar para SNAP, Medicaid y TANF; los antecedentes penales generalmente no son barrera.","Apply online at commonhelp.virginia.gov, call 833-522-5582, or visit the local department of social services.","Solicite en línea en commonhelp.virginia.gov, llame al 833-522-5582 o visite el departamento local de servicios sociales.",Typically Monday–Friday business hours; call ahead,franklin|virginia|benefits|SNAP|Medicaid|DSS|reentry,SNAP enrollment|Medicaid enrollment|Cash assistance (TANF)|Rent and utility assistance|Benefits navigation,Franklin,Franklin,single,accepts_criminal_record
89,Franklin City Department of Social Services — Benefits & Family Support,financial-assistance,Franklin / City of Franklin,"Franklin City Department of Social Services — Benefits & Family Support serves justice-involved adults and families rebuilding stability after incarceration in Franklin City County. Franklin City Department of Social Services in Franklin processes SNAP, Medicaid, TANF, and energy assistance applications for residents of the City of Franklin, including returning citizens reestablishing food and health benefits after release from jail or Virginia Department of Corrections custody. Bring proof of identity, income, and release or residency documents when applying at a county office or online portal. Contact this resource to confirm current intake steps, required documents, and whether walk-ins or referrals are accepted.","Franklin City Department of Social Services — Benefits & Family Support sirve a adultos con antecedentes penales y familias que reconstruyen estabilidad después de la encarcelación en condado de Franklin City. Lleve prueba de identidad, ingresos y documentos de liberación o residencia al solicitar en una oficina del condado o portal en línea. Contacte este recurso para confirmar pasos de admisión, documentos requeridos y si aceptan visitas sin cita o referencias.",PO Box 601,Franklin,(757) 562-8520,,http://franklinva.gov/government/departments_h-z/social_services/index.php,"Residents of the City of Franklin meeting income and household-size requirements for SNAP, Medicaid, and TANF; criminal record generally not a barrier.","Residentes de la ciudad de Franklin que cumplan requisitos de ingresos y tamaño de hogar para SNAP, Medicaid y TANF; los antecedentes penales generalmente no son barrera.","Apply online at commonhelp.virginia.gov, call 833-522-5582, or visit the local department of social services.","Solicite en línea en commonhelp.virginia.gov, llame al 833-522-5582 o visite el departamento local de servicios sociales.",Typically Monday–Friday business hours; call ahead,franklin city|virginia|benefits|SNAP|Medicaid|DSS|reentry,SNAP enrollment|Medicaid enrollment|Cash assistance (TANF)|Rent and utility assistance|Benefits navigation,Franklin City,Franklin City,single,accepts_criminal_record
90,Frederick County Department of Social Services — Benefits & Family Support,financial-assistance,Winchester / Frederick County,"Frederick County Department of Social Services — Benefits & Family Support serves justice-involved adults and families rebuilding stability after incarceration in Frederick County. Frederick County Department of Social Services in Winchester processes SNAP, Medicaid, TANF, and energy assistance applications for residents of Frederick County, including returning citizens reestablishing food and health benefits after release from jail or Virginia Department of Corrections custody. Bring proof of identity, income, and release or residency documents when applying at a county office or online portal. Contact this resource to confirm current intake steps, required documents, and whether walk-ins or referrals are accepted.","Frederick County Department of Social Services — Benefits & Family Support sirve a adultos con antecedentes penales y familias que reconstruyen estabilidad después de la encarcelación en condado de Frederick. Lleve prueba de identidad, ingresos y documentos de liberación o residencia al solicitar en una oficina del condado o portal en línea. Contacte este recurso para confirmar pasos de admisión, documentos requeridos y si aceptan visitas sin cita o referencias.","107 N. Kent St., Third Floor",Winchester,(540) 665-5688,,http://www.fcva.us/departments/social-services,"Residents of Frederick County meeting income and household-size requirements for SNAP, Medicaid, and TANF; criminal record generally not a barrier.","Residentes del condado de Frederick que cumplan requisitos de ingresos y tamaño de hogar para SNAP, Medicaid y TANF; los antecedentes penales generalmente no son barrera.","Apply online at commonhelp.virginia.gov, call 833-522-5582, or visit the local department of social services.","Solicite en línea en commonhelp.virginia.gov, llame al 833-522-5582 o visite el departamento local de servicios sociales.",Typically Monday–Friday business hours; call ahead,frederick|virginia|benefits|SNAP|Medicaid|DSS|reentry,SNAP enrollment|Medicaid enrollment|Cash assistance (TANF)|Rent and utility assistance|Benefits navigation,Frederick,Frederick,single,accepts_criminal_record
91,Fredericksburg Department of Social Services — Benefits & Family Support,financial-assistance,Fredericksburg / City of Fredericksburg,"Fredericksburg Department of Social Services — Benefits & Family Support serves justice-involved adults and families rebuilding stability after incarceration in Fredericksburg County. Fredericksburg Department of Social Services in Fredericksburg processes SNAP, Medicaid, TANF, and energy assistance applications for residents of the City of Fredericksburg, including returning citizens reestablishing food and health benefits after release from jail or Virginia Department of Corrections custody. Bring proof of identity, income, and release or residency documents when applying at a county office or online portal. Contact this resource to confirm current intake steps, required documents, and whether walk-ins or referrals are accepted.","Fredericksburg Department of Social Services — Benefits & Family Support sirve a adultos con antecedentes penales y familias que reconstruyen estabilidad después de la encarcelación en condado de Fredericksburg. Lleve prueba de identidad, ingresos y documentos de liberación o residencia al solicitar en una oficina del condado o portal en línea. Contacte este recurso para confirmar pasos de admisión, documentos requeridos y si aceptan visitas sin cita o referencias.",Suite 100,Fredericksburg,(540) 372-1032,,http://www.fredericksburgva.gov/index.aspx?NID=491,"Residents of the City of Fredericksburg meeting income and household-size requirements for SNAP, Medicaid, and TANF; criminal record generally not a barrier.","Residentes de la ciudad de Fredericksburg que cumplan requisitos de ingresos y tamaño de hogar para SNAP, Medicaid y TANF; los antecedentes penales generalmente no son barrera.","Apply online at commonhelp.virginia.gov, call 833-522-5582, or visit the local department of social services.","Solicite en línea en commonhelp.virginia.gov, llame al 833-522-5582 o visite el departamento local de servicios sociales.",Typically Monday–Friday business hours; call ahead,fredericksburg|virginia|benefits|SNAP|Medicaid|DSS|reentry,SNAP enrollment|Medicaid enrollment|Cash assistance (TANF)|Rent and utility assistance|Benefits navigation,Fredericksburg,Fredericksburg,single,accepts_criminal_record
92,Galax City Department of Social Services — Benefits & Family Support,financial-assistance,Galax / City of Galax,"Galax City Department of Social Services — Benefits & Family Support serves justice-involved adults and families rebuilding stability after incarceration in Galax County. Galax City Department of Social Services in Galax processes SNAP, Medicaid, TANF, and energy assistance applications for residents of the City of Galax, including returning citizens reestablishing food and health benefits after release from jail or Virginia Department of Corrections custody. Bring proof of identity, income, and release or residency documents when applying at a county office or online portal. Contact this resource to confirm current intake steps, required documents, and whether walk-ins or referrals are accepted.","Galax City Department of Social Services — Benefits & Family Support sirve a adultos con antecedentes penales y familias que reconstruyen estabilidad después de la encarcelación en condado de Galax. Lleve prueba de identidad, ingresos y documentos de liberación o residencia al solicitar en una oficina del condado o portal en línea. Contacte este recurso para confirmar pasos de admisión, documentos requeridos y si aceptan visitas sin cita o referencias.","105 E. Center St, P.O. Box 166",Galax,(276) 236-8111,,https://www.dss.virginia.gov/localagency/index.php,"Residents of the City of Galax meeting income and household-size requirements for SNAP, Medicaid, and TANF; criminal record generally not a barrier.","Residentes de la ciudad de Galax que cumplan requisitos de ingresos y tamaño de hogar para SNAP, Medicaid y TANF; los antecedentes penales generalmente no son barrera.","Apply online at commonhelp.virginia.gov, call 833-522-5582, or visit the local department of social services.","Solicite en línea en commonhelp.virginia.gov, llame al 833-522-5582 o visite el departamento local de servicios sociales.",Typically Monday–Friday business hours; call ahead,galax|virginia|benefits|SNAP|Medicaid|DSS|reentry,SNAP enrollment|Medicaid enrollment|Cash assistance (TANF)|Rent and utility assistance|Benefits navigation,Galax,Galax,single,accepts_criminal_record
93,Giles County Department of Social Services — Benefits & Family Support,financial-assistance,Narrows / Giles County,"Giles County Department of Social Services — Benefits & Family Support serves justice-involved adults and families rebuilding stability after incarceration in Giles County. Giles County Department of Social Services in Narrows processes SNAP, Medicaid, TANF, and energy assistance applications for residents of Giles County, including returning citizens reestablishing food and health benefits after release from jail or Virginia Department of Corrections custody. Bring proof of identity, income, and release or residency documents when applying at a county office or online portal. Contact this resource to confirm current intake steps, required documents, and whether walk-ins or referrals are accepted.","Giles County Department of Social Services — Benefits & Family Support sirve a adultos con antecedentes penales y familias que reconstruyen estabilidad después de la encarcelación en condado de Giles. Lleve prueba de identidad, ingresos y documentos de liberación o residencia al solicitar en una oficina del condado o portal en línea. Contacte este recurso para confirmar pasos de admisión, documentos requeridos y si aceptan visitas sin cita o referencias.","211 Main St., Suite 109",Narrows,(540) 726-8315,,http://virginiasmtnplayground.com/social-services/,"Residents of Giles County meeting income and household-size requirements for SNAP, Medicaid, and TANF; criminal record generally not a barrier.","Residentes del condado de Giles que cumplan requisitos de ingresos y tamaño de hogar para SNAP, Medicaid y TANF; los antecedentes penales generalmente no son barrera.","Apply online at commonhelp.virginia.gov, call 833-522-5582, or visit the local department of social services.","Solicite en línea en commonhelp.virginia.gov, llame al 833-522-5582 o visite el departamento local de servicios sociales.",Typically Monday–Friday business hours; call ahead,giles|virginia|benefits|SNAP|Medicaid|DSS|reentry,SNAP enrollment|Medicaid enrollment|Cash assistance (TANF)|Rent and utility assistance|Benefits navigation,Giles,Giles,single,accepts_criminal_record
94,Gloucester Department of Social Services — Benefits & Family Support,financial-assistance,Gloucester / Gloucester County,"Gloucester Department of Social Services — Benefits & Family Support serves justice-involved adults and families rebuilding stability after incarceration in Gloucester County. Gloucester Department of Social Services in Gloucester processes SNAP, Medicaid, TANF, and energy assistance applications for residents of Gloucester County, including returning citizens reestablishing food and health benefits after release from jail or Virginia Department of Corrections custody. Bring proof of identity, income, and release or residency documents when applying at a county office or online portal. Contact this resource to confirm current intake steps, required documents, and whether walk-ins or referrals are accepted.","Gloucester Department of Social Services — Benefits & Family Support sirve a adultos con antecedentes penales y familias que reconstruyen estabilidad después de la encarcelación en condado de Gloucester. Lleve prueba de identidad, ingresos y documentos de liberación o residencia al solicitar en una oficina del condado o portal en línea. Contacte este recurso para confirmar pasos de admisión, documentos requeridos y si aceptan visitas sin cita o referencias.",6641 Short Lane,Gloucester,(804) 693-2671,,http://www.gloucesterva.info/289/Social-Services,"Residents of Gloucester County meeting income and household-size requirements for SNAP, Medicaid, and TANF; criminal record generally not a barrier.","Residentes del condado de Gloucester que cumplan requisitos de ingresos y tamaño de hogar para SNAP, Medicaid y TANF; los antecedentes penales generalmente no son barrera.","Apply online at commonhelp.virginia.gov, call 833-522-5582, or visit the local department of social services.","Solicite en línea en commonhelp.virginia.gov, llame al 833-522-5582 o visite el departamento local de servicios sociales.",Typically Monday–Friday business hours; call ahead,gloucester|virginia|benefits|SNAP|Medicaid|DSS|reentry,SNAP enrollment|Medicaid enrollment|Cash assistance (TANF)|Rent and utility assistance|Benefits navigation,Gloucester,Gloucester,single,accepts_criminal_record
95,Goochland Department of Social Services — Benefits & Family Support,financial-assistance,Goochland / Goochland County,"Goochland Department of Social Services — Benefits & Family Support serves justice-involved adults and families rebuilding stability after incarceration in Goochland County. Goochland Department of Social Services in Goochland processes SNAP, Medicaid, TANF, and energy assistance applications for residents of Goochland County, including returning citizens reestablishing food and health benefits after release from jail or Virginia Department of Corrections custody. Bring proof of identity, income, and release or residency documents when applying at a county office or online portal. Contact this resource to confirm current intake steps, required documents, and whether walk-ins or referrals are accepted.","Goochland Department of Social Services — Benefits & Family Support sirve a adultos con antecedentes penales y familias que reconstruyen estabilidad después de la encarcelación en condado de Goochland. Lleve prueba de identidad, ingresos y documentos de liberación o residencia al solicitar en una oficina del condado o portal en línea. Contacte este recurso para confirmar pasos de admisión, documentos requeridos y si aceptan visitas sin cita o referencias.",P.O. Box 34,Goochland,(804) 556-5880,,http://www.goochlandva.us/364/Social-Services,"Residents of Goochland County meeting income and household-size requirements for SNAP, Medicaid, and TANF; criminal record generally not a barrier.","Residentes del condado de Goochland que cumplan requisitos de ingresos y tamaño de hogar para SNAP, Medicaid y TANF; los antecedentes penales generalmente no son barrera.","Apply online at commonhelp.virginia.gov, call 833-522-5582, or visit the local department of social services.","Solicite en línea en commonhelp.virginia.gov, llame al 833-522-5582 o visite el departamento local de servicios sociales.",Typically Monday–Friday business hours; call ahead,goochland|virginia|benefits|SNAP|Medicaid|DSS|reentry,SNAP enrollment|Medicaid enrollment|Cash assistance (TANF)|Rent and utility assistance|Benefits navigation,Goochland,Goochland,single,accepts_criminal_record
96,Grayson County Department of Social Services — Benefits & Family Support,financial-assistance,Independence / Grayson County,"Grayson County Department of Social Services — Benefits & Family Support serves justice-involved adults and families rebuilding stability after incarceration in Grayson County. Grayson County Department of Social Services in Independence processes SNAP, Medicaid, TANF, and energy assistance applications for residents of Grayson County, including returning citizens reestablishing food and health benefits after release from jail or Virginia Department of Corrections custody. Bring proof of identity, income, and release or residency documents when applying at a county office or online portal. Contact this resource to confirm current intake steps, required documents, and whether walk-ins or referrals are accepted.","Grayson County Department of Social Services — Benefits & Family Support sirve a adultos con antecedentes penales y familias que reconstruyen estabilidad después de la encarcelación en condado de Grayson. Lleve prueba de identidad, ingresos y documentos de liberación o residencia al solicitar en una oficina del condado o portal en línea. Contacte este recurso para confirmar pasos de admisión, documentos requeridos y si aceptan visitas sin cita o referencias.",P.O. Box 434,Independence,(276) 773-2452,,http://www.graysoncountydss.org/,"Residents of Grayson County meeting income and household-size requirements for SNAP, Medicaid, and TANF; criminal record generally not a barrier.","Residentes del condado de Grayson que cumplan requisitos de ingresos y tamaño de hogar para SNAP, Medicaid y TANF; los antecedentes penales generalmente no son barrera.","Apply online at commonhelp.virginia.gov, call 833-522-5582, or visit the local department of social services.","Solicite en línea en commonhelp.virginia.gov, llame al 833-522-5582 o visite el departamento local de servicios sociales.",Typically Monday–Friday business hours; call ahead,grayson|virginia|benefits|SNAP|Medicaid|DSS|reentry,SNAP enrollment|Medicaid enrollment|Cash assistance (TANF)|Rent and utility assistance|Benefits navigation,Grayson,Grayson,single,accepts_criminal_record
97,Greene County Department of Social Services — Benefits & Family Support,financial-assistance,Ruckersville / Greene County,"Greene County Department of Social Services — Benefits & Family Support serves justice-involved adults and families rebuilding stability after incarceration in Greene County. Greene County Department of Social Services in Ruckersville processes SNAP, Medicaid, TANF, and energy assistance applications for residents of Greene County, including returning citizens reestablishing food and health benefits after release from jail or Virginia Department of Corrections custody. Bring proof of identity, income, and release or residency documents when applying at a county office or online portal. Contact this resource to confirm current intake steps, required documents, and whether walk-ins or referrals are accepted.","Greene County Department of Social Services — Benefits & Family Support sirve a adultos con antecedentes penales y familias que reconstruyen estabilidad después de la encarcelación en condado de Greene. Lleve prueba de identidad, ingresos y documentos de liberación o residencia al solicitar en una oficina del condado o portal en línea. Contacte este recurso para confirmar pasos de admisión, documentos requeridos y si aceptan visitas sin cita o referencias.","8767 Seminole Trail, Suite 201",Ruckersville,(434) 985-5246,,http://www.greenecountyva.gov/189/Social-Services,"Residents of Greene County meeting income and household-size requirements for SNAP, Medicaid, and TANF; criminal record generally not a barrier.","Residentes del condado de Greene que cumplan requisitos de ingresos y tamaño de hogar para SNAP, Medicaid y TANF; los antecedentes penales generalmente no son barrera.","Apply online at commonhelp.virginia.gov, call 833-522-5582, or visit the local department of social services.","Solicite en línea en commonhelp.virginia.gov, llame al 833-522-5582 o visite el departamento local de servicios sociales.",Typically Monday–Friday business hours; call ahead,greene|virginia|benefits|SNAP|Medicaid|DSS|reentry,SNAP enrollment|Medicaid enrollment|Cash assistance (TANF)|Rent and utility assistance|Benefits navigation,Greene,Greene,single,accepts_criminal_record
98,Greensville/Emporia Department of Social Services — Benefits & Family Support,financial-assistance,Emporia / Greensville County,"Greensville/Emporia Department of Social Services — Benefits & Family Support serves justice-involved adults and families rebuilding stability after incarceration in Greensville, and Emporia counties. Greensville/Emporia Department of Social Services in Emporia processes SNAP, Medicaid, TANF, and energy assistance applications for residents of Greensville County and the City of Emporia, including returning citizens reestablishing food and health benefits after release from jail or Virginia Department of Corrections custody. Bring proof of identity, income, and release or residency documents when applying at a county office or online portal. Contact this resource to confirm current intake steps, required documents, and whether walk-ins or referrals are accepted.","Greensville/Emporia Department of Social Services — Benefits & Family Support sirve a adultos con antecedentes penales y familias que reconstruyen estabilidad después de la encarcelación en los condados Greensville y Emporia. Lleve prueba de identidad, ingresos y documentos de liberación o residencia al solicitar en una oficina del condado o portal en línea. Contacte este recurso para confirmar pasos de admisión, documentos requeridos y si aceptan visitas sin cita o referencias.",1100 Greensville County Circle,Emporia,(434) 634-6576,,http://www.greensvillecountyva.gov/departments/outside_agencies/social_services.php,"Residents of Greensville County and the City of Emporia meeting income and household-size requirements for SNAP, Medicaid, and TANF; criminal record generally not a barrier.","Residentes del condado de Greensville y la ciudad de Emporia que cumplan requisitos de ingresos y tamaño de hogar para SNAP, Medicaid y TANF; los antecedentes penales generalmente no son barrera.","Apply online at commonhelp.virginia.gov, call 833-522-5582, or visit the local department of social services.","Solicite en línea en commonhelp.virginia.gov, llame al 833-522-5582 o visite el departamento local de servicios sociales.",Typically Monday–Friday business hours; call ahead,greensville|virginia|benefits|SNAP|Medicaid|DSS|reentry,SNAP enrollment|Medicaid enrollment|Cash assistance (TANF)|Rent and utility assistance|Benefits navigation,Greensville,Greensville|Emporia,multi,accepts_criminal_record
99,Halifax County Department of Social Services — Benefits & Family Support,financial-assistance,Halifax / Halifax County,"Halifax County Department of Social Services — Benefits & Family Support serves justice-involved adults and families rebuilding stability after incarceration in Halifax County. Halifax County Department of Social Services in Halifax processes SNAP, Medicaid, TANF, and energy assistance applications for residents of Halifax County, including returning citizens reestablishing food and health benefits after release from jail or Virginia Department of Corrections custody. Bring proof of identity, income, and release or residency documents when applying at a county office or online portal. Contact this resource to confirm current intake steps, required documents, and whether walk-ins or referrals are accepted.","Halifax County Department of Social Services — Benefits & Family Support sirve a adultos con antecedentes penales y familias que reconstruyen estabilidad después de la encarcelación en condado de Halifax. Lleve prueba de identidad, ingresos y documentos de liberación o residencia al solicitar en una oficina del condado o portal en línea. Contacte este recurso para confirmar pasos de admisión, documentos requeridos y si aceptan visitas sin cita o referencias.",P. O. Box 1189,Halifax,(434) 476-6594,,http://www.halifaxcountyva.gov/201/Social-Services,"Residents of Halifax County meeting income and household-size requirements for SNAP, Medicaid, and TANF; criminal record generally not a barrier.","Residentes del condado de Halifax que cumplan requisitos de ingresos y tamaño de hogar para SNAP, Medicaid y TANF; los antecedentes penales generalmente no son barrera.","Apply online at commonhelp.virginia.gov, call 833-522-5582, or visit the local department of social services.","Solicite en línea en commonhelp.virginia.gov, llame al 833-522-5582 o visite el departamento local de servicios sociales.",Typically Monday–Friday business hours; call ahead,halifax|virginia|benefits|SNAP|Medicaid|DSS|reentry,SNAP enrollment|Medicaid enrollment|Cash assistance (TANF)|Rent and utility assistance|Benefits navigation,Halifax,Halifax,single,accepts_criminal_record
100,Hampton Human Services — Benefits & Family Support,financial-assistance,Hampton / City of Hampton,"Hampton Human Services — Benefits & Family Support serves justice-involved adults and families rebuilding stability after incarceration in Hampton County. Hampton Human Services in Hampton processes SNAP, Medicaid, TANF, and energy assistance applications for residents of the City of Hampton, including returning citizens reestablishing food and health benefits after release from jail or Virginia Department of Corrections custody. Bring proof of identity, income, and release or residency documents when applying at a county office or online portal. Contact this resource to confirm current intake steps, required documents, and whether walk-ins or referrals are accepted.","Hampton Human Services — Benefits & Family Support sirve a adultos con antecedentes penales y familias que reconstruyen estabilidad después de la encarcelación en condado de Hampton. Lleve prueba de identidad, ingresos y documentos de liberación o residencia al solicitar en una oficina del condado o portal en línea. Contacte este recurso para confirmar pasos de admisión, documentos requeridos y si aceptan visitas sin cita o referencias.","400 Butler Farm Road, Suite 200",Hampton,(757) 727-1800,,http://hampton.gov/269/Human-Services,"Residents of the City of Hampton meeting income and household-size requirements for SNAP, Medicaid, and TANF; criminal record generally not a barrier.","Residentes de la ciudad de Hampton que cumplan requisitos de ingresos y tamaño de hogar para SNAP, Medicaid y TANF; los antecedentes penales generalmente no son barrera.","Apply online at commonhelp.virginia.gov, call 833-522-5582, or visit the local department of social services.","Solicite en línea en commonhelp.virginia.gov, llame al 833-522-5582 o visite el departamento local de servicios sociales.",Typically Monday–Friday business hours; call ahead,hampton|virginia|benefits|SNAP|Medicaid|DSS|reentry,SNAP enrollment|Medicaid enrollment|Cash assistance (TANF)|Rent and utility assistance|Benefits navigation,Hampton,Hampton,single,accepts_criminal_record
101,Hanover County Department of Social Services — Benefits & Family Support,financial-assistance,Ashland / Hanover County,"Hanover County Department of Social Services — Benefits & Family Support serves justice-involved adults and families rebuilding stability after incarceration in Hanover County. Hanover County Department of Social Services in Ashland processes SNAP, Medicaid, TANF, and energy assistance applications for residents of Hanover County, including returning citizens reestablishing food and health benefits after release from jail or Virginia Department of Corrections custody. Bring proof of identity, income, and release or residency documents when applying at a county office or online portal. Contact this resource to confirm current intake steps, required documents, and whether walk-ins or referrals are accepted.","Hanover County Department of Social Services — Benefits & Family Support sirve a adultos con antecedentes penales y familias que reconstruyen estabilidad después de la encarcelación en condado de Hanover. Lleve prueba de identidad, ingresos y documentos de liberación o residencia al solicitar en una oficina del condado o portal en línea. Contacte este recurso para confirmar pasos de admisión, documentos requeridos y si aceptan visitas sin cita o referencias.",12304 S. Washington Highway,Ashland,(804) 365-4100,,http://www.hanovercounty.gov/Social-Services/881/,"Residents of Hanover County meeting income and household-size requirements for SNAP, Medicaid, and TANF; criminal record generally not a barrier.","Residentes del condado de Hanover que cumplan requisitos de ingresos y tamaño de hogar para SNAP, Medicaid y TANF; los antecedentes penales generalmente no son barrera.","Apply online at commonhelp.virginia.gov, call 833-522-5582, or visit the local department of social services.","Solicite en línea en commonhelp.virginia.gov, llame al 833-522-5582 o visite el departamento local de servicios sociales.",Typically Monday–Friday business hours; call ahead,hanover|virginia|benefits|SNAP|Medicaid|DSS|reentry,SNAP enrollment|Medicaid enrollment|Cash assistance (TANF)|Rent and utility assistance|Benefits navigation,Hanover,Hanover,single,accepts_criminal_record
102,Harrisonburg-Rockingham Dept. of Social Services — Benefits & Family Support,financial-assistance,Harrisonburg / City of Harrisonburg,"Harrisonburg-Rockingham Dept. of Social Services — Benefits & Family Support serves justice-involved adults and families rebuilding stability after incarceration in Harrisonburg, and Rockingham counties. Harrisonburg-Rockingham Dept. of Social Services in Harrisonburg processes SNAP, Medicaid, TANF, and energy assistance applications for residents of the City of Harrisonburg and Rockingham County, including returning citizens reestablishing food and health benefits after release from jail or Virginia Department of Corrections custody. Bring proof of identity, income, and release or residency documents when applying at a county office or online portal. Contact this resource to confirm current intake steps, required documents, and whether walk-ins or referrals are accepted.","Harrisonburg-Rockingham Dept. of Social Services — Benefits & Family Support sirve a adultos con antecedentes penales y familias que reconstruyen estabilidad después de la encarcelación en los condados Harrisonburg y Rockingham. Lleve prueba de identidad, ingresos y documentos de liberación o residencia al solicitar en una oficina del condado o portal en línea. Contacte este recurso para confirmar pasos de admisión, documentos requeridos y si aceptan visitas sin cita o referencias.",P.O. Box 809,Harrisonburg,(540) 574-5100,,http://www.rockinghamcountyva.gov/index.aspx?nid=206,"Residents of the City of Harrisonburg and Rockingham County meeting income and household-size requirements for SNAP, Medicaid, and TANF; criminal record generally not a barrier.","Residentes de la ciudad de Harrisonburg y el condado de Rockingham que cumplan requisitos de ingresos y tamaño de hogar para SNAP, Medicaid y TANF; los antecedentes penales generalmente no son barrera.","Apply online at commonhelp.virginia.gov, call 833-522-5582, or visit the local department of social services.","Solicite en línea en commonhelp.virginia.gov, llame al 833-522-5582 o visite el departamento local de servicios sociales.",Typically Monday–Friday business hours; call ahead,harrisonburg|virginia|benefits|SNAP|Medicaid|DSS|reentry,SNAP enrollment|Medicaid enrollment|Cash assistance (TANF)|Rent and utility assistance|Benefits navigation,Harrisonburg,Harrisonburg|Rockingham,multi,accepts_criminal_record
103,Henrico County Department of Social Services — Benefits & Family Support,financial-assistance,Henrico / Henrico County,"Henrico County Department of Social Services — Benefits & Family Support serves justice-involved adults and families rebuilding stability after incarceration in Henrico County. Henrico County Department of Social Services in Henrico processes SNAP, Medicaid, TANF, and energy assistance applications for residents of Henrico County, including returning citizens reestablishing food and health benefits after release from jail or Virginia Department of Corrections custody. Bring proof of identity, income, and release or residency documents when applying at a county office or online portal. Contact this resource to confirm current intake steps, required documents, and whether walk-ins or referrals are accepted.","Henrico County Department of Social Services — Benefits & Family Support sirve a adultos con antecedentes penales y familias que reconstruyen estabilidad después de la encarcelación en condado de Henrico. Lleve prueba de identidad, ingresos y documentos de liberación o residencia al solicitar en una oficina del condado o portal en línea. Contacte este recurso para confirmar pasos de admisión, documentos requeridos y si aceptan visitas sin cita o referencias.",P.O. Box 90775,Henrico,(804) 501-4001,,http://henrico.us/dss/,"Residents of Henrico County meeting income and household-size requirements for SNAP, Medicaid, and TANF; criminal record generally not a barrier.","Residentes del condado de Henrico que cumplan requisitos de ingresos y tamaño de hogar para SNAP, Medicaid y TANF; los antecedentes penales generalmente no son barrera.","Apply online at commonhelp.virginia.gov, call 833-522-5582, or visit the local department of social services.","Solicite en línea en commonhelp.virginia.gov, llame al 833-522-5582 o visite el departamento local de servicios sociales.",Typically Monday–Friday business hours; call ahead,henrico|virginia|benefits|SNAP|Medicaid|DSS|reentry,SNAP enrollment|Medicaid enrollment|Cash assistance (TANF)|Rent and utility assistance|Benefits navigation,Henrico,Henrico,single,accepts_criminal_record
104,Henry-Martinsville Department of Social Services — Benefits & Family Support,financial-assistance,Martinsville / Henry County,"Henry-Martinsville Department of Social Services — Benefits & Family Support serves justice-involved adults and families rebuilding stability after incarceration in Henry, and Martinsville counties. Henry-Martinsville Department of Social Services in Martinsville processes SNAP, Medicaid, TANF, and energy assistance applications for residents of Henry County and the City of Martinsville, including returning citizens reestablishing food and health benefits after release from jail or Virginia Department of Corrections custody. Bring proof of identity, income, and release or residency documents when applying at a county office or online portal. Contact this resource to confirm current intake steps, required documents, and whether walk-ins or referrals are accepted.","Henry-Martinsville Department of Social Services — Benefits & Family Support sirve a adultos con antecedentes penales y familias que reconstruyen estabilidad después de la encarcelación en los condados Henry y Martinsville. Lleve prueba de identidad, ingresos y documentos de liberación o residencia al solicitar en una oficina del condado o portal en línea. Contacte este recurso para confirmar pasos de admisión, documentos requeridos y si aceptan visitas sin cita o referencias.",P.O. Drawer 4946,Martinsville,(276) 656-4300,,http://www.henrycountyva.gov/248/Social-Services,"Residents of Henry County and the City of Martinsville meeting income and household-size requirements for SNAP, Medicaid, and TANF; criminal record generally not a barrier.","Residentes del condado de Henry y la ciudad de Martinsville que cumplan requisitos de ingresos y tamaño de hogar para SNAP, Medicaid y TANF; los antecedentes penales generalmente no son barrera.","Apply online at commonhelp.virginia.gov, call 833-522-5582, or visit the local department of social services.","Solicite en línea en commonhelp.virginia.gov, llame al 833-522-5582 o visite el departamento local de servicios sociales.",Typically Monday–Friday business hours; call ahead,henry|virginia|benefits|SNAP|Medicaid|DSS|reentry,SNAP enrollment|Medicaid enrollment|Cash assistance (TANF)|Rent and utility assistance|Benefits navigation,Henry,Henry|Martinsville,multi,accepts_criminal_record
105,Highland County Department of Social Services — Benefits & Family Support,financial-assistance,Monterey / Highland County,"Highland County Department of Social Services — Benefits & Family Support serves justice-involved adults and families rebuilding stability after incarceration in Highland County. Highland County Department of Social Services in Monterey processes SNAP, Medicaid, TANF, and energy assistance applications for residents of Highland County, including returning citizens reestablishing food and health benefits after release from jail or Virginia Department of Corrections custody. Bring proof of identity, income, and release or residency documents when applying at a county office or online portal. Contact this resource to confirm current intake steps, required documents, and whether walk-ins or referrals are accepted.","Highland County Department of Social Services — Benefits & Family Support sirve a adultos con antecedentes penales y familias que reconstruyen estabilidad después de la encarcelación en condado de Highland. Lleve prueba de identidad, ingresos y documentos de liberación o residencia al solicitar en una oficina del condado o portal en línea. Contacte este recurso para confirmar pasos de admisión, documentos requeridos y si aceptan visitas sin cita o referencias.",P.O. Box 247,Monterey,(540) 468-2199,,http://www.highlandcova.org/highland-county-department-social-services,"Residents of Highland County meeting income and household-size requirements for SNAP, Medicaid, and TANF; criminal record generally not a barrier.","Residentes del condado de Highland que cumplan requisitos de ingresos y tamaño de hogar para SNAP, Medicaid y TANF; los antecedentes penales generalmente no son barrera.","Apply online at commonhelp.virginia.gov, call 833-522-5582, or visit the local department of social services.","Solicite en línea en commonhelp.virginia.gov, llame al 833-522-5582 o visite el departamento local de servicios sociales.",Typically Monday–Friday business hours; call ahead,highland|virginia|benefits|SNAP|Medicaid|DSS|reentry,SNAP enrollment|Medicaid enrollment|Cash assistance (TANF)|Rent and utility assistance|Benefits navigation,Highland,Highland,single,accepts_criminal_record
106,Hopewell Department of Social Services — Benefits & Family Support,financial-assistance,Hopewell / City of Hopewell,"Hopewell Department of Social Services — Benefits & Family Support serves justice-involved adults and families rebuilding stability after incarceration in Hopewell County. Hopewell Department of Social Services in Hopewell processes SNAP, Medicaid, TANF, and energy assistance applications for residents of the City of Hopewell, including returning citizens reestablishing food and health benefits after release from jail or Virginia Department of Corrections custody. Bring proof of identity, income, and release or residency documents when applying at a county office or online portal. Contact this resource to confirm current intake steps, required documents, and whether walk-ins or referrals are accepted.","Hopewell Department of Social Services — Benefits & Family Support sirve a adultos con antecedentes penales y familias que reconstruyen estabilidad después de la encarcelación en condado de Hopewell. Lleve prueba de identidad, ingresos y documentos de liberación o residencia al solicitar en una oficina del condado o portal en línea. Contacte este recurso para confirmar pasos de admisión, documentos requeridos y si aceptan visitas sin cita o referencias.",316 E. Cawson Street,Hopewell,(804) 541-2330,,http://hopewellva.gov/257/Social-Services,"Residents of the City of Hopewell meeting income and household-size requirements for SNAP, Medicaid, and TANF; criminal record generally not a barrier.","Residentes de la ciudad de Hopewell que cumplan requisitos de ingresos y tamaño de hogar para SNAP, Medicaid y TANF; los antecedentes penales generalmente no son barrera.","Apply online at commonhelp.virginia.gov, call 833-522-5582, or visit the local department of social services.","Solicite en línea en commonhelp.virginia.gov, llame al 833-522-5582 o visite el departamento local de servicios sociales.",Typically Monday–Friday business hours; call ahead,hopewell|virginia|benefits|SNAP|Medicaid|DSS|reentry,SNAP enrollment|Medicaid enrollment|Cash assistance (TANF)|Rent and utility assistance|Benefits navigation,Hopewell,Hopewell,single,accepts_criminal_record
107,Isle of Wight Department of Social Services — Benefits & Family Support,financial-assistance,Isle of Wight / Isle of Wight County,"Isle of Wight Department of Social Services — Benefits & Family Support serves justice-involved adults and families rebuilding stability after incarceration in Isle of Wight County. Isle of Wight Department of Social Services in Isle of Wight processes SNAP, Medicaid, TANF, and energy assistance applications for residents of Isle of Wight County, including returning citizens reestablishing food and health benefits after release from jail or Virginia Department of Corrections custody. Bring proof of identity, income, and release or residency documents when applying at a county office or online portal. Contact this resource to confirm current intake steps, required documents, and whether walk-ins or referrals are accepted.","Isle of Wight Department of Social Services — Benefits & Family Support sirve a adultos con antecedentes penales y familias que reconstruyen estabilidad después de la encarcelación en condado de Isle of Wight. Lleve prueba de identidad, ingresos y documentos de liberación o residencia al solicitar en una oficina del condado o portal en línea. Contacte este recurso para confirmar pasos de admisión, documentos requeridos y si aceptan visitas sin cita o referencias.",PO Box 102,Isle of Wight,(757) 365-0880,,http://www.iowdss.com,"Residents of Isle of Wight County meeting income and household-size requirements for SNAP, Medicaid, and TANF; criminal record generally not a barrier.","Residentes del condado de Isle of Wight que cumplan requisitos de ingresos y tamaño de hogar para SNAP, Medicaid y TANF; los antecedentes penales generalmente no son barrera.","Apply online at commonhelp.virginia.gov, call 833-522-5582, or visit the local department of social services.","Solicite en línea en commonhelp.virginia.gov, llame al 833-522-5582 o visite el departamento local de servicios sociales.",Typically Monday–Friday business hours; call ahead,isle of wight|virginia|benefits|SNAP|Medicaid|DSS|reentry,SNAP enrollment|Medicaid enrollment|Cash assistance (TANF)|Rent and utility assistance|Benefits navigation,Isle of Wight,Isle of Wight,single,accepts_criminal_record
108,James City County Department of Social Services — Benefits & Family Support,financial-assistance,Williamsburg / James City County,"James City County Department of Social Services — Benefits & Family Support serves justice-involved adults and families rebuilding stability after incarceration in James City County. James City County Department of Social Services in Williamsburg processes SNAP, Medicaid, TANF, and energy assistance applications for residents of James City County, including returning citizens reestablishing food and health benefits after release from jail or Virginia Department of Corrections custody. Bring proof of identity, income, and release or residency documents when applying at a county office or online portal. Contact this resource to confirm current intake steps, required documents, and whether walk-ins or referrals are accepted.","James City County Department of Social Services — Benefits & Family Support sirve a adultos con antecedentes penales y familias que reconstruyen estabilidad después de la encarcelación en condado de James City. Lleve prueba de identidad, ingresos y documentos de liberación o residencia al solicitar en una oficina del condado o portal en línea. Contacte este recurso para confirmar pasos de admisión, documentos requeridos y si aceptan visitas sin cita o referencias.",5249 Old Towne Road,Williamsburg,(757) 259-3100,,http://www.jamescitycountyva.gov/290/Social-Services,"Residents of James City County meeting income and household-size requirements for SNAP, Medicaid, and TANF; criminal record generally not a barrier.","Residentes del condado de James City que cumplan requisitos de ingresos y tamaño de hogar para SNAP, Medicaid y TANF; los antecedentes penales generalmente no son barrera.","Apply online at commonhelp.virginia.gov, call 833-522-5582, or visit the local department of social services.","Solicite en línea en commonhelp.virginia.gov, llame al 833-522-5582 o visite el departamento local de servicios sociales.",Typically Monday–Friday business hours; call ahead,james city|virginia|benefits|SNAP|Medicaid|DSS|reentry,SNAP enrollment|Medicaid enrollment|Cash assistance (TANF)|Rent and utility assistance|Benefits navigation,James City,James City,single,accepts_criminal_record
109,King and Queen Department of Social Services — Benefits & Family Support,financial-assistance,King and Queen Courthouse / King and Queen County,"King and Queen Department of Social Services — Benefits & Family Support serves justice-involved adults and families rebuilding stability after incarceration in King and Queen County. King and Queen Department of Social Services in King and Queen Courthouse processes SNAP, Medicaid, TANF, and energy assistance applications for residents of King and Queen County, including returning citizens reestablishing food and health benefits after release from jail or Virginia Department of Corrections custody. Bring proof of identity, income, and release or residency documents when applying at a county office or online portal. Contact this resource to confirm current intake steps, required documents, and whether walk-ins or referrals are accepted.","King and Queen Department of Social Services — Benefits & Family Support sirve a adultos con antecedentes penales y familias que reconstruyen estabilidad después de la encarcelación en condado de King and Queen. Lleve prueba de identidad, ingresos y documentos de liberación o residencia al solicitar en una oficina del condado o portal en línea. Contacte este recurso para confirmar pasos de admisión, documentos requeridos y si aceptan visitas sin cita o referencias.","242 Allen Circle, P.O. Box 7",King and Queen Courthouse,(804) 769-5003,,http://www.kingandqueenco.net/html/Govt/socser.html,"Residents of King and Queen County meeting income and household-size requirements for SNAP, Medicaid, and TANF; criminal record generally not a barrier.","Residentes del condado de King and Queen que cumplan requisitos de ingresos y tamaño de hogar para SNAP, Medicaid y TANF; los antecedentes penales generalmente no son barrera.","Apply online at commonhelp.virginia.gov, call 833-522-5582, or visit the local department of social services.","Solicite en línea en commonhelp.virginia.gov, llame al 833-522-5582 o visite el departamento local de servicios sociales.",Typically Monday–Friday business hours; call ahead,king and queen|virginia|benefits|SNAP|Medicaid|DSS|reentry,SNAP enrollment|Medicaid enrollment|Cash assistance (TANF)|Rent and utility assistance|Benefits navigation,King and Queen,King and Queen,single,accepts_criminal_record
110,King George Department of Social Services — Benefits & Family Support,financial-assistance,King George / King George County,"King George Department of Social Services — Benefits & Family Support serves justice-involved adults and families rebuilding stability after incarceration in King George County. King George Department of Social Services in King George processes SNAP, Medicaid, TANF, and energy assistance applications for residents of King George County, including returning citizens reestablishing food and health benefits after release from jail or Virginia Department of Corrections custody. Bring proof of identity, income, and release or residency documents when applying at a county office or online portal. Contact this resource to confirm current intake steps, required documents, and whether walk-ins or referrals are accepted.","King George Department of Social Services — Benefits & Family Support sirve a adultos con antecedentes penales y familias que reconstruyen estabilidad después de la encarcelación en condado de King George. Lleve prueba de identidad, ingresos y documentos de liberación o residencia al solicitar en una oficina del condado o portal en línea. Contacte este recurso para confirmar pasos de admisión, documentos requeridos y si aceptan visitas sin cita o referencias.",P.O. Box 130,King George,(540) 775-3544,,http://www.kinggeorgecountyva.gov/222/Social-Services,"Residents of King George County meeting income and household-size requirements for SNAP, Medicaid, and TANF; criminal record generally not a barrier.","Residentes del condado de King George que cumplan requisitos de ingresos y tamaño de hogar para SNAP, Medicaid y TANF; los antecedentes penales generalmente no son barrera.","Apply online at commonhelp.virginia.gov, call 833-522-5582, or visit the local department of social services.","Solicite en línea en commonhelp.virginia.gov, llame al 833-522-5582 o visite el departamento local de servicios sociales.",Typically Monday–Friday business hours; call ahead,king george|virginia|benefits|SNAP|Medicaid|DSS|reentry,SNAP enrollment|Medicaid enrollment|Cash assistance (TANF)|Rent and utility assistance|Benefits navigation,King George,King George,single,accepts_criminal_record
111,King William Department of Social Services — Benefits & Family Support,financial-assistance,King William / King William County,"King William Department of Social Services — Benefits & Family Support serves justice-involved adults and families rebuilding stability after incarceration in King William County. King William Department of Social Services in King William processes SNAP, Medicaid, TANF, and energy assistance applications for residents of King William County, including returning citizens reestablishing food and health benefits after release from jail or Virginia Department of Corrections custody. Bring proof of identity, income, and release or residency documents when applying at a county office or online portal. Contact this resource to confirm current intake steps, required documents, and whether walk-ins or referrals are accepted.","King William Department of Social Services — Benefits & Family Support sirve a adultos con antecedentes penales y familias que reconstruyen estabilidad después de la encarcelación en condado de King William. Lleve prueba de identidad, ingresos y documentos de liberación o residencia al solicitar en una oficina del condado o portal en línea. Contacte este recurso para confirmar pasos de admisión, documentos requeridos y si aceptan visitas sin cita o referencias.",P.O. Box 187,King William,(804) 769-4905,,http://www.kingwilliamcounty.us/245/Social-Services,"Residents of King William County meeting income and household-size requirements for SNAP, Medicaid, and TANF; criminal record generally not a barrier.","Residentes del condado de King William que cumplan requisitos de ingresos y tamaño de hogar para SNAP, Medicaid y TANF; los antecedentes penales generalmente no son barrera.","Apply online at commonhelp.virginia.gov, call 833-522-5582, or visit the local department of social services.","Solicite en línea en commonhelp.virginia.gov, llame al 833-522-5582 o visite el departamento local de servicios sociales.",Typically Monday–Friday business hours; call ahead,king william|virginia|benefits|SNAP|Medicaid|DSS|reentry,SNAP enrollment|Medicaid enrollment|Cash assistance (TANF)|Rent and utility assistance|Benefits navigation,King William,King William,single,accepts_criminal_record
112,Lancaster County Department of Social Services — Benefits & Family Support,financial-assistance,Lancaster / Lancaster County,"Lancaster County Department of Social Services — Benefits & Family Support serves justice-involved adults and families rebuilding stability after incarceration in Lancaster County. Lancaster County Department of Social Services in Lancaster processes SNAP, Medicaid, TANF, and energy assistance applications for residents of Lancaster County, including returning citizens reestablishing food and health benefits after release from jail or Virginia Department of Corrections custody. Bring proof of identity, income, and release or residency documents when applying at a county office or online portal. Contact this resource to confirm current intake steps, required documents, and whether walk-ins or referrals are accepted.","Lancaster County Department of Social Services — Benefits & Family Support sirve a adultos con antecedentes penales y familias que reconstruyen estabilidad después de la encarcelación en condado de Lancaster. Lleve prueba de identidad, ingresos y documentos de liberación o residencia al solicitar en una oficina del condado o portal en línea. Contacte este recurso para confirmar pasos de admisión, documentos requeridos y si aceptan visitas sin cita o referencias.",P.O. Box 308,Lancaster,(804) 462-5141,,http://www.lancova.com/page1.asp?pageID=111,"Residents of Lancaster County meeting income and household-size requirements for SNAP, Medicaid, and TANF; criminal record generally not a barrier.","Residentes del condado de Lancaster que cumplan requisitos de ingresos y tamaño de hogar para SNAP, Medicaid y TANF; los antecedentes penales generalmente no son barrera.","Apply online at commonhelp.virginia.gov, call 833-522-5582, or visit the local department of social services.","Solicite en línea en commonhelp.virginia.gov, llame al 833-522-5582 o visite el departamento local de servicios sociales.",Typically Monday–Friday business hours; call ahead,lancaster|virginia|benefits|SNAP|Medicaid|DSS|reentry,SNAP enrollment|Medicaid enrollment|Cash assistance (TANF)|Rent and utility assistance|Benefits navigation,Lancaster,Lancaster,single,accepts_criminal_record
113,Lee County Department of Social Services — Benefits & Family Support,financial-assistance,Jonesville / Lee County,"Lee County Department of Social Services — Benefits & Family Support serves justice-involved adults and families rebuilding stability after incarceration in Lee County. Lee County Department of Social Services in Jonesville processes SNAP, Medicaid, TANF, and energy assistance applications for residents of Lee County, including returning citizens reestablishing food and health benefits after release from jail or Virginia Department of Corrections custody. Bring proof of identity, income, and release or residency documents when applying at a county office or online portal. Contact this resource to confirm current intake steps, required documents, and whether walk-ins or referrals are accepted.","Lee County Department of Social Services — Benefits & Family Support sirve a adultos con antecedentes penales y familias que reconstruyen estabilidad después de la encarcelación en condado de Lee. Lleve prueba de identidad, ingresos y documentos de liberación o residencia al solicitar en una oficina del condado o portal en línea. Contacte este recurso para confirmar pasos de admisión, documentos requeridos y si aceptan visitas sin cita o referencias.",P.O. Box 348,Jonesville,(276) 346-1010,,http://www.leecountydss.com/,"Residents of Lee County meeting income and household-size requirements for SNAP, Medicaid, and TANF; criminal record generally not a barrier.","Residentes del condado de Lee que cumplan requisitos de ingresos y tamaño de hogar para SNAP, Medicaid y TANF; los antecedentes penales generalmente no son barrera.","Apply online at commonhelp.virginia.gov, call 833-522-5582, or visit the local department of social services.","Solicite en línea en commonhelp.virginia.gov, llame al 833-522-5582 o visite el departamento local de servicios sociales.",Typically Monday–Friday business hours; call ahead,lee|virginia|benefits|SNAP|Medicaid|DSS|reentry,SNAP enrollment|Medicaid enrollment|Cash assistance (TANF)|Rent and utility assistance|Benefits navigation,Lee,Lee,single,accepts_criminal_record
114,Loudoun County Department of Family Services — Benefits & Family Support,financial-assistance,Leesburg / Loudoun County,"Loudoun County Department of Family Services — Benefits & Family Support serves justice-involved adults and families rebuilding stability after incarceration in Loudoun County. Loudoun County Department of Family Services in Leesburg processes SNAP, Medicaid, TANF, and energy assistance applications for residents of Loudoun County, including returning citizens reestablishing food and health benefits after release from jail or Virginia Department of Corrections custody. Bring proof of identity, income, and release or residency documents when applying at a county office or online portal. Contact this resource to confirm current intake steps, required documents, and whether walk-ins or referrals are accepted.","Loudoun County Department of Family Services — Benefits & Family Support sirve a adultos con antecedentes penales y familias que reconstruyen estabilidad después de la encarcelación en condado de Loudoun. Lleve prueba de identidad, ingresos y documentos de liberación o residencia al solicitar en una oficina del condado o portal en línea. Contacte este recurso para confirmar pasos de admisión, documentos requeridos y si aceptan visitas sin cita o referencias.",PO Box 7400,Leesburg,(703) 777-0353,,http://www.loudoun.gov/107/Family-Services,"Residents of Loudoun County meeting income and household-size requirements for SNAP, Medicaid, and TANF; criminal record generally not a barrier.","Residentes del condado de Loudoun que cumplan requisitos de ingresos y tamaño de hogar para SNAP, Medicaid y TANF; los antecedentes penales generalmente no son barrera.","Apply online at commonhelp.virginia.gov, call 833-522-5582, or visit the local department of social services.","Solicite en línea en commonhelp.virginia.gov, llame al 833-522-5582 o visite el departamento local de servicios sociales.",Typically Monday–Friday business hours; call ahead,loudoun|virginia|benefits|SNAP|Medicaid|DSS|reentry,SNAP enrollment|Medicaid enrollment|Cash assistance (TANF)|Rent and utility assistance|Benefits navigation,Loudoun,Loudoun,single,accepts_criminal_record
115,Louisa County Department of Human Services — Benefits & Family Support,financial-assistance,Louisa / Louisa County,"Louisa County Department of Human Services — Benefits & Family Support serves justice-involved adults and families rebuilding stability after incarceration in Louisa County. Louisa County Department of Human Services in Louisa processes SNAP, Medicaid, TANF, and energy assistance applications for residents of Louisa County, including returning citizens reestablishing food and health benefits after release from jail or Virginia Department of Corrections custody. Bring proof of identity, income, and release or residency documents when applying at a county office or online portal. Contact this resource to confirm current intake steps, required documents, and whether walk-ins or referrals are accepted.","Louisa County Department of Human Services — Benefits & Family Support sirve a adultos con antecedentes penales y familias que reconstruyen estabilidad después de la encarcelación en condado de Louisa. Lleve prueba de identidad, ingresos y documentos de liberación o residencia al solicitar en una oficina del condado o portal en línea. Contacte este recurso para confirmar pasos de admisión, documentos requeridos y si aceptan visitas sin cita o referencias.",PO Box 425,Louisa,(540) 967-1320,,http://www.louisacounty.com/238/Human-Services,"Residents of Louisa County meeting income and household-size requirements for SNAP, Medicaid, and TANF; criminal record generally not a barrier.","Residentes del condado de Louisa que cumplan requisitos de ingresos y tamaño de hogar para SNAP, Medicaid y TANF; los antecedentes penales generalmente no son barrera.","Apply online at commonhelp.virginia.gov, call 833-522-5582, or visit the local department of social services.","Solicite en línea en commonhelp.virginia.gov, llame al 833-522-5582 o visite el departamento local de servicios sociales.",Typically Monday–Friday business hours; call ahead,louisa|virginia|benefits|SNAP|Medicaid|DSS|reentry,SNAP enrollment|Medicaid enrollment|Cash assistance (TANF)|Rent and utility assistance|Benefits navigation,Louisa,Louisa,single,accepts_criminal_record
116,Lunenburg County Department of Social Services — Benefits & Family Support,financial-assistance,Lunenburg / Lunenburg County,"Lunenburg County Department of Social Services — Benefits & Family Support serves justice-involved adults and families rebuilding stability after incarceration in Lunenburg County. Lunenburg County Department of Social Services in Lunenburg processes SNAP, Medicaid, TANF, and energy assistance applications for residents of Lunenburg County, including returning citizens reestablishing food and health benefits after release from jail or Virginia Department of Corrections custody. Bring proof of identity, income, and release or residency documents when applying at a county office or online portal. Contact this resource to confirm current intake steps, required documents, and whether walk-ins or referrals are accepted.","Lunenburg County Department of Social Services — Benefits & Family Support sirve a adultos con antecedentes penales y familias que reconstruyen estabilidad después de la encarcelación en condado de Lunenburg. Lleve prueba de identidad, ingresos y documentos de liberación o residencia al solicitar en una oficina del condado o portal en línea. Contacte este recurso para confirmar pasos de admisión, documentos requeridos y si aceptan visitas sin cita o referencias.",11387 Courthouse Road,Lunenburg,(434) 696-2134,,http://lunenburgva.gov/services/social_services.php,"Residents of Lunenburg County meeting income and household-size requirements for SNAP, Medicaid, and TANF; criminal record generally not a barrier.","Residentes del condado de Lunenburg que cumplan requisitos de ingresos y tamaño de hogar para SNAP, Medicaid y TANF; los antecedentes penales generalmente no son barrera.","Apply online at commonhelp.virginia.gov, call 833-522-5582, or visit the local department of social services.","Solicite en línea en commonhelp.virginia.gov, llame al 833-522-5582 o visite el departamento local de servicios sociales.",Typically Monday–Friday business hours; call ahead,lunenburg|virginia|benefits|SNAP|Medicaid|DSS|reentry,SNAP enrollment|Medicaid enrollment|Cash assistance (TANF)|Rent and utility assistance|Benefits navigation,Lunenburg,Lunenburg,single,accepts_criminal_record
117,Lynchburg Department of Human Services — Benefits & Family Support,financial-assistance,Lynchburg / City of Lynchburg,"Lynchburg Department of Human Services — Benefits & Family Support serves justice-involved adults and families rebuilding stability after incarceration in Lynchburg County. Lynchburg Department of Human Services in Lynchburg processes SNAP, Medicaid, TANF, and energy assistance applications for residents of the City of Lynchburg, including returning citizens reestablishing food and health benefits after release from jail or Virginia Department of Corrections custody. Bring proof of identity, income, and release or residency documents when applying at a county office or online portal. Contact this resource to confirm current intake steps, required documents, and whether walk-ins or referrals are accepted.","Lynchburg Department of Human Services — Benefits & Family Support sirve a adultos con antecedentes penales y familias que reconstruyen estabilidad después de la encarcelación en condado de Lynchburg. Lleve prueba de identidad, ingresos y documentos de liberación o residencia al solicitar en una oficina del condado o portal en línea. Contacte este recurso para confirmar pasos de admisión, documentos requeridos y si aceptan visitas sin cita o referencias.",P.O. Box 6798,Lynchburg,(434) 455-5850,,http://www.lynchburgva.gov/social-services,"Residents of the City of Lynchburg meeting income and household-size requirements for SNAP, Medicaid, and TANF; criminal record generally not a barrier.","Residentes de la ciudad de Lynchburg que cumplan requisitos de ingresos y tamaño de hogar para SNAP, Medicaid y TANF; los antecedentes penales generalmente no son barrera.","Apply online at commonhelp.virginia.gov, call 833-522-5582, or visit the local department of social services.","Solicite en línea en commonhelp.virginia.gov, llame al 833-522-5582 o visite el departamento local de servicios sociales.",Typically Monday–Friday business hours; call ahead,lynchburg|virginia|benefits|SNAP|Medicaid|DSS|reentry,SNAP enrollment|Medicaid enrollment|Cash assistance (TANF)|Rent and utility assistance|Benefits navigation,Lynchburg,Lynchburg,single,accepts_criminal_record
118,Madison County Department of Social Services — Benefits & Family Support,financial-assistance,Madison / Madison County,"Madison County Department of Social Services — Benefits & Family Support serves justice-involved adults and families rebuilding stability after incarceration in Madison County. Madison County Department of Social Services in Madison processes SNAP, Medicaid, TANF, and energy assistance applications for residents of Madison County, including returning citizens reestablishing food and health benefits after release from jail or Virginia Department of Corrections custody. Bring proof of identity, income, and release or residency documents when applying at a county office or online portal. Contact this resource to confirm current intake steps, required documents, and whether walk-ins or referrals are accepted.","Madison County Department of Social Services — Benefits & Family Support sirve a adultos con antecedentes penales y familias que reconstruyen estabilidad después de la encarcelación en condado de Madison. Lleve prueba de identidad, ingresos y documentos de liberación o residencia al solicitar en una oficina del condado o portal en línea. Contacte este recurso para confirmar pasos de admisión, documentos requeridos y si aceptan visitas sin cita o referencias.",P.O. Box 176,Madison,(540) 948-5521,,http://www.madisonco.virginia.gov/192/Social-Services,"Residents of Madison County meeting income and household-size requirements for SNAP, Medicaid, and TANF; criminal record generally not a barrier.","Residentes del condado de Madison que cumplan requisitos de ingresos y tamaño de hogar para SNAP, Medicaid y TANF; los antecedentes penales generalmente no son barrera.","Apply online at commonhelp.virginia.gov, call 833-522-5582, or visit the local department of social services.","Solicite en línea en commonhelp.virginia.gov, llame al 833-522-5582 o visite el departamento local de servicios sociales.",Typically Monday–Friday business hours; call ahead,madison|virginia|benefits|SNAP|Medicaid|DSS|reentry,SNAP enrollment|Medicaid enrollment|Cash assistance (TANF)|Rent and utility assistance|Benefits navigation,Madison,Madison,single,accepts_criminal_record
119,Manassas City Department of Family Services — Benefits & Family Support,financial-assistance,Manassas / City of Manassas,"Manassas City Department of Family Services — Benefits & Family Support serves justice-involved adults and families rebuilding stability after incarceration in Manassas County. Manassas City Department of Family Services in Manassas processes SNAP, Medicaid, TANF, and energy assistance applications for residents of the City of Manassas, including returning citizens reestablishing food and health benefits after release from jail or Virginia Department of Corrections custody. Bring proof of identity, income, and release or residency documents when applying at a county office or online portal. Contact this resource to confirm current intake steps, required documents, and whether walk-ins or referrals are accepted.","Manassas City Department of Family Services — Benefits & Family Support sirve a adultos con antecedentes penales y familias que reconstruyen estabilidad después de la encarcelación en condado de Manassas. Lleve prueba de identidad, ingresos y documentos de liberación o residencia al solicitar en una oficina del condado o portal en línea. Contacte este recurso para confirmar pasos de admisión, documentos requeridos y si aceptan visitas sin cita o referencias.",9324 West Street,Manassas,(703) 361-8277,,http://www.manassasva.gov/social_services/index.php,"Residents of the City of Manassas meeting income and household-size requirements for SNAP, Medicaid, and TANF; criminal record generally not a barrier.","Residentes de la ciudad de Manassas que cumplan requisitos de ingresos y tamaño de hogar para SNAP, Medicaid y TANF; los antecedentes penales generalmente no son barrera.","Apply online at commonhelp.virginia.gov, call 833-522-5582, or visit the local department of social services.","Solicite en línea en commonhelp.virginia.gov, llame al 833-522-5582 o visite el departamento local de servicios sociales.",Typically Monday–Friday business hours; call ahead,manassas|virginia|benefits|SNAP|Medicaid|DSS|reentry,SNAP enrollment|Medicaid enrollment|Cash assistance (TANF)|Rent and utility assistance|Benefits navigation,Manassas,Manassas,single,accepts_criminal_record
120,Manassas Park Department of Social Services — Benefits & Family Support,financial-assistance,Manassas Park / City of Manassas Park,"Manassas Park Department of Social Services — Benefits & Family Support serves justice-involved adults and families rebuilding stability after incarceration in Manassas Park County. Manassas Park Department of Social Services in Manassas Park processes SNAP, Medicaid, TANF, and energy assistance applications for residents of the City of Manassas Park, including returning citizens reestablishing food and health benefits after release from jail or Virginia Department of Corrections custody. Bring proof of identity, income, and release or residency documents when applying at a county office or online portal. Contact this resource to confirm current intake steps, required documents, and whether walk-ins or referrals are accepted.","Manassas Park Department of Social Services — Benefits & Family Support sirve a adultos con antecedentes penales y familias que reconstruyen estabilidad después de la encarcelación en condado de Manassas Park. Lleve prueba de identidad, ingresos y documentos de liberación o residencia al solicitar en una oficina del condado o portal en línea. Contacte este recurso para confirmar pasos de admisión, documentos requeridos y si aceptan visitas sin cita o referencias.","100 Nadia Street, 2nd Floor",Manassas Park,(703) 335-8880,,http://www.manassasparkva.gov/departments/social_services/services.php,"Residents of the City of Manassas Park meeting income and household-size requirements for SNAP, Medicaid, and TANF; criminal record generally not a barrier.","Residentes de la ciudad de Manassas Park que cumplan requisitos de ingresos y tamaño de hogar para SNAP, Medicaid y TANF; los antecedentes penales generalmente no son barrera.","Apply online at commonhelp.virginia.gov, call 833-522-5582, or visit the local department of social services.","Solicite en línea en commonhelp.virginia.gov, llame al 833-522-5582 o visite el departamento local de servicios sociales.",Typically Monday–Friday business hours; call ahead,manassas park|virginia|benefits|SNAP|Medicaid|DSS|reentry,SNAP enrollment|Medicaid enrollment|Cash assistance (TANF)|Rent and utility assistance|Benefits navigation,Manassas Park,Manassas Park,single,accepts_criminal_record
121,Mathews Department of Social Services — Benefits & Family Support,financial-assistance,Mathews / Mathews County,"Mathews Department of Social Services — Benefits & Family Support serves justice-involved adults and families rebuilding stability after incarceration in Mathews County. Mathews Department of Social Services in Mathews processes SNAP, Medicaid, TANF, and energy assistance applications for residents of Mathews County, including returning citizens reestablishing food and health benefits after release from jail or Virginia Department of Corrections custody. Bring proof of identity, income, and release or residency documents when applying at a county office or online portal. Contact this resource to confirm current intake steps, required documents, and whether walk-ins or referrals are accepted.","Mathews Department of Social Services — Benefits & Family Support sirve a adultos con antecedentes penales y familias que reconstruyen estabilidad después de la encarcelación en condado de Mathews. Lleve prueba de identidad, ingresos y documentos de liberación o residencia al solicitar en una oficina del condado o portal en línea. Contacte este recurso para confirmar pasos de admisión, documentos requeridos y si aceptan visitas sin cita o referencias.",P.O. Box 925,Mathews,(804) 725-7192,,http://www.mathewscountyva.gov/205/Social-Services,"Residents of Mathews County meeting income and household-size requirements for SNAP, Medicaid, and TANF; criminal record generally not a barrier.","Residentes del condado de Mathews que cumplan requisitos de ingresos y tamaño de hogar para SNAP, Medicaid y TANF; los antecedentes penales generalmente no son barrera.","Apply online at commonhelp.virginia.gov, call 833-522-5582, or visit the local department of social services.","Solicite en línea en commonhelp.virginia.gov, llame al 833-522-5582 o visite el departamento local de servicios sociales.",Typically Monday–Friday business hours; call ahead,mathews|virginia|benefits|SNAP|Medicaid|DSS|reentry,SNAP enrollment|Medicaid enrollment|Cash assistance (TANF)|Rent and utility assistance|Benefits navigation,Mathews,Mathews,single,accepts_criminal_record
122,Mecklenburg County Department of Social Services — Benefits & Family Support,financial-assistance,Boydton / Mecklenburg County,"Mecklenburg County Department of Social Services — Benefits & Family Support serves justice-involved adults and families rebuilding stability after incarceration in Mecklenburg County. Mecklenburg County Department of Social Services in Boydton processes SNAP, Medicaid, TANF, and energy assistance applications for residents of Mecklenburg County, including returning citizens reestablishing food and health benefits after release from jail or Virginia Department of Corrections custody. Bring proof of identity, income, and release or residency documents when applying at a county office or online portal. Contact this resource to confirm current intake steps, required documents, and whether walk-ins or referrals are accepted.","Mecklenburg County Department of Social Services — Benefits & Family Support sirve a adultos con antecedentes penales y familias que reconstruyen estabilidad después de la encarcelación en condado de Mecklenburg. Lleve prueba de identidad, ingresos y documentos de liberación o residencia al solicitar en una oficina del condado o portal en línea. Contacte este recurso para confirmar pasos de admisión, documentos requeridos y si aceptan visitas sin cita o referencias.",P.O. Box 400,Boydton,(434) 738-6138,,http://www.mecklenburgva.com/206/Social-Services,"Residents of Mecklenburg County meeting income and household-size requirements for SNAP, Medicaid, and TANF; criminal record generally not a barrier.","Residentes del condado de Mecklenburg que cumplan requisitos de ingresos y tamaño de hogar para SNAP, Medicaid y TANF; los antecedentes penales generalmente no son barrera.","Apply online at commonhelp.virginia.gov, call 833-522-5582, or visit the local department of social services.","Solicite en línea en commonhelp.virginia.gov, llame al 833-522-5582 o visite el departamento local de servicios sociales.",Typically Monday–Friday business hours; call ahead,mecklenburg|virginia|benefits|SNAP|Medicaid|DSS|reentry,SNAP enrollment|Medicaid enrollment|Cash assistance (TANF)|Rent and utility assistance|Benefits navigation,Mecklenburg,Mecklenburg,single,accepts_criminal_record
123,Middlesex County Department of Social Services — Benefits & Family Support,financial-assistance,Urbanna / Middlesex County,"Middlesex County Department of Social Services — Benefits & Family Support serves justice-involved adults and families rebuilding stability after incarceration in Middlesex County. Middlesex County Department of Social Services in Urbanna processes SNAP, Medicaid, TANF, and energy assistance applications for residents of Middlesex County, including returning citizens reestablishing food and health benefits after release from jail or Virginia Department of Corrections custody. Bring proof of identity, income, and release or residency documents when applying at a county office or online portal. Contact this resource to confirm current intake steps, required documents, and whether walk-ins or referrals are accepted.","Middlesex County Department of Social Services — Benefits & Family Support sirve a adultos con antecedentes penales y familias que reconstruyen estabilidad después de la encarcelación en condado de Middlesex. Lleve prueba de identidad, ingresos y documentos de liberación o residencia al solicitar en una oficina del condado o portal en línea. Contacte este recurso para confirmar pasos de admisión, documentos requeridos y si aceptan visitas sin cita o referencias.",P.O. Box 216,Urbanna,(804) 758-2348,,http://www.co.middlesex.va.us/202/Social-Services,"Residents of Middlesex County meeting income and household-size requirements for SNAP, Medicaid, and TANF; criminal record generally not a barrier.","Residentes del condado de Middlesex que cumplan requisitos de ingresos y tamaño de hogar para SNAP, Medicaid y TANF; los antecedentes penales generalmente no son barrera.","Apply online at commonhelp.virginia.gov, call 833-522-5582, or visit the local department of social services.","Solicite en línea en commonhelp.virginia.gov, llame al 833-522-5582 o visite el departamento local de servicios sociales.",Typically Monday–Friday business hours; call ahead,middlesex|virginia|benefits|SNAP|Medicaid|DSS|reentry,SNAP enrollment|Medicaid enrollment|Cash assistance (TANF)|Rent and utility assistance|Benefits navigation,Middlesex,Middlesex,single,accepts_criminal_record
124,Montgomery County Department of Social Services — Benefits & Family Support,financial-assistance,Christiansburg / Montgomery County,"Montgomery County Department of Social Services — Benefits & Family Support serves justice-involved adults and families rebuilding stability after incarceration in Montgomery County. Montgomery County Department of Social Services in Christiansburg processes SNAP, Medicaid, TANF, and energy assistance applications for residents of Montgomery County, including returning citizens reestablishing food and health benefits after release from jail or Virginia Department of Corrections custody. Bring proof of identity, income, and release or residency documents when applying at a county office or online portal. Contact this resource to confirm current intake steps, required documents, and whether walk-ins or referrals are accepted.","Montgomery County Department of Social Services — Benefits & Family Support sirve a adultos con antecedentes penales y familias que reconstruyen estabilidad después de la encarcelación en condado de Montgomery. Lleve prueba de identidad, ingresos y documentos de liberación o residencia al solicitar en una oficina del condado o portal en línea. Contacte este recurso para confirmar pasos de admisión, documentos requeridos y si aceptan visitas sin cita o referencias.","210 S. Pepper St., Suite B",Christiansburg,(540) 382-6990,,http://montva.com/1/departments-services/social-services,"Residents of Montgomery County meeting income and household-size requirements for SNAP, Medicaid, and TANF; criminal record generally not a barrier.","Residentes del condado de Montgomery que cumplan requisitos de ingresos y tamaño de hogar para SNAP, Medicaid y TANF; los antecedentes penales generalmente no son barrera.","Apply online at commonhelp.virginia.gov, call 833-522-5582, or visit the local department of social services.","Solicite en línea en commonhelp.virginia.gov, llame al 833-522-5582 o visite el departamento local de servicios sociales.",Typically Monday–Friday business hours; call ahead,montgomery|virginia|benefits|SNAP|Medicaid|DSS|reentry,SNAP enrollment|Medicaid enrollment|Cash assistance (TANF)|Rent and utility assistance|Benefits navigation,Montgomery,Montgomery,single,accepts_criminal_record
125,Nelson County Department of Social Services — Benefits & Family Support,financial-assistance,Lovingston / Nelson County,"Nelson County Department of Social Services — Benefits & Family Support serves justice-involved adults and families rebuilding stability after incarceration in Nelson County. Nelson County Department of Social Services in Lovingston processes SNAP, Medicaid, TANF, and energy assistance applications for residents of Nelson County, including returning citizens reestablishing food and health benefits after release from jail or Virginia Department of Corrections custody. Bring proof of identity, income, and release or residency documents when applying at a county office or online portal. Contact this resource to confirm current intake steps, required documents, and whether walk-ins or referrals are accepted.","Nelson County Department of Social Services — Benefits & Family Support sirve a adultos con antecedentes penales y familias que reconstruyen estabilidad después de la encarcelación en condado de Nelson. Lleve prueba de identidad, ingresos y documentos de liberación o residencia al solicitar en una oficina del condado o portal en línea. Contacte este recurso para confirmar pasos de admisión, documentos requeridos y si aceptan visitas sin cita o referencias.",P.O. Box 357,Lovingston,(434) 263-7163,,http://www.nelsoncounty-va.gov/departments/social-services/,"Residents of Nelson County meeting income and household-size requirements for SNAP, Medicaid, and TANF; criminal record generally not a barrier.","Residentes del condado de Nelson que cumplan requisitos de ingresos y tamaño de hogar para SNAP, Medicaid y TANF; los antecedentes penales generalmente no son barrera.","Apply online at commonhelp.virginia.gov, call 833-522-5582, or visit the local department of social services.","Solicite en línea en commonhelp.virginia.gov, llame al 833-522-5582 o visite el departamento local de servicios sociales.",Typically Monday–Friday business hours; call ahead,nelson|virginia|benefits|SNAP|Medicaid|DSS|reentry,SNAP enrollment|Medicaid enrollment|Cash assistance (TANF)|Rent and utility assistance|Benefits navigation,Nelson,Nelson,single,accepts_criminal_record
126,New Kent Department of Social Services — Benefits & Family Support,financial-assistance,New Kent / New Kent County,"New Kent Department of Social Services — Benefits & Family Support serves justice-involved adults and families rebuilding stability after incarceration in New Kent County. New Kent Department of Social Services in New Kent processes SNAP, Medicaid, TANF, and energy assistance applications for residents of New Kent County, including returning citizens reestablishing food and health benefits after release from jail or Virginia Department of Corrections custody. Bring proof of identity, income, and release or residency documents when applying at a county office or online portal. Contact this resource to confirm current intake steps, required documents, and whether walk-ins or referrals are accepted.","New Kent Department of Social Services — Benefits & Family Support sirve a adultos con antecedentes penales y familias que reconstruyen estabilidad después de la encarcelación en condado de New Kent. Lleve prueba de identidad, ingresos y documentos de liberación o residencia al solicitar en una oficina del condado o portal en línea. Contacte este recurso para confirmar pasos de admisión, documentos requeridos y si aceptan visitas sin cita o referencias.",P.O. Box 229,New Kent,(804) 966-1853,,http://www.newkent-va.us/339/Social-Services,"Residents of New Kent County meeting income and household-size requirements for SNAP, Medicaid, and TANF; criminal record generally not a barrier.","Residentes del condado de New Kent que cumplan requisitos de ingresos y tamaño de hogar para SNAP, Medicaid y TANF; los antecedentes penales generalmente no son barrera.","Apply online at commonhelp.virginia.gov, call 833-522-5582, or visit the local department of social services.","Solicite en línea en commonhelp.virginia.gov, llame al 833-522-5582 o visite el departamento local de servicios sociales.",Typically Monday–Friday business hours; call ahead,new kent|virginia|benefits|SNAP|Medicaid|DSS|reentry,SNAP enrollment|Medicaid enrollment|Cash assistance (TANF)|Rent and utility assistance|Benefits navigation,New Kent,New Kent,single,accepts_criminal_record
127,Newport News Department of Human Services — Benefits & Family Support,financial-assistance,Newport News / City of Newport News,"Newport News Department of Human Services — Benefits & Family Support serves justice-involved adults and families rebuilding stability after incarceration in Newport News County. Newport News Department of Human Services in Newport News processes SNAP, Medicaid, TANF, and energy assistance applications for residents of the City of Newport News, including returning citizens reestablishing food and health benefits after release from jail or Virginia Department of Corrections custody. Bring proof of identity, income, and release or residency documents when applying at a county office or online portal. Contact this resource to confirm current intake steps, required documents, and whether walk-ins or referrals are accepted.","Newport News Department of Human Services — Benefits & Family Support sirve a adultos con antecedentes penales y familias que reconstruyen estabilidad después de la encarcelación en condado de Newport News. Lleve prueba de identidad, ingresos y documentos de liberación o residencia al solicitar en una oficina del condado o portal en línea. Contacte este recurso para confirmar pasos de admisión, documentos requeridos y si aceptan visitas sin cita o referencias.","Rouse Tower, 6060 Jefferson Ave.",Newport News,(757) 926-6300,,http://www.nnva.gov/human-services,"Residents of the City of Newport News meeting income and household-size requirements for SNAP, Medicaid, and TANF; criminal record generally not a barrier.","Residentes de la ciudad de Newport News que cumplan requisitos de ingresos y tamaño de hogar para SNAP, Medicaid y TANF; los antecedentes penales generalmente no son barrera.","Apply online at commonhelp.virginia.gov, call 833-522-5582, or visit the local department of social services.","Solicite en línea en commonhelp.virginia.gov, llame al 833-522-5582 o visite el departamento local de servicios sociales.",Typically Monday–Friday business hours; call ahead,newport news|virginia|benefits|SNAP|Medicaid|DSS|reentry,SNAP enrollment|Medicaid enrollment|Cash assistance (TANF)|Rent and utility assistance|Benefits navigation,Newport News,Newport News,single,accepts_criminal_record
128,Norfolk Department of Human Services — Benefits & Family Support,financial-assistance,Norfolk / City of Norfolk,"Norfolk Department of Human Services — Benefits & Family Support serves justice-involved adults and families rebuilding stability after incarceration in Norfolk County. Norfolk Department of Human Services in Norfolk processes SNAP, Medicaid, TANF, and energy assistance applications for residents of the City of Norfolk, including returning citizens reestablishing food and health benefits after release from jail or Virginia Department of Corrections custody. Bring proof of identity, income, and release or residency documents when applying at a county office or online portal. Contact this resource to confirm current intake steps, required documents, and whether walk-ins or referrals are accepted.","Norfolk Department of Human Services — Benefits & Family Support sirve a adultos con antecedentes penales y familias que reconstruyen estabilidad después de la encarcelación en condado de Norfolk. Lleve prueba de identidad, ingresos y documentos de liberación o residencia al solicitar en una oficina del condado o portal en línea. Contacte este recurso para confirmar pasos de admisión, documentos requeridos y si aceptan visitas sin cita o referencias.",741 Monticello Avenue,Norfolk,(757) 664-6000,,http://www.norfolk.gov/295/Human-Services,"Residents of the City of Norfolk meeting income and household-size requirements for SNAP, Medicaid, and TANF; criminal record generally not a barrier.","Residentes de la ciudad de Norfolk que cumplan requisitos de ingresos y tamaño de hogar para SNAP, Medicaid y TANF; los antecedentes penales generalmente no son barrera.","Apply online at commonhelp.virginia.gov, call 833-522-5582, or visit the local department of social services.","Solicite en línea en commonhelp.virginia.gov, llame al 833-522-5582 o visite el departamento local de servicios sociales.",Typically Monday–Friday business hours; call ahead,norfolk|virginia|benefits|SNAP|Medicaid|DSS|reentry,SNAP enrollment|Medicaid enrollment|Cash assistance (TANF)|Rent and utility assistance|Benefits navigation,Norfolk,Norfolk,single,accepts_criminal_record
129,Northampton County Department of Social Services — Benefits & Family Support,financial-assistance,Eastville / Northampton County,"Northampton County Department of Social Services — Benefits & Family Support serves justice-involved adults and families rebuilding stability after incarceration in Northampton County. Northampton County Department of Social Services in Eastville processes SNAP, Medicaid, TANF, and energy assistance applications for residents of Northampton County, including returning citizens reestablishing food and health benefits after release from jail or Virginia Department of Corrections custody. Bring proof of identity, income, and release or residency documents when applying at a county office or online portal. Contact this resource to confirm current intake steps, required documents, and whether walk-ins or referrals are accepted.","Northampton County Department of Social Services — Benefits & Family Support sirve a adultos con antecedentes penales y familias que reconstruyen estabilidad después de la encarcelación en condado de Northampton. Lleve prueba de identidad, ingresos y documentos de liberación o residencia al solicitar en una oficina del condado o portal en línea. Contacte este recurso para confirmar pasos de admisión, documentos requeridos y si aceptan visitas sin cita o referencias.",P.O. Box 568,Eastville,(757) 678-5153,,http://www.co.northampton.va.us/government/departments_elected_offices/social_services,"Residents of Northampton County meeting income and household-size requirements for SNAP, Medicaid, and TANF; criminal record generally not a barrier.","Residentes del condado de Northampton que cumplan requisitos de ingresos y tamaño de hogar para SNAP, Medicaid y TANF; los antecedentes penales generalmente no son barrera.","Apply online at commonhelp.virginia.gov, call 833-522-5582, or visit the local department of social services.","Solicite en línea en commonhelp.virginia.gov, llame al 833-522-5582 o visite el departamento local de servicios sociales.",Typically Monday–Friday business hours; call ahead,northampton|virginia|benefits|SNAP|Medicaid|DSS|reentry,SNAP enrollment|Medicaid enrollment|Cash assistance (TANF)|Rent and utility assistance|Benefits navigation,Northampton,Northampton,single,accepts_criminal_record
130,Northumberland County Department of Social Services — Benefits & Family Support,financial-assistance,Heathsville / Northumberland County,"Northumberland County Department of Social Services — Benefits & Family Support serves justice-involved adults and families rebuilding stability after incarceration in Northumberland County. Northumberland County Department of Social Services in Heathsville processes SNAP, Medicaid, TANF, and energy assistance applications for residents of Northumberland County, including returning citizens reestablishing food and health benefits after release from jail or Virginia Department of Corrections custody. Bring proof of identity, income, and release or residency documents when applying at a county office or online portal. Contact this resource to confirm current intake steps, required documents, and whether walk-ins or referrals are accepted.","Northumberland County Department of Social Services — Benefits & Family Support sirve a adultos con antecedentes penales y familias que reconstruyen estabilidad después de la encarcelación en condado de Northumberland. Lleve prueba de identidad, ingresos y documentos de liberación o residencia al solicitar en una oficina del condado o portal en línea. Contacte este recurso para confirmar pasos de admisión, documentos requeridos y si aceptan visitas sin cita o referencias.",P.O. Box 399,Heathsville,(804) 580-3477,,http://www.co.northumberland.va.us/social-service,"Residents of Northumberland County meeting income and household-size requirements for SNAP, Medicaid, and TANF; criminal record generally not a barrier.","Residentes del condado de Northumberland que cumplan requisitos de ingresos y tamaño de hogar para SNAP, Medicaid y TANF; los antecedentes penales generalmente no son barrera.","Apply online at commonhelp.virginia.gov, call 833-522-5582, or visit the local department of social services.","Solicite en línea en commonhelp.virginia.gov, llame al 833-522-5582 o visite el departamento local de servicios sociales.",Typically Monday–Friday business hours; call ahead,northumberland|virginia|benefits|SNAP|Medicaid|DSS|reentry,SNAP enrollment|Medicaid enrollment|Cash assistance (TANF)|Rent and utility assistance|Benefits navigation,Northumberland,Northumberland,single,accepts_criminal_record
131,Norton City Department of Social Services — Benefits & Family Support,financial-assistance,Norton / City of Norton,"Norton City Department of Social Services — Benefits & Family Support serves justice-involved adults and families rebuilding stability after incarceration in Norton County. Norton City Department of Social Services in Norton processes SNAP, Medicaid, TANF, and energy assistance applications for residents of the City of Norton, including returning citizens reestablishing food and health benefits after release from jail or Virginia Department of Corrections custody. Bring proof of identity, income, and release or residency documents when applying at a county office or online portal. Contact this resource to confirm current intake steps, required documents, and whether walk-ins or referrals are accepted.","Norton City Department of Social Services — Benefits & Family Support sirve a adultos con antecedentes penales y familias que reconstruyen estabilidad después de la encarcelación en condado de Norton. Lleve prueba de identidad, ingresos y documentos de liberación o residencia al solicitar en una oficina del condado o portal en línea. Contacte este recurso para confirmar pasos de admisión, documentos requeridos y si aceptan visitas sin cita o referencias.",PO Box 378,Norton,(276) 679-2701,,http://www.nortonva.gov/82/Social-Services,"Residents of the City of Norton meeting income and household-size requirements for SNAP, Medicaid, and TANF; criminal record generally not a barrier.","Residentes de la ciudad de Norton que cumplan requisitos de ingresos y tamaño de hogar para SNAP, Medicaid y TANF; los antecedentes penales generalmente no son barrera.","Apply online at commonhelp.virginia.gov, call 833-522-5582, or visit the local department of social services.","Solicite en línea en commonhelp.virginia.gov, llame al 833-522-5582 o visite el departamento local de servicios sociales.",Typically Monday–Friday business hours; call ahead,norton|virginia|benefits|SNAP|Medicaid|DSS|reentry,SNAP enrollment|Medicaid enrollment|Cash assistance (TANF)|Rent and utility assistance|Benefits navigation,Norton,Norton,single,accepts_criminal_record
132,Nottoway County Department of Social Services — Benefits & Family Support,financial-assistance,Nottoway / Nottoway County,"Nottoway County Department of Social Services — Benefits & Family Support serves justice-involved adults and families rebuilding stability after incarceration in Nottoway County. Nottoway County Department of Social Services in Nottoway processes SNAP, Medicaid, TANF, and energy assistance applications for residents of Nottoway County, including returning citizens reestablishing food and health benefits after release from jail or Virginia Department of Corrections custody. Bring proof of identity, income, and release or residency documents when applying at a county office or online portal. Contact this resource to confirm current intake steps, required documents, and whether walk-ins or referrals are accepted.","Nottoway County Department of Social Services — Benefits & Family Support sirve a adultos con antecedentes penales y familias que reconstruyen estabilidad después de la encarcelación en condado de Nottoway. Lleve prueba de identidad, ingresos y documentos de liberación o residencia al solicitar en una oficina del condado o portal en línea. Contacte este recurso para confirmar pasos de admisión, documentos requeridos y si aceptan visitas sin cita o referencias.",P. O. Box 26,Nottoway,(434) 645-8494,,http://nottoway.org/index.php,"Residents of Nottoway County meeting income and household-size requirements for SNAP, Medicaid, and TANF; criminal record generally not a barrier.","Residentes del condado de Nottoway que cumplan requisitos de ingresos y tamaño de hogar para SNAP, Medicaid y TANF; los antecedentes penales generalmente no son barrera.","Apply online at commonhelp.virginia.gov, call 833-522-5582, or visit the local department of social services.","Solicite en línea en commonhelp.virginia.gov, llame al 833-522-5582 o visite el departamento local de servicios sociales.",Typically Monday–Friday business hours; call ahead,nottoway|virginia|benefits|SNAP|Medicaid|DSS|reentry,SNAP enrollment|Medicaid enrollment|Cash assistance (TANF)|Rent and utility assistance|Benefits navigation,Nottoway,Nottoway,single,accepts_criminal_record
133,Orange County Department of Social Services — Benefits & Family Support,financial-assistance,Orange / Orange County,"Orange County Department of Social Services — Benefits & Family Support serves justice-involved adults and families rebuilding stability after incarceration in Orange County. Orange County Department of Social Services in Orange processes SNAP, Medicaid, TANF, and energy assistance applications for residents of Orange County, including returning citizens reestablishing food and health benefits after release from jail or Virginia Department of Corrections custody. Bring proof of identity, income, and release or residency documents when applying at a county office or online portal. Contact this resource to confirm current intake steps, required documents, and whether walk-ins or referrals are accepted.","Orange County Department of Social Services — Benefits & Family Support sirve a adultos con antecedentes penales y familias que reconstruyen estabilidad después de la encarcelación en condado de Orange. Lleve prueba de identidad, ingresos y documentos de liberación o residencia al solicitar en una oficina del condado o portal en línea. Contacte este recurso para confirmar pasos de admisión, documentos requeridos y si aceptan visitas sin cita o referencias.","146 N. Madison Road, Suite 201",Orange,(540) 672-6166,,http://orangecountyva.gov/index.aspx?nid=391,"Residents of Orange County meeting income and household-size requirements for SNAP, Medicaid, and TANF; criminal record generally not a barrier.","Residentes del condado de Orange que cumplan requisitos de ingresos y tamaño de hogar para SNAP, Medicaid y TANF; los antecedentes penales generalmente no son barrera.","Apply online at commonhelp.virginia.gov, call 833-522-5582, or visit the local department of social services.","Solicite en línea en commonhelp.virginia.gov, llame al 833-522-5582 o visite el departamento local de servicios sociales.",Typically Monday–Friday business hours; call ahead,orange|virginia|benefits|SNAP|Medicaid|DSS|reentry,SNAP enrollment|Medicaid enrollment|Cash assistance (TANF)|Rent and utility assistance|Benefits navigation,Orange,Orange,single,accepts_criminal_record
134,Page County Department of Social Services — Benefits & Family Support,financial-assistance,Stanley / Page County,"Page County Department of Social Services — Benefits & Family Support serves justice-involved adults and families rebuilding stability after incarceration in Page County. Page County Department of Social Services in Stanley processes SNAP, Medicaid, TANF, and energy assistance applications for residents of Page County, including returning citizens reestablishing food and health benefits after release from jail or Virginia Department of Corrections custody. Bring proof of identity, income, and release or residency documents when applying at a county office or online portal. Contact this resource to confirm current intake steps, required documents, and whether walk-ins or referrals are accepted.","Page County Department of Social Services — Benefits & Family Support sirve a adultos con antecedentes penales y familias que reconstruyen estabilidad después de la encarcelación en condado de Page. Lleve prueba de identidad, ingresos y documentos de liberación o residencia al solicitar en una oficina del condado o portal en línea. Contacte este recurso para confirmar pasos de admisión, documentos requeridos y si aceptan visitas sin cita o referencias.",P.O. Box 47,Stanley,(540) 778-1053,,http://www.pagecounty.virginia.gov/190/Social-Services,"Residents of Page County meeting income and household-size requirements for SNAP, Medicaid, and TANF; criminal record generally not a barrier.","Residentes del condado de Page que cumplan requisitos de ingresos y tamaño de hogar para SNAP, Medicaid y TANF; los antecedentes penales generalmente no son barrera.","Apply online at commonhelp.virginia.gov, call 833-522-5582, or visit the local department of social services.","Solicite en línea en commonhelp.virginia.gov, llame al 833-522-5582 o visite el departamento local de servicios sociales.",Typically Monday–Friday business hours; call ahead,page|virginia|benefits|SNAP|Medicaid|DSS|reentry,SNAP enrollment|Medicaid enrollment|Cash assistance (TANF)|Rent and utility assistance|Benefits navigation,Page,Page,single,accepts_criminal_record
135,Patrick County Department of Social Services — Benefits & Family Support,financial-assistance,Stuart / Patrick County,"Patrick County Department of Social Services — Benefits & Family Support serves justice-involved adults and families rebuilding stability after incarceration in Patrick County. Patrick County Department of Social Services in Stuart processes SNAP, Medicaid, TANF, and energy assistance applications for residents of Patrick County, including returning citizens reestablishing food and health benefits after release from jail or Virginia Department of Corrections custody. Bring proof of identity, income, and release or residency documents when applying at a county office or online portal. Contact this resource to confirm current intake steps, required documents, and whether walk-ins or referrals are accepted.","Patrick County Department of Social Services — Benefits & Family Support sirve a adultos con antecedentes penales y familias que reconstruyen estabilidad después de la encarcelación en condado de Patrick. Lleve prueba de identidad, ingresos y documentos de liberación o residencia al solicitar en una oficina del condado o portal en línea. Contacte este recurso para confirmar pasos de admisión, documentos requeridos y si aceptan visitas sin cita o referencias.","106 Rucker St., Suite 128",Stuart,(276) 694-3328,,http://www.co.patrick.va.us/213/Social-Services,"Residents of Patrick County meeting income and household-size requirements for SNAP, Medicaid, and TANF; criminal record generally not a barrier.","Residentes del condado de Patrick que cumplan requisitos de ingresos y tamaño de hogar para SNAP, Medicaid y TANF; los antecedentes penales generalmente no son barrera.","Apply online at commonhelp.virginia.gov, call 833-522-5582, or visit the local department of social services.","Solicite en línea en commonhelp.virginia.gov, llame al 833-522-5582 o visite el departamento local de servicios sociales.",Typically Monday–Friday business hours; call ahead,patrick|virginia|benefits|SNAP|Medicaid|DSS|reentry,SNAP enrollment|Medicaid enrollment|Cash assistance (TANF)|Rent and utility assistance|Benefits navigation,Patrick,Patrick,single,accepts_criminal_record
136,Petersburg Department of Social Services — Benefits & Family Support,financial-assistance,Petersburg / City of Petersburg,"Petersburg Department of Social Services — Benefits & Family Support serves justice-involved adults and families rebuilding stability after incarceration in Petersburg County. Petersburg Department of Social Services in Petersburg processes SNAP, Medicaid, TANF, and energy assistance applications for residents of the City of Petersburg, including returning citizens reestablishing food and health benefits after release from jail or Virginia Department of Corrections custody. Bring proof of identity, income, and release or residency documents when applying at a county office or online portal. Contact this resource to confirm current intake steps, required documents, and whether walk-ins or referrals are accepted.","Petersburg Department of Social Services — Benefits & Family Support sirve a adultos con antecedentes penales y familias que reconstruyen estabilidad después de la encarcelación en condado de Petersburg. Lleve prueba de identidad, ingresos y documentos de liberación o residencia al solicitar en una oficina del condado o portal en línea. Contacte este recurso para confirmar pasos de admisión, documentos requeridos y si aceptan visitas sin cita o referencias.",3811 Corporate Rd.,Petersburg,(804) 861-4720,,http://www.petersburg-va.org/Index.aspx?NID=187,"Residents of the City of Petersburg meeting income and household-size requirements for SNAP, Medicaid, and TANF; criminal record generally not a barrier.","Residentes de la ciudad de Petersburg que cumplan requisitos de ingresos y tamaño de hogar para SNAP, Medicaid y TANF; los antecedentes penales generalmente no son barrera.","Apply online at commonhelp.virginia.gov, call 833-522-5582, or visit the local department of social services.","Solicite en línea en commonhelp.virginia.gov, llame al 833-522-5582 o visite el departamento local de servicios sociales.",Typically Monday–Friday business hours; call ahead,petersburg|virginia|benefits|SNAP|Medicaid|DSS|reentry,SNAP enrollment|Medicaid enrollment|Cash assistance (TANF)|Rent and utility assistance|Benefits navigation,Petersburg,Petersburg,single,accepts_criminal_record
137,Pittsylvania County Department of Social Services — Benefits & Family Support,financial-assistance,Chatham / Pittsylvania County,"Pittsylvania County Department of Social Services — Benefits & Family Support serves justice-involved adults and families rebuilding stability after incarceration in Pittsylvania County. Pittsylvania County Department of Social Services in Chatham processes SNAP, Medicaid, TANF, and energy assistance applications for residents of Pittsylvania County, including returning citizens reestablishing food and health benefits after release from jail or Virginia Department of Corrections custody. Bring proof of identity, income, and release or residency documents when applying at a county office or online portal. Contact this resource to confirm current intake steps, required documents, and whether walk-ins or referrals are accepted.","Pittsylvania County Department of Social Services — Benefits & Family Support sirve a adultos con antecedentes penales y familias que reconstruyen estabilidad después de la encarcelación en condado de Pittsylvania. Lleve prueba de identidad, ingresos y documentos de liberación o residencia al solicitar en una oficina del condado o portal en línea. Contacte este recurso para confirmar pasos de admisión, documentos requeridos y si aceptan visitas sin cita o referencias.",P.O. Box E,Chatham,(434) 432-7281,,http://www.pittsylvaniacountyva.gov/590/Social-Services,"Residents of Pittsylvania County meeting income and household-size requirements for SNAP, Medicaid, and TANF; criminal record generally not a barrier.","Residentes del condado de Pittsylvania que cumplan requisitos de ingresos y tamaño de hogar para SNAP, Medicaid y TANF; los antecedentes penales generalmente no son barrera.","Apply online at commonhelp.virginia.gov, call 833-522-5582, or visit the local department of social services.","Solicite en línea en commonhelp.virginia.gov, llame al 833-522-5582 o visite el departamento local de servicios sociales.",Typically Monday–Friday business hours; call ahead,pittsylvania|virginia|benefits|SNAP|Medicaid|DSS|reentry,SNAP enrollment|Medicaid enrollment|Cash assistance (TANF)|Rent and utility assistance|Benefits navigation,Pittsylvania,Pittsylvania,single,accepts_criminal_record
138,Portsmouth Department of Social Services — Benefits & Family Support,financial-assistance,Portsmouth / City of Portsmouth,"Portsmouth Department of Social Services — Benefits & Family Support serves justice-involved adults and families rebuilding stability after incarceration in Portsmouth County. Portsmouth Department of Social Services in Portsmouth processes SNAP, Medicaid, TANF, and energy assistance applications for residents of the City of Portsmouth, including returning citizens reestablishing food and health benefits after release from jail or Virginia Department of Corrections custody. Bring proof of identity, income, and release or residency documents when applying at a county office or online portal. Contact this resource to confirm current intake steps, required documents, and whether walk-ins or referrals are accepted.","Portsmouth Department of Social Services — Benefits & Family Support sirve a adultos con antecedentes penales y familias que reconstruyen estabilidad después de la encarcelación en condado de Portsmouth. Lleve prueba de identidad, ingresos y documentos de liberación o residencia al solicitar en una oficina del condado o portal en línea. Contacte este recurso para confirmar pasos de admisión, documentos requeridos y si aceptan visitas sin cita o referencias.","1701 High St., Suite 101",Portsmouth,(757) 405-1800,,http://portsmouthva.gov/384/Social-Services,"Residents of the City of Portsmouth meeting income and household-size requirements for SNAP, Medicaid, and TANF; criminal record generally not a barrier.","Residentes de la ciudad de Portsmouth que cumplan requisitos de ingresos y tamaño de hogar para SNAP, Medicaid y TANF; los antecedentes penales generalmente no son barrera.","Apply online at commonhelp.virginia.gov, call 833-522-5582, or visit the local department of social services.","Solicite en línea en commonhelp.virginia.gov, llame al 833-522-5582 o visite el departamento local de servicios sociales.",Typically Monday–Friday business hours; call ahead,portsmouth|virginia|benefits|SNAP|Medicaid|DSS|reentry,SNAP enrollment|Medicaid enrollment|Cash assistance (TANF)|Rent and utility assistance|Benefits navigation,Portsmouth,Portsmouth,single,accepts_criminal_record
139,Powhatan County Department of Social Services — Benefits & Family Support,financial-assistance,Powhatan / Powhatan County,"Powhatan County Department of Social Services — Benefits & Family Support serves justice-involved adults and families rebuilding stability after incarceration in Powhatan County. Powhatan County Department of Social Services in Powhatan processes SNAP, Medicaid, TANF, and energy assistance applications for residents of Powhatan County, including returning citizens reestablishing food and health benefits after release from jail or Virginia Department of Corrections custody. Bring proof of identity, income, and release or residency documents when applying at a county office or online portal. Contact this resource to confirm current intake steps, required documents, and whether walk-ins or referrals are accepted.","Powhatan County Department of Social Services — Benefits & Family Support sirve a adultos con antecedentes penales y familias que reconstruyen estabilidad después de la encarcelación en condado de Powhatan. Lleve prueba de identidad, ingresos y documentos de liberación o residencia al solicitar en una oficina del condado o portal en línea. Contacte este recurso para confirmar pasos de admisión, documentos requeridos y si aceptan visitas sin cita o referencias.",3908 Old Buckingham Road - Suite 2,Powhatan,(804) 598-5630,,http://www.powhatanva.gov/271/Social-Services,"Residents of Powhatan County meeting income and household-size requirements for SNAP, Medicaid, and TANF; criminal record generally not a barrier.","Residentes del condado de Powhatan que cumplan requisitos de ingresos y tamaño de hogar para SNAP, Medicaid y TANF; los antecedentes penales generalmente no son barrera.","Apply online at commonhelp.virginia.gov, call 833-522-5582, or visit the local department of social services.","Solicite en línea en commonhelp.virginia.gov, llame al 833-522-5582 o visite el departamento local de servicios sociales.",Typically Monday–Friday business hours; call ahead,powhatan|virginia|benefits|SNAP|Medicaid|DSS|reentry,SNAP enrollment|Medicaid enrollment|Cash assistance (TANF)|Rent and utility assistance|Benefits navigation,Powhatan,Powhatan,single,accepts_criminal_record
140,Prince Edward County Department of Social Services — Benefits & Family Support,financial-assistance,Farmville / Prince Edward County,"Prince Edward County Department of Social Services — Benefits & Family Support serves justice-involved adults and families rebuilding stability after incarceration in Prince Edward County. Prince Edward County Department of Social Services in Farmville processes SNAP, Medicaid, TANF, and energy assistance applications for residents of Prince Edward County, including returning citizens reestablishing food and health benefits after release from jail or Virginia Department of Corrections custody. Bring proof of identity, income, and release or residency documents when applying at a county office or online portal. Contact this resource to confirm current intake steps, required documents, and whether walk-ins or referrals are accepted.","Prince Edward County Department of Social Services — Benefits & Family Support sirve a adultos con antecedentes penales y familias que reconstruyen estabilidad después de la encarcelación en condado de Prince Edward. Lleve prueba de identidad, ingresos y documentos de liberación o residencia al solicitar en una oficina del condado o portal en línea. Contacte este recurso para confirmar pasos de admisión, documentos requeridos y si aceptan visitas sin cita o referencias.",56B SMI Way,Farmville,(434) 392-3113,,http://www.co.prince-edward.va.us/Departments/Social-Services,"Residents of Prince Edward County meeting income and household-size requirements for SNAP, Medicaid, and TANF; criminal record generally not a barrier.","Residentes del condado de Prince Edward que cumplan requisitos de ingresos y tamaño de hogar para SNAP, Medicaid y TANF; los antecedentes penales generalmente no son barrera.","Apply online at commonhelp.virginia.gov, call 833-522-5582, or visit the local department of social services.","Solicite en línea en commonhelp.virginia.gov, llame al 833-522-5582 o visite el departamento local de servicios sociales.",Typically Monday–Friday business hours; call ahead,prince edward|virginia|benefits|SNAP|Medicaid|DSS|reentry,SNAP enrollment|Medicaid enrollment|Cash assistance (TANF)|Rent and utility assistance|Benefits navigation,Prince Edward,Prince Edward,single,accepts_criminal_record
141,Prince George Department of Social Services — Benefits & Family Support,financial-assistance,Prince George / Prince George County,"Prince George Department of Social Services — Benefits & Family Support serves justice-involved adults and families rebuilding stability after incarceration in Prince George County. Prince George Department of Social Services in Prince George processes SNAP, Medicaid, TANF, and energy assistance applications for residents of Prince George County, including returning citizens reestablishing food and health benefits after release from jail or Virginia Department of Corrections custody. Bring proof of identity, income, and release or residency documents when applying at a county office or online portal. Contact this resource to confirm current intake steps, required documents, and whether walk-ins or referrals are accepted.","Prince George Department of Social Services — Benefits & Family Support sirve a adultos con antecedentes penales y familias que reconstruyen estabilidad después de la encarcelación en condado de Prince George. Lleve prueba de identidad, ingresos y documentos de liberación o residencia al solicitar en una oficina del condado o portal en línea. Contacte este recurso para confirmar pasos de admisión, documentos requeridos y si aceptan visitas sin cita o referencias.",P.O. Box 68,Prince George,(804) 733-2650,,http://www.princegeorgecountyva.gov/residents/social_services/index.php,"Residents of Prince George County meeting income and household-size requirements for SNAP, Medicaid, and TANF; criminal record generally not a barrier.","Residentes del condado de Prince George que cumplan requisitos de ingresos y tamaño de hogar para SNAP, Medicaid y TANF; los antecedentes penales generalmente no son barrera.","Apply online at commonhelp.virginia.gov, call 833-522-5582, or visit the local department of social services.","Solicite en línea en commonhelp.virginia.gov, llame al 833-522-5582 o visite el departamento local de servicios sociales.",Typically Monday–Friday business hours; call ahead,prince george|virginia|benefits|SNAP|Medicaid|DSS|reentry,SNAP enrollment|Medicaid enrollment|Cash assistance (TANF)|Rent and utility assistance|Benefits navigation,Prince George,Prince George,single,accepts_criminal_record
142,Prince William County Department of Social Services — Benefits & Family Support,financial-assistance,Manassas / Prince William County,"Prince William County Department of Social Services — Benefits & Family Support serves justice-involved adults and families rebuilding stability after incarceration in Prince William County. Prince William County Department of Social Services in Manassas processes SNAP, Medicaid, TANF, and energy assistance applications for residents of Prince William County, including returning citizens reestablishing food and health benefits after release from jail or Virginia Department of Corrections custody. Bring proof of identity, income, and release or residency documents when applying at a county office or online portal. Contact this resource to confirm current intake steps, required documents, and whether walk-ins or referrals are accepted.","Prince William County Department of Social Services — Benefits & Family Support sirve a adultos con antecedentes penales y familias que reconstruyen estabilidad después de la encarcelación en condado de Prince William. Lleve prueba de identidad, ingresos y documentos de liberación o residencia al solicitar en una oficina del condado o portal en línea. Contacte este recurso para confirmar pasos de admisión, documentos requeridos y si aceptan visitas sin cita o referencias.","7987 Ashton Ave., Suite 200",Manassas,(703) 792-7500,,http://www.pwcva.gov/department/social-services,"Residents of Prince William County meeting income and household-size requirements for SNAP, Medicaid, and TANF; criminal record generally not a barrier.","Residentes del condado de Prince William que cumplan requisitos de ingresos y tamaño de hogar para SNAP, Medicaid y TANF; los antecedentes penales generalmente no son barrera.","Apply online at commonhelp.virginia.gov, call 833-522-5582, or visit the local department of social services.","Solicite en línea en commonhelp.virginia.gov, llame al 833-522-5582 o visite el departamento local de servicios sociales.",Typically Monday–Friday business hours; call ahead,prince william|virginia|benefits|SNAP|Medicaid|DSS|reentry,SNAP enrollment|Medicaid enrollment|Cash assistance (TANF)|Rent and utility assistance|Benefits navigation,Prince William,Prince William,single,accepts_criminal_record
143,Pulaski County Department of Social Services — Benefits & Family Support,financial-assistance,Pulaski / Pulaski County,"Pulaski County Department of Social Services — Benefits & Family Support serves justice-involved adults and families rebuilding stability after incarceration in Pulaski County. Pulaski County Department of Social Services in Pulaski processes SNAP, Medicaid, TANF, and energy assistance applications for residents of Pulaski County, including returning citizens reestablishing food and health benefits after release from jail or Virginia Department of Corrections custody. Bring proof of identity, income, and release or residency documents when applying at a county office or online portal. Contact this resource to confirm current intake steps, required documents, and whether walk-ins or referrals are accepted.","Pulaski County Department of Social Services — Benefits & Family Support sirve a adultos con antecedentes penales y familias que reconstruyen estabilidad después de la encarcelación en condado de Pulaski. Lleve prueba de identidad, ingresos y documentos de liberación o residencia al solicitar en una oficina del condado o portal en línea. Contacte este recurso para confirmar pasos de admisión, documentos requeridos y si aceptan visitas sin cita o referencias.",53 Commerce Street,Pulaski,(540) 980-7995,,http://www.pcdss.org/,"Residents of Pulaski County meeting income and household-size requirements for SNAP, Medicaid, and TANF; criminal record generally not a barrier.","Residentes del condado de Pulaski que cumplan requisitos de ingresos y tamaño de hogar para SNAP, Medicaid y TANF; los antecedentes penales generalmente no son barrera.","Apply online at commonhelp.virginia.gov, call 833-522-5582, or visit the local department of social services.","Solicite en línea en commonhelp.virginia.gov, llame al 833-522-5582 o visite el departamento local de servicios sociales.",Typically Monday–Friday business hours; call ahead,pulaski|virginia|benefits|SNAP|Medicaid|DSS|reentry,SNAP enrollment|Medicaid enrollment|Cash assistance (TANF)|Rent and utility assistance|Benefits navigation,Pulaski,Pulaski,single,accepts_criminal_record
144,Radford City Department of Social Services — Benefits & Family Support,financial-assistance,Radford / City of Radford,"Radford City Department of Social Services — Benefits & Family Support serves justice-involved adults and families rebuilding stability after incarceration in Radford County. Radford City Department of Social Services in Radford processes SNAP, Medicaid, TANF, and energy assistance applications for residents of the City of Radford, including returning citizens reestablishing food and health benefits after release from jail or Virginia Department of Corrections custody. Bring proof of identity, income, and release or residency documents when applying at a county office or online portal. Contact this resource to confirm current intake steps, required documents, and whether walk-ins or referrals are accepted.","Radford City Department of Social Services — Benefits & Family Support sirve a adultos con antecedentes penales y familias que reconstruyen estabilidad después de la encarcelación en condado de Radford. Lleve prueba de identidad, ingresos y documentos de liberación o residencia al solicitar en una oficina del condado o portal en línea. Contacte este recurso para confirmar pasos de admisión, documentos requeridos y si aceptan visitas sin cita o referencias.",928 W. Main St.,Radford,(540) 731-3663,,http://www.radfordva.gov/254/Social-Services,"Residents of the City of Radford meeting income and household-size requirements for SNAP, Medicaid, and TANF; criminal record generally not a barrier.","Residentes de la ciudad de Radford que cumplan requisitos de ingresos y tamaño de hogar para SNAP, Medicaid y TANF; los antecedentes penales generalmente no son barrera.","Apply online at commonhelp.virginia.gov, call 833-522-5582, or visit the local department of social services.","Solicite en línea en commonhelp.virginia.gov, llame al 833-522-5582 o visite el departamento local de servicios sociales.",Typically Monday–Friday business hours; call ahead,radford|virginia|benefits|SNAP|Medicaid|DSS|reentry,SNAP enrollment|Medicaid enrollment|Cash assistance (TANF)|Rent and utility assistance|Benefits navigation,Radford,Radford,single,accepts_criminal_record
145,Rappahannock County Department of Social Services — Benefits & Family Support,financial-assistance,Washington / Rappahannock County,"Rappahannock County Department of Social Services — Benefits & Family Support serves justice-involved adults and families rebuilding stability after incarceration in Rappahannock County. Rappahannock County Department of Social Services in Washington processes SNAP, Medicaid, TANF, and energy assistance applications for residents of Rappahannock County, including returning citizens reestablishing food and health benefits after release from jail or Virginia Department of Corrections custody. Bring proof of identity, income, and release or residency documents when applying at a county office or online portal. Contact this resource to confirm current intake steps, required documents, and whether walk-ins or referrals are accepted.","Rappahannock County Department of Social Services — Benefits & Family Support sirve a adultos con antecedentes penales y familias que reconstruyen estabilidad después de la encarcelación en condado de Rappahannock. Lleve prueba de identidad, ingresos y documentos de liberación o residencia al solicitar en una oficina del condado o portal en línea. Contacte este recurso para confirmar pasos de admisión, documentos requeridos y si aceptan visitas sin cita o referencias.",P.O. Box 87,Washington,(540) 675-3313,,http://www.rappahannockcountyva.gov/government/departments/social_services.php,"Residents of Rappahannock County meeting income and household-size requirements for SNAP, Medicaid, and TANF; criminal record generally not a barrier.","Residentes del condado de Rappahannock que cumplan requisitos de ingresos y tamaño de hogar para SNAP, Medicaid y TANF; los antecedentes penales generalmente no son barrera.","Apply online at commonhelp.virginia.gov, call 833-522-5582, or visit the local department of social services.","Solicite en línea en commonhelp.virginia.gov, llame al 833-522-5582 o visite el departamento local de servicios sociales.",Typically Monday–Friday business hours; call ahead,rappahannock|virginia|benefits|SNAP|Medicaid|DSS|reentry,SNAP enrollment|Medicaid enrollment|Cash assistance (TANF)|Rent and utility assistance|Benefits navigation,Rappahannock,Rappahannock,single,accepts_criminal_record
146,Richmond County Department of Social Services — Benefits & Family Support,financial-assistance,Warsaw / Richmond County,"Richmond County Department of Social Services — Benefits & Family Support serves justice-involved adults and families rebuilding stability after incarceration in Richmond County. Richmond County Department of Social Services in Warsaw processes SNAP, Medicaid, TANF, and energy assistance applications for residents of Richmond County, including returning citizens reestablishing food and health benefits after release from jail or Virginia Department of Corrections custody. Bring proof of identity, income, and release or residency documents when applying at a county office or online portal. Contact this resource to confirm current intake steps, required documents, and whether walk-ins or referrals are accepted.","Richmond County Department of Social Services — Benefits & Family Support sirve a adultos con antecedentes penales y familias que reconstruyen estabilidad después de la encarcelación en condado de Richmond. Lleve prueba de identidad, ingresos y documentos de liberación o residencia al solicitar en una oficina del condado o portal en línea. Contacte este recurso para confirmar pasos de admisión, documentos requeridos y si aceptan visitas sin cita o referencias.",P.O. Box 35,Warsaw,(804) 333-4088,,http://co.richmond.va.us/departments/social-services,"Residents of Richmond County meeting income and household-size requirements for SNAP, Medicaid, and TANF; criminal record generally not a barrier.","Residentes del condado de Richmond que cumplan requisitos de ingresos y tamaño de hogar para SNAP, Medicaid y TANF; los antecedentes penales generalmente no son barrera.","Apply online at commonhelp.virginia.gov, call 833-522-5582, or visit the local department of social services.","Solicite en línea en commonhelp.virginia.gov, llame al 833-522-5582 o visite el departamento local de servicios sociales.",Typically Monday–Friday business hours; call ahead,richmond|virginia|benefits|SNAP|Medicaid|DSS|reentry,SNAP enrollment|Medicaid enrollment|Cash assistance (TANF)|Rent and utility assistance|Benefits navigation,Richmond,Richmond,single,accepts_criminal_record
147,Roanoke County Department of Social Services — Benefits & Family Support,financial-assistance,Salem / Roanoke County,"Roanoke County Department of Social Services — Benefits & Family Support serves justice-involved adults and families rebuilding stability after incarceration in Roanoke, and Salem counties. Roanoke County Department of Social Services in Salem processes SNAP, Medicaid, TANF, and energy assistance applications for residents of Roanoke County and the City of Salem, including returning citizens reestablishing food and health benefits after release from jail or Virginia Department of Corrections custody. Bring proof of identity, income, and release or residency documents when applying at a county office or online portal. Contact this resource to confirm current intake steps, required documents, and whether walk-ins or referrals are accepted.","Roanoke County Department of Social Services — Benefits & Family Support sirve a adultos con antecedentes penales y familias que reconstruyen estabilidad después de la encarcelación en los condados Roanoke y Salem. Lleve prueba de identidad, ingresos y documentos de liberación o residencia al solicitar en una oficina del condado o portal en línea. Contacte este recurso para confirmar pasos de admisión, documentos requeridos y si aceptan visitas sin cita o referencias.",P. O. Box 1127,Salem,(540) 387-6087,,http://www.roanokecountyva.gov/90/Social-Services,"Residents of Roanoke County and the City of Salem meeting income and household-size requirements for SNAP, Medicaid, and TANF; criminal record generally not a barrier.","Residentes del condado de Roanoke y la ciudad de Salem que cumplan requisitos de ingresos y tamaño de hogar para SNAP, Medicaid y TANF; los antecedentes penales generalmente no son barrera.","Apply online at commonhelp.virginia.gov, call 833-522-5582, or visit the local department of social services.","Solicite en línea en commonhelp.virginia.gov, llame al 833-522-5582 o visite el departamento local de servicios sociales.",Typically Monday–Friday business hours; call ahead,roanoke|virginia|benefits|SNAP|Medicaid|DSS|reentry,SNAP enrollment|Medicaid enrollment|Cash assistance (TANF)|Rent and utility assistance|Benefits navigation,Roanoke,Roanoke|Salem,multi,accepts_criminal_record
148,Roanoke City Department of Social Services — Benefits & Family Support,financial-assistance,Roanoke / City of Roanoke,"Roanoke City Department of Social Services — Benefits & Family Support serves justice-involved adults and families rebuilding stability after incarceration in Roanoke City County. Roanoke City Department of Social Services in Roanoke processes SNAP, Medicaid, TANF, and energy assistance applications for residents of the City of Roanoke, including returning citizens reestablishing food and health benefits after release from jail or Virginia Department of Corrections custody. Bring proof of identity, income, and release or residency documents when applying at a county office or online portal. Contact this resource to confirm current intake steps, required documents, and whether walk-ins or referrals are accepted.","Roanoke City Department of Social Services — Benefits & Family Support sirve a adultos con antecedentes penales y familias que reconstruyen estabilidad después de la encarcelación en condado de Roanoke City. Lleve prueba de identidad, ingresos y documentos de liberación o residencia al solicitar en una oficina del condado o portal en línea. Contacte este recurso para confirmar pasos de admisión, documentos requeridos y si aceptan visitas sin cita o referencias.","1510 Williamson Road, N.E.",Roanoke,(540) 853-2591,,http://www.roanokeva.gov/292/HumanSocial-Services,"Residents of the City of Roanoke meeting income and household-size requirements for SNAP, Medicaid, and TANF; criminal record generally not a barrier.","Residentes de la ciudad de Roanoke que cumplan requisitos de ingresos y tamaño de hogar para SNAP, Medicaid y TANF; los antecedentes penales generalmente no son barrera.","Apply online at commonhelp.virginia.gov, call 833-522-5582, or visit the local department of social services.","Solicite en línea en commonhelp.virginia.gov, llame al 833-522-5582 o visite el departamento local de servicios sociales.",Typically Monday–Friday business hours; call ahead,roanoke city|virginia|benefits|SNAP|Medicaid|DSS|reentry,SNAP enrollment|Medicaid enrollment|Cash assistance (TANF)|Rent and utility assistance|Benefits navigation,Roanoke City,Roanoke City,single,accepts_criminal_record
149,Rockbridge-Buena Vista-Lexington Area Social Services — Benefits & Family Support,financial-assistance,Lexington / Rockbridge County,"Rockbridge-Buena Vista-Lexington Area Social Services in Lexington processes SNAP, Medicaid, TANF, and energy assistance applications for residents of Rockbridge County, the City of Buena Vista, and the City of Lexington, including returning citizens reestablishing food and health benefits after release from jail or Virginia Department of Corrections custody.","Rockbridge-Buena Vista-Lexington Area Social Services en Lexington procesa solicitudes de SNAP, Medicaid, TANF y asistencia de energía para residentes del condado de Rockbridge, la ciudad de Buena Vista y la ciudad de Lexington, incluidos ciudadanos que regresan que restablecen beneficios alimentarios y de salud después de salir de la cárcel o de la custodia del Departamento Correccional de Virginia.",20 E. Preston St.,Lexington,(540) 463-7143,,https://www.dss.virginia.gov/localagency/index.php,"Residents of Rockbridge County, the City of Buena Vista, and the City of Lexington meeting income and household-size requirements for SNAP, Medicaid, and TANF; criminal record generally not a barrier.","Residentes del condado de Rockbridge, la ciudad de Buena Vista y la ciudad de Lexington que cumplan requisitos de ingresos y tamaño de hogar para SNAP, Medicaid y TANF; los antecedentes penales generalmente no son barrera.","Apply online at commonhelp.virginia.gov, call 833-522-5582, or visit the local department of social services.","Solicite en línea en commonhelp.virginia.gov, llame al 833-522-5582 o visite el departamento local de servicios sociales.",Typically Monday–Friday business hours; call ahead,rockbridge|virginia|benefits|SNAP|Medicaid|DSS|reentry,SNAP enrollment|Medicaid application help|TANF cash assistance|Energy assistance|CommonHelp application help,Rockbridge,Rockbridge|Buena Vista|Lexington,multi,accepts_criminal_record
150,Russell County Department of Social Services — Benefits & Family Support,financial-assistance,Lebanon / Russell County,"Russell County Department of Social Services — Benefits & Family Support serves justice-involved adults and families rebuilding stability after incarceration in Russell County. Russell County Department of Social Services in Lebanon processes SNAP, Medicaid, TANF, and energy assistance applications for residents of Russell County, including returning citizens reestablishing food and health benefits after release from jail or Virginia Department of Corrections custody. Bring proof of identity, income, and release or residency documents when applying at a county office or online portal. Contact this resource to confirm current intake steps, required documents, and whether walk-ins or referrals are accepted.","Russell County Department of Social Services — Benefits & Family Support sirve a adultos con antecedentes penales y familias que reconstruyen estabilidad después de la encarcelación en condado de Russell. Lleve prueba de identidad, ingresos y documentos de liberación o residencia al solicitar en una oficina del condado o portal en línea. Contacte este recurso para confirmar pasos de admisión, documentos requeridos y si aceptan visitas sin cita o referencias.","135 Highlands Drive , Suite B",Lebanon,(276) 889-3031,,http://www.rcdss.org/,"Residents of Russell County meeting income and household-size requirements for SNAP, Medicaid, and TANF; criminal record generally not a barrier.","Residentes del condado de Russell que cumplan requisitos de ingresos y tamaño de hogar para SNAP, Medicaid y TANF; los antecedentes penales generalmente no son barrera.","Apply online at commonhelp.virginia.gov, call 833-522-5582, or visit the local department of social services.","Solicite en línea en commonhelp.virginia.gov, llame al 833-522-5582 o visite el departamento local de servicios sociales.",Typically Monday–Friday business hours; call ahead,russell|virginia|benefits|SNAP|Medicaid|DSS|reentry,SNAP enrollment|Medicaid enrollment|Cash assistance (TANF)|Rent and utility assistance|Benefits navigation,Russell,Russell,single,accepts_criminal_record
151,Scott County Department of Social Services — Benefits & Family Support,financial-assistance,Gate City / Scott County,"Scott County Department of Social Services — Benefits & Family Support serves justice-involved adults and families rebuilding stability after incarceration in Scott County. Scott County Department of Social Services in Gate City processes SNAP, Medicaid, TANF, and energy assistance applications for residents of Scott County, including returning citizens reestablishing food and health benefits after release from jail or Virginia Department of Corrections custody. Bring proof of identity, income, and release or residency documents when applying at a county office or online portal. Contact this resource to confirm current intake steps, required documents, and whether walk-ins or referrals are accepted.","Scott County Department of Social Services — Benefits & Family Support sirve a adultos con antecedentes penales y familias que reconstruyen estabilidad después de la encarcelación en condado de Scott. Lleve prueba de identidad, ingresos y documentos de liberación o residencia al solicitar en una oficina del condado o portal en línea. Contacte este recurso para confirmar pasos de admisión, documentos requeridos y si aceptan visitas sin cita o referencias.","190 Beech Street, Suite 101",Gate City,(276) 386-3631,,http://www.scottcountyva.com/335/Social-Services,"Residents of Scott County meeting income and household-size requirements for SNAP, Medicaid, and TANF; criminal record generally not a barrier.","Residentes del condado de Scott que cumplan requisitos de ingresos y tamaño de hogar para SNAP, Medicaid y TANF; los antecedentes penales generalmente no son barrera.","Apply online at commonhelp.virginia.gov, call 833-522-5582, or visit the local department of social services.","Solicite en línea en commonhelp.virginia.gov, llame al 833-522-5582 o visite el departamento local de servicios sociales.",Typically Monday–Friday business hours; call ahead,scott|virginia|benefits|SNAP|Medicaid|DSS|reentry,SNAP enrollment|Medicaid enrollment|Cash assistance (TANF)|Rent and utility assistance|Benefits navigation,Scott,Scott,single,accepts_criminal_record
152,Shenandoah County Department of Social Services — Benefits & Family Support,financial-assistance,Woodstock / Shenandoah County,"Shenandoah County Department of Social Services — Benefits & Family Support serves justice-involved adults and families rebuilding stability after incarceration in Shenandoah County. Shenandoah County Department of Social Services in Woodstock processes SNAP, Medicaid, TANF, and energy assistance applications for residents of Shenandoah County, including returning citizens reestablishing food and health benefits after release from jail or Virginia Department of Corrections custody. Bring proof of identity, income, and release or residency documents when applying at a county office or online portal. Contact this resource to confirm current intake steps, required documents, and whether walk-ins or referrals are accepted.","Shenandoah County Department of Social Services — Benefits & Family Support sirve a adultos con antecedentes penales y familias que reconstruyen estabilidad después de la encarcelación en condado de Shenandoah. Lleve prueba de identidad, ingresos y documentos de liberación o residencia al solicitar en una oficina del condado o portal en línea. Contacte este recurso para confirmar pasos de admisión, documentos requeridos y si aceptan visitas sin cita o referencias.","Shenandoah County Government Center, 494 N. Main St., Suite 200",Woodstock,(540) 459-6226,,http://www.shenandoahcountyva.gov/346/Social-Services,"Residents of Shenandoah County meeting income and household-size requirements for SNAP, Medicaid, and TANF; criminal record generally not a barrier.","Residentes del condado de Shenandoah que cumplan requisitos de ingresos y tamaño de hogar para SNAP, Medicaid y TANF; los antecedentes penales generalmente no son barrera.","Apply online at commonhelp.virginia.gov, call 833-522-5582, or visit the local department of social services.","Solicite en línea en commonhelp.virginia.gov, llame al 833-522-5582 o visite el departamento local de servicios sociales.",Typically Monday–Friday business hours; call ahead,shenandoah|virginia|benefits|SNAP|Medicaid|DSS|reentry,SNAP enrollment|Medicaid enrollment|Cash assistance (TANF)|Rent and utility assistance|Benefits navigation,Shenandoah,Shenandoah,single,accepts_criminal_record
153,Smyth County Department of Social Services — Benefits & Family Support,financial-assistance,Marion / Smyth County,"Smyth County Department of Social Services — Benefits & Family Support serves justice-involved adults and families rebuilding stability after incarceration in Smyth County. Smyth County Department of Social Services in Marion processes SNAP, Medicaid, TANF, and energy assistance applications for residents of Smyth County, including returning citizens reestablishing food and health benefits after release from jail or Virginia Department of Corrections custody. Bring proof of identity, income, and release or residency documents when applying at a county office or online portal. Contact this resource to confirm current intake steps, required documents, and whether walk-ins or referrals are accepted.","Smyth County Department of Social Services — Benefits & Family Support sirve a adultos con antecedentes penales y familias que reconstruyen estabilidad después de la encarcelación en condado de Smyth. Lleve prueba de identidad, ingresos y documentos de liberación o residencia al solicitar en una oficina del condado o portal en línea. Contacte este recurso para confirmar pasos de admisión, documentos requeridos y si aceptan visitas sin cita o referencias.","121 Bagley Circle, Suite 200",Marion,(276) 783-8148,,https://www.dss.virginia.gov/localagency/index.php,"Residents of Smyth County meeting income and household-size requirements for SNAP, Medicaid, and TANF; criminal record generally not a barrier.","Residentes del condado de Smyth que cumplan requisitos de ingresos y tamaño de hogar para SNAP, Medicaid y TANF; los antecedentes penales generalmente no son barrera.","Apply online at commonhelp.virginia.gov, call 833-522-5582, or visit the local department of social services.","Solicite en línea en commonhelp.virginia.gov, llame al 833-522-5582 o visite el departamento local de servicios sociales.",Typically Monday–Friday business hours; call ahead,smyth|virginia|benefits|SNAP|Medicaid|DSS|reentry,SNAP enrollment|Medicaid enrollment|Cash assistance (TANF)|Rent and utility assistance|Benefits navigation,Smyth,Smyth,single,accepts_criminal_record
154,Southampton County Department of Social Services — Benefits & Family Support,financial-assistance,Courtland / Southampton County,"Southampton County Department of Social Services — Benefits & Family Support serves justice-involved adults and families rebuilding stability after incarceration in Southampton County. Southampton County Department of Social Services in Courtland processes SNAP, Medicaid, TANF, and energy assistance applications for residents of Southampton County, including returning citizens reestablishing food and health benefits after release from jail or Virginia Department of Corrections custody. Bring proof of identity, income, and release or residency documents when applying at a county office or online portal. Contact this resource to confirm current intake steps, required documents, and whether walk-ins or referrals are accepted.","Southampton County Department of Social Services — Benefits & Family Support sirve a adultos con antecedentes penales y familias que reconstruyen estabilidad después de la encarcelación en condado de Southampton. Lleve prueba de identidad, ingresos y documentos de liberación o residencia al solicitar en una oficina del condado o portal en línea. Contacte este recurso para confirmar pasos de admisión, documentos requeridos y si aceptan visitas sin cita o referencias.",P.O. Box 550,Courtland,(757) 653-3080,,http://www.southamptoncounty.org/departments/social_services/index.php,"Residents of Southampton County meeting income and household-size requirements for SNAP, Medicaid, and TANF; criminal record generally not a barrier.","Residentes del condado de Southampton que cumplan requisitos de ingresos y tamaño de hogar para SNAP, Medicaid y TANF; los antecedentes penales generalmente no son barrera.","Apply online at commonhelp.virginia.gov, call 833-522-5582, or visit the local department of social services.","Solicite en línea en commonhelp.virginia.gov, llame al 833-522-5582 o visite el departamento local de servicios sociales.",Typically Monday–Friday business hours; call ahead,southampton|virginia|benefits|SNAP|Medicaid|DSS|reentry,SNAP enrollment|Medicaid enrollment|Cash assistance (TANF)|Rent and utility assistance|Benefits navigation,Southampton,Southampton,single,accepts_criminal_record
155,Spotsylvania Department of Social Services — Benefits & Family Support,financial-assistance,Spotsylvania / Spotsylvania County,"Spotsylvania Department of Social Services — Benefits & Family Support serves justice-involved adults and families rebuilding stability after incarceration in Spotsylvania County. Spotsylvania Department of Social Services in Spotsylvania processes SNAP, Medicaid, TANF, and energy assistance applications for residents of Spotsylvania County, including returning citizens reestablishing food and health benefits after release from jail or Virginia Department of Corrections custody. Bring proof of identity, income, and release or residency documents when applying at a county office or online portal. Contact this resource to confirm current intake steps, required documents, and whether walk-ins or referrals are accepted.","Spotsylvania Department of Social Services — Benefits & Family Support sirve a adultos con antecedentes penales y familias que reconstruyen estabilidad después de la encarcelación en condado de Spotsylvania. Lleve prueba de identidad, ingresos y documentos de liberación o residencia al solicitar en una oficina del condado o portal en línea. Contacte este recurso para confirmar pasos de admisión, documentos requeridos y si aceptan visitas sin cita o referencias.",P.O. Box 249,Spotsylvania,(540) 507-7898,,http://www.spotsylvania.va.us/299/Social-Services,"Residents of Spotsylvania County meeting income and household-size requirements for SNAP, Medicaid, and TANF; criminal record generally not a barrier.","Residentes del condado de Spotsylvania que cumplan requisitos de ingresos y tamaño de hogar para SNAP, Medicaid y TANF; los antecedentes penales generalmente no son barrera.","Apply online at commonhelp.virginia.gov, call 833-522-5582, or visit the local department of social services.","Solicite en línea en commonhelp.virginia.gov, llame al 833-522-5582 o visite el departamento local de servicios sociales.",Typically Monday–Friday business hours; call ahead,spotsylvania|virginia|benefits|SNAP|Medicaid|DSS|reentry,SNAP enrollment|Medicaid enrollment|Cash assistance (TANF)|Rent and utility assistance|Benefits navigation,Spotsylvania,Spotsylvania,single,accepts_criminal_record
156,Stafford County Department of Social Services — Benefits & Family Support,financial-assistance,Stafford / Stafford County,"Stafford County Department of Social Services — Benefits & Family Support serves justice-involved adults and families rebuilding stability after incarceration in Stafford County. Stafford County Department of Social Services in Stafford processes SNAP, Medicaid, TANF, and energy assistance applications for residents of Stafford County, including returning citizens reestablishing food and health benefits after release from jail or Virginia Department of Corrections custody. Bring proof of identity, income, and release or residency documents when applying at a county office or online portal. Contact this resource to confirm current intake steps, required documents, and whether walk-ins or referrals are accepted.","Stafford County Department of Social Services — Benefits & Family Support sirve a adultos con antecedentes penales y familias que reconstruyen estabilidad después de la encarcelación en condado de Stafford. Lleve prueba de identidad, ingresos y documentos de liberación o residencia al solicitar en una oficina del condado o portal en línea. Contacte este recurso para confirmar pasos de admisión, documentos requeridos y si aceptan visitas sin cita o referencias.",P.O. Box 7,Stafford,(540) 658-8720,,http://staffordcountyva.gov/government/departments_p-z/social_services/index.php,"Residents of Stafford County meeting income and household-size requirements for SNAP, Medicaid, and TANF; criminal record generally not a barrier.","Residentes del condado de Stafford que cumplan requisitos de ingresos y tamaño de hogar para SNAP, Medicaid y TANF; los antecedentes penales generalmente no son barrera.","Apply online at commonhelp.virginia.gov, call 833-522-5582, or visit the local department of social services.","Solicite en línea en commonhelp.virginia.gov, llame al 833-522-5582 o visite el departamento local de servicios sociales.",Typically Monday–Friday business hours; call ahead,stafford|virginia|benefits|SNAP|Medicaid|DSS|reentry,SNAP enrollment|Medicaid enrollment|Cash assistance (TANF)|Rent and utility assistance|Benefits navigation,Stafford,Stafford,single,accepts_criminal_record
157,Suffolk Department of Social Services — Benefits & Family Support,financial-assistance,Suffolk / City of Suffolk,"Suffolk Department of Social Services — Benefits & Family Support serves justice-involved adults and families rebuilding stability after incarceration in Suffolk County. Suffolk Department of Social Services in Suffolk processes SNAP, Medicaid, TANF, and energy assistance applications for residents of the City of Suffolk, including returning citizens reestablishing food and health benefits after release from jail or Virginia Department of Corrections custody. Bring proof of identity, income, and release or residency documents when applying at a county office or online portal. Contact this resource to confirm current intake steps, required documents, and whether walk-ins or referrals are accepted.","Suffolk Department of Social Services — Benefits & Family Support sirve a adultos con antecedentes penales y familias que reconstruyen estabilidad después de la encarcelación en condado de Suffolk. Lleve prueba de identidad, ingresos y documentos de liberación o residencia al solicitar en una oficina del condado o portal en línea. Contacte este recurso para confirmar pasos de admisión, documentos requeridos y si aceptan visitas sin cita o referencias.",P.O. Box 1818,Suffolk,(757) 514-7450,,http://www.suffolkva.us/760/Social-Services,"Residents of the City of Suffolk meeting income and household-size requirements for SNAP, Medicaid, and TANF; criminal record generally not a barrier.","Residentes de la ciudad de Suffolk que cumplan requisitos de ingresos y tamaño de hogar para SNAP, Medicaid y TANF; los antecedentes penales generalmente no son barrera.","Apply online at commonhelp.virginia.gov, call 833-522-5582, or visit the local department of social services.","Solicite en línea en commonhelp.virginia.gov, llame al 833-522-5582 o visite el departamento local de servicios sociales.",Typically Monday–Friday business hours; call ahead,suffolk|virginia|benefits|SNAP|Medicaid|DSS|reentry,SNAP enrollment|Medicaid enrollment|Cash assistance (TANF)|Rent and utility assistance|Benefits navigation,Suffolk,Suffolk,single,accepts_criminal_record
158,Surry Department of Social Services — Benefits & Family Support,financial-assistance,Surry / Surry County,"Surry Department of Social Services — Benefits & Family Support serves justice-involved adults and families rebuilding stability after incarceration in Surry County. Surry Department of Social Services in Surry processes SNAP, Medicaid, TANF, and energy assistance applications for residents of Surry County, including returning citizens reestablishing food and health benefits after release from jail or Virginia Department of Corrections custody. Bring proof of identity, income, and release or residency documents when applying at a county office or online portal. Contact this resource to confirm current intake steps, required documents, and whether walk-ins or referrals are accepted.","Surry Department of Social Services — Benefits & Family Support sirve a adultos con antecedentes penales y familias que reconstruyen estabilidad después de la encarcelación en condado de Surry. Lleve prueba de identidad, ingresos y documentos de liberación o residencia al solicitar en una oficina del condado o portal en línea. Contacte este recurso para confirmar pasos de admisión, documentos requeridos y si aceptan visitas sin cita o referencias.",P.O. Box 263,Surry,(757) 294-5240,,http://www.surrycountyva.gov/167/Social-Services,"Residents of Surry County meeting income and household-size requirements for SNAP, Medicaid, and TANF; criminal record generally not a barrier.","Residentes del condado de Surry que cumplan requisitos de ingresos y tamaño de hogar para SNAP, Medicaid y TANF; los antecedentes penales generalmente no son barrera.","Apply online at commonhelp.virginia.gov, call 833-522-5582, or visit the local department of social services.","Solicite en línea en commonhelp.virginia.gov, llame al 833-522-5582 o visite el departamento local de servicios sociales.",Typically Monday–Friday business hours; call ahead,surry|virginia|benefits|SNAP|Medicaid|DSS|reentry,SNAP enrollment|Medicaid enrollment|Cash assistance (TANF)|Rent and utility assistance|Benefits navigation,Surry,Surry,single,accepts_criminal_record
159,Sussex Department of Social Services — Benefits & Family Support,financial-assistance,Stony Creek / Sussex County,"Sussex Department of Social Services — Benefits & Family Support serves justice-involved adults and families rebuilding stability after incarceration in Sussex County. Sussex Department of Social Services in Stony Creek processes SNAP, Medicaid, TANF, and energy assistance applications for residents of Sussex County, including returning citizens reestablishing food and health benefits after release from jail or Virginia Department of Corrections custody. Bring proof of identity, income, and release or residency documents when applying at a county office or online portal. Contact this resource to confirm current intake steps, required documents, and whether walk-ins or referrals are accepted.","Sussex Department of Social Services — Benefits & Family Support sirve a adultos con antecedentes penales y familias que reconstruyen estabilidad después de la encarcelación en condado de Sussex. Lleve prueba de identidad, ingresos y documentos de liberación o residencia al solicitar en una oficina del condado o portal en línea. Contacte este recurso para confirmar pasos de admisión, documentos requeridos y si aceptan visitas sin cita o referencias.",20103 Princeton Road,Stony Creek,(434) 246-1083,,http://www.sussexcountyva.gov/departments/social-services-department/,"Residents of Sussex County meeting income and household-size requirements for SNAP, Medicaid, and TANF; criminal record generally not a barrier.","Residentes del condado de Sussex que cumplan requisitos de ingresos y tamaño de hogar para SNAP, Medicaid y TANF; los antecedentes penales generalmente no son barrera.","Apply online at commonhelp.virginia.gov, call 833-522-5582, or visit the local department of social services.","Solicite en línea en commonhelp.virginia.gov, llame al 833-522-5582 o visite el departamento local de servicios sociales.",Typically Monday–Friday business hours; call ahead,sussex|virginia|benefits|SNAP|Medicaid|DSS|reentry,SNAP enrollment|Medicaid enrollment|Cash assistance (TANF)|Rent and utility assistance|Benefits navigation,Sussex,Sussex,single,accepts_criminal_record
160,Tazewell County Department of Social Services — Benefits & Family Support,financial-assistance,Tazewell / Tazewell County,"Tazewell County Department of Social Services — Benefits & Family Support serves justice-involved adults and families rebuilding stability after incarceration in Tazewell County. Tazewell County Department of Social Services in Tazewell processes SNAP, Medicaid, TANF, and energy assistance applications for residents of Tazewell County, including returning citizens reestablishing food and health benefits after release from jail or Virginia Department of Corrections custody. Bring proof of identity, income, and release or residency documents when applying at a county office or online portal. Contact this resource to confirm current intake steps, required documents, and whether walk-ins or referrals are accepted.","Tazewell County Department of Social Services — Benefits & Family Support sirve a adultos con antecedentes penales y familias que reconstruyen estabilidad después de la encarcelación en condado de Tazewell. Lleve prueba de identidad, ingresos y documentos de liberación o residencia al solicitar en una oficina del condado o portal en línea. Contacte este recurso para confirmar pasos de admisión, documentos requeridos y si aceptan visitas sin cita o referencias.",P.O. Box 149,Tazewell,(276) 988-8500,,http://tazewellcountyva.org/government/department-of-social-services/,"Residents of Tazewell County meeting income and household-size requirements for SNAP, Medicaid, and TANF; criminal record generally not a barrier.","Residentes del condado de Tazewell que cumplan requisitos de ingresos y tamaño de hogar para SNAP, Medicaid y TANF; los antecedentes penales generalmente no son barrera.","Apply online at commonhelp.virginia.gov, call 833-522-5582, or visit the local department of social services.","Solicite en línea en commonhelp.virginia.gov, llame al 833-522-5582 o visite el departamento local de servicios sociales.",Typically Monday–Friday business hours; call ahead,tazewell|virginia|benefits|SNAP|Medicaid|DSS|reentry,SNAP enrollment|Medicaid enrollment|Cash assistance (TANF)|Rent and utility assistance|Benefits navigation,Tazewell,Tazewell,single,accepts_criminal_record
161,Virginia Beach Department of Human Services — Benefits & Family Support,financial-assistance,Virginia Beach / City of Virginia Beach,"Virginia Beach Department of Human Services — Benefits & Family Support serves justice-involved adults and families rebuilding stability after incarceration in Virginia Beach County. Virginia Beach Department of Human Services in Virginia Beach processes SNAP, Medicaid, TANF, and energy assistance applications for residents of the City of Virginia Beach, including returning citizens reestablishing food and health benefits after release from jail or Virginia Department of Corrections custody. Bring proof of identity, income, and release or residency documents when applying at a county office or online portal. Contact this resource to confirm current intake steps, required documents, and whether walk-ins or referrals are accepted.","Virginia Beach Department of Human Services — Benefits & Family Support sirve a adultos con antecedentes penales y familias que reconstruyen estabilidad después de la encarcelación en condado de Virginia Beach. Lleve prueba de identidad, ingresos y documentos de liberación o residencia al solicitar en una oficina del condado o portal en línea. Contacte este recurso para confirmar pasos de admisión, documentos requeridos y si aceptan visitas sin cita o referencias.",3432 Virginia Beach Blvd.,Virginia Beach,(757) 385-3200,,http://hs.virginiabeach.gov/,"Residents of the City of Virginia Beach meeting income and household-size requirements for SNAP, Medicaid, and TANF; criminal record generally not a barrier.","Residentes de la ciudad de Virginia Beach que cumplan requisitos de ingresos y tamaño de hogar para SNAP, Medicaid y TANF; los antecedentes penales generalmente no son barrera.","Apply online at commonhelp.virginia.gov, call 833-522-5582, or visit the local department of social services.","Solicite en línea en commonhelp.virginia.gov, llame al 833-522-5582 o visite el departamento local de servicios sociales.",Typically Monday–Friday business hours; call ahead,virginia beach|virginia|benefits|SNAP|Medicaid|DSS|reentry,SNAP enrollment|Medicaid enrollment|Cash assistance (TANF)|Rent and utility assistance|Benefits navigation,Virginia Beach,Virginia Beach,single,accepts_criminal_record
162,Warren County Department of Social Services — Benefits & Family Support,financial-assistance,Front Royal / Warren County,"Warren County Department of Social Services — Benefits & Family Support serves justice-involved adults and families rebuilding stability after incarceration in Warren County. Warren County Department of Social Services in Front Royal processes SNAP, Medicaid, TANF, and energy assistance applications for residents of Warren County, including returning citizens reestablishing food and health benefits after release from jail or Virginia Department of Corrections custody. Bring proof of identity, income, and release or residency documents when applying at a county office or online portal. Contact this resource to confirm current intake steps, required documents, and whether walk-ins or referrals are accepted.","Warren County Department of Social Services — Benefits & Family Support sirve a adultos con antecedentes penales y familias que reconstruyen estabilidad después de la encarcelación en condado de Warren. Lleve prueba de identidad, ingresos y documentos de liberación o residencia al solicitar en una oficina del condado o portal en línea. Contacte este recurso para confirmar pasos de admisión, documentos requeridos y si aceptan visitas sin cita o referencias.","465 W 15th Street, Suite 100",Front Royal,(540) 635-3430,,http://warrencountyva.gov/388/Social-Services,"Residents of Warren County meeting income and household-size requirements for SNAP, Medicaid, and TANF; criminal record generally not a barrier.","Residentes del condado de Warren que cumplan requisitos de ingresos y tamaño de hogar para SNAP, Medicaid y TANF; los antecedentes penales generalmente no son barrera.","Apply online at commonhelp.virginia.gov, call 833-522-5582, or visit the local department of social services.","Solicite en línea en commonhelp.virginia.gov, llame al 833-522-5582 o visite el departamento local de servicios sociales.",Typically Monday–Friday business hours; call ahead,warren|virginia|benefits|SNAP|Medicaid|DSS|reentry,SNAP enrollment|Medicaid enrollment|Cash assistance (TANF)|Rent and utility assistance|Benefits navigation,Warren,Warren,single,accepts_criminal_record
163,Washington County Department of Social Services — Benefits & Family Support,financial-assistance,Bristol / Washington County,"Washington County Department of Social Services — Benefits & Family Support serves justice-involved adults and families rebuilding stability after incarceration in Washington County. Washington County Department of Social Services in Bristol processes SNAP, Medicaid, TANF, and energy assistance applications for residents of Washington County, including returning citizens reestablishing food and health benefits after release from jail or Virginia Department of Corrections custody. Bring proof of identity, income, and release or residency documents when applying at a county office or online portal. Contact this resource to confirm current intake steps, required documents, and whether walk-ins or referrals are accepted.","Washington County Department of Social Services — Benefits & Family Support sirve a adultos con antecedentes penales y familias que reconstruyen estabilidad después de la encarcelación en condado de Washington. Lleve prueba de identidad, ingresos y documentos de liberación o residencia al solicitar en una oficina del condado o portal en línea. Contacte este recurso para confirmar pasos de admisión, documentos requeridos y si aceptan visitas sin cita o referencias.","15068 Lee Highway, Suite 100",Bristol,(276) 645-5000,,https://www.washcova.com/board-of-social-services/,"Residents of Washington County meeting income and household-size requirements for SNAP, Medicaid, and TANF; criminal record generally not a barrier.","Residentes del condado de Washington que cumplan requisitos de ingresos y tamaño de hogar para SNAP, Medicaid y TANF; los antecedentes penales generalmente no son barrera.","Apply online at commonhelp.virginia.gov, call 833-522-5582, or visit the local department of social services.","Solicite en línea en commonhelp.virginia.gov, llame al 833-522-5582 o visite el departamento local de servicios sociales.",Typically Monday–Friday business hours; call ahead,washington|virginia|benefits|SNAP|Medicaid|DSS|reentry,SNAP enrollment|Medicaid enrollment|Cash assistance (TANF)|Rent and utility assistance|Benefits navigation,Washington,Washington,single,accepts_criminal_record
164,Shenandoah Valley Dept. of Social Services (Waynesboro Office) — Benefits & Family Support,financial-assistance,Waynesboro / City of Waynesboro,"Shenandoah Valley Dept. of Social Services (Waynesboro Office) — Benefits & Family Support serves justice-involved adults and families rebuilding stability after incarceration in Waynesboro County. Shenandoah Valley Dept. of Social Services (Waynesboro Office) in Waynesboro processes SNAP, Medicaid, TANF, and energy assistance applications for residents of the City of Waynesboro, including returning citizens reestablishing food and health benefits after release from jail or Virginia Department of Corrections custody. Bring proof of identity, income, and release or residency documents when applying at a county office or online portal. Contact this resource to confirm current intake steps, required documents, and whether walk-ins or referrals are accepted.","Shenandoah Valley Dept. of Social Services (Waynesboro Office) — Benefits & Family Support sirve a adultos con antecedentes penales y familias que reconstruyen estabilidad después de la encarcelación en condado de Waynesboro. Lleve prueba de identidad, ingresos y documentos de liberación o residencia al solicitar en una oficina del condado o portal en línea. Contacte este recurso para confirmar pasos de admisión, documentos requeridos y si aceptan visitas sin cita o referencias.",1200 Shenandoah Ave.,Waynesboro,(540) 942-6646,,http://www.co.augusta.va.us/government/social-services,"Residents of the City of Waynesboro meeting income and household-size requirements for SNAP, Medicaid, and TANF; criminal record generally not a barrier.","Residentes de la ciudad de Waynesboro que cumplan requisitos de ingresos y tamaño de hogar para SNAP, Medicaid y TANF; los antecedentes penales generalmente no son barrera.","Apply online at commonhelp.virginia.gov, call 833-522-5582, or visit the local department of social services.","Solicite en línea en commonhelp.virginia.gov, llame al 833-522-5582 o visite el departamento local de servicios sociales.",Typically Monday–Friday business hours; call ahead,waynesboro|virginia|benefits|SNAP|Medicaid|DSS|reentry,SNAP enrollment|Medicaid enrollment|Cash assistance (TANF)|Rent and utility assistance|Benefits navigation,Waynesboro,Waynesboro,single,accepts_criminal_record
165,Westmoreland Department of Social Services — Benefits & Family Support,financial-assistance,Montross / Westmoreland County,"Westmoreland Department of Social Services — Benefits & Family Support serves justice-involved adults and families rebuilding stability after incarceration in Westmoreland County. Westmoreland Department of Social Services in Montross processes SNAP, Medicaid, TANF, and energy assistance applications for residents of Westmoreland County, including returning citizens reestablishing food and health benefits after release from jail or Virginia Department of Corrections custody. Bring proof of identity, income, and release or residency documents when applying at a county office or online portal. Contact this resource to confirm current intake steps, required documents, and whether walk-ins or referrals are accepted.","Westmoreland Department of Social Services — Benefits & Family Support sirve a adultos con antecedentes penales y familias que reconstruyen estabilidad después de la encarcelación en condado de Westmoreland. Lleve prueba de identidad, ingresos y documentos de liberación o residencia al solicitar en una oficina del condado o portal en línea. Contacte este recurso para confirmar pasos de admisión, documentos requeridos y si aceptan visitas sin cita o referencias.",P.O. Box 302,Montross,(804) 493-9305,,https://www.westmoreland-county.org/195/Department-of-Social-Services,"Residents of Westmoreland County meeting income and household-size requirements for SNAP, Medicaid, and TANF; criminal record generally not a barrier.","Residentes del condado de Westmoreland que cumplan requisitos de ingresos y tamaño de hogar para SNAP, Medicaid y TANF; los antecedentes penales generalmente no son barrera.","Apply online at commonhelp.virginia.gov, call 833-522-5582, or visit the local department of social services.","Solicite en línea en commonhelp.virginia.gov, llame al 833-522-5582 o visite el departamento local de servicios sociales.",Typically Monday–Friday business hours; call ahead,westmoreland|virginia|benefits|SNAP|Medicaid|DSS|reentry,SNAP enrollment|Medicaid enrollment|Cash assistance (TANF)|Rent and utility assistance|Benefits navigation,Westmoreland,Westmoreland,single,accepts_criminal_record
166,Williamsburg Human Services — Benefits & Family Support,financial-assistance,Williamsburg / City of Williamsburg,"Williamsburg Human Services — Benefits & Family Support serves justice-involved adults and families rebuilding stability after incarceration in Williamsburg County. Williamsburg Human Services in Williamsburg processes SNAP, Medicaid, TANF, and energy assistance applications for residents of the City of Williamsburg, including returning citizens reestablishing food and health benefits after release from jail or Virginia Department of Corrections custody. Bring proof of identity, income, and release or residency documents when applying at a county office or online portal. Contact this resource to confirm current intake steps, required documents, and whether walk-ins or referrals are accepted.","Williamsburg Human Services — Benefits & Family Support sirve a adultos con antecedentes penales y familias que reconstruyen estabilidad después de la encarcelación en condado de Williamsburg. Lleve prueba de identidad, ingresos y documentos de liberación o residencia al solicitar en una oficina del condado o portal en línea. Contacte este recurso para confirmar pasos de admisión, documentos requeridos y si aceptan visitas sin cita o referencias.",401 Lafayette St.,Williamsburg,(757) 220-6161,,http://www.williamsburgva.gov/government/departments-a-h/human-services,"Residents of the City of Williamsburg meeting income and household-size requirements for SNAP, Medicaid, and TANF; criminal record generally not a barrier.","Residentes de la ciudad de Williamsburg que cumplan requisitos de ingresos y tamaño de hogar para SNAP, Medicaid y TANF; los antecedentes penales generalmente no son barrera.","Apply online at commonhelp.virginia.gov, call 833-522-5582, or visit the local department of social services.","Solicite en línea en commonhelp.virginia.gov, llame al 833-522-5582 o visite el departamento local de servicios sociales.",Typically Monday–Friday business hours; call ahead,williamsburg|virginia|benefits|SNAP|Medicaid|DSS|reentry,SNAP enrollment|Medicaid enrollment|Cash assistance (TANF)|Rent and utility assistance|Benefits navigation,Williamsburg,Williamsburg,single,accepts_criminal_record
167,Winchester Department of Social Services — Benefits & Family Support,financial-assistance,Winchester / City of Winchester,"Winchester Department of Social Services — Benefits & Family Support serves justice-involved adults and families rebuilding stability after incarceration in Winchester County. Winchester Department of Social Services in Winchester processes SNAP, Medicaid, TANF, and energy assistance applications for residents of the City of Winchester, including returning citizens reestablishing food and health benefits after release from jail or Virginia Department of Corrections custody. Bring proof of identity, income, and release or residency documents when applying at a county office or online portal. Contact this resource to confirm current intake steps, required documents, and whether walk-ins or referrals are accepted.","Winchester Department of Social Services — Benefits & Family Support sirve a adultos con antecedentes penales y familias que reconstruyen estabilidad después de la encarcelación en condado de Winchester. Lleve prueba de identidad, ingresos y documentos de liberación o residencia al solicitar en una oficina del condado o portal en línea. Contacte este recurso para confirmar pasos de admisión, documentos requeridos y si aceptan visitas sin cita o referencias.",24 Baker Street,Winchester,(540) 662-3807,,http://www.winchesterva.gov/Government/Departments/Social-Services,"Residents of the City of Winchester meeting income and household-size requirements for SNAP, Medicaid, and TANF; criminal record generally not a barrier.","Residentes de la ciudad de Winchester que cumplan requisitos de ingresos y tamaño de hogar para SNAP, Medicaid y TANF; los antecedentes penales generalmente no son barrera.","Apply online at commonhelp.virginia.gov, call 833-522-5582, or visit the local department of social services.","Solicite en línea en commonhelp.virginia.gov, llame al 833-522-5582 o visite el departamento local de servicios sociales.",Typically Monday–Friday business hours; call ahead,winchester|virginia|benefits|SNAP|Medicaid|DSS|reentry,SNAP enrollment|Medicaid enrollment|Cash assistance (TANF)|Rent and utility assistance|Benefits navigation,Winchester,Winchester,single,accepts_criminal_record
168,Wise County Department of Social Services — Benefits & Family Support,financial-assistance,Wise / Wise County,"Wise County Department of Social Services — Benefits & Family Support serves justice-involved adults and families rebuilding stability after incarceration in Wise County. Wise County Department of Social Services in Wise processes SNAP, Medicaid, TANF, and energy assistance applications for residents of Wise County, including returning citizens reestablishing food and health benefits after release from jail or Virginia Department of Corrections custody. Bring proof of identity, income, and release or residency documents when applying at a county office or online portal. Contact this resource to confirm current intake steps, required documents, and whether walk-ins or referrals are accepted.","Wise County Department of Social Services — Benefits & Family Support sirve a adultos con antecedentes penales y familias que reconstruyen estabilidad después de la encarcelación en condado de Wise. Lleve prueba de identidad, ingresos y documentos de liberación o residencia al solicitar en una oficina del condado o portal en línea. Contacte este recurso para confirmar pasos de admisión, documentos requeridos y si aceptan visitas sin cita o referencias.",10365 Pinnacle Drive,Wise,(276) 328-8056,,http://www.wisecounty.org/221/Social-Services,"Residents of Wise County meeting income and household-size requirements for SNAP, Medicaid, and TANF; criminal record generally not a barrier.","Residentes del condado de Wise que cumplan requisitos de ingresos y tamaño de hogar para SNAP, Medicaid y TANF; los antecedentes penales generalmente no son barrera.","Apply online at commonhelp.virginia.gov, call 833-522-5582, or visit the local department of social services.","Solicite en línea en commonhelp.virginia.gov, llame al 833-522-5582 o visite el departamento local de servicios sociales.",Typically Monday–Friday business hours; call ahead,wise|virginia|benefits|SNAP|Medicaid|DSS|reentry,SNAP enrollment|Medicaid enrollment|Cash assistance (TANF)|Rent and utility assistance|Benefits navigation,Wise,Wise,single,accepts_criminal_record
169,Wythe County Department of Social Services — Benefits & Family Support,financial-assistance,Wytheville / Wythe County,"Wythe County Department of Social Services — Benefits & Family Support serves justice-involved adults and families rebuilding stability after incarceration in Wythe County. Wythe County Department of Social Services in Wytheville processes SNAP, Medicaid, TANF, and energy assistance applications for residents of Wythe County, including returning citizens reestablishing food and health benefits after release from jail or Virginia Department of Corrections custody. Bring proof of identity, income, and release or residency documents when applying at a county office or online portal. Contact this resource to confirm current intake steps, required documents, and whether walk-ins or referrals are accepted.","Wythe County Department of Social Services — Benefits & Family Support sirve a adultos con antecedentes penales y familias que reconstruyen estabilidad después de la encarcelación en condado de Wythe. Lleve prueba de identidad, ingresos y documentos de liberación o residencia al solicitar en una oficina del condado o portal en línea. Contacte este recurso para confirmar pasos de admisión, documentos requeridos y si aceptan visitas sin cita o referencias.","290 S. Sixth Street, Suite 200",Wytheville,(276) 228-5493,,http://www.wytheco.org/177/Department-of-Social-Services,"Residents of Wythe County meeting income and household-size requirements for SNAP, Medicaid, and TANF; criminal record generally not a barrier.","Residentes del condado de Wythe que cumplan requisitos de ingresos y tamaño de hogar para SNAP, Medicaid y TANF; los antecedentes penales generalmente no son barrera.","Apply online at commonhelp.virginia.gov, call 833-522-5582, or visit the local department of social services.","Solicite en línea en commonhelp.virginia.gov, llame al 833-522-5582 o visite el departamento local de servicios sociales.",Typically Monday–Friday business hours; call ahead,wythe|virginia|benefits|SNAP|Medicaid|DSS|reentry,SNAP enrollment|Medicaid enrollment|Cash assistance (TANF)|Rent and utility assistance|Benefits navigation,Wythe,Wythe,single,accepts_criminal_record
170,York/Poquoson Social Services — Benefits & Family Support,financial-assistance,Yorktown / York County,"York/Poquoson Social Services — Benefits & Family Support serves justice-involved adults and families rebuilding stability after incarceration in York, and Poquoson counties. York/Poquoson Social Services in Yorktown processes SNAP, Medicaid, TANF, and energy assistance applications for residents of York County and the City of Poquoson, including returning citizens reestablishing food and health benefits after release from jail or Virginia Department of Corrections custody. Bring proof of identity, income, and release or residency documents when applying at a county office or online portal. Contact this resource to confirm current intake steps, required documents, and whether walk-ins or referrals are accepted.","York/Poquoson Social Services — Benefits & Family Support sirve a adultos con antecedentes penales y familias que reconstruyen estabilidad después de la encarcelación en los condados York y Poquoson. Lleve prueba de identidad, ingresos y documentos de liberación o residencia al solicitar en una oficina del condado o portal en línea. Contacte este recurso para confirmar pasos de admisión, documentos requeridos y si aceptan visitas sin cita o referencias.",301 Goodwin Neck Road,Yorktown,(757) 890-3787,,http://www.yorkcounty.gov/159/Social-Services,"Residents of York County and the City of Poquoson meeting income and household-size requirements for SNAP, Medicaid, and TANF; criminal record generally not a barrier.","Residentes del condado de York y la ciudad de Poquoson que cumplan requisitos de ingresos y tamaño de hogar para SNAP, Medicaid y TANF; los antecedentes penales generalmente no son barrera.","Apply online at commonhelp.virginia.gov, call 833-522-5582, or visit the local department of social services.","Solicite en línea en commonhelp.virginia.gov, llame al 833-522-5582 o visite el departamento local de servicios sociales.",Typically Monday–Friday business hours; call ahead,york|virginia|benefits|SNAP|Medicaid|DSS|reentry,SNAP enrollment|Medicaid enrollment|Cash assistance (TANF)|Rent and utility assistance|Benefits navigation,York,York|Poquoson,multi,accepts_criminal_record
171,CARITAS — The Healing Place (Men's & Women's Campuses),housing,Richmond metro,"CARITAS operates The Healing Place, a long-term, peer-driven residential recovery program offered free of charge to men and women with substance use disorders in the greater Richmond area. The men's campus on Dinwiddie Avenue has 196 beds and the women's campus at the CARITAS Center has 142 beds. Participants live on campus while working a structured recovery curriculum with peer mentors, then transition through workforce development toward independent housing.","CARITAS opera The Healing Place, un programa residencial de recuperación a largo plazo, dirigido por pares y gratuito para hombres y mujeres con trastornos por uso de sustancias en el área metropolitana de Richmond. El campus de hombres en Dinwiddie Avenue tiene 196 camas y el de mujeres en el CARITAS Center tiene 142 camas. Los participantes viven en el campus siguiendo un currículo estructurado de recuperación y luego pasan a desarrollo laboral hacia una vivienda independiente.",2220 Stockton Street,Richmond,804-230-1184,info@caritasva.org,https://caritasva.org/the-healing-place/,Adult men and women with substance use disorders; on-demand admission at no cost; people leaving incarceration are accepted.,Hombres y mujeres adultos con trastornos por uso de sustancias; admisión según disponibilidad sin costo; se aceptan personas que salen de la encarcelación.,Men's intake 804-230-1184 (700 Dinwiddie Avenue); women's intake 804-418-3049 (2220 Stockton Street); for emergency shelter call the Homeless Connection Line at 804-972-0813.,Admisión de hombres 804-230-1184 (700 Dinwiddie Avenue); admisión de mujeres 804-418-3049 (2220 Stockton Street); para refugio de emergencia llame a la Homeless Connection Line al 804-972-0813.,Residential program 24/7; intake lines during business hours,housing|recovery-residence|residential-recovery|free|Richmond|reentry,Long-term residential recovery|Peer-driven recovery curriculum|Emergency shelter referral|Workforce development|Recovery residence transition,Richmond City,Richmond City|Henrico|Chesterfield,multi,accepts_criminal_record
172,CARITAS Recovery Residences,housing,Richmond metro,"CARITAS Recovery Residences offers safe, affordable sober-living apartments at the CARITAS Center in South Richmond for men and women at any point in their recovery journey. Residents live in a structured, substance-free community with access to CARITAS recovery programming, the CARITAS Works six-week workforce development program, and the Furniture Bank for household goods when they move into permanent housing.","CARITAS Recovery Residences ofrece apartamentos de vida sobria seguros y asequibles en el CARITAS Center, al sur de Richmond, para hombres y mujeres en cualquier punto de su recuperación. Los residentes viven en una comunidad estructurada y libre de sustancias con acceso a la programación de recuperación de CARITAS, al programa de desarrollo laboral CARITAS Works de seis semanas y al banco de muebles al mudarse a una vivienda permanente.",2220 Stockton Street,Richmond,804-801-5082,RecoveryResidences@caritasva.org,https://caritasva.org/i-need-help/,Men and women in recovery from substance use disorders at any stage; rent is affordable and income-based; criminal records are not an automatic bar.,Hombres y mujeres en recuperación de trastornos por uso de sustancias en cualquier etapa; la renta es asequible y basada en ingresos; los antecedentes penales no son una barrera automática.,Contact RecoveryResidences@caritasva.org or 804-801-5082 to apply; the CARITAS Works employment program can be reached at 804-612-1752; Furniture Bank 804-358-0964 ext. 302.,Contacte RecoveryResidences@caritasva.org o el 804-801-5082 para solicitar; el programa de empleo CARITAS Works está en el 804-612-1752; banco de muebles 804-358-0964 ext. 302.,Office Monday–Friday business hours,housing|sober-living|recovery-residence|affordable|Richmond|reentry,Sober-living apartments|Recovery programming|Workforce development|Furniture Bank access|Case management,Richmond City,Richmond City|Henrico|Chesterfield,multi,accepts_criminal_record
173,REAL LIFE — Recovery & Reentry Housing,housing,Richmond metro,"REAL LIFE operates recovery houses in Richmond with about 130 beds for men and women impacted by incarceration, substance use, or homelessness, serving a primarily reentry population from across Virginia. Residents receive intensive case management from a Pathway Navigator, a behavior-modification curriculum, employment navigation with more than 100 employer partners, and required recovery classes as they work toward graduation and independent living.","REAL LIFE opera casas de recuperación en Richmond con unas 130 camas para hombres y mujeres afectados por la encarcelación, el uso de sustancias o la falta de vivienda, sirviendo principalmente a una población en reinserción de toda Virginia. Los residentes reciben manejo de caso intensivo de un Pathway Navigator, un currículo de modificación de conducta, orientación de empleo con más de 100 empleadores aliados y clases de recuperación requeridas mientras avanzan hacia la vida independiente.",1111 N 25th Street,Richmond,804-406-4111,info@reallifeprogram.org,https://reallifeprogram.org/,"Adults impacted by incarceration, substance use, or homelessness; apply online or through a prison reentry counselor; people can apply from custody as part of a home plan.","Adultos afectados por la encarcelación, el uso de sustancias o la falta de vivienda; solicite en línea o a través de un consejero de reinserción de la prisión; se puede solicitar desde custodia como parte de un plan de hogar.",Submit one application online and expect up to a week for review plus a phone interview; people in prison can request an application through their reentry counselor; email is answered faster than calls.,Envíe una sola solicitud en línea y espere hasta una semana para revisión más una entrevista telefónica; las personas en prisión pueden pedir la solicitud a su consejero de reinserción; el correo electrónico se responde más rápido que las llamadas.,Office Monday–Friday business hours; houses 24/7,housing|recovery-residence|reentry|justice-involved|case-management|Richmond,Recovery housing|Intensive case management|Employment navigation|Behavior-modification curriculum|Reentry support,Richmond City,Richmond City,single,accepts_criminal_record
174,HomeAgain — Emergency Shelters & Rapid Rehousing,housing,Richmond metro,"HomeAgain has served greater Richmond since 1979 with year-round emergency shelters, bridge housing, rapid rehousing, and permanent supportive housing. Its City Family Shelter downtown houses up to 50 women, mothers, and families with case management, housing and job search help, and mental health support, while community housing programs place individuals and families in scattered-site apartments with short- and long-term rental subsidies.","HomeAgain sirve al área metropolitana de Richmond desde 1979 con refugios de emergencia todo el año, vivienda puente, realojamiento rápido y vivienda de apoyo permanente. Su City Family Shelter en el centro aloja hasta 50 mujeres, madres y familias con manejo de caso, ayuda de búsqueda de vivienda y empleo y apoyo de salud mental, mientras los programas comunitarios ubican a personas y familias en apartamentos dispersos con subsidios de renta.","2001 Maywill Street, Suite 201",Richmond,804-358-7747,info@homeagainrichmond.org,https://www.homeagainrichmond.org/,"Individuals and families experiencing homelessness in the greater Richmond region; all placements come through the Homeless Connection Line coordinated entry, not direct referral.","Personas y familias sin hogar en la región metropolitana de Richmond; todas las colocaciones pasan por la entrada coordinada de la Homeless Connection Line, no por referencia directa.","Call the Homeless Connection Line at 804-972-0813 to be assessed for shelter (Mon–Fri 8 a.m.–9 p.m., Sat–Sun 1–9 p.m.); the Maywill Street office is administrative and for donations only.","Llame a la Homeless Connection Line al 804-972-0813 para una evaluación de refugio (lun–vie 8 a.m.–9 p.m., sáb–dom 1–9 p.m.); la oficina de Maywill Street es administrativa y solo para donaciones.",Shelters 24/7; office Monday–Friday business hours,housing|emergency-shelter|rapid-rehousing|families|Richmond|coordinated-entry,Emergency shelter|Rapid rehousing|Permanent supportive housing|Case management|Housing search assistance,Richmond City,Richmond City|Henrico|Chesterfield|Hanover|Charles City|New Kent|Colonial Heights,multi,
175,SupportWorks Housing (formerly Virginia Supportive Housing),housing,Richmond metro & Hampton Roads,"SupportWorks Housing is Virginia's largest and oldest provider of permanent supportive housing, combining affordable apartments with individualized support services to end homelessness across greater Richmond, South Hampton Roads, and Charlottesville. Programs include supportive apartment communities like Cool Lane Commons, the HomeLink scattered-site program for chronically homeless single adults with disabilities, and Supportive Services for Veteran Families.","SupportWorks Housing es el proveedor más grande y antiguo de vivienda de apoyo permanente de Virginia, combinando apartamentos asequibles con servicios de apoyo individualizados para acabar con la falta de vivienda en Richmond, South Hampton Roads y Charlottesville. Sus programas incluyen comunidades de apartamentos como Cool Lane Commons, el programa HomeLink de sitios dispersos para adultos solteros con discapacidades y servicios de apoyo para familias de veteranos.","1900 Cool Lane, Suite B",Richmond,804-788-6825,,https://supportworkshousing.org/,"Adults experiencing homelessness, including chronically homeless single adults, veterans, older adults, and persons with disabilities; income limits apply; referrals flow through regional coordinated entry.","Adultos sin hogar, incluidos adultos con falta de vivienda crónica, veteranos, adultos mayores y personas con discapacidades; aplican límites de ingresos; las referencias pasan por la entrada coordinada regional.","Call 804-788-6825 for program information; veterans seeking SSVF help should ask for the intake coordinator at ext. 260; in Richmond, shelter placement starts with the Homeless Connection Line 804-972-0813.","Llame al 804-788-6825 para información de programas; los veteranos que buscan ayuda SSVF deben pedir el coordinador de admisión en la ext. 260; en Richmond, la colocación en refugio comienza con la Homeless Connection Line 804-972-0813.",Office Monday–Friday business hours,housing|permanent-supportive-housing|affordable|veterans|disabilities|statewide-provider,Permanent supportive housing|Affordable apartments|Case management|Veteran family services|Housing stability support,Richmond City,Richmond City|Henrico|Chesterfield|Charlottesville|Norfolk|Virginia Beach|Chesapeake|Portsmouth,multi,
176,The Salvation Army Richmond — Chamberlayne Avenue Shelters,housing,Richmond metro,"The Salvation Army operates the City of Richmond's year-round 50-bed men's shelter and the seasonal 100-bed Inclement Weather Shelter at 1900 Chamberlayne Avenue. The men's shelter provides beds, meals, and case management year-round, while the Inclement Weather Shelter opens each winter from 5 p.m. to 8 a.m. on a first-come, first-served basis. The Community Resource and Training Center at the same address connects guests to services.","El Ejército de Salvación opera el refugio de hombres de 50 camas de la ciudad de Richmond, abierto todo el año, y el refugio de clima inclemente de 100 camas, ambos en 1900 Chamberlayne Avenue. El refugio de hombres ofrece camas, comidas y manejo de caso todo el año, mientras el refugio de clima inclemente abre cada invierno de 5 p.m. a 8 a.m. por orden de llegada. El Community Resource and Training Center en la misma dirección conecta a los huéspedes con servicios.",1900 Chamberlayne Avenue,Richmond,804-972-0813,,https://southernusa.salvationarmy.org/centralvirginia/,"Year-round men's shelter serves single adult men referred through the Homeless Connection Line; the seasonal Inclement Weather Shelter is open to adults on a walk-up, first-come basis during winter.",El refugio de hombres todo el año sirve a hombres adultos solteros referidos por la Homeless Connection Line; el refugio de clima inclemente está abierto a adultos por orden de llegada durante el invierno.,"There is no walk-in intake for the year-round shelter—call the Homeless Connection Line at 804-972-0813; the Inclement Weather Shelter operates roughly November 15–April 15, 5 p.m.–8 a.m., entrance via side alley.","No hay admisión directa para el refugio anual—llame a la Homeless Connection Line al 804-972-0813; el refugio de clima inclemente opera aproximadamente del 15 de noviembre al 15 de abril, 5 p.m.–8 a.m., entrada por el callejón lateral.",Men's shelter 24/7 via referral; Inclement Weather Shelter seasonal 5:00 p.m.–8:00 a.m.,housing|emergency-shelter|men|inclement-weather|Richmond|low-barrier,Year-round men's shelter|Seasonal inclement weather shelter|Meals|Case management|Resource center connection,Richmond City,Richmond City,single,walk_in_ok
177,ForKids — Housing Crisis Hotline & Housing Programs,housing,Hampton Roads,"ForKids operates the Regional Housing Crisis Hotline, the central entry point for anyone facing homelessness or eviction across 14 cities and counties in Southeastern Virginia, answering more than 77,000 calls a year. From its Landmark Center headquarters in Chesapeake, ForKids also provides emergency shelter, rapid rehousing, homelessness prevention, and comprehensive family services including education support and case management.","ForKids opera la Regional Housing Crisis Hotline, el punto central de entrada para cualquier persona que enfrenta la falta de vivienda o el desalojo en 14 ciudades y condados del sureste de Virginia, respondiendo más de 77,000 llamadas al año. Desde su sede Landmark Center en Chesapeake, ForKids también ofrece refugio de emergencia, realojamiento rápido, prevención de la falta de vivienda y servicios familiares integrales con apoyo educativo y manejo de caso.",1001 Poindexter Street,Chesapeake,757-587-4202,Info@ForKids.org,https://forkids.org/hotline/,"Anyone experiencing a housing crisis in Greater Hampton Roads—living on the street, in shelter, or facing eviction; hotline staff assess and refer to available programs.","Cualquier persona en crisis de vivienda en Greater Hampton Roads—viviendo en la calle, en refugio o enfrentando desalojo; el personal de la línea evalúa y refiere a los programas disponibles.","Call the Housing Crisis Hotline at 757-587-4202, Monday–Friday 8 a.m.–5:30 p.m.; the hotline does not give direct financial assistance; general office 757-622-6400; browse resources at resources757.org.","Llame a la Housing Crisis Hotline al 757-587-4202, lunes–viernes 8 a.m.–5:30 p.m.; la línea no da asistencia financiera directa; oficina general 757-622-6400; consulte recursos en resources757.org.","Hotline Monday–Friday, 8:00 a.m.–5:30 p.m.",housing|hotline|coordinated-entry|eviction-prevention|Hampton-Roads|families,Housing crisis hotline|Emergency shelter referral|Rapid rehousing|Homelessness prevention|Family case management,Chesapeake,Chesapeake|Norfolk|Portsmouth|Suffolk|Virginia Beach|Franklin City|Isle of Wight|Southampton,multi,
178,Union Mission Ministries — Norfolk Shelters,housing,Hampton Roads,"Union Mission Ministries runs Norfolk's largest emergency shelter campus, open 24 hours a day with the Bashford Men's Shelter, a women's shelter, cafeteria meals, day services, clothing, case management, and the long-term RECLAIM residential recovery program. The Mission provides more than 72,000 nights of shelter and nearly 190,000 meals each year to men, women, and children across Hampton Roads at no charge.","Union Mission Ministries dirige el campus de refugio de emergencia más grande de Norfolk, abierto las 24 horas, con el refugio de hombres Bashford, un refugio de mujeres, comidas de cafetería, servicios de día, ropa, manejo de caso y el programa residencial de recuperación RECLAIM. La Misión brinda más de 72,000 noches de refugio y casi 190,000 comidas al año a hombres, mujeres y niños de Hampton Roads sin costo.",5100 E Virginia Beach Boulevard,Norfolk,757-627-8686,,https://www.unionmissionministries.org/,"Men, women, and children experiencing homelessness; faith-based program open to all; call first to confirm bed availability.","Hombres, mujeres y niños sin hogar; programa basado en la fe abierto a todos; llame primero para confirmar disponibilidad de camas.","Call 757-627-8686 before arriving—men ext. 200, single women ext. 331; the women and children's shelter is temporarily closed but staff offer referrals (ext. 335); men's intake arrival recommended 5–5:15 p.m.; day services 9:30 a.m.–3 p.m. weekdays.","Llame al 757-627-8686 antes de llegar—hombres ext. 200, mujeres solteras ext. 331; el refugio de mujeres con niños está cerrado temporalmente pero el personal ofrece referencias (ext. 335); llegada recomendada para hombres 5–5:15 p.m.; servicios de día 9:30 a.m.–3 p.m. entre semana.",Open 24/7; day services Monday–Friday 9:30 a.m.–3:00 p.m.,housing|emergency-shelter|rescue-mission|meals|Norfolk|faith-based,Emergency shelter|Daily meals|Day services|Residential recovery program|Case management,Norfolk,Norfolk,single,
179,Samaritan House — Emergency & Permanent Housing,housing,Hampton Roads,"Samaritan House owns and operates 13 emergency shelter homes at undisclosed locations across Virginia Beach and provides permanent housing through rapid rehousing for homeless families and survivors of domestic violence, sexual assault, and human trafficking. Case managers work with each participant on safety planning, financial literacy, vocational help, counseling, and children's services on the path to self-sufficiency and permanent housing.","Samaritan House posee y opera 13 hogares de refugio de emergencia en ubicaciones no divulgadas en Virginia Beach y ofrece vivienda permanente mediante realojamiento rápido para familias sin hogar y sobrevivientes de violencia doméstica, agresión sexual y trata de personas. Los manejadores de caso trabajan con cada participante en planes de seguridad, educación financiera, ayuda vocacional, consejería y servicios para niños hacia la autosuficiencia y la vivienda permanente.",2620 Southern Boulevard,Virginia Beach,757-631-0710,,https://samaritanhouseva.org/,"Victims of domestic violence, sexual assault, and human trafficking, and families experiencing homelessness; services are free; shelter placement is assessed through hotlines.","Víctimas de violencia doméstica, agresión sexual y trata de personas, y familias sin hogar; los servicios son gratuitos; la colocación en refugio se evalúa por líneas telefónicas.",For safety-related shelter call the 24-hour crisis hotline 757-430-2120; for general homelessness call the Regional Housing Crisis Hotline 757-587-4202; dial 911 if in immediate danger.,Para refugio por seguridad llame a la línea de crisis 24 horas 757-430-2120; para falta de vivienda general llame a la Regional Housing Crisis Hotline 757-587-4202; marque 911 si está en peligro inmediato.,Crisis hotline 24/7; administrative office Monday–Friday business hours,housing|emergency-shelter|domestic-violence|rapid-rehousing|Virginia-Beach|trauma-informed,Emergency safe housing|Rapid rehousing|Case management|Victim advocacy|Children's services,Virginia Beach,Virginia Beach,single,
180,Carpenter's Shelter — Alexandria,housing,Northern Virginia,"Carpenter's Shelter serves people experiencing homelessness in the City of Alexandria through the 64-bed Hoffman Center family shelter on North Henry Street and the 64-bed Alexandria Community Shelter on Mill Road, which houses both single adults and families. Beyond beds and daily meals, the shelter provides case management, employment help, and aftercare so clients can address the barriers that led to homelessness and return to permanent housing.","Carpenter's Shelter sirve a personas sin hogar en la ciudad de Alexandria a través del refugio familiar Hoffman Center de 64 camas en North Henry Street y el Alexandria Community Shelter de 64 camas en Mill Road, que aloja a adultos solteros y familias. Además de camas y comidas diarias, el refugio ofrece manejo de caso, ayuda de empleo y seguimiento para que los clientes superen las barreras que causaron su falta de vivienda y vuelvan a una vivienda permanente.",930 N Henry Street,Alexandria,703-548-7500,Info@CarpentersShelter.org,https://carpentersshelter.org/,Individuals and families experiencing homelessness in the City of Alexandria; the Hoffman Center is family-only; single adults are served at the Alexandria Community Shelter.,Personas y familias sin hogar en la ciudad de Alexandria; el Hoffman Center es solo para familias; los adultos solteros son atendidos en el Alexandria Community Shelter.,For emergency shelter placement call Alexandria's Homeless Services Assessment Center at 703-746-5700; Alexandria Community Shelter direct line 703-746-3660; winter shelter 571-652-9984.,Para colocación en refugio de emergencia llame al Homeless Services Assessment Center de Alexandria al 703-746-5700; línea directa del Alexandria Community Shelter 703-746-3660; refugio de invierno 571-652-9984.,Shelters 24/7; administrative office Monday–Friday business hours,housing|emergency-shelter|families|Northern-Virginia|Alexandria|case-management,Emergency shelter|Family shelter|Case management|Employment assistance|Aftercare support,Alexandria,Alexandria,single,
181,Shelter House — Fairfax & Loudoun Emergency Shelters,housing,Northern Virginia,"Shelter House operates seven emergency shelters across Fairfax and Loudoun counties, including the 62-bed Katherine K. Hanley Family Shelter in Fairfax, all using a rapid rehousing approach that pairs shelter with housing location support, rental assistance, and intensive case management. The organization serves families and individuals experiencing homelessness or fleeing domestic violence and helps them return to permanent housing quickly.","Shelter House opera siete refugios de emergencia en los condados de Fairfax y Loudoun, incluido el Katherine K. Hanley Family Shelter de 62 camas en Fairfax, todos con un enfoque de realojamiento rápido que combina refugio con búsqueda de vivienda, asistencia de renta y manejo de caso intensivo. La organización sirve a familias y personas sin hogar o que huyen de violencia doméstica y les ayuda a volver rápidamente a una vivienda permanente.",12970 Katherine Hanley Court,Fairfax,571-522-6800,,https://www.shelterhouse.org/,"Families and individuals experiencing homelessness or domestic violence in Fairfax County and Loudoun County; placement is through county coordinated entry, not walk-in.","Familias y personas sin hogar o en situación de violencia doméstica en los condados de Fairfax y Loudoun; la colocación es por entrada coordinada del condado, no por llegada directa.",In Fairfax County call Coordinated Services Planning at 703-222-0880 (Mon–Fri 8 a.m.–4:30 p.m.) for shelter referral; in a domestic violence emergency call the county's 24-hour hotline 703-360-7273.,En el condado de Fairfax llame a Coordinated Services Planning al 703-222-0880 (lun–vie 8 a.m.–4:30 p.m.) para referencia de refugio; en una emergencia de violencia doméstica llame a la línea 24 horas del condado 703-360-7273.,Shelters 24/7; referrals weekdays via Coordinated Services Planning,housing|emergency-shelter|rapid-rehousing|families|Northern-Virginia|domestic-violence,Emergency shelter|Rapid rehousing|Housing location support|Rental assistance|Intensive case management,Fairfax,Fairfax|Loudoun,multi,
182,Miriam's House — Lynchburg Homeless Response,housing,Lynchburg region,"Miriam's House leads the Lynchburg area's homeless response system, operating Coordinated Homeless Intake and Access (CHIA), street outreach, rapid rehousing, and permanent supportive housing for people experiencing homelessness in Lynchburg and the counties of Amherst, Appomattox, Bedford, and Campbell. Its solution-focused programs pair stable, affordable housing with financial assistance and supportive services so households do not return to homelessness.","Miriam's House lidera el sistema de respuesta a la falta de vivienda del área de Lynchburg, operando la entrada coordinada CHIA, alcance en la calle, realojamiento rápido y vivienda de apoyo permanente para personas sin hogar en Lynchburg y los condados de Amherst, Appomattox, Bedford y Campbell. Sus programas combinan vivienda estable y asequible con asistencia financiera y servicios de apoyo para que los hogares no vuelvan a quedar sin vivienda.",409 Magnolia Street,Lynchburg,434-847-1101,,https://www.miriamshouse.org/,"People who are homeless or within three days of losing housing in Lynchburg, Amherst, Appomattox, Bedford, or Campbell; entry is through the CHIA coordinated intake line.","Personas sin hogar o a tres días de perder su vivienda en Lynchburg, Amherst, Appomattox, Bedford o Campbell; la entrada es por la línea de admisión coordinada CHIA.",Call the CHIA homeless information line at 434-427-2442 if you are in a housing crisis; office hours Monday–Friday 9 a.m.–4 p.m.,Llame a la línea de información CHIA al 434-427-2442 si está en crisis de vivienda; horario de oficina lunes–viernes 9 a.m.–4 p.m.,"Office Monday–Friday, 9:00 a.m.–4:00 p.m.",housing|coordinated-entry|rapid-rehousing|permanent-supportive-housing|Lynchburg|rural,Coordinated homeless intake|Rapid rehousing|Permanent supportive housing|Street outreach|Financial assistance,Lynchburg,Lynchburg|Amherst|Appomattox|Bedford|Campbell,multi,
183,The Haven — Day Shelter & Housing Programs,housing,Charlottesville & Albemarle,"The Haven is a multi-resource day shelter and housing resource center in downtown Charlottesville, open every morning 365 days a year with breakfast, showers, laundry, mail service, storage, and emergency clothing assistance. Its Housing First programs—homeless prevention, the Haven Housing Fund, and rapid rehousing—connect guests from Charlottesville and surrounding counties to case management and rent assistance that return them to stable housing.","The Haven es un refugio de día y centro de recursos de vivienda en el centro de Charlottesville, abierto cada mañana los 365 días del año con desayuno, duchas, lavandería, servicio de correo, almacenamiento y ayuda de ropa de emergencia. Sus programas Housing First—prevención, el Haven Housing Fund y realojamiento rápido—conectan a los huéspedes de Charlottesville y los condados cercanos con manejo de caso y asistencia de renta hacia una vivienda estable.",112 W Market Street,Charlottesville,434-973-1234,operations@thehaven.org,https://www.thehaven.org/,Day shelter is open to anyone in need age 18 and over; housing programs serve people who are literally homeless or within 14 days of losing housing in the Charlottesville region.,El refugio de día está abierto a cualquier persona mayor de 18 años; los programas de vivienda sirven a personas literalmente sin hogar o a 14 días de perder su vivienda en la región de Charlottesville.,Drop in any morning or call 434-973-1234 ext. 100; for housing screening call the Homeless Information Line 434-207-2328 and leave a voicemail; for other needs call the Community Resource Line 833-524-2904.,Visite cualquier mañana o llame al 434-973-1234 ext. 100; para evaluación de vivienda llame a la Homeless Information Line 434-207-2328 y deje un mensaje; para otras necesidades llame a la Community Resource Line 833-524-2904.,Monday–Friday 7:00 a.m.–5:00 p.m. (closed 12–1 p.m.); Saturday–Sunday 7:00 a.m.–12:00 noon,housing|day-shelter|housing-first|rapid-rehousing|Charlottesville|basic-needs,Day shelter|Showers and laundry|Housing assistance|Homeless prevention|Rapid rehousing,Charlottesville,Charlottesville|Albemarle|Fluvanna|Greene|Louisa|Nelson,multi,
184,House of Hope — Danville Emergency Shelter,housing,Southside Virginia,"House of Hope is a faith-based emergency homeless shelter in downtown Danville serving men, women, and children from Danville, Pittsylvania County, and surrounding Southside communities for more than a decade. The shelter provides beds, a morning meal, an evening meal, and bagged lunches to go, plus transitional housing and referrals to local agencies so residents can move toward stable housing and employment.","House of Hope es un refugio de emergencia basado en la fe en el centro de Danville que sirve a hombres, mujeres y niños de Danville, el condado de Pittsylvania y las comunidades cercanas de Southside desde hace más de una década. El refugio ofrece camas, desayuno, cena y almuerzos para llevar, además de vivienda de transición y referencias a agencias locales para que los residentes avancen hacia vivienda estable y empleo.",206 S Ridge Street,Danville,434-549-1459,info@danvillehoh.org,https://danvillehoh.org/,"Anyone needing emergency shelter in the Danville area, including men (Phil and Fran's Place), women, and families with children.","Cualquier persona que necesite refugio de emergencia en el área de Danville, incluidos hombres (Phil and Fran's Place), mujeres y familias con niños.",Check in daily between 5:00 and 7:00 p.m.; call ahead at 434-549-1459 to confirm bed availability; residents are referred to local agencies for daytime meals and services.,Regístrese a diario entre las 5:00 y 7:00 p.m.; llame antes al 434-549-1459 para confirmar disponibilidad de camas; se refieren a los residentes a agencias locales para comidas y servicios de día.,Intake daily 5:00–7:00 p.m.; shelter overnight,housing|emergency-shelter|faith-based|Danville|Southside|families,Emergency shelter|Meals|Transitional housing|Agency referrals|Family shelter,Danville,Danville|Pittsylvania|Martinsville|Henry|Halifax,multi,
185,The Warming Center of Martinsville & Henry County,housing,Southside Virginia,"The Warming Center of MHC, a project of the West Piedmont Better Housing Coalition, provides a warm, dry overnight sleep space and a hot meal inside the Salvation Army building in Martinsville on any night temperatures fall to around 38–40 degrees or below, roughly November through March. All guests are welcome and staff connect them to resources for stable housing and other community services in Martinsville and Henry County.","El Warming Center de MHC, un proyecto de la West Piedmont Better Housing Coalition, ofrece un espacio nocturno cálido y seco para dormir y una comida caliente dentro del edificio del Ejército de Salvación en Martinsville cualquier noche que la temperatura baje a unos 38–40 grados o menos, aproximadamente de noviembre a marzo. Todos son bienvenidos y el personal los conecta con recursos de vivienda estable y otros servicios comunitarios en Martinsville y el condado de Henry.",603 Memorial Boulevard S,Martinsville,276-207-9660,operations@mhcwarmingcenter.org,https://warmingcentermhc.org/,Anyone needing overnight shelter on cold nights in the Martinsville–Henry County area; no residency or sobriety documentation required to enter.,Cualquier persona que necesite refugio nocturno en noches frías en el área de Martinsville–condado de Henry; no se requiere documentación de residencia ni de sobriedad para entrar.,"Seasonal: open only on nights near or below 38–40 degrees, roughly November–March; check-in about 7–10 p.m., center closes 8 a.m.; the center is a nighttime operation, so daytime calls may be answered the following evening.","Estacional: abre solo en noches cercanas o por debajo de 38–40 grados, aproximadamente de noviembre a marzo; registro de 7 a 10 p.m., cierra a las 8 a.m.; opera de noche, por lo que las llamadas de día pueden responderse la noche siguiente.","Seasonal cold-weather nights, approximately 7:00 p.m.–8:00 a.m.",housing|warming-center|seasonal|emergency-shelter|Martinsville|Henry-County,Overnight warming shelter|Hot meal|Housing resource connection|Community service referrals,Martinsville,Martinsville|Henry,multi,
186,Stone Mountain Health Services (FQHC),healthcare,Southwest Virginia,"Stone Mountain Health Services is a federally qualified health center operating 12 clinics and black lung breathing centers across far Southwest Virginia, serving Buchanan, Dickenson, Lee, Russell, Scott, Smyth, Tazewell, Washington, and Wise counties and the City of Norton. Clinics provide primary care for all ages, behavioral health counseling, medication assistance, lab services, and black lung services, with fees on a sliding scale for the uninsured.","Stone Mountain Health Services es un centro de salud federalmente calificado con 12 clínicas y centros respiratorios para pulmón negro en el extremo suroeste de Virginia, sirviendo los condados de Buchanan, Dickenson, Lee, Russell, Scott, Smyth, Tazewell, Washington y Wise y la ciudad de Norton. Las clínicas ofrecen atención primaria para todas las edades, consejería de salud conductual, asistencia con medicamentos, laboratorio y servicios de pulmón negro, con tarifas de escala móvil para no asegurados.",276 Fieldstone Drive,Jonesville,276-546-3001,,https://stonemountainhealthservices.org/,"Open to everyone regardless of insurance status or ability to pay; sliding-scale fees based on income; Medicaid, Medicare, and private insurance accepted.","Abierto a todos sin importar el seguro o la capacidad de pago; tarifas de escala móvil según ingresos; se aceptan Medicaid, Medicare y seguros privados.",Jonesville Family Health Center 276-546-3001 (Mon–Fri 8 a.m.–6 p.m.); central administration 276-546-5310 or toll-free 866-297-5250; 12 clinic locations are listed on the website including Damascus and Konnarock.,"Jonesville Family Health Center 276-546-3001 (lun–vie 8 a.m.–6 p.m.); administración central 276-546-5310 o línea gratuita 866-297-5250; las 12 clínicas aparecen en el sitio web, incluidas Damascus y Konnarock.","Clinic hours vary; Jonesville Monday–Friday, 8:00 a.m.–6:00 p.m.",healthcare|FQHC|primary-care|behavioral-health|sliding-scale|Southwest-Virginia|rural,Primary care|Behavioral health counseling|Black lung services|Medication assistance|Lab services,Lee,Lee|Scott|Wise|Dickenson|Buchanan|Russell|Tazewell|Washington|Smyth|Norton,multi,
187,The Health Wagon — Free Clinics of Southwest Virginia,healthcare,Southwest Virginia,"The Health Wagon is a nurse practitioner–managed nonprofit providing free medical, dental, vision, and behavioral health care to uninsured and underinsured people at stationary clinics in Wise and Clintwood and mobile units visiting sites across Buchanan, Dickenson, Lee, Russell, Scott, and Wise counties and the City of Norton. Services include chronic disease management, medication assistance, cancer screenings, specialty clinics, and free health fairs.","The Health Wagon es una organización sin fines de lucro dirigida por enfermeras practicantes que brinda atención médica, dental, visual y de salud conductual gratuita a personas sin seguro o con seguro insuficiente en clínicas fijas en Wise y Clintwood y unidades móviles que visitan sitios en los condados de Buchanan, Dickenson, Lee, Russell, Scott y Wise y la ciudad de Norton. Ofrece manejo de enfermedades crónicas, asistencia con medicamentos, detección de cáncer, clínicas de especialidad y ferias de salud gratuitas.",5626 Patriot Drive,Wise,276-328-8850,info@thehealthwagon.org,https://thehealthwagon.org/,Uninsured and underinsured residents of far Southwest Virginia; no fee for care; call to confirm eligibility and clinic schedule.,Residentes sin seguro o con seguro insuficiente del extremo suroeste de Virginia; la atención es gratuita; llame para confirmar elegibilidad y horario de clínicas.,"Call 276-328-8850 for appointments and the mobile clinic schedule; specialty clinics include cardiology, endocrinology, women's health, and dental/vision events; hosts the annual RAM-style health outreach in Wise.","Llame al 276-328-8850 para citas y el calendario de la clínica móvil; las clínicas de especialidad incluyen cardiología, endocrinología, salud de la mujer y eventos dentales y de visión; organiza la feria de salud anual en Wise.",Monday–Friday business hours; mobile clinic schedule varies,healthcare|free-clinic|mobile-clinic|uninsured|Southwest-Virginia|rural,Free primary care|Dental and vision care|Chronic disease management|Medication assistance|Specialty clinics,Wise,Wise|Dickenson|Buchanan|Russell|Lee|Scott|Norton,multi,
188,Tri-Area Community Health (FQHC),healthcare,Southwest Virginia,"Tri-Area Community Health is a federally qualified health center with clinics in Laurel Fork (Carroll County), Ferrum (Franklin County), Floyd, and Troutdale (Grayson County), plus pharmacies at Laurel Fork and Ferrum. Providers deliver primary care from pediatrics to geriatrics, behavioral health, psychiatric services, clinical pharmacy, diabetes education, x-rays, and family planning, with Medicaid enrollment help and an after-hours on-call line.","Tri-Area Community Health es un centro de salud federalmente calificado con clínicas en Laurel Fork (condado de Carroll), Ferrum (condado de Franklin), Floyd y Troutdale (condado de Grayson), más farmacias en Laurel Fork y Ferrum. Los proveedores ofrecen atención primaria de pediatría a geriatría, salud conductual, servicios psiquiátricos, farmacia clínica, educación en diabetes, radiografías y planificación familiar, con ayuda de inscripción en Medicaid y línea de guardia fuera de horario.",14558 Danville Pike,Laurel Fork,276-398-2292,,https://www.triareahealth.org/,Open to all patients regardless of insurance; sliding-fee discounts available; Medicaid and insurance enrollment assistance offered.,Abierto a todos los pacientes sin importar el seguro; descuentos de escala móvil disponibles; se ofrece ayuda de inscripción en Medicaid y seguros.,Laurel Fork 276-398-2292; Ferrum 540-365-4469; Floyd 540-745-9290; after-hours medical advice via the clinic phone lines; on-site pharmacies at Laurel Fork (276-398-2620) and Ferrum (540-365-6337).,Laurel Fork 276-398-2292; Ferrum 540-365-4469; Floyd 540-745-9290; consejo médico fuera de horario por las mismas líneas; farmacias en Laurel Fork (276-398-2620) y Ferrum (540-365-6337).,"Monday–Friday, roughly 7:45 a.m.–5:00 p.m. (Laurel Fork Mondays until 6:30 p.m.)",healthcare|FQHC|primary-care|behavioral-health|pharmacy|rural|Blue-Ridge,Primary care|Behavioral health|Psychiatric services|On-site pharmacy|Diabetes education,Carroll,Carroll|Grayson|Floyd|Franklin|Patrick,multi,
189,Bland County Medical Clinic (FQHC),healthcare,Southwest Virginia,"Bland County Medical Clinic is a federally qualified health center founded in 1979 in Bastian, just off I-77 exit 58, with three locations including a dental clinic and the Orchard Creek Clinic. It provides primary and urgent care, behavioral health support, and dental services to Bland County's rural community, with a medical provider on call 24/7 and sliding-scale fees so no one is turned away for inability to pay.","Bland County Medical Clinic es un centro de salud federalmente calificado fundado en 1979 en Bastian, junto a la salida 58 de la I-77, con tres ubicaciones que incluyen una clínica dental y la Orchard Creek Clinic. Ofrece atención primaria y de urgencia, apoyo de salud conductual y servicios dentales a la comunidad rural del condado de Bland, con un proveedor médico de guardia 24/7 y tarifas de escala móvil para que nadie sea rechazado por no poder pagar.",12301 Grapefield Road,Bastian,276-688-4331,,https://blandclinic.com/,"Open to all; sliding-scale fees for uninsured patients; Medicaid, Medicare, and private insurance accepted.","Abierto a todos; tarifas de escala móvil para pacientes sin seguro; se aceptan Medicaid, Medicare y seguros privados.",Main line 276-688-4331 also reaches the 24/7 on-call medical provider; clinic hours Monday–Friday 8 a.m.–6 p.m.; dental services available through the partnership with Bland Ministry Center's dental program.,La línea principal 276-688-4331 también conecta con el proveedor médico de guardia 24/7; horario lunes–viernes 8 a.m.–6 p.m.; servicios dentales disponibles mediante la alianza con el programa dental del Bland Ministry Center.,"Monday–Friday, 8:00 a.m.–6:00 p.m.; provider on call 24/7",healthcare|FQHC|primary-care|dental|rural|Bland-County,Primary care|Urgent care|Dental clinic|Behavioral health support|Sliding-scale fees,Bland,Bland,single,
190,Southwest Virginia Community Health Systems (FQHC),healthcare,Southwest Virginia,"Southwest Virginia Community Health Systems is a federally qualified health center network with community health centers in Saltville, Meadowview, Tazewell, and Bristol, plus a regional dental center and the New Day Recovery program in Saltville. The centers provide family medicine, pediatrics, behavioral health, optometry, dental care, and addiction recovery support with sliding-scale fees and an after-hours emergency line.","Southwest Virginia Community Health Systems es una red de centros de salud federalmente calificados con centros comunitarios en Saltville, Meadowview, Tazewell y Bristol, además de un centro dental regional y el programa de recuperación New Day en Saltville. Los centros ofrecen medicina familiar, pediatría, salud conductual, optometría, atención dental y apoyo de recuperación de adicciones con tarifas de escala móvil y una línea de emergencia fuera de horario.",308 W Main Street,Saltville,276-496-4433,information@svchs.com,https://www.svchs.com/,"Open to all patients; sliding-fee scale for the uninsured; Medicaid, Medicare, and most insurance accepted.","Abierto a todos los pacientes; escala de tarifas móvil para no asegurados; se aceptan Medicaid, Medicare y la mayoría de los seguros.",Saltville 276-496-4433; Meadowview 276-944-3999; Tazewell 276-979-9899; Bristol 276-669-5179; dental center 276-496-4492; after-hours emergencies 1-888-531-8354.,Saltville 276-496-4433; Meadowview 276-944-3999; Tazewell 276-979-9899; Bristol 276-669-5179; centro dental 276-496-4492; emergencias fuera de horario 1-888-531-8354.,"Monday–Friday, 8:00 a.m.–6:30 p.m. at most locations",healthcare|FQHC|primary-care|dental|behavioral-health|Southwest-Virginia,Family medicine|Behavioral health|Dental care|Optometry|Addiction recovery support,Smyth,Smyth|Washington|Tazewell|Bristol,multi,
191,Central Virginia Health Services (FQHC network),healthcare,Central Virginia — 19 locations,"Central Virginia Health Services is Virginia's oldest community health center network, operating about 19 federally qualified health centers from its New Canton headquarters in Buckingham County. Sites across central and eastern Virginia—including Buckingham, Fluvanna, Cumberland, Charlotte, Caroline, Louisa, Prince Edward, Charles City, Petersburg, Hopewell, Charlottesville, and Fredericksburg—offer medical, dental, behavioral health, pharmacy, and addiction treatment with sliding-scale fees.","Central Virginia Health Services es la red de centros de salud comunitarios más antigua de Virginia, con unas 19 clínicas federalmente calificadas desde su sede en New Canton, condado de Buckingham. Sus sitios en el centro y este de Virginia—incluidos Buckingham, Fluvanna, Cumberland, Charlotte, Caroline, Louisa, Prince Edward, Charles City, Petersburg, Hopewell, Charlottesville y Fredericksburg—ofrecen atención médica, dental, salud conductual, farmacia y tratamiento de adicciones con tarifas de escala móvil.",25892 N James Madison Highway,New Canton,434-581-3271,info@cvhsinc.org,https://www.cvhsinc.org/,"Open to anyone regardless of insurance or ability to pay; sliding-fee discounts based on household income; served 45,000+ patients in 2024.","Abierto a cualquier persona sin importar el seguro o la capacidad de pago; descuentos de escala móvil según ingresos del hogar; atendió a más de 45,000 pacientes en 2024.",Buckingham Health Center and administration at New Canton 434-581-3271 (general inquiries 434-581-4073); use the Find a Health Center tool on the website to locate the nearest of the 19 sites.,Centro de salud de Buckingham y administración en New Canton 434-581-3271 (consultas generales 434-581-4073); use la herramienta Find a Health Center del sitio web para ubicar el más cercano de los 19 sitios.,"Most sites Monday–Friday, 8:00 a.m.–4:30 p.m. or later",healthcare|FQHC|primary-care|dental|pharmacy|addiction-treatment|rural,Primary care|Dental care|Behavioral health|Pharmacy|Addiction treatment,Buckingham,Buckingham|Fluvanna|Cumberland|Charlotte|Brunswick|Albemarle|Prince Edward|King William|King and Queen|Caroline|Louisa|Westmoreland|Prince George|Charles City|Richmond|Petersburg|Hopewell|Charlottesville|Fredericksburg,multi,
192,Horizon Behavioral Health (Lynchburg-area CSB),healthcare,Lynchburg region,"Horizon Behavioral Health is the community services board for the City of Lynchburg and the counties of Amherst, Appomattox, Bedford, and Campbell, providing mental health, substance use, and developmental disability services across the lifespan. Wellness centers in each locality offer assessments, outpatient therapy, psychiatric care, case management, and crisis services, with new clients seen at the Langhorne Wellness Center in Lynchburg.","Horizon Behavioral Health es la junta de servicios comunitarios de la ciudad de Lynchburg y los condados de Amherst, Appomattox, Bedford y Campbell, ofreciendo servicios de salud mental, uso de sustancias y discapacidades del desarrollo en todas las edades. Los centros de bienestar de cada localidad ofrecen evaluaciones, terapia ambulatoria, atención psiquiátrica, manejo de caso y servicios de crisis; los nuevos clientes son atendidos en el Langhorne Wellness Center de Lynchburg.",2215 Langhorne Road,Lynchburg,434-477-5000,,https://www.horizonbh.org/,"Residents of Lynchburg, Amherst, Appomattox, Bedford, and Campbell; Medicaid, Medicare, private insurance, and sliding-scale self-pay accepted; people on probation or reentering from incarceration may self-refer.","Residentes de Lynchburg, Amherst, Appomattox, Bedford y Campbell; se aceptan Medicaid, Medicare, seguros privados y pago según escala móvil; las personas en probatoria o en reinserción pueden autorreferirse.","Call admissions at 434-477-5000 to set up a profile and assessment; 24/7 crisis line 434-522-8191; local wellness centers in Amherst (434-946-2316), Appomattox (434-352-8239), Bedford (540-586-5429), and Rustburg (434-332-5149).","Llame a admisiones al 434-477-5000 para crear un perfil y evaluación; línea de crisis 24/7 434-522-8191; centros locales en Amherst (434-946-2316), Appomattox (434-352-8239), Bedford (540-586-5429) y Rustburg (434-332-5149).",Monday–Friday business hours; crisis services 24/7,healthcare|CSB|mental-health|substance-use|crisis-services|Lynchburg,Mental health assessment|Outpatient therapy|Psychiatric services|Substance use treatment|24/7 crisis services,Lynchburg,Lynchburg|Amherst|Appomattox|Bedford|Campbell,multi,
193,Cumberland Mountain Community Services Board,healthcare,Southwest Virginia,"Cumberland Mountain Community Services Board serves Buchanan, Russell, and Tazewell counties from more than twenty locations, offering mental health, substance use, and developmental disability services including crisis intervention, assessment, case management, psychiatric care, counseling, and psychosocial rehabilitation. Satellite outpatient offices in Grundy, Lebanon, and Tazewell put care within reach of this 1,500-square-mile rural service area.","Cumberland Mountain Community Services Board sirve a los condados de Buchanan, Russell y Tazewell desde más de veinte ubicaciones, ofreciendo servicios de salud mental, uso de sustancias y discapacidades del desarrollo, incluidos intervención en crisis, evaluación, manejo de caso, atención psiquiátrica, consejería y rehabilitación psicosocial. Las oficinas satélite en Grundy, Lebanon y Tazewell acercan la atención a esta área rural de 1,500 millas cuadradas.",196 Cumberland Road,Cedar Bluff,276-964-6702,info@cmcsb.com,https://cmcsb.com/,"Residents of Buchanan, Russell, and Tazewell counties; services for all ages and every behavioral health or developmental diagnosis; sliding fees and Medicaid accepted.","Residentes de los condados de Buchanan, Russell y Tazewell; servicios para todas las edades y todo diagnóstico conductual o del desarrollo; se aceptan tarifas móviles y Medicaid.","Call 276-964-6702 for an assessment; 24-hour emergencies 800-286-0586; satellite offices: Grundy 276-935-7154, Lebanon 276-889-3785, Tazewell 276-988-7961.","Llame al 276-964-6702 para una evaluación; emergencias 24 horas 800-286-0586; oficinas satélite: Grundy 276-935-7154, Lebanon 276-889-3785, Tazewell 276-988-7961.",Monday–Friday business hours; crisis line 24/7,healthcare|CSB|mental-health|substance-use|rural|Southwest-Virginia,Mental health services|Substance use treatment|Crisis intervention|Psychiatric care|Case management,Tazewell,Buchanan|Russell|Tazewell,multi,
194,Mount Rogers Community Services,healthcare,Mount Rogers region,"Mount Rogers Community Services is the community services board for Bland, Carroll, Grayson, Smyth, and Wythe counties and the City of Galax, providing mental health, substance use disorder, and developmental disability services since 1972. Community counseling centers in each locality offer outpatient therapy, psychiatric services, case management, crisis care, and employment support services for people with disabilities.","Mount Rogers Community Services es la junta de servicios comunitarios de los condados de Bland, Carroll, Grayson, Smyth y Wythe y la ciudad de Galax, brindando servicios de salud mental, trastornos por uso de sustancias y discapacidades del desarrollo desde 1972. Los centros de consejería comunitaria de cada localidad ofrecen terapia ambulatoria, servicios psiquiátricos, manejo de caso, atención de crisis y apoyo de empleo para personas con discapacidades.",770 W Ridge Road,Wytheville,276-223-3200,info@mountrogers.org,https://www.mountrogers.org/,"Residents of Bland, Carroll, Grayson, Smyth, and Wythe counties and Galax; anyone may make a referral by calling the community counseling center in their area.","Residentes de los condados de Bland, Carroll, Grayson, Smyth y Wythe y de Galax; cualquiera puede hacer una referencia llamando al centro de consejería comunitaria de su área.","Administrative office 276-223-3200 or toll-free 866-589-0265; counseling centers operate in Wytheville, Marion, Galax, Hillsville, and Independence—see the Locations tab on the website.","Oficina administrativa 276-223-3200 o línea gratuita 866-589-0265; hay centros de consejería en Wytheville, Marion, Galax, Hillsville e Independence—vea la pestaña Locations del sitio web.",Monday–Friday business hours; crisis services 24/7,healthcare|CSB|mental-health|substance-use|rural|Mount-Rogers,Outpatient mental health|Substance use services|Psychiatric care|Case management|Employment support services,Wythe,Bland|Carroll|Grayson|Smyth|Wythe|Galax,multi,
195,New River Valley Community Services,healthcare,New River Valley,"New River Valley Community Services is the community services board for the counties of Floyd, Giles, Montgomery, and Pulaski and the City of Radford, offering comprehensive outpatient behavioral health, developmental disability, substance use, and prevention programs for children, adults, and families. The main Montgomery Center in Blacksburg provides assessments, therapy, psychiatric care, and same-day crisis response, with offices in each locality.","New River Valley Community Services es la junta de servicios comunitarios de los condados de Floyd, Giles, Montgomery y Pulaski y la ciudad de Radford, con programas ambulatorios integrales de salud conductual, discapacidades del desarrollo, uso de sustancias y prevención para niños, adultos y familias. El Montgomery Center principal en Blacksburg ofrece evaluaciones, terapia, atención psiquiátrica y respuesta de crisis el mismo día, con oficinas en cada localidad.",700 University City Boulevard,Blacksburg,540-961-8300,info@nrvcs.org,https://www.nrvcs.org/,"Residents of Floyd, Giles, Montgomery, and Pulaski counties and Radford; sign and foreign language interpreters available; sliding fees and Medicaid accepted.","Residentes de los condados de Floyd, Giles, Montgomery y Pulaski y de Radford; intérpretes de señas y de idiomas disponibles; se aceptan tarifas móviles y Medicaid.",Business and non-emergency calls 540-961-8300; in crisis call 988 or 540-961-8400; Montgomery Center open late Tuesdays and Thursdays until 7 p.m.,Llamadas de negocios y no urgentes 540-961-8300; en crisis llame al 988 o al 540-961-8400; el Montgomery Center abre hasta las 7 p.m. martes y jueves.,Monday–Friday 8:30 a.m.–5:00 p.m. (Tue/Thu until 7:00 p.m.); crisis line 24/7,healthcare|CSB|mental-health|substance-use|New-River-Valley|crisis-services,Behavioral health outpatient care|Substance use treatment|Developmental disability services|Crisis response|Prevention programs,Montgomery,Floyd|Giles|Montgomery|Pulaski|Radford,multi,
196,Rappahannock Area Community Services Board (RACSB),healthcare,Fredericksburg region,"RACSB provides behavioral health, developmental disability, substance use, prevention, and early intervention services to the City of Fredericksburg and the counties of Caroline, King George, Spotsylvania, and Stafford, with an outpatient clinic in each of the five localities. Licensed clinicians offer individual, group, and family therapy, psychiatric assessment and medication management, case management, and 24/7 emergency services.","RACSB brinda servicios de salud conductual, discapacidades del desarrollo, uso de sustancias, prevención e intervención temprana a la ciudad de Fredericksburg y los condados de Caroline, King George, Spotsylvania y Stafford, con una clínica ambulatoria en cada una de las cinco localidades. Los clínicos licenciados ofrecen terapia individual, grupal y familiar, evaluación psiquiátrica y manejo de medicamentos, manejo de caso y servicios de emergencia 24/7.",600 Jackson Street,Fredericksburg,540-373-3223,,https://rappahannockareacsb.org/,"Residents of Fredericksburg, Caroline, King George, Spotsylvania, and Stafford; Medicaid and sliding-scale fees accepted.","Residentes de Fredericksburg, Caroline, King George, Spotsylvania y Stafford; se aceptan Medicaid y tarifas de escala móvil.","Clinics: Fredericksburg 540-373-3223, Caroline (Ruther Glen) 804-633-9997, King George 540-775-9879, Spotsylvania 540-582-3980, Stafford 540-659-2725; 24-hour emergencies 540-373-6876 (Caroline 804-633-4148, King George 540-775-5064).","Clínicas: Fredericksburg 540-373-3223, Caroline (Ruther Glen) 804-633-9997, King George 540-775-9879, Spotsylvania 540-582-3980, Stafford 540-659-2725; emergencias 24 horas 540-373-6876 (Caroline 804-633-4148, King George 540-775-5064).",Clinics Monday–Friday business hours; emergency services 24/7,healthcare|CSB|mental-health|substance-use|Fredericksburg|crisis-services,Outpatient therapy|Psychiatric services|Substance use treatment|Case management|24/7 emergency services,Fredericksburg,Fredericksburg|Caroline|King George|Spotsylvania|Stafford,multi,
197,Encompass Community Supports (Rappahannock-Rapidan CSB),healthcare,Northern Piedmont,"Encompass Community Supports, formerly the Rappahannock-Rapidan Community Services Board, serves Culpeper, Fauquier, Madison, Orange, and Rappahannock counties with behavioral health, substance use, developmental disability, housing, children's, and aging services—Virginia's only combined CSB and Area Agency on Aging. Behavioral health clinics in Culpeper and Warrenton provide therapy, psychiatric care, and substance use treatment, with a 24/7 regional crisis line.","Encompass Community Supports, antes la junta de servicios comunitarios Rappahannock-Rapidan, sirve a los condados de Culpeper, Fauquier, Madison, Orange y Rappahannock con servicios de salud conductual, uso de sustancias, discapacidades del desarrollo, vivienda, niñez y envejecimiento—la única agencia combinada de CSB y envejecimiento de Virginia. Las clínicas de Culpeper y Warrenton ofrecen terapia, atención psiquiátrica y tratamiento de uso de sustancias, con línea de crisis regional 24/7.",15361 Bradford Road,Culpeper,540-825-3100,,https://www.encompasscommunitysupports.org/,"Residents of Culpeper, Fauquier, Madison, Orange, and Rappahannock counties; Medicaid and sliding-scale fees accepted.","Residentes de los condados de Culpeper, Fauquier, Madison, Orange y Rappahannock; se aceptan Medicaid y tarifas de escala móvil.",Main office 540-825-3100; Culpeper Behavioral Health Clinic 540-825-5656 (option 3); Fauquier clinic 540-347-7620 (option 3); 24/7 mental health and substance use crisis line 540-617-0774.,Oficina principal 540-825-3100; clínica de salud conductual de Culpeper 540-825-5656 (opción 3); clínica de Fauquier 540-347-7620 (opción 3); línea de crisis 24/7 de salud mental y uso de sustancias 540-617-0774.,Monday–Friday business hours; crisis line 24/7,healthcare|CSB|mental-health|substance-use|Piedmont|rural,Behavioral health clinics|Substance use treatment|Developmental disability services|Housing services|24/7 crisis line,Culpeper,Culpeper|Fauquier|Madison|Orange|Rappahannock,multi,
198,Piedmont Community Services (Martinsville-area CSB),healthcare,Southside Virginia,"Piedmont Community Services is the community services board for the City of Martinsville and the counties of Henry, Franklin, and Patrick, providing mental health, substance use, and developmental disability treatment for individuals and families since 1972. Walk-in screenings and assessments are available at clinical offices in Martinsville, Rocky Mount, and Stuart, alongside a recovery center, psychosocial rehabilitation, and the Lighthouse crisis intervention center.","Piedmont Community Services es la junta de servicios comunitarios de la ciudad de Martinsville y los condados de Henry, Franklin y Patrick, brindando tratamiento de salud mental, uso de sustancias y discapacidades del desarrollo para personas y familias desde 1972. Hay evaluaciones sin cita en las oficinas clínicas de Martinsville, Rocky Mount y Stuart, junto con un centro de recuperación, rehabilitación psicosocial y el centro de intervención en crisis Lighthouse.",24 Clay Street,Martinsville,276-632-7128,,https://www.prcsb.org/,"Residents of Martinsville, Henry County, Franklin County, and Patrick County; walk-in screening available; effort made to see people the same day.","Residentes de Martinsville y los condados de Henry, Franklin y Patrick; evaluación sin cita disponible; se procura atender el mismo día.",Martinsville clinical office 276-632-7128; Franklin County 540-483-0582; Patrick County 276-694-4361; 24/7 crisis assessments at The Lighthouse 276-336-8320.,Oficina clínica de Martinsville 276-632-7128; condado de Franklin 540-483-0582; condado de Patrick 276-694-4361; evaluaciones de crisis 24/7 en The Lighthouse 276-336-8320.,Monday–Friday business hours; crisis assessments 24/7,healthcare|CSB|mental-health|substance-use|Southside|crisis-services,Mental health treatment|Substance use treatment|Crisis intervention center|Psychosocial rehabilitation|Recovery center,Martinsville,Martinsville|Henry|Franklin|Patrick,multi,
199,Danville-Pittsylvania Community Services,healthcare,Southside Virginia,"Danville-Pittsylvania Community Services provides behavioral health, developmental disability, substance use, and prevention services to residents of the City of Danville and Pittsylvania County from its main campus on Hairston Street in Danville and a Gretna office. Services include assessments, outpatient counseling, psychiatric care, day support, the Harmony House program, and 24-hour behavioral health emergency response.","Danville-Pittsylvania Community Services brinda servicios de salud conductual, discapacidades del desarrollo, uso de sustancias y prevención a los residentes de la ciudad de Danville y el condado de Pittsylvania desde su campus principal en Hairston Street en Danville y una oficina en Gretna. Los servicios incluyen evaluaciones, consejería ambulatoria, atención psiquiátrica, apoyo de día, el programa Harmony House y respuesta de emergencia conductual las 24 horas.",245 Hairston Street,Danville,434-799-0456,,https://www.dpcs.org/,"Residents of Danville and Pittsylvania County with behavioral health, developmental disability, or substance use needs; call for an assessment.","Residentes de Danville y el condado de Pittsylvania con necesidades de salud conductual, discapacidades del desarrollo o uso de sustancias; llame para una evaluación.",Call 434-799-0456 for an assessment Monday–Friday 8:30 a.m.–5 p.m.; 24-hour emergencies 434-793-4922 (toll-free 877-793-4922); Gretna office 434-656-8201.,Llame al 434-799-0456 para una evaluación de lunes a viernes de 8:30 a.m. a 5 p.m.; emergencias 24 horas 434-793-4922 (línea gratuita 877-793-4922); oficina de Gretna 434-656-8201.,"Monday–Friday, 8:30 a.m.–5:00 p.m.; crisis line 24/7",healthcare|CSB|mental-health|substance-use|Danville|Southside,Behavioral health assessment|Outpatient counseling|Psychiatric care|Substance use services|24-hour crisis response,Danville,Danville|Pittsylvania,multi,
200,Dickenson County Behavioral Health Services,healthcare,Southwest Virginia,"Dickenson County Behavioral Health Services is the community services board for Dickenson County, offering outpatient mental health and substance use care at its Clinical Services Building in Clintwood. Services include individual, group, family, and marriage therapy, case management, psychiatric services, medication-assisted treatment, mental health skills building, psychosocial day support, and referral to inpatient detox at The Laurels in Lebanon.","Dickenson County Behavioral Health Services es la junta de servicios comunitarios del condado de Dickenson, con atención ambulatoria de salud mental y uso de sustancias en su edificio de servicios clínicos en Clintwood. Ofrece terapia individual, grupal, familiar y de pareja, manejo de caso, servicios psiquiátricos, tratamiento asistido con medicamentos, desarrollo de habilidades de salud mental, apoyo de día psicosocial y referencia a desintoxicación en The Laurels en Lebanon.",440 Fox Town Road,Clintwood,276-926-1680,,https://dcbhs.com/,"Residents of Dickenson County with mental health, substance use, or developmental needs; sliding-scale fees; Medicaid, Medicare, and private insurance accepted.","Residentes del condado de Dickenson con necesidades de salud mental, uso de sustancias o del desarrollo; tarifas de escala móvil; se aceptan Medicaid, Medicare y seguros privados.",Clinical services 276-926-1680; same-day access intakes Monday and Wednesday 8:30–10:30 a.m.; after-hours crisis 276-926-1650; administration 276-926-1682.,Servicios clínicos 276-926-1680; admisiones de acceso el mismo día lunes y miércoles de 8:30 a 10:30 a.m.; crisis fuera de horario 276-926-1650; administración 276-926-1682.,"Monday–Friday, 8:30 a.m.–4:30 p.m.; crisis services 24/7",healthcare|CSB|mental-health|substance-use|MAT|rural|Dickenson,Outpatient therapy|Psychiatric services|Medication-assisted treatment|Case management|Crisis intervention,Dickenson,Dickenson,single,
201,Life Center of Galax — Residential & MAT Programs,substance-use-treatment,Southwest Virginia,"Life Center of Galax is an Acadia Healthcare facility in Galax providing detoxification, residential treatment, partial hospitalization, and medication-assisted treatment with methadone and buprenorphine for adults age 18 and older with substance use disorders and co-occurring mental health conditions. The program includes a voluntary faith-based track, a co-occurring disorders program, and a Hillsville campus, with 24/7 nursing supervision during detox and residential care.","Life Center of Galax es un centro de Acadia Healthcare en Galax que ofrece desintoxicación, tratamiento residencial, hospitalización parcial y tratamiento asistido con medicamentos con metadona y buprenorfina para adultos de 18 años o más con trastornos por uso de sustancias y condiciones de salud mental concurrentes. El programa incluye una vía voluntaria basada en la fe, un programa de trastornos concurrentes y un campus en Hillsville, con supervisión de enfermería 24/7 durante la desintoxicación y la atención residencial.",112 Painter Street,Galax,276-236-2994,,https://www.galaxrecovery.com/,Adults age 18 and older with substance use disorders; co-occurring mental health treatment available; call admissions for bed availability and insurance verification.,Adultos de 18 años o más con trastornos por uso de sustancias; tratamiento de salud mental concurrente disponible; llame a admisiones para disponibilidad de camas y verificación de seguro.,"Admissions 276-236-2994 or toll-free 855-716-3827; Hillsville campus at 160 Training Center Road, Woodlawn; Medicare is not accepted per the organization's website.","Admisiones 276-236-2994 o línea gratuita 855-716-3827; campus de Hillsville en 160 Training Center Road, Woodlawn; según el sitio web de la organización no se acepta Medicare.",Residential and detox 24/7; admissions during business hours,substance-use-treatment|residential|MAT|detox|Galax|Southwest-Virginia,Medically supervised detox|Residential SUD treatment|Methadone maintenance|Buprenorphine MAT|Co-occurring disorders care,Galax,Galax|Carroll|Grayson|Wythe|Bland|Smyth|Washington,multi,
202,The Laurels Recovery Center (Cumberland Mountain CSB),substance-use-treatment,Southwest Virginia,"The Laurels Recovery Center in Lebanon, operated by Cumberland Mountain Community Services Board, provides regional residential substance use treatment including medically supervised detox and stabilization in Phase I and short-term residential rehabilitation in Phase II. The program accepts voluntary and involuntary admissions, offers counseling, medication services, and peer recovery support, and serves adults from Buchanan, Russell, and Tazewell counties who need inpatient-level SUD care close to home.","The Laurels Recovery Center en Lebanon, operado por Cumberland Mountain Community Services Board, brinda tratamiento residencial regional de uso de sustancias con desintoxicación y estabilización supervisadas médicamente en la Fase I y rehabilitación residencial de corto plazo en la Fase II. El programa acepta admisiones voluntarias e involuntarias, ofrece consejería, servicios de medicamentos y apoyo entre pares, y sirve a adultos de los condados de Buchanan, Russell y Tazewell.",216 Gilmer Street,Lebanon,276-889-3063,info@cmcsb.com,https://cmcsb.com/,"Adults age 18 and older with substance use disorders in Buchanan, Russell, or Tazewell counties; pre-screening assessment required; voluntary and court-ordered admissions accepted.","Adultos de 18 años o más con trastornos por uso de sustancias en los condados de Buchanan, Russell o Tazewell; se requiere evaluación previa; se aceptan admisiones voluntarias y por orden judicial.",Call 276-889-3063 or toll-free 888-403-3869 for intake; CMCSB main line 276-964-6702; after-hours emergencies 800-286-0586; visiting hours 8:30 a.m.–4:30 p.m.,Llame al 276-889-3063 o a la línea gratuita 888-403-3869 para admisión; línea principal de CMCSB 276-964-6702; emergencias fuera de horario 800-286-0586; horario de visitas 8:30 a.m.–4:30 p.m.,Residential program 24/7; visiting 8:30 a.m.–4:30 p.m.,substance-use-treatment|residential|detox|inpatient|rural|Southwest-Virginia,Medically supervised detox|Residential SUD rehabilitation|Medication services|Peer recovery support|Crisis stabilization,Russell,Buchanan|Russell|Tazewell,multi,referral_required
203,Master Center for Addiction Medicine,substance-use-treatment,Richmond metro,"Master Center for Addiction Medicine is a Virginia outpatient addiction medicine practice with locations in Glen Allen, Richmond, Chesterfield, Hampton, Norfolk, Harrisonburg, and other communities, offering ambulatory detox, medication-assisted treatment, intensive outpatient programs, addiction psychiatry, and certified peer recovery coaching. The practice accepts Medicaid, Medicare, Tricare, and most private insurance, with telehealth and in-person options so people can begin treatment without leaving work or family obligations.","Master Center for Addiction Medicine es una práctica ambulatoria de medicina de adicciones de Virginia con ubicaciones en Glen Allen, Richmond, Chesterfield, Hampton, Norfolk, Harrisonburg y otras comunidades, que ofrece desintoxicación ambulatoria, tratamiento asistido con medicamentos, programas intensivos ambulatorios, psiquiatría de adicciones y coaching certificado entre pares. Acepta Medicaid, Medicare, Tricare y la mayoría de los seguros privados, con opciones de telemedicina y presenciales.",4212 Park Place Court,Glen Allen,804-332-5950,info@mastercenter.com,https://mastercenter.com/,"Adults seeking outpatient treatment for alcohol, opioid, or other substance use disorders; insurance and self-pay options; call or use the online form to request an appointment.","Adultos que buscan tratamiento ambulatorio por alcohol, opioides u otros trastornos por uso de sustancias; opciones de seguro y pago propio; llame o use el formulario en línea para solicitar una cita.",Main scheduling line 804-332-5950 or toll-free 888-879-6226; Richmond Northside at Azalea 5116 Richmond Henrico Turnpike; Chesterfield 2505 Pocoshock Place Suite 101.,Línea principal de citas 804-332-5950 o línea gratuita 888-879-6226; Richmond Northside at Azalea 5116 Richmond Henrico Turnpike; Chesterfield 2505 Pocoshock Place Suite 101.,Office hours vary by location; call for appointment times,substance-use-treatment|MAT|outpatient|IOP|peer-coaching|Richmond|statewide-locations,Ambulatory detox|Medication-assisted treatment|Intensive outpatient program|Addiction psychiatry|Certified peer recovery coaching,Henrico,Richmond City|Henrico|Chesterfield|Hampton|Norfolk|Harrisonburg,multi,
204,New Day Recovery (Southwest Virginia CHS),substance-use-treatment,Southwest Virginia,"New Day Recovery is an outpatient substance use disorder program operated by Southwest Virginia Community Health Systems with sites in Saltville, Bristol, and North Tazewell, offering office-based addiction treatment with medications such as Suboxone, individual and group therapy, and care coordination. As part of an FQHC network, the program accepts all insurance and offers a sliding fee scale, with extended hours and peer recovery outreach funded through HRSA grants serving rural Southwest Virginia.","New Day Recovery es un programa ambulatorio de trastornos por uso de sustancias operado por Southwest Virginia Community Health Systems con sitios en Saltville, Bristol y North Tazewell, que ofrece tratamiento de adicciones en consultorio con medicamentos como Suboxone, terapia individual y grupal, y coordinación de atención. Como parte de una red FQHC, acepta todos los seguros y ofrece escala de tarifas móvil, con horarios extendidos y alcance entre pares financiado por subvenciones HRSA.",319 Fifth Avenue,Saltville,276-496-4492,,https://www.svchs.com/new-day-recovery-substance-abuse-program/,"Adults age 18 and older with substance use disorders including opioids, alcohol, and methamphetamine; complete intake paperwork and required assessments before starting group or individual sessions.","Adultos de 18 años o más con trastornos por uso de sustancias, incluidos opioides, alcohol y metanfetamina; complete la documentación de admisión y las evaluaciones requeridas antes de iniciar sesiones grupales o individuales.",Central scheduling 276-496-4492; Saltville site at T.K. McKee 319 Fifth Avenue; additional sites in Bristol and Tazewell listed on the SVCHS website.,Programación central 276-496-4492; sitio de Saltville en T.K. McKee 319 Fifth Avenue; sitios adicionales en Bristol y Tazewell listados en el sitio web de SVCHS.,"Monday–Thursday, extended hours vary by site (call for schedule)",substance-use-treatment|MAT|outpatient|office-based|FQHC|rural|Southwest-Virginia,Office-based addiction treatment|Suboxone MAT|Individual and group therapy|Care coordination|Peer recovery outreach,Smyth,Smyth|Washington|Bristol|Tazewell|Russell|Scott|Wise,multi,
205,The McShin Foundation — Recovery Community Organization,peer-support,Richmond metro,"The McShin Foundation is Virginia's leading peer-run recovery community organization, operating a 15,000-square-foot recovery center and 16 recovery residences with more than 150 beds in the Richmond area. Certified peer recovery specialists deliver authentic peer-to-peer support, a 28-day residential program, jail recovery programming, family council, daily recovery groups, and linkage to clinical detox and addiction psychiatry for people with substance use disorders statewide.","The McShin Foundation es la principal organización comunitaria de recuperación dirigida por pares de Virginia, con un centro de recuperación de 15,000 pies cuadrados y 16 residencias con más de 150 camas en el área de Richmond. Especialistas certificados en recuperación entre pares brindan apoyo auténtico, un programa residencial de 28 días, programación carcelaria de recuperación, consejo familiar, grupos diarios y conexión con desintoxicación clínica y psiquiatría de adicciones en todo el estado.",2300 Dumbarton Road,Richmond,804-249-1845,info@mcshin.org,https://mcshin.org/,Anyone seeking recovery from substance use disorders; residential and recovery house programs have separate application processes; jail and family programs available by referral.,Cualquier persona que busque recuperación de trastornos por uso de sustancias; los programas residenciales y de casas de recuperación tienen procesos de solicitud separados; programas carcelarios y familiares disponibles por referencia.,Recovery center open Monday–Friday 8 a.m.–8 p.m. and Saturday–Sunday 12–5 p.m.; email info@mcshin.org; CAPRSS-accredited peer recovery support services.,Centro de recuperación abierto lunes–viernes 8 a.m.–8 p.m. y sábado–domingo 12–5 p.m.; correo info@mcshin.org; servicios de apoyo entre pares acreditados por CAPRSS.,Center Mon–Fri 8:00 a.m.–8:00 p.m.; Sat–Sun 12:00–5:00 p.m.,peer-support|RCO|certified-peer-specialist|recovery-community|Richmond|statewide,Peer recovery coaching|Recovery community center|Residential recovery program|Jail recovery programming|Family recovery support,Richmond City,,statewide,
206,SAARA of Virginia — Peer Recovery & Advocacy,peer-support,Richmond metro,"SAARA (Substance Abuse and Addiction Recovery Alliance) of Virginia is a statewide advocacy and peer support organization that trains certified peer recovery specialists, facilitates recovery groups, and partners with drug courts and behavioral health dockets across Virginia. Through the Alive RVA Recovery Warmline at 833-473-3782, trained peers offer confidential peer-to-peer support for people navigating recovery and for families affected by substance use.","SAARA (Substance Abuse and Addiction Recovery Alliance) of Virginia es una organización estatal de defensa y apoyo entre pares que capacita especialistas certificados en recuperación, facilita grupos de recuperación y colabora con tribunales de drogas y cortes de salud conductual en Virginia. A través de la Alive RVA Recovery Warmline al 833-473-3782, pares capacitados ofrecen apoyo confidencial entre pares a personas en recuperación y familias afectadas.","530 E Main Street, Suite 701",Richmond,804-762-4445,info@saara.org,https://www.saara.org/,"Open to Virginians seeking recovery support, family members, and people interested in peer specialist training; warmline available to anyone in the Alive RVA partnership service area.","Abierto a virginianos que buscan apoyo de recuperación, familiares y personas interesadas en capacitación como especialistas entre pares; la línea de apoyo está disponible en el área de servicio de la alianza Alive RVA.",Alive RVA Recovery Warmline 833-473-3782 (833-4PEERVA); office 804-762-4445; peer groups and court docket support listed at saara.org/support.,Alive RVA Recovery Warmline 833-473-3782 (833-4PEERVA); oficina 804-762-4445; grupos entre pares y apoyo en cortes listados en saara.org/support.,Warmline hours vary; office Monday–Friday business hours,peer-support|warmline|certified-peer-specialist|advocacy|Richmond|statewide,Peer recovery warmline|Certified peer specialist training|Recovery support groups|Drug court peer services|Family recovery support,Richmond City,,statewide,
207,The Chris Atwood Foundation — Recovery Community Center,peer-support,Northern Virginia,"The Chris Atwood Foundation is a peer-run harm reduction and recovery community organization in Northern Virginia operating a Recovery Community Center in Fairfax City where people connect with certified peer recovery specialists, attend recovery and family support groups, and access free naloxone and the Peer Recovery Academy. The peer warm line at 703-653-4221 offers call-or-text support, and the mobile Comprehensive Harm Reduction program brings peer services and overdose reversal kits into the community.","The Chris Atwood Foundation es una organización comunitaria de reducción de daños y recuperación dirigida por pares en el norte de Virginia que opera un Recovery Community Center en Fairfax City donde las personas se conectan con especialistas certificados, asisten a grupos de recuperación y apoyo familiar, y acceden a naloxona gratuita y la Peer Recovery Academy. La línea de apoyo entre pares al 703-653-4221 ofrece ayuda por llamada o texto, y el programa móvil de reducción de daños integral lleva servicios y kits de reversión de sobredosis a la comunidad.","10301 Democracy Lane, Suite 150",Fairfax,703-653-4221,,https://www.thecaf.org/,"Open to people in recovery, people actively using substances seeking harm reduction, and families; all peer services are free; no insurance required for naloxone or warm line support.","Abierto a personas en recuperación, personas que usan sustancias activamente que buscan reducción de daños y familias; todos los servicios entre pares son gratuitos; no se requiere seguro para naloxona o la línea de apoyo.",Peer warm line call or text 703-653-4221; RCC entrance on ground floor facing Blenheim Boulevard; mobile CHR van schedule posted at thecaf.org/chr.,Línea de apoyo entre pares llamada o texto 703-653-4221; entrada del RCC en planta baja frente a Blenheim Boulevard; horario de la van móvil CHR publicado en thecaf.org/chr.,RCC hours vary; peer warm line availability posted on website,peer-support|RCO|harm-reduction|naloxone|Northern-Virginia|Fairfax,Peer recovery specialist support|Recovery community center|Free naloxone distribution|Peer Recovery Academy|Comprehensive harm reduction mobile services,Fairfax City,Fairfax|Fairfax City|Arlington|Loudoun|Prince William,multi,
208,Bland Ministry Center — Food Pantry & Clothes Closet,basic-needs,Southwest Virginia,"Bland Ministry Center in Bland provides free emergency food boxes through a volunteer-run food pantry and a clothes closet where families may take up to 50 pounds of donated clothing, accessories, and home goods per member each year. The pantry distributes USDA food boxes on Tuesdays and Thursdays with a rotating schedule by county, and the benevolence program offers limited emergency assistance for utilities, transportation, and other crises after an in-person application.","Bland Ministry Center en Bland ofrece cajas de alimentos de emergencia gratuitas mediante una despensa administrada por voluntarios y un ropero donde las familias pueden llevarse hasta 50 libras de ropa, accesorios y artículos del hogar donados por miembro al año. La despensa distribuye cajas del USDA los martes y jueves con un calendario rotativo por condado, y el programa de benevolencia ofrece asistencia limitada de emergencia para servicios públicos, transporte y otras crisis tras una solicitud en persona.",65 Seddon Street,Bland,276-688-4701,dhoosier@blandministrycenter.org,https://www.blandministrycenter.org/,Anyone in need may register at the food pantry warehouse on distribution days; clothes closet open to all on scheduled days; benevolence requires an in-person application.,Cualquier persona necesitada puede registrarse en la bodega de la despensa en los días de distribución; el ropero está abierto a todos en los días programados; la benevolencia requiere una solicitud en persona.,Food pantry Tue/Thu 10 a.m.–1 p.m. (closed when Bland County Schools are closed); clothes closet Tue 10 a.m.–1 p.m. and Wed 10 a.m.–noon; one food box per household per month.,Despensa mar/jue 10 a.m.–1 p.m. (cerrada cuando las escuelas del condado de Bland están cerradas); ropero mar 10 a.m.–1 p.m. y mié 10 a.m.–mediodía; una caja de alimentos por hogar al mes.,"Food pantry Tuesday and Thursday, 10:00 a.m.–1:00 p.m.; clothes closet Tuesday and Wednesday mornings",basic-needs|food-pantry|clothing-closet|rural|Bland-County|Southwest-Virginia,Emergency food boxes|Free clothing|Home goods|Utility and transportation benevolence|Holiday food boxes,Bland,Bland|Wythe,multi,
209,Ghent Area Ministry — Emergency Assistance,basic-needs,Hampton Roads,"Ghent Area Ministry is a faith-based coalition of Ghent-area congregations providing compassionate assistance to marginalized, low-income, and homeless residents of Norfolk. The ministry helps with clothing, limited utility assistance when a disconnection notice is present, prescription medication co-pays (excluding narcotics and psychotropics), city bus passes, and travel assistance, with face-to-face interviews required before aid is approved.","Ghent Area Ministry es una coalición basada en la fe de congregaciones del área de Ghent que brinda asistencia compasiva a residentes marginados, de bajos ingresos y sin hogar de Norfolk. El ministerio ayuda con ropa, asistencia limitada de servicios públicos cuando hay aviso de corte, copagos de medicamentos recetados (excluyendo narcóticos y psicotrópicos), pases de autobús urbano y ayuda de transporte, con entrevistas presenciales requeridas antes de aprobar la ayuda.","1301 Colonial Avenue, Suite 2",Norfolk,757-622-0438,,https://www.gamhelpsnorfolk.org/,Residents of the City of Norfolk only; financial assistance limited to once in a 12-month period; must complete an application and interview with the director or assistant director.,Solo residentes de la ciudad de Norfolk; asistencia financiera limitada a una vez en un período de 12 meses; debe completar una solicitud y entrevista con el director o subdirector.,Walk-ins and telephone inquiries welcome Monday–Friday 10 a.m.–2 p.m.; bring a utility disconnection notice for utility help; Spanish-speaking staff available.,Se aceptan visitas y consultas telefónicas lunes–viernes 10 a.m.–2 p.m.; traiga un aviso de corte de servicios para ayuda con servicios públicos; personal que habla español disponible.,"Monday–Friday, 10:00 a.m.–2:00 p.m.",basic-needs|clothing|utility-assistance|prescription-help|Norfolk|faith-based,Clothing assistance|Utility bill help|Prescription co-pay assistance|Bus passes|Travel assistance,Norfolk,Norfolk,single,
210,Mercy Mall of Virginia,basic-needs,Richmond metro,"Mercy Mall of Virginia is a free clothing and housewares boutique in North Chesterfield for individuals and families in crisis, including homelessness, domestic violence, substance use recovery, incarceration, house fires, and extreme poverty. By appointment, clients receive new and gently used clothing, shoes, baby gear, kitchen supplies, linens, toiletries, and cleaning supplies through curbside pickup, with no geographic restrictions and no income documentation required.","Mercy Mall of Virginia es una boutique gratuita de ropa y artículos del hogar en North Chesterfield para personas y familias en crisis, incluida falta de vivienda, violencia doméstica, recuperación de uso de sustancias, encarcelación, incendios y pobreza extrema. Con cita, los clientes reciben ropa nueva y usada, zapatos, artículos para bebés, utensilios de cocina, ropa de cama, artículos de higiene y limpieza mediante recogida en la acera, sin restricciones geográficas ni documentación de ingresos.",7519 Whitepine Road,North Chesterfield,804-728-2928,info@mercymallva.org,https://mercymallva.org/,Individuals and families experiencing a qualifying crisis; no geographic borders; appointment required via the Get Help tab on the website or by texting 804-728-2928.,Personas y familias que enfrentan una crisis calificada; sin límites geográficos; cita requerida mediante la pestaña Get Help del sitio web o enviando un mensaje de texto al 804-728-2928.,Curbside pickup appointments Monday–Thursday mid-day; text 804-728-2928 with your name and situation for timely needs; for food call Feed More Hunger Help Line 804-237-8617.,Citas de recogida en la acera lunes–jueves al mediodía; envíe un mensaje al 804-728-2928 con su nombre y situación para necesidades urgentes; para alimentos llame a Feed More Hunger Help Line 804-237-8617.,"Monday–Thursday, 9:00 a.m.–2:30 p.m. by appointment",basic-needs|clothing|housewares|hygiene|crisis-assistance|Chesterfield,Free clothing|Baby gear and supplies|Household linens|Toiletries|Cleaning supplies,Chesterfield,Chesterfield|Richmond City|Henrico|Colonial Heights|Amelia|Goochland|Powhatan,multi,
211,Micah Ecumenical Ministries — Hospitality Services Network,basic-needs,Fredericksburg region,"Micah Ecumenical Ministries coordinates basic-needs hospitality for people experiencing homelessness in Fredericksburg through a network of downtown partner churches rather than a single walk-in center. Free community meals, shower access, bagged lunch pickup, and clothing resources are available on rotating weekday schedules, with Micah outreach staff present to connect neighbors to housing, the winter shelter, and other regional services.","Micah Ecumenical Ministries coordina servicios de hospitalidad de necesidades básicas para personas sin hogar en Fredericksburg a través de una red de iglesias aliadas del centro en lugar de un solo centro sin cita. Hay comidas comunitarias gratuitas, acceso a duchas, recogida de almuerzos empacados y recursos de ropa en horarios rotativos entre semana, con personal de alcance de Micah presente para conectar a los vecinos con vivienda, refugio de invierno y otros servicios regionales.",1013 Princess Anne Street,Fredericksburg,540-358-5801,,https://micahfredericksburg.org/,"Anyone experiencing homelessness or housing instability in the Fredericksburg region; call the Homeless Help Line for current meal, shower, and clothing locations and times.","Cualquier persona sin hogar o con inestabilidad de vivienda en la región de Fredericksburg; llame a la Homeless Help Line para ubicaciones y horarios actuales de comidas, duchas y ropa.","Homeless Help Line 540-358-5801 directs callers to daily meal sites, shower locations (FXBG Baptist Church Mon/Tue/Thu/Fri 9–11 a.m.), and bagged lunch pickup schedules; winter shelter coordinated separately.","La Homeless Help Line 540-358-5801 dirige a los llamantes a sitios de comidas diarias, ubicaciones de duchas (FXBG Baptist Church lun/mar/jue/vie 9–11 a.m.) y horarios de almuerzos empacados; refugio de invierno coordinado por separado.",Meal and shower schedules vary by partner church; call Help Line for current times,basic-needs|meals|showers|clothing|homeless|Fredericksburg|church-network,Community meals|Shower access|Bagged lunches|Clothing resources|Housing navigation,Fredericksburg,Fredericksburg|Spotsylvania|Stafford|Caroline|King George,multi,
212,The Least of These Ministry — Showers & Street Outreach,basic-needs,Roanoke Valley,"The Least of These Ministry serves unsheltered men and women in the Roanoke Valley with showers, laundry access, loving lunches, coffee, and housing search help from its Luck Avenue facility. Open Monday, Wednesday, and Friday mornings, the ministry provides soap, razors, towels, and refreshments while guests wait for a shower, and assists eligible homeless friends with move-in essentials when they secure affordable housing.","The Least of These Ministry sirve a hombres y mujeres sin refugio en el valle de Roanoke con duchas, acceso a lavandería, almuerzos solidarios, café y ayuda de búsqueda de vivienda desde su instalación en Luck Avenue. Abierto lunes, miércoles y viernes por la mañana, el ministerio proporciona jabón, rastrillos, toallas y refrigerios mientras los huéspedes esperan su turno, y ayuda a amigos elegibles con artículos de mudanza cuando consiguen vivienda asequible.",422 Luck Avenue SW,Roanoke,540-556-3200,roaleastofthese@yahoo.com,https://www.theleastoftheseministry.org/,Unsheltered individuals in the Roanoke Valley; showers and lunches available during open hours or by appointment; housing assistance provided when resources allow.,Personas sin refugio en el valle de Roanoke; duchas y almuerzos disponibles durante el horario de apertura o con cita; asistencia de vivienda cuando hay recursos.,Open Mon/Wed/Fri 10:30 a.m.–2:30 p.m.; donation drop-offs welcome same hours; mailing address 602 Marshall Avenue SW; call or email Dawn Sandoval for appointments.,Abierto lun/mié/vie 10:30 a.m.–2:30 p.m.; donaciones bienvenidas en el mismo horario; dirección postal 602 Marshall Avenue SW; llame o escriba a Dawn Sandoval para citas.,"Monday, Wednesday, Friday, 10:30 a.m.–2:30 p.m.",basic-needs|showers|hygiene|meals|street-outreach|Roanoke|faith-based,Showers and hygiene supplies|Laundry access|Community lunches|Housing search assistance|Move-in essentials,Roanoke City,Roanoke City|Roanoke|Salem,multi,
213,The Salvation Army Lynchburg — Center of Hope Emergency Services,basic-needs,Lynchburg region,"The Salvation Army Center of Hope in Lynchburg provides emergency shelter, a food pantry, a clothes closet, hot meals, and limited rent and utility assistance to struggling individuals and families across Lynchburg and surrounding counties. Applicants need an active eviction notice for rental help or a utility shutoff or past-due notice for energy assistance, and the center serves as a warming and cooling station during extreme temperatures.","The Salvation Army Center of Hope en Lynchburg ofrece refugio de emergencia, despensa de alimentos, ropero, comidas calientes y asistencia limitada de renta y servicios públicos a personas y familias en dificultades en Lynchburg y los condados cercanos. Los solicitantes necesitan un aviso de desalojo activo para ayuda de renta o un aviso de corte o pago atrasado para asistencia de energía, y el centro funciona como estación de calor y frescor en temperaturas extremas.",2211 Park Avenue,Lynchburg,434-845-5939,,https://salvationarmypotomac.org/lynchburgva/,"Residents of Lynchburg, Amherst, Appomattox, Bedford, Campbell, and Nelson counties; utility help requires shutoff notice; rental help requires eviction notice; shelter intake Mon–Fri 9:30 a.m.–3:30 p.m.","Residentes de Lynchburg y los condados de Amherst, Appomattox, Bedford, Campbell y Nelson; ayuda de servicios requiere aviso de corte; ayuda de renta requiere aviso de desalojo; admisión al refugio lun–vie 9:30 a.m.–3:30 p.m.",Call 434-845-5939 for shelter availability weekdays; after 4:30 p.m. and weekends call housing monitors 434-941-4701; Spanish-speaking staff available.,Llame al 434-845-5939 para disponibilidad de refugio entre semana; después de las 4:30 p.m. y fines de semana llame a monitores de vivienda 434-941-4701; personal que habla español disponible.,"Office Monday–Friday, 9:00 a.m.–4:00 p.m.; shelter intake 9:30 a.m.–3:30 p.m.",basic-needs|food-pantry|clothing|utility-assistance|Salvation-Army|Lynchburg,Food pantry|Clothes closet|Hot meals|Rent and utility assistance|Emergency shelter,Lynchburg,Lynchburg|Amherst|Appomattox|Bedford|Campbell|Nelson,multi,
214,FACETS — Hot Meals & Emergency Food Assistance,basic-needs,Northern Virginia,"FACETS operates Northern Virginia's longest-running hot meals program, serving a hot dinner 365 nights a year at two Fairfax County locations through more than 50 faith partners, plus biweekly fresh produce distributions and an emergency pantry with diapers and household items. The hypothermia prevention shelter line operates seasonally, and FACETS connects Fairfax County residents to coordinated services for shelter, employment, and financial help through county referral partners.","FACETS opera el programa de comidas calientes más antiguo del norte de Virginia, sirviendo cena caliente las 365 noches del año en dos ubicaciones del condado de Fairfax con más de 50 aliados de fe, además de distribuciones quincenales de productos frescos y una despensa de emergencia con pañales y artículos del hogar. La línea del refugio de prevención de hipotermia opera de forma estacional, y FACETS conecta a los residentes del condado de Fairfax con servicios coordinados de refugio, empleo y ayuda financiera.","10700 Page Avenue, Suite 160",Fairfax,703-352-5090,,https://facetscares.org/,"Hot meals open to anyone in need at published locations; emergency food, diapers, and hypothermia shelter referrals for Fairfax County residents; county CSP intake at 703-222-0880 for broader services.","Comidas calientes abiertas a cualquier persona necesitada en ubicaciones publicadas; alimentos de emergencia, pañales y referencias de refugio de hipotermia para residentes del condado de Fairfax; admisión del condado CSP al 703-222-0880 para servicios más amplios.",Emergency food or diapers call front desk 703-352-5090; hypothermia shelter line ext. 1302 seasonal (Sunday after Thanksgiving through April 1); Fairfax County CSP 703-222-0880 Mon–Fri 8 a.m.–4:30 p.m.,Alimentos de emergencia o pañales llame a recepción 703-352-5090; línea de refugio de hipotermia ext. 1302 estacional (domingo después de Acción de Gracias hasta el 1 de abril); CSP del condado de Fairfax 703-222-0880 lun–vie 8 a.m.–4:30 p.m.,Hot meals nightly; office Monday–Friday business hours,basic-needs|hot-meals|food-pantry|hypothermia-shelter|Northern-Virginia|Fairfax,Daily hot meals|Fresh produce distribution|Emergency food pantry|Diaper assistance|Hypothermia prevention shelter referral,Fairfax,Fairfax,single,
215,Rescue Mission of Roanoke — Manna Food Pantry,basic-needs,Roanoke Valley,"The Rescue Mission of Roanoke's Manna Food Pantry distributes weekly grocery boxes of about 60 pounds—including non-perishable staples, fresh produce, frozen meat, and pet food—to struggling families in the Roanoke region through a drive-thru model partnered with Feeding Southwest Virginia. Enrolled recipients also receive free clothing vouchers for the Mission's Donation Center, connecting food insecurity with basic apparel and household needs.","La despensa Manna Food Pantry de la Rescue Mission of Roanoke distribuye semanalmente cajas de comestibles de unas 60 libras—incluidos productos básicos no perecederos, productos frescos, carne congelada y alimento para mascotas—a familias en dificultades de la región de Roanoke mediante un modelo drive-thru en alianza con Feeding Southwest Virginia. Los inscritos también reciben vales gratuitos de ropa para el Donation Center de la Misión.",402 4th Street SE,Roanoke,540-598-5203,,https://rescuemission.net/manna-food-pantry/,"Open registration for families in the Roanoke region; enroll by text only at 540-598-5203; once enrolled, reserved boxes picked up Wed or Thu 1–3 p.m.","Inscripción abierta para familias de la región de Roanoke; inscríbase solo por mensaje de texto al 540-598-5203; una vez inscrito, recoja cajas reservadas mié o jue 1–3 p.m.",Text 540-598-5203 to enroll; save reservation texts with QR codes for faster check-in; clothing vouchers redeemable at Donation Center 421 Fourth Street; equal opportunity provider.,Envíe un mensaje al 540-598-5203 para inscribirse; guarde los mensajes de reserva con códigos QR para registro más rápido; vales de ropa canjeables en Donation Center 421 Fourth Street; proveedor de igualdad de oportunidades.,"Distribution Wednesday and Thursday, 1:00–3:00 p.m. for enrolled clients",basic-needs|food-pantry|clothing-vouchers|drive-thru|Roanoke|rescue-mission,Weekly grocery boxes|Fresh produce and protein|Pet food|Clothing vouchers|Drive-thru food distribution,Roanoke City,Roanoke City|Roanoke|Salem|Botetourt|Craig|Floyd|Franklin|Alleghany,multi,
216,Assisting Families of Inmates (AFOI),family-children,Richmond metro,"Assisting Families of Inmates is a Richmond-based nonprofit that keeps incarcerated Virginians connected to spouses, children, and parents through video visitation at ten visitor centers statewide, a transportation program for prison visits, DJJ family transportation, and children's services including the MAC program. By reducing isolation and supporting family reunification, AFOI helps returning citizens and their loved ones maintain relationships critical to successful reentry.","Assisting Families of Inmates es una organización sin fines de lucro con sede en Richmond que mantiene a los virginianos encarcelados conectados con cónyuges, hijos y padres mediante visitas por video en diez centros de visitantes en el estado, un programa de transporte para visitas a prisiones, transporte familiar del DJJ y servicios para niños incluido el programa MAC. Al reducir el aislamiento y apoyar la reunificación familiar, AFOI ayuda a quienes regresan y a sus seres queridos a mantener relaciones críticas para una reinserción exitosa.","220 Hull Street, Suite 100",Richmond,804-643-2401,family@afoi.org,https://afoi.org/,Families of people incarcerated in Virginia state prisons or DJJ facilities; video visitor centers serve all major VADOC institutions; register through AFOI for visitor center visitation.,Familias de personas encarceladas en prisiones estatales de Virginia o instalaciones del DJJ; los centros de visitas por video sirven a las principales instituciones de VADOC; regístrese a través de AFOI para visitas en centros de visitantes.,Richmond visitor center open Saturdays and Sundays at 220 Hull Street; register or ask video questions at 804-643-2401 or family@afoi.org; transportation program resumed March 2023.,Centro de visitantes de Richmond abierto sábados y domingos en 220 Hull Street; regístrese o pregunte sobre video al 804-643-2401 o family@afoi.org; programa de transporte reanudado en marzo de 2023.,Office Monday–Friday business hours; Richmond video center Saturday–Sunday,family-children|incarcerated-parents|video-visitation|reunification|reentry|Richmond|statewide,Video visitation centers|Prison visit transportation|DJJ family transportation|Children's MAC program|Family reunification support,Richmond City,,statewide,accepts_criminal_record
217,Seton Youth Services — Mentoring Children of Prisoners (MCP),family-children,Hampton Roads,"Seton Youth Services operates the free Mentoring Children of Prisoners program for Hampton Roads youth ages 4–18 who have been affected by the past or present incarceration of a parent or adult loved one. Each child is matched with a volunteer mentor age 20 or older for at least four hours per month for one year, providing recreational outings, homework help, and consistent adult friendship—not substitute parenting—for children navigating parental incarceration.","Seton Youth Services opera el programa gratuito Mentoring Children of Prisoners para jóvenes de Hampton Roads de 4 a 18 años afectados por la encarcelación pasada o presente de un padre o adulto querido. Cada niño es emparejado con un mentor voluntario de 20 años o más durante al menos cuatro horas al mes por un año, con salidas recreativas, ayuda con tareas y amistad adulta constante—no sustituto de crianza—para niños que enfrentan la encarcelación de un padre.","101 N Lynnhaven Road, Suite 101",Virginia Beach,757-646-9965,cday@setonyouthservices.org,https://setonyouthservices.org/mentoring/,"Youth ages 4–18 in Virginia Beach, Norfolk, Portsmouth, Chesapeake, Newport News, or Hampton affected by a parent or loved one's incarceration; mentors must be age 20+ and pass background checks.","Jóvenes de 4 a 18 años en Virginia Beach, Norfolk, Portsmouth, Chesapeake, Newport News o Hampton afectados por la encarcelación de un padre o ser querido; los mentores deben tener 20 años o más y pasar verificaciones de antecedentes.",Contact Director of Mentoring Charliesa Day at 757-646-9965 or cday@setonyouthservices.org; mentee and mentor applications online; administrative office 757-963-5795.,Contacte a la directora de mentoría Charliesa Day al 757-646-9965 o cday@setonyouthservices.org; solicitudes de mentees y mentores en línea; oficina administrativa 757-963-5795.,Mentoring by appointment; office Monday–Friday business hours,family-children|mentoring|incarcerated-parents|youth|Hampton-Roads|free,One-to-one mentoring|Recreational outings|Homework support|Caregiver communication|Volunteer mentor matching,Virginia Beach,Virginia Beach|Norfolk|Portsmouth|Chesapeake|Newport News|Hampton,multi,
218,GRTC CARE Paratransit,transportation,Richmond metro,"GRTC's CARE (Community Assisted Ride Enterprise) paratransit program provides ADA origin-to-destination curb-to-curb transportation for seniors and people with disabilities who cannot use fixed-route buses in Richmond, Henrico, and portions of Chesterfield. CARE operates within three-quarters of a mile of GRTC bus lines with reservation-based vans and sedans, and CARE Plus extends trips farther into Henrico or Chesterfield for a fee.","El programa de paratransporte CARE (Community Assisted Ride Enterprise) de GRTC ofrece transporte de origen a destino de acera a acera conforme a la ADA para adultos mayores y personas con discapacidades que no pueden usar autobuses de ruta fija en Richmond, Henrico y partes de Chesterfield. CARE opera dentro de tres cuartos de milla de las líneas de autobús de GRTC con vans y sedanes bajo reserva, y CARE Plus extiende viajes más lejos en Henrico o Chesterfield con tarifa.",301 East Belt Boulevard,Richmond,804-782-2273,adacoordinator@ridegrtc.com,https://www.ridegrtc.com/grtc-services/care-paratransit/,ADA-eligible riders who cannot use fixed-route service; apply through GRTC's Eligibility Coordinator; riders 80+ may apply for a paratransit ID card; visitors with paratransit eligibility may use CARE up to 21 days per year.,Pasajeros elegibles conforme a la ADA que no pueden usar servicio de ruta fija; solicite a través del coordinador de elegibilidad de GRTC; pasajeros de 80 años o más pueden solicitar una tarjeta de identificación de paratransporte; visitantes con elegibilidad de paratransporte pueden usar CARE hasta 21 días al año.,Schedule rides at 804-782-2273; eligibility questions 804-358-3871 ext. 434; customer service 804-358-4782; completed applications mailed to 301 East Belt Boulevard (not accepted by fax).,Programe viajes al 804-782-2273; preguntas de elegibilidad 804-358-3871 ext. 434; servicio al cliente 804-358-4782; solicitudes completas por correo a 301 East Belt Boulevard (no se aceptan por fax).,CARE Mon–Fri 7:00 a.m.–5:00 p.m.; Sat–Sun 8:00 a.m.–4:30 p.m.,transportation|paratransit|ADA|seniors|disabilities|Richmond,Curb-to-curb paratransit|ADA eligibility certification|CARE Plus extended trips|Visitor paratransit privileges|Reduced-fare ID cards,Richmond City,Richmond City|Henrico|Chesterfield,multi,
219,Mountain Empire Transit (MEOC),transportation,Southwest Virginia,"Mountain Empire Older Citizens operates Mountain Empire Transit, the public transportation provider for Lee, Scott, and Wise counties and the City of Norton across nearly 1,390 square miles. Free demand-response curb-to-curb trips run Monday through Friday 7 a.m.–5 p.m. with 24-hour advance booking, and the METGo! on-demand microtransit app serves Wise–Norton, Big Stone Gap–Appalachia, and Pennington Gap–Jonesville zones for same-day rides.","Mountain Empire Older Citizens opera Mountain Empire Transit, el proveedor de transporte público de los condados de Lee, Scott y Wise y la ciudad de Norton en casi 1,390 millas cuadradas. Viajes gratuitos bajo demanda de acera a acera de lunes a viernes de 7 a.m. a 5 p.m. con reserva con 24 horas de anticipación, y la aplicación de microtransporte bajo demanda METGo! sirve las zonas Wise–Norton, Big Stone Gap–Appalachia y Pennington Gap–Jonesville para viajes el mismo día.",1501 Third Avenue East,Big Stone Gap,276-523-7433,info@meoc.org,https://meoc.org/transportation/,Open to the public of all ages; wheelchair-accessible vehicles available; demand-response requires booking at least 24 hours ahead; METGo! riders must be 13+ to travel alone.,Abierto al público de todas las edades; vehículos accesibles para sillas de ruedas; la demanda bajo pedido requiere reserva con al menos 24 horas de anticipación; pasajeros de METGo! deben tener 13 años o más para viajar solos.,Schedule demand-response at 276-523-7433 or toll-free 888-877-6748; METGo! book via app or same phone number; METGo! $1 per trip effective October 2025 per MEOC website.,Programe demanda bajo pedido al 276-523-7433 o línea gratuita 888-877-6748; METGo! reserve por aplicación o el mismo número; METGo! $1 por viaje desde octubre de 2025 según el sitio web de MEOC.,"Monday–Friday, 7:00 a.m.–5:00 p.m.",transportation|demand-response|microtransit|rural|Southwest-Virginia|free,Demand-response public transit|METGo! on-demand microtransit|Wheelchair-accessible rides|Medical and work trips|Same-day app booking,Wise,Lee|Scott|Wise|Norton,multi,
220,Bay Transit — Demand-Response Public Transit,transportation,Northern Neck & Middle Peninsula,"Bay Transit is the public demand-response transportation service operated by Bay Aging, serving 12 counties and several towns across Virginia's Northern Neck and Middle Peninsula including Essex, King and Queen, King William, Lancaster, Richmond, Northumberland, Westmoreland, Gloucester, Mathews, Middlesex, Charles City, and New Kent. Riders call the Ride Line at least 24 hours ahead to schedule curb-to-curb trips Monday through Friday for medical appointments, work, shopping, and other essential travel.","Bay Transit es el servicio público de transporte bajo demanda operado por Bay Aging, que sirve a 12 condados y varios pueblos del Northern Neck y la península media de Virginia, incluidos Essex, King and Queen, King William, Lancaster, Richmond, Northumberland, Westmoreland, Gloucester, Mathews, Middlesex, Charles City y New Kent. Los pasajeros llaman a la Ride Line con al menos 24 horas de anticipación para programar viajes de acera a acera de lunes a viernes para citas médicas, trabajo, compras y otros desplazamientos esenciales.",111 Commerce Parkway,Warsaw,877-869-6046,,https://baytransit.org/,Open to all ages and all trip purposes in the 12-county service area; New Freedom paratransit for eligible riders with disabilities; base fare $2 with ticket book options.,Abierto a todas las edades y propósitos de viaje en el área de 12 condados; New Freedom paratransit para pasajeros elegibles con discapacidades; tarifa base $2 con opciones de libreta de boletos.,"Ride Line toll-free 877-869-6046, Mon–Fri 6 a.m.–6 p.m.; Warsaw office 804-250-2011; Gloucester office 804-693-6977; call 24 hours in advance to schedule.","Ride Line gratuita 877-869-6046, lun–vie 6 a.m.–6 p.m.; oficina de Warsaw 804-250-2011; oficina de Gloucester 804-693-6977; llame con 24 horas de anticipación para programar.","Monday–Friday, 6:00 a.m.–6:00 p.m.",transportation|demand-response|rural|Northern-Neck|Middle-Peninsula|medical-trips,Demand-response transit|Medical appointment rides|Work and shopping trips|New Freedom paratransit|Seasonal trolley routes,Richmond,Essex|King and Queen|King William|Lancaster|Richmond|Northumberland|Westmoreland|Gloucester|Mathews|Middlesex|Charles City|New Kent,multi,
221,VADOC Probation & Parole — District 17 Abingdon,probation-parole,Abingdon / Washington County,"VADOC Probation and Parole District 17 supervises justice-involved adults on probation and parole in Bristol, Russell, Smyth, and Washington counties from the Abingdon field office on Hillman Highway. District officers complete risk and needs assessments and refer supervisees to Mount Rogers adult education, Feeding Southwest Virginia partners, and southwest Virginia treatment and employment resources. Probation and parole reporting office—not a walk-in emergency cash or housing intake center.","La Oficina de Probatoria y Libertad Condicional del Distrito 17 de VADOC en Abingdon supervisa a adultos con antecedentes penales en probatoria y libertad condicional en los condados Bristol, Russell, Smyth y Washington. Los oficiales de distrito realizan evaluaciones de riesgo y necesidades y refieren a educación para adultos Mount Rogers, aliados de Feeding Southwest Virginia y recursos de tratamiento y empleo del suroeste de Virginia. Oficina de reportes, no centro de admisión de vivienda o efectivo de emergencia.",26478 Hillman Highway,Abingdon,276-676-5477,,https://vadoc.virginia.gov/facilities-and-offices/,Individuals under VADOC community supervision in District 17 localities; report to assigned probation or parole officer.,Personas bajo supervisión comunitaria de VADOC en localidades del Distrito 17; reporte al oficial de probatoria o libertad condicional asignado.,"Serves Bristol, Russell, Smyth, and Washington; pairs with Appalachian Re-Entry Council and Mount Rogers Regional Adult Education.","Sirve Bristol, Russell, Smyth y Washington; se vincula con el Consejo de Reinserción Apalache y Educación para Adultos Mount Rogers.",Monday–Friday business hours,abingdon|washington|probation-parole|VADOC|bristol|russell|reentry,District probation supervision|Parole reporting|Risk and needs assessment|Treatment referrals|Reentry partner coordination,Washington,Bristol|Russell|Smyth|Washington,multi,accepts_criminal_record
222,VADOC Probation & Parole — District 18 Norton,probation-parole,Norton / Wise County,"VADOC Probation and Parole District 18 supervises justice-involved adults in Dickenson, Lee, Scott, Wise counties and Norton from the Park Avenue office in Norton, with additional staff in Clintwood and Duffield. Officers coordinate with the Appalachian Re-Entry Council, RACE1 adult education, and Wise County Career Works for returning citizens rebuilding stability after state custody. District supervision office—not a benefits application or emergency shelter intake site.","La Oficina de Probatoria y Libertad Condicional del Distrito 18 de VADOC en Norton supervisa a adultos con antecedentes penales en los condados Dickenson, Lee, Scott y Wise y la ciudad de Norton. Los oficiales coordinan con el Consejo de Reinserción Apalache, educación para adultos RACE1 y Virginia Career Works de Wise para quienes regresan de custodia estatal. Oficina de supervisión de distrito, no sitio de solicitud de beneficios o refugio de emergencia.",1650 Park Avenue SW,Norton,276-679-9201,,https://vadoc.virginia.gov/facilities-and-offices/,"Individuals under VADOC community supervision in District 18; report to assigned officer at Norton, Clintwood, or Duffield.","Personas bajo supervisión comunitaria de VADOC en el Distrito 18; reporte al oficial asignado en Norton, Clintwood o Duffield.",Chief Jennifer Lester; Appalachian Re-Entry Council meets quarterly; resource directory on vadoc.virginia.gov.,Directora Jennifer Lester; el Consejo de Reinserción Apalache se reúne trimestralmente; directorio de recursos en vadoc.virginia.gov.,Monday–Friday business hours,norton|wise|probation-parole|VADOC|appalachian|dickenson|lee|reentry,Multi-site probation supervision|Parole reporting|Appalachian reentry referrals|Treatment coordination|Employment partner referrals,Wise,Dickenson|Lee|Scott|Wise|Norton,multi,accepts_criminal_record
223,VADOC Probation & Parole — District 16 Wytheville,probation-parole,Wytheville / Wythe County,"VADOC Probation and Parole District 16 supervises probationers and parolees in Galax and the counties of Bland, Carroll, Giles, Grayson, and Wythe from the Peppers Ferry Road office in Wytheville. District officers connect justice-involved adults to Mount Rogers adult education, Feeding Southwest Virginia pantries, and southwest Virginia workforce partners serving the New River and Mount Rogers regions. Probation and parole field office—not a walk-in legal aid or healthcare clinic.","La Oficina de Probatoria y Libertad Condicional del Distrito 16 de VADOC en Wytheville supervisa a personas en probatoria y libertad condicional en Galax y los condados Bland, Carroll, Giles, Grayson y Wythe. Los oficiales conectan a adultos con antecedentes penales con educación para adultos Mount Rogers, despensas de Feeding Southwest Virginia y aliados laborales del suroeste de Virginia. Oficina de campo de probatoria, no clínica de asistencia legal o salud.",500 Peppers Ferry Road,Wytheville,276-228-5311,,https://vadoc.virginia.gov/facilities-and-offices/,Individuals under VADOC community supervision in District 16 counties and Galax; report to assigned officer.,Personas bajo supervisión comunitaria de VADOC en condados del Distrito 16 y Galax; reporte al oficial asignado.,"Covers Galax, Bland, Carroll, Giles, Grayson, and Wythe; Highlands Community Collaboration Council partner region.","Cubre Galax, Bland, Carroll, Giles, Grayson y Wythe; región aliada del Consejo de Colaboración Comunitaria Highlands.",Monday–Friday business hours,wytheville|wythe|probation-parole|VADOC|galax|carroll|grayson|reentry,Rural probation supervision|Parole reporting|Mount Rogers education referrals|Food bank partner coordination|Workforce referrals,Wythe,Galax|Bland|Carroll|Giles|Grayson|Wythe,multi,accepts_criminal_record
224,VADOC Probation & Parole — District 14 Danville,probation-parole,Danville / Pittsylvania County,"VADOC Probation and Parole District 14 supervises justice-involved adults on community supervision in Danville and Pittsylvania County from the NorDan Drive office. District officers refer supervisees to Danville Adult and Career Education Center, Virginia Legal Aid Society, and Southside Virginia employment and treatment partners for returning citizens recently released from state custody or local jail. Probation reporting office—not emergency housing or SNAP intake.","La Oficina de Probatoria y Libertad Condicional del Distrito 14 de VADOC en Danville supervisa a adultos con antecedentes penales bajo supervisión comunitaria en Danville y el condado Pittsylvania. Los oficiales refieren a quienes están supervisados al Centro de Educación para Adultos y Carreras de Danville, Virginia Legal Aid Society y aliados de empleo y tratamiento del Southside. Oficina de reportes de probatoria, no admisión de vivienda de emergencia o SNAP.","211 NorDan Drive, Suite 1080",Danville,434-791-5231,,https://vadoc.virginia.gov/facilities-and-offices/,Individuals under VADOC community supervision in Danville and Pittsylvania County; report to assigned officer.,Personas bajo supervisión comunitaria de VADOC en Danville y el condado Pittsylvania; reporte al oficial asignado.,Pairs with Danville ACEC GED programs and VLAS Danville office; District 14 resource directory on vadoc.virginia.gov.,Se vincula con programas GED de Danville ACEC y oficina VLAS de Danville; directorio del Distrito 14 en vadoc.virginia.gov.,Monday–Friday business hours,danville|pittsylvania|probation-parole|VADOC|southside|reentry,Danville probation supervision|Parole reporting|Pittsylvania County supervision|GED and legal aid referrals|Treatment coordination,Danville,Danville|Pittsylvania,multi,accepts_criminal_record
225,VADOC Probation & Parole — District 43 Tazewell,probation-parole,Tazewell / Buchanan County,"VADOC Probation and Parole District 43 supervises justice-involved adults in Buchanan and Tazewell counties from the Cedar Bluff office, with an additional office in Buchanan. District officers connect returning citizens to DVS Tazewell veterans services, Mount Rogers and southwest Virginia treatment providers, and rural employment partners in coalfield communities. Probation and parole field office—not a financial assistance or food pantry location.","La Oficina de Probatoria y Libertad Condicional del Distrito 43 de VADOC supervisa a adultos con antecedentes penales en los condados Buchanan y Tazewell desde la oficina de Cedar Bluff, con oficina adicional en Buchanan. Los oficiales conectan a quienes regresan con servicios para veteranos DVS de Tazewell, proveedores de tratamiento del suroeste de Virginia y aliados de empleo rural. Oficina de campo de probatoria, no ubicación de asistencia financiera o despensa.",134 Taylor Road,Cedar Bluff,276-963-3092,,https://vadoc.virginia.gov/facilities-and-offices/,Individuals under VADOC community supervision in Buchanan and Tazewell counties; report to assigned officer.,Personas bajo supervisión comunitaria de VADOC en los condados Buchanan y Tazewell; reporte al oficial asignado.,"P.O. Box 363, Pounding Mill; additional Buchanan office; coalfield reentry partner referrals.","Apartado 363, Pounding Mill; oficina adicional en Buchanan; referencias a aliados de reinserción en la zona carbonífera.",Monday–Friday business hours,tazewell|buchanan|probation-parole|VADOC|coalfield|rural|reentry,Buchanan County probation supervision|Tazewell County supervision|Parole reporting|Rural treatment referrals|Veterans service coordination,Tazewell,Buchanan|Tazewell,multi,accepts_criminal_record
226,VADOC Probation & Parole — District 28 Radford,probation-parole,Radford / Pulaski County,"VADOC Probation and Parole District 28 supervises probationers and parolees in Radford and the counties of Floyd, Montgomery, and Pulaski from the West Main Street office. District officers coordinate referrals to New River Community College adult education, Virginia Career Works New River, and Pulaski-area behavioral health and housing partners for justice-involved adults rebuilding community ties. Supervision field office—not a walk-in benefits or ID clinic.","La Oficina de Probatoria y Libertad Condicional del Distrito 28 de VADOC en Radford supervisa a personas en probatoria y libertad condicional en Radford y los condados Floyd, Montgomery y Pulaski. Los oficiales coordinan referencias a educación para adultos de New River Community College, Virginia Career Works New River y aliados de salud conductual y vivienda del área de Pulaski. Oficina de supervisión de campo, no clínica de beneficios o identificación.",2003 West Main Street,Radford,540-831-5850,,https://vadoc.virginia.gov/facilities-and-offices/,Individuals under VADOC community supervision in District 28; report to assigned probation or parole officer.,Personas bajo supervisión comunitaria de VADOC en el Distrito 28; reporte al oficial de probatoria o libertad condicional asignado.,"Serves Radford, Floyd, Montgomery, and Pulaski; connects to NRCC Adult Learning Center and New River Valley reentry partners.","Sirve Radford, Floyd, Montgomery y Pulaski; conecta con el Centro de Aprendizaje para Adultos de NRCC y aliados de reinserción del Valle New River.",Monday–Friday business hours,radford|pulaski|probation-parole|VADOC|new-river-valley|reentry,New River Valley probation supervision|Parole reporting|NRCC education referrals|Workforce partner coordination|Treatment referrals,Radford,Radford|Floyd|Montgomery|Pulaski,multi,accepts_criminal_record
227,VADOC Probation & Parole — District 15 Roanoke,probation-parole,Roanoke / Salem,"VADOC Probation and Parole District 15 supervises justice-involved adults in Roanoke City, Roanoke County, Salem, and Vinton from the Electric Road office in Salem. District officers refer supervisees to Region 5 adult education, Goodwill Industries of the Valleys GoodStart, and Roanoke-area behavioral health and housing partners for returning citizens on probation or parole. District probation office—not emergency crisis response or legal representation.","La Oficina de Probatoria y Libertad Condicional del Distrito 15 de VADOC en Salem supervisa a adultos con antecedentes penales en Roanoke City, el condado Roanoke, Salem y Vinton. Los oficiales refieren a quienes están supervisados a educación para adultos Región 5, GoodStart de Goodwill Industries of the Valleys y aliados de salud conductual y vivienda del área de Roanoke. Oficina de probatoria de distrito, no respuesta de crisis de emergencia ni representación legal.",305 Electric Road,Salem,540-387-5257,,https://vadoc.virginia.gov/facilities-and-offices/,"Individuals under VADOC community supervision in Roanoke, Salem, and surrounding localities; report to assigned officer.","Personas bajo supervisión comunitaria de VADOC en Roanoke, Salem y localidades circundantes; reporte al oficial asignado.","Serves Roanoke City, Roanoke County, Salem, and Vinton; connects to Region 5 adult education and Goodwill GoodStart.","Sirve Roanoke City, condado Roanoke, Salem y Vinton; conecta con educación para adultos Región 5 y Goodwill GoodStart.",Monday–Friday business hours,roanoke|salem|probation-parole|VADOC|roanoke-city|reentry,Roanoke Valley probation supervision|Parole reporting|Salem district reporting|GoodStart employment referrals|Treatment coordination,Roanoke,Roanoke City|Roanoke|Salem,multi,accepts_criminal_record
228,VADOC Probation & Parole — District 37 Rocky Mount,probation-parole,Rocky Mount / Franklin County,"VADOC Probation and Parole District 37 supervises justice-involved adults in Franklin County and the town of Rocky Mount from the Grassy Hill Road office. District officers connect returning citizens to West Piedmont Regional Adult and Career Education, STEP UP employment partners, and rural Southside Virginia treatment and housing resources after release from local jail or state custody. Probation and parole reporting—not a walk-in emergency assistance center.","La Oficina de Probatoria y Libertad Condicional del Distrito 37 de VADOC en Rocky Mount supervisa a adultos con antecedentes penales en el condado Franklin y el pueblo de Rocky Mount. Los oficiales conectan a quienes regresan con West Piedmont Regional Adult and Career Education, aliados de empleo STEP UP y recursos rurales de tratamiento y vivienda del Southside de Virginia. Reportes de probatoria y libertad condicional, no centro de asistencia de emergencia.",155 Grassy Hill Road,Rocky Mount,540-483-0854,,https://vadoc.virginia.gov/facilities-and-offices/,Individuals under VADOC community supervision in Franklin County and Rocky Mount; report to assigned officer.,Personas bajo supervisión comunitaria de VADOC en el condado Franklin y Rocky Mount; reporte al oficial asignado.,P.O. Box 2015 Rocky Mount; pairs with West Piedmont RACE GED programs and Franklin County reentry partners.,Apartado 2015 Rocky Mount; se vincula con programas GED de West Piedmont RACE y aliados de reinserción del condado Franklin.,Monday–Friday business hours,rocky-mount|franklin|probation-parole|VADOC|southside|rural|reentry,Franklin County probation supervision|Parole reporting|West Piedmont education referrals|Rural employment coordination|Treatment referrals,Franklin,Franklin,single,accepts_criminal_record
229,VADOC Probation & Parole — District 22 Martinsville,probation-parole,Martinsville / Henry County,"VADOC Probation and Parole District 22 supervises probationers and parolees in Martinsville and Henry and Patrick counties from the Bridge Street office in Martinsville. District officers coordinate referrals to West Piedmont adult education, Patrick Henry Community College workforce pathways, and Henry County treatment and employment partners for justice-involved adults returning from state prisons or regional jails. District field office—not a benefits enrollment walk-in site.","La Oficina de Probatoria y Libertad Condicional del Distrito 22 de VADOC en Martinsville supervisa a personas en probatoria y libertad condicional en Martinsville y los condados Henry y Patrick. Los oficiales coordinan referencias a educación para adultos West Piedmont, vías laborales de Patrick Henry Community College y aliados de tratamiento y empleo del condado Henry. Oficina de campo de distrito, no sitio de inscripción de beneficios.","32 Bridge Street, Suite 300",Martinsville,276-666-2366,,https://vadoc.virginia.gov/facilities-and-offices/,"Individuals under VADOC community supervision in Martinsville, Henry, and Patrick counties; report to assigned officer.",Personas bajo supervisión comunitaria de VADOC en Martinsville y los condados Henry y Patrick; reporte al oficial asignado.,"Serves Martinsville, Henry, and Patrick; connects to VLAS Danville and West Piedmont RACE programs.","Sirve Martinsville, Henry y Patrick; conecta con VLAS Danville y programas West Piedmont RACE.",Monday–Friday business hours,martinsville|henry|patrick|probation-parole|VADOC|southside|reentry,Martinsville probation supervision|Patrick County parole reporting|West Piedmont education referrals|Workforce partner coordination|Treatment referrals,Martinsville,Martinsville|Henry|Patrick,multi,accepts_criminal_record
230,Virginia Legal Aid Society — Danville Office,legal-aid,Danville / Southside Virginia,"Virginia Legal Aid Society Danville office provides free civil legal assistance to low-income residents of Danville, Martinsville, Henry, Patrick, and Pittsylvania counties including housing, public benefits, family law, and criminal record relief for justice-involved adults. Attorneys handle civil legal barriers to reentry—not criminal defense representation. All intake begins through the VLAS LawLine before local office assignment.","La oficina de Danville de Virginia Legal Aid Society ofrece asistencia legal civil gratuita a residentes de bajos ingresos de Danville, Martinsville y los condados Henry, Patrick y Pittsylvania, incluyendo vivienda, beneficios públicos, derecho familiar y alivio de antecedentes penales. Los abogados manejan barreras legales civiles de reinserción, no defensa penal. Toda admisión comienza por la LawLine de VLAS.",519 Main Street,Danville,434-799-3550,,https://www.vlas.org,"Low-income residents of Danville, Martinsville, Henry, Patrick, and Pittsylvania; LSC income limits apply; call LawLine first.","Residentes de bajos ingresos de Danville, Martinsville, Henry, Patrick y Pittsylvania; aplican límites LSC; llame primero a LawLine.",LawLine 1-866-534-5243 Mon/Tue/Thu/Fri 9:00 a.m.–3:30 p.m.; also use statewide VaLegalAid.org screening.,LawLine 1-866-534-5243 lun/mar/jue/vie 9:00 a.m.–3:30 p.m.; también use la evaluación en VaLegalAid.org.,Monday–Friday business hours; LawLine intake hours vary,danville|pittsylvania|legal-aid|expungement|southside|reentry,Civil legal representation|Housing legal aid|Public benefits advocacy|Family law|Record relief assistance,Danville,Danville|Martinsville|Henry|Patrick|Pittsylvania,multi,accepts_criminal_record
231,Virginia Legal Aid Society — Lynchburg Office,legal-aid,Lynchburg / Central Virginia,"Virginia Legal Aid Society Lynchburg office provides free civil legal aid to low-income residents of Lynchburg, Amherst, Appomattox, Campbell, and Halifax counties including eviction defense, benefits appeals, and family law matters affecting justice-involved adults rebuilding housing and employment stability. VLAS headquarters office—not criminal defense. Applications must begin through the VLAS LawLine at 1-866-534-5243.","La oficina de Lynchburg de Virginia Legal Aid Society ofrece asistencia legal civil gratuita a residentes de bajos ingresos de Lynchburg, Amherst, Appomattox, Campbell y Halifax, incluyendo defensa de desalojo, apelaciones de beneficios y asuntos de derecho familiar. Oficina central de VLAS, no defensa penal. Las solicitudes deben comenzar por la LawLine al 1-866-534-5243.",513 Church Street,Lynchburg,434-846-1326,,https://www.vlas.org,"Low-income residents of Lynchburg, Amherst, Appomattox, Campbell, and Halifax; elderly cases also in Bedford.","Residentes de bajos ingresos de Lynchburg, Amherst, Appomattox, Campbell y Halifax; casos de personas mayores también en Bedford.",LawLine 1-866-534-5243; VLAS administrative headquarters at this address.,LawLine 1-866-534-5243; sede administrativa de VLAS en esta dirección.,Monday–Friday 9:00 a.m.–5:00 p.m.; LawLine Mon/Tue/Thu/Fri 9:00 a.m.–3:30 p.m.,lynchburg|campbell|legal-aid|housing|benefits|reentry,Eviction defense|Benefits appeals|Family law|Civil record relief|Protective orders,Lynchburg,Lynchburg|Amherst|Appomattox|Campbell|Halifax,multi,accepts_criminal_record
232,Southwest Virginia Legal Aid Society,legal-aid,Marion / Southwest Virginia,"Southwest Virginia Legal Aid Society is a nonprofit law firm providing free civil legal assistance to low-income families across southwestern Virginia including housing, domestic violence, consumer, public benefits, and driving privilege matters affecting justice-involved adults. Intake is by phone at 1-888-201-2772 from Marion, Christiansburg, and Castlewood field offices—not criminal cases. Direct legal services—not a statewide referral hotline only.","Southwest Virginia Legal Aid Society es un bufete sin fines de lucro que ofrece asistencia legal civil gratuita a familias de bajos ingresos en el suroeste de Virginia, incluyendo vivienda, violencia doméstica, consumidor, beneficios públicos y privilegios de conducir. La admisión es por teléfono al 1-888-201-2772 desde oficinas en Marion, Christiansburg y Castlewood, no casos penales.",227 West Cherry Street,Marion,276-783-8300,,https://svlas.org,Low-income residents in SVLAS service area; apply by phone 1-888-201-2772 during intake hours.,Residentes de bajos ingresos en el área de servicio de SVLAS; solicite por teléfono al 1-888-201-2772 en horario de admisión.,"Intake 1-888-201-2772 Mon–Thu 8:30 a.m.–noon and 1:00–4:00 p.m., Fri 8:30 a.m.–12:30 p.m.; field offices by appointment.","Admisión 1-888-201-2772 lun–jue 8:30 a.m.–mediodía y 1:00–4:00 p.m., vie 8:30 a.m.–12:30 p.m.; oficinas con cita.",Intake hours vary; Marion office Monday–Friday 9:00 a.m.–5:00 p.m.,marion|smyth|legal-aid|southwest-virginia|housing|reentry,Housing legal aid|Domestic violence representation|Public benefits advocacy|Consumer law|Driving privilege assistance,Smyth,Smyth|Washington|Russell|Wise|Lee|Scott|Tazewell|Buchanan|Dickenson|Wythe|Bland|Carroll|Grayson|Pulaski|Montgomery,multi,
233,Legal Aid Works — Fredericksburg Office,legal-aid,Fredericksburg / Rappahannock Region,"Legal Aid Works, formerly Rappahannock Legal Services, provides free civil legal assistance to low-income residents across 17 counties in the Fredericksburg, Culpeper, and Northern Neck region including housing, family law, domestic violence protective orders, and public benefits for justice-involved adults. Civil legal aid only—not criminal defense. Intake through LSNV hotline 866-534-5243 or 703-778-6800 before local casework.","Legal Aid Works, anteriormente Rappahannock Legal Services, ofrece asistencia legal civil gratuita a residentes de bajos ingresos en 17 condados de la región de Fredericksburg, Culpeper y Northern Neck, incluyendo vivienda, derecho familiar, órdenes de protección y beneficios públicos. Solo asistencia legal civil, no defensa penal. Admisión por la línea LSNV al 866-534-5243.","500 Lafayette Boulevard, Suite 100",Fredericksburg,703-778-6800,,https://legalaidworks.org,Low-income residents at or below 125% federal poverty guidelines in Legal Aid Works service counties.,Residentes de bajos ingresos al o por debajo del 125% de las pautas federales de pobreza en condados de servicio de Legal Aid Works.,Call 866-534-5243 or 703-778-6800 for intake; offices also in Tappahannock and Culpeper.,Llame al 866-534-5243 o 703-778-6800 para admisión; oficinas también en Tappahannock y Culpeper.,Monday–Friday 9:00 a.m.–5:00 p.m.,fredericksburg|spotsylvania|legal-aid|rappahannock|housing|reentry,Eviction defense|Protective orders|Family law|Public benefits advocacy|Foreclosure defense,Fredericksburg,Fredericksburg|Spotsylvania|Stafford|Caroline|King George|Culpeper|Fauquier|Madison|Orange|Rappahannock,multi,
234,Legal Aid Works — Tappahannock Office,legal-aid,Tappahannock / Northern Neck,"Legal Aid Works Tappahannock office serves low-income residents of Lancaster, Northumberland, Richmond, Westmoreland, Essex, King and Queen, and King William counties with free civil legal aid including housing, benefits, and family safety matters for rural justice-involved adults on the Northern Neck and Middle Peninsula. Civil cases only—not criminal defense. Contact the LSNV intake hotline before visiting the Tappahannock field office.","La oficina de Tappahannock de Legal Aid Works sirve a residentes de bajos ingresos de Lancaster, Northumberland, Richmond, Westmoreland, Essex, King and Queen y King William con asistencia legal civil gratuita incluyendo vivienda, beneficios y seguridad familiar para adultos rurales con antecedentes penales. Solo casos civiles, no defensa penal.",628 Church Street,Tappahannock,804-443-1010,,https://legalaidworks.org,Low-income residents of Northern Neck and Middle Peninsula counties served by Legal Aid Works Tappahannock office.,Residentes de bajos ingresos de condados del Northern Neck y Middle Peninsula servidos por la oficina de Tappahannock.,Intake via 866-534-5243; SSI benefits handled at Tappahannock office; rural county coverage explicit.,Admisión vía 866-534-5243; beneficios SSI en la oficina de Tappahannock; cobertura explícita de condados rurales.,Monday–Friday business hours,tappahannock|richmond|legal-aid|northern-neck|rural|reentry,Rural civil legal aid|Housing disputes|SSI advocacy|Domestic violence orders|Benefits appeals,Essex,Lancaster|Northumberland|Richmond|Westmoreland|Essex|King and Queen|King William,multi,
235,Legal Aid Society of Eastern Virginia — Norfolk Office,legal-aid,Norfolk / Hampton Roads,"Legal Aid Society of Eastern Virginia Norfolk office provides free civil legal assistance to low-income residents of Norfolk, Portsmouth, Chesapeake, and Virginia Beach including housing, family law, public benefits, and record-related civil matters for justice-involved adults in Hampton Roads. LASEV does not handle criminal or traffic cases. Apply online, walk in, or call centralized intake at 757-827-5078.","La oficina de Norfolk de Legal Aid Society of Eastern Virginia ofrece asistencia legal civil gratuita a residentes de bajos ingresos de Norfolk, Portsmouth, Chesapeake y Virginia Beach, incluyendo vivienda, derecho familiar, beneficios públicos y asuntos civiles de antecedentes. LASEV no maneja casos penales o de tráfico. Solicite en línea, en persona o llame al 757-827-5078.","125 Saint Pauls Boulevard, Suite 400",Norfolk,757-627-5423,,https://laseva.org,Low-income Hampton Roads residents in LASEV service area; income and asset screening required.,Residentes de bajos ingresos de Hampton Roads en el área de servicio de LASEV; se requiere evaluación de ingresos y activos.,"Intake 757-827-5078; if court date within 72 hours, walk in or call—do not use web application.","Admisión 757-827-5078; si hay fecha de tribunal en 72 horas, vaya en persona o llame; no use la solicitud web.",Monday–Friday 8:30 a.m.–5:00 p.m.; intake line hours vary,norfolk|hampton-roads|legal-aid|housing|benefits|reentry,Eviction defense|Family law|Public benefits advocacy|SSI appeals|Civil record matters,Norfolk,Norfolk|Portsmouth|Chesapeake|Virginia Beach,multi,accepts_criminal_record
236,Danville Adult & Career Education Center — GED & HiSET,education,Danville / Pittsylvania County,"Danville Public Schools Adult and Career Education Center provides free GED preparation, PearsonVUE testing, workforce preparation, and integrated education and training for justice-involved adults in Danville and Pittsylvania County including instruction at the male and female detention centers. Day and evening classes connect graduates to Danville Community College pathways and Virginia Career Works Southside employment partners. Direct classroom and testing services—not a statewide navigation hotline.","El Centro de Educación para Adultos y Carreras de Danville Public Schools ofrece preparación GED gratuita, exámenes PearsonVUE, preparación laboral y educación integrada para adultos con antecedentes penales en Danville y el condado Pittsylvania, incluyendo instrucción en centros de detención. Las clases diurnas y nocturnas conectan graduados con Danville Community College y Virginia Career Works.",1005 North Main Street,Danville,434-799-6471,,https://acec.danvillepublicschools.org,Adults age 16+ in Danville and Pittsylvania seeking GED or workforce credentials; justice-involved adults accepted.,Adultos de 16 años o más en Danville y Pittsylvania que buscan GED o credenciales laborales; adultos con antecedentes penales aceptados.,GED testing at no cost; call 434-799-6471 ext. 240; detention center instruction available.,Exámenes GED sin costo; llame al 434-799-6471 ext. 240; instrucción en centros de detención disponible.,Morning classes 9:00 a.m.–1:00 p.m.; evening Mon/Wed 4:00–6:00 p.m.,danville|pittsylvania|education|GED|workforce|reentry,GED preparation|GED testing|Workforce preparation|Integrated education and training|Detention center instruction,Danville,Danville|Pittsylvania,multi,
237,West Piedmont Regional Adult & Career Education,education,Rocky Mount / Southside Virginia,"West Piedmont Regional Adult and Career Education provides free GED preparation, National External Diploma Program, English language instruction, and Spanish GED classes for low-income adults in Franklin, Henry, Patrick, and Pittsylvania counties and the cities of Danville and Martinsville including returning citizens rebuilding credentials for Southside Virginia jobs. Regional adult education hub—not emergency cash assistance. Enrollment required before classes begin.","West Piedmont Regional Adult and Career Education ofrece preparación GED gratuita, Programa Nacional de Diploma Externo, instrucción en inglés y clases GED en español para adultos de bajos ingresos en Franklin, Henry, Patrick y Pittsylvania y las ciudades Danville y Martinsville. Centro regional de educación para adultos, no asistencia de efectivo de emergencia.","270 South Main Street, Suite 240",Rocky Mount,540-484-1281,,https://www.wprae.com,Adults age 16+ in West Piedmont service area; open to justice-involved participants at local sites.,Adultos de 16 años o más en el área de servicio West Piedmont; abierto a participantes con antecedentes penales en sitios locales.,Toll-free 888-433-4255; multiple GED testing locations across the Piedmont region.,Línea gratuita 888-433-4255; múltiples ubicaciones de exámenes GED en la región Piedmont.,Contact for class schedule,rocky-mount|franklin|education|GED|southside|reentry,GED preparation|NEDP diploma|English language instruction|Spanish GED|Workforce referrals,Franklin,Franklin|Henry|Patrick|Pittsylvania|Danville|Martinsville,multi,accepts_criminal_record
238,Regional Adult & Career Education (RACE1) — Gate City,education,Gate City / Wise County,"Regional Adult and Career Education RACE1 provides free GED preparation and adult education for justice-involved adults in Lee, Scott, and Wise counties and Norton, serving coalfield communities with high reentry need through the Gate City regional office. Instructors connect participants to Virginia Career Works Wise and Norton probation district reentry partners after high school equivalency attainment. Direct adult education—not a college degree program.","Regional Adult and Career Education RACE1 ofrece preparación GED gratuita y educación para adultos a adultos con antecedentes penales en los condados Lee, Scott y Wise y Norton, sirviendo comunidades carboníferas con alta necesidad de reinserción. Los instructores conectan participantes con Virginia Career Works Wise y aliados de reinserción del distrito de probatoria de Norton.",1490 Bristol Highway,Gate City,276-386-2433,,https://gedva.com/providers/regional-adult-career-education/,"Adults age 16+ in Lee, Scott, Wise counties and Norton; criminal record not a barrier.","Adultos de 16 años o más en los condados Lee, Scott y Wise y Norton; los antecedentes penales no son barrera.",Toll-free 844-MY-RACE-1 (844-697-2231); regional manager Rebecca Scott.,Línea gratuita 844-MY-RACE-1 (844-697-2231); gerente regional Rebecca Scott.,Contact for class schedule,gate-city|wise|education|GED|appalachian|lee|scott|reentry,GED preparation|Adult education|English language instruction|Workforce referrals|Regional testing coordination,Scott,Lee|Scott|Wise|Norton,multi,accepts_criminal_record
239,Mount Rogers Regional Adult Education Program,education,Abingdon / Southwest Virginia,"Mount Rogers Regional Adult Education Program provides free GED preparation, Pearson VUE testing, integrated education and training, and ServSafe certification for adults in Bristol, Galax, and the counties of Bland, Carroll, Grayson, Smyth, Washington, and Wythe including justice-involved participants rebuilding education credentials after release. Testing sites include Abingdon, Bristol, and Galax. Direct instructional services—not a statewide referral portal.","Mount Rogers Regional Adult Education Program ofrece preparación GED gratuita, exámenes Pearson VUE, educación integrada y certificación ServSafe para adultos en Bristol, Galax y los condados Bland, Carroll, Grayson, Smyth, Washington y Wythe, incluidos participantes con antecedentes penales. Sitios de examen en Abingdon, Bristol y Galax.",1 Partnership Circle,Abingdon,276-619-4396,,https://mountrogersregionaladulteducat.godaddysites.com,Adults age 16+ in Mount Rogers service area; open to returning citizens per local enrollment policy.,Adultos de 16 años o más en el área de servicio Mount Rogers; abierto a ciudadanos que regresan según política local.,Toll-free 800-322-7748; call 276-619-4396 for nearest class site; all classes and tests free.,Línea gratuita 800-322-7748; llame al 276-619-4396 para el sitio de clases más cercano; clases y exámenes gratuitos.,Contact for class and testing schedule,abingdon|bristol|education|GED|mount-rogers|carroll|reentry,GED preparation|Pearson VUE testing|Integrated education and training|ServSafe certification|Workplace literacy,Washington,Bristol|Galax|Bland|Carroll|Grayson|Smyth|Washington|Wythe,multi,accepts_criminal_record
240,Region 5 Adult Education — Roanoke Higher Education Center,education,Roanoke / Roanoke City,"Region 5 Adult Education at the Roanoke Higher Education Center provides free GED preparation, English language acquisition, and National External Diploma Program pathways for adults in Roanoke City, Roanoke County, Salem, and surrounding localities including justice-involved job seekers earning credentials for Virginia Career Works and Goodwill GoodStart employment programs. The center is the region's GED testing hub—not emergency financial assistance.","Region 5 Adult Education en el Roanoke Higher Education Center ofrece preparación GED gratuita, adquisición del idioma inglés y vías del Programa Nacional de Diploma Externo para adultos en Roanoke City, el condado Roanoke, Salem y localidades circundantes, incluidos buscadores de empleo con antecedentes penales. El centro es el eje regional de exámenes GED.",108 North Jefferson Street,Roanoke,540-767-6215,,https://www.regionfiveadulted.com,"Adults age 16+ in Region 5 service area including Alleghany, Botetourt, Craig, Covington, and Roanoke localities.","Adultos de 16 años o más en el área de servicio de la Región 5 incluyendo localidades Alleghany, Botetourt, Craig, Covington y Roanoke.",Toll-free 888-622-7256; apply online at regionfiveadulted.com; GED testing at Roanoke Higher Education Center.,Línea gratuita 888-622-7256; solicite en línea en regionfiveadulted.com; exámenes GED en Roanoke Higher Education Center.,Monday–Friday 9:00 a.m.–5:00 p.m.,roanoke|salem|education|GED|roanoke-city|reentry,GED preparation|English language classes|NEDP diploma pathway|GED testing|Workforce referrals,Roanoke City,Roanoke City|Roanoke|Salem|Botetourt|Craig|Covington,multi,accepts_criminal_record
241,New River Community College — Adult Learning Center,education,Dublin / Pulaski County,"New River Community College Adult Learning Center provides free GED preparation, digital literacy, and employability skills for justice-involved adults in Floyd, Giles, Montgomery, Pulaski counties and Radford including online and in-person classes and Pearson Vue testing at Dublin and Christiansburg sites. Graduates connect to NRCC certificate programs and Virginia Career Works New River employment partners. Direct adult education—not clinical treatment.","El Centro de Aprendizaje para Adultos de New River Community College ofrece preparación GED gratuita, alfabetización digital y habilidades de empleabilidad para adultos con antecedentes penales en Floyd, Giles, Montgomery, Pulaski y Radford, incluyendo clases en línea y presenciales. Los graduados conectan con programas de certificado de NRCC y Virginia Career Works New River.",5251 College Drive,Dublin,540-674-3682,,https://www.nr.edu/adultlearning/,Adults age 16+ in New River Valley seeking GED or basic skills; justice-involved adults welcome.,Adultos de 16 años o más en el Valle New River que buscan GED o habilidades básicas; adultos con antecedentes penales bienvenidos.,Email GED@nr.edu; certified Pearson Vue testing site; distance education options available.,Correo GED@nr.edu; sitio certificado Pearson Vue; opciones de educación a distancia disponibles.,Contact for class schedule,dublin|pulaski|education|GED|new-river-valley|radford|reentry,GED preparation|Digital literacy|Employability skills|Pearson Vue testing|NRCC pathway referrals,Pulaski,Floyd|Giles|Montgomery|Pulaski|Radford,multi,accepts_criminal_record
242,Patrick & Henry Community College — Middle College GED,education,Martinsville / Henry County,Patrick and Henry Community College partners with West Piedmont Regional Adult and Career Education and Henry County Public Schools to offer Middle College free daytime GED classes on the Martinsville campus for adults including returning citizens seeking high school equivalency before workforce certificate enrollment. Open-entry programming connects graduates to P&HCC career programs and Martinsville-area employers. Campus-based adult education—not a four-year degree track.,Patrick and Henry Community College se asocia con West Piedmont Regional Adult and Career Education para ofrecer clases diurnas gratuitas de Middle College GED en el campus de Martinsville para adultos incluidos ciudadanos que regresan que buscan equivalencia de secundaria antes de inscripción en certificados laborales. Programación de entrada abierta conecta graduados con programas de carrera de P&HCC.,645 Patriot Avenue,Martinsville,276-656-0311,,https://www.patrickhenry.edu/middle-college-returns-to-phcc/,Adults scoring at 9th grade or above on TABE in Henry County and Martinsville service area.,Adultos con puntaje de grado 9 o superior en TABE en el área de servicio del condado Henry y Martinsville.,Classes Mon–Thu 9:00 a.m.–12:00 p.m.; contact lisa.aquilo@henry.k12.va.us for enrollment and TABE testing.,Clases lun–jue 9:00 a.m.–12:00 p.m.; contacte lisa.aquilo@henry.k12.va.us para inscripción y examen TABE.,Monday–Thursday 9:00 a.m.–12:00 p.m.,martinsville|henry|education|GED|community-college|reentry,Campus GED classes|TABE assessment|Workforce certificate pathways|Open-entry enrollment|Employer connections,Martinsville,Martinsville|Henry|Patrick,multi,accepts_criminal_record
243,Virginia Department of Education — Adult Education Regional Programs,education,Statewide,"The Virginia Department of Education coordinates 22 regional adult education programs offering free GED and high school equivalency preparation, English literacy, and workforce transition classes in every region of Virginia, helping justice-involved adults locate local providers after release. VDOE publishes regional program contacts by county and city but does not operate classrooms at the Richmond headquarters. Statewide navigation resource—not walk-in GED testing at the state office.","El Departamento de Educación de Virginia coordina 22 programas regionales de educación para adultos que ofrecen preparación GED gratuita, alfabetización en inglés y clases de transición laboral en cada región, ayudando a adultos con antecedentes penales a localizar proveedores locales después de la liberación. Recurso estatal de navegación, no exámenes GED en la oficina estatal.",101 North 14th Street,Richmond,804-786-7644,,https://www.doe.virginia.gov/teaching-learning-assessment/specialized-instruction/adult-education/adult-education-regional-programs,Virginia adults age 16+ not enrolled in high school; criminal record not a barrier at regional sites.,Adultos de Virginia de 16 años o más no inscritos en secundaria; los antecedentes penales no son barrera en sitios regionales.,Find your regional provider at doe.virginia.gov adult education page; transcripts via DiplomaSender 855-313-5799.,Encuentre su proveedor regional en la página de educación para adultos de doe.virginia.gov; transcripciones vía DiplomaSender 855-313-5799.,Regional sites vary; state office Monday–Friday business hours,statewide|education|GED|adult-education|regional|reentry,Regional program locator|GED preparation referrals|English literacy navigation|Workforce transition information,Richmond City,,statewide,accepts_criminal_record
244,Eastern Shore Community College — Adult Education,education,Melfa / Accomack County,Eastern Shore Community College Adult Education provides GED preparation and adult literacy for low-income adults in Accomack and Northampton counties on Virginia's rural Eastern Shore including returning citizens from regional jails seeking credentials for coastal employment. Free instruction at the Melfa campus connects graduates to ESCC workforce programs and Virginia Career Works Eastern Shore partners. Direct adult education—not a statewide hotline.,"Eastern Shore Community College Educación para Adultos ofrece preparación GED y alfabetización para adultos de bajos ingresos en los condados Accomack y Northampton en la costa rural de Virginia, incluidos ciudadanos que regresan de cárceles regionales. Instrucción gratuita en el campus de Melfa conecta graduados con programas laborales de ESCC.",29300 Lankford Highway,Melfa,757-789-1794,,https://www.es.vccs.edu,Adults age 16+ on the Eastern Shore seeking GED; justice-involved adults accepted.,Adultos de 16 años o más en la Eastern Shore que buscan GED; adultos con antecedentes penales aceptados.,Call 757-789-1794 for enrollment; serves both Accomack and Northampton counties.,Llame al 757-789-1794 para inscripción; sirve los condados Accomack y Northampton.,Contact for class schedule,melfa|accomack|education|GED|eastern-shore|rural|reentry,GED preparation|Adult literacy|ESCC workforce pathways|Regional employment referrals,Accomack,Accomack|Northampton,multi,
245,Danville Community College — Workforce Services & Training,education,Danville / Pittsylvania County,"Danville Community College Workforce Services and Training connects justice-involved adults who earn GED credentials through Danville ACEC to certificate programs, FastForward workforce credentials, and employer partnerships in advanced manufacturing and healthcare across Southside Virginia. Career navigators help returning citizens enroll in short-term training aligned with Virginia Career Works and regional fair-chance employers. College workforce division—not emergency cash or legal aid.","Danville Community College Workforce Services and Training conecta a adultos con antecedentes penales que obtienen credenciales GED a través de Danville ACEC con programas de certificado, credenciales FastForward y alianzas con empleadores en manufactura avanzada y salud en el Southside de Virginia. Navegadores de carrera ayudan a quienes regresan a inscribirse en capacitación de corto plazo.",1008 South Main Street,Danville,434-797-2222,,https://danville.edu,Southside Virginia adults including GED completers and justice-involved trainees meeting program requirements.,Adultos del Southside de Virginia incluidos quienes completan GED y participantes con antecedentes penales que cumplan requisitos del programa.,Pairs with Danville ACEC and VLAS; FastForward workforce credentials listed at danville.edu/WFSFinAid; workforce director 434-797-8573.,Se vincula con Danville ACEC y VLAS; credenciales FastForward en danville.edu/WFSFinAid; director de fuerza laboral 434-797-8573.,Monday–Friday business hours,danville|pittsylvania|education|workforce|community-college|reentry,Workforce certificate programs|FastForward credentials|Career navigation|Employer partnerships|GED-to-career pathways,Danville,Danville|Pittsylvania|Henry|Martinsville,multi,accepts_criminal_record
246,Southwest Virginia Community College — Adult Education Pathways,education,Richlands / Tazewell County,"Southwest Virginia Community College connects adults in Buchanan, Dickenson, Russell, and Tazewell counties to GED preparation through its Southwest Regional Adult Education partner and to FastForward workforce certificate programs on campus in Richlands. College admissions and workforce staff help credential earners move from adult education into certificate programs and local employment through partnerships with the Southwest Virginia Workforce Development Board. College pathway services—not a probation office.","Southwest Virginia Community College conecta a adultos en los condados Buchanan, Dickenson, Russell y Tazewell con preparación GED a través de su socio Southwest Regional Adult Education y con programas de certificados FastForward en el campus de Richlands. El personal de admisiones y fuerza laboral ayuda a quienes obtienen credenciales a pasar de educación para adultos a programas de certificado y empleo local.",635 Community College Road,Richlands,276-964-2555,,https://sw.edu,"Adults age 18+ in Buchanan, Dickenson, Russell, and Tazewell seeking GED pathways or SWCC workforce certificates.","Adultos de 18 años o más en Buchanan, Dickenson, Russell y Tazewell que buscan vías GED o certificados laborales de SWCC.",GED prep through Southwest Regional Adult Education at 276-889-5424 (adulted.russell.k12.va.us); SWCC workforce partners at sw.edu/workforce/partners.html.,Preparación GED con Southwest Regional Adult Education al 276-889-5424 (adulted.russell.k12.va.us); socios laborales en sw.edu/workforce/partners.html.,Monday–Friday business hours,richlands|tazewell|education|GED|coalfield|buchanan|reentry,GED pathway referrals|Workforce certificate programs|College admissions support|FastForward credentials|Regional workforce board partnerships,Tazewell,Buchanan|Dickenson|Russell|Tazewell,multi,accepts_criminal_record
247,Salem VA Medical Center — Veterans Justice Outreach,veterans,Salem / Roanoke Valley,"Salem VA Medical Center Veterans Justice Outreach specialists connect justice-involved veterans in the Roanoke Valley, New River Valley, and southwest Virginia to VA mental health, substance use treatment, and housing services after contact with local courts and jails. VJO staff provide direct outreach, assessment, and case management—not legal representation. VA enrollment and eligibility determination required for medical services.","Los especialistas de Veterans Justice Outreach del Salem VA Medical Center conectan a veteranos con antecedentes penales en el valle de Roanoke, el valle New River y el suroeste de Virginia con salud mental del VA, tratamiento de uso de sustancias y vivienda después del contacto con tribunales y cárceles locales. El personal VJO ofrece alcance directo y manejo de casos, no representación legal.",1970 Roanoke Boulevard,Salem,540-982-2463,,https://www.va.gov/salem-health-care/,Justice-involved veterans with qualifying military service in western Virginia; VA eligibility required.,Veteranos con antecedentes penales con servicio militar calificado en el oeste de Virginia; se requiere elegibilidad del VA.,VJO contact Machele Huff ext. 2499; main line 540-982-2463; coordinates with DVS Salem office.,Contacto VJO Machele Huff ext. 2499; línea principal 540-982-2463; coordina con oficina DVS de Salem.,VA business hours; call for VJO appointment,salem|roanoke|veterans|VJO|justice-involved|reentry,Veterans Justice Outreach|VA mental health referrals|Substance use treatment|Housing navigation|Court and jail liaison,Salem,Roanoke City|Roanoke|Salem|Radford|Pulaski|Montgomery|Wythe|Bristol,multi,accepts_criminal_record
248,Hunter Holmes McGuire VA — Veterans Justice Outreach,veterans,Richmond / Central Virginia,"Hunter Holmes McGuire VA Medical Center Veterans Justice Outreach serves justice-involved veterans in Richmond and central Virginia jails and courts, linking eligible veterans to VA behavioral health, substance use disorder treatment, and homeless prevention services to reduce unnecessary incarceration. VJO specialists collaborate with local justice partners and veteran treatment courts—not a crisis hotline. VA eligibility required for clinical care.","Veterans Justice Outreach del Hunter Holmes McGuire VA Medical Center sirve a veteranos con antecedentes penales en cárceles y tribunales de Richmond y el centro de Virginia, vinculándolos con salud conductual del VA, tratamiento de trastornos por uso de sustancias y prevención de falta de vivienda. Los especialistas VJO colaboran con tribunales de tratamiento para veteranos, no es línea de crisis.",1201 Broad Rock Boulevard,Richmond,804-675-5000,,https://www.va.gov/richmond-health-care/,Justice-involved veterans in central Virginia with qualifying military service; VA enrollment required.,Veteranos con antecedentes penales en el centro de Virginia con servicio militar calificado; se requiere inscripción en el VA.,VJO Chris Woods ext. 2116; HCRV Jim Temple ext. 4191 for state prison releases.,VJO Chris Woods ext. 2116; HCRV Jim Temple ext. 4191 para liberaciones de prisión estatal.,VA business hours,richmond|veterans|VJO|justice-involved|central-virginia|reentry,Veterans Justice Outreach|VA behavioral health|Substance use treatment|Treatment court coordination|Homeless prevention,Richmond City,Richmond City|Henrico|Chesterfield|Hanover|Petersburg,multi,
249,Hampton VA Medical Center — Veterans Justice Outreach,veterans,Hampton / Hampton Roads,"Hampton VA Medical Center Veterans Justice Outreach connects justice-involved veterans in Hampton Roads jails and courts to VA mental health, substance use treatment, and community supports, working to avoid unnecessary criminalization of veterans in crisis. VJO specialist Tamesha Ellis coordinates with local law enforcement and Norfolk-area veteran treatment resources. VA medical enrollment required—not emergency legal aid.","Veterans Justice Outreach del Hampton VA Medical Center conecta a veteranos con antecedentes penales en cárceles y tribunales de Hampton Roads con salud mental del VA, tratamiento de uso de sustancias y apoyos comunitarios. La especialista VJO Tamesha Ellis coordina con fuerzas del orden locales y recursos de tratamiento para veteranos del área de Norfolk.",100 Emancipation Drive,Hampton,757-722-9961,,https://www.va.gov/hampton-health-care/,Justice-involved veterans in Hampton Roads with qualifying military service; VA eligibility determination required.,Veteranos con antecedentes penales en Hampton Roads con servicio militar calificado; se requiere determinación de elegibilidad del VA.,VJO ext. 7741; pairs with VVFS Justice Involved Services and Norfolk P&P District 2 reentry council.,VJO ext. 7741; se vincula con VVFS Justice Involved Services y consejo de reinserción del Distrito 2 de Norfolk.,VA business hours,hampton|norfolk|veterans|VJO|hampton-roads|reentry,Veterans Justice Outreach|VA mental health|Substance use referrals|Jail and court outreach|Treatment coordination,Hampton,Hampton|Norfolk|Newport News|Virginia Beach|Portsmouth,multi,accepts_criminal_record
250,McGuire VA — Health Care for Reentry Veterans (HCRV),veterans,Richmond / Statewide Prisons,"The Health Care for Reentry Veterans program at Hunter Holmes McGuire VA Medical Center provides pre-release outreach and post-release case management for veterans in Virginia state prisons within six months of release, connecting them to VA health care, benefits, and housing resources. HCRV specialist Jim Temple coordinates prison visits and community linkages—not criminal defense or emergency cash. For local jail veterans, contact VJO instead.","El programa Health Care for Reentry Veterans en Hunter Holmes McGuire VA Medical Center ofrece alcance previo a la liberación y manejo de casos posterior para veteranos en prisiones estatales de Virginia dentro de los seis meses previos a la liberación. El especialista HCRV Jim Temple coordina visitas a prisiones y vínculos comunitarios, no defensa penal ni efectivo de emergencia.",1201 Broad Rock Boulevard,Richmond,804-675-5000,,https://department.va.gov/homeless/veterans-justice-programs/hcrv/,Veterans in Virginia state custody within six months of release with qualifying military service.,Veteranos en custodia estatal de Virginia dentro de los seis meses previos a la liberación con servicio militar calificado.,HCRV Jim Temple ext. 4191; ask facility counselor to schedule HCRV visit before release.,HCRV Jim Temple ext. 4191; pida al consejero de la instalación programar visita HCRV antes de la liberación.,VA business hours; prison visits by appointment,richmond|statewide|veterans|HCRV|prison-reentry|reentry,Pre-release VA outreach|Post-release case management|VA benefits enrollment|Housing referrals|Health care linkage,Richmond City,,statewide,accepts_criminal_record
251,Salem VA — Health Care for Reentry Veterans (HCRV),veterans,Salem / Western Virginia Prisons,"Salem VA Medical Center Health Care for Reentry Veterans specialists visit Virginia DOC facilities in western Virginia to meet veterans before release and coordinate VA health care, mental health, substance use treatment, and housing supports in coalfield and southwest Virginia communities. HCRV prevents homelessness and supports veteran reintegration—not a veterans crisis line. Local jail veterans should contact VJO.","Los especialistas Health Care for Reentry Veterans del Salem VA Medical Center visitan instalaciones del DOC de Virginia en el oeste para reunirse con veteranos antes de la liberación y coordinar atención médica del VA, salud mental, tratamiento de uso de sustancias y vivienda en comunidades del suroeste. HCRV previene la falta de vivienda; veteranos en cárceles locales deben contactar VJO.",1970 Roanoke Boulevard,Salem,540-982-2463,,https://department.va.gov/homeless/veterans-justice-programs/hcrv/,Veterans in Virginia state prisons in western Virginia within six months of release.,Veteranos en prisiones estatales de Virginia en el oeste dentro de los seis meses previos a la liberación.,HCRV Leslie Hindle; coordinate through facility reentry staff or VADOC veterans roadmap.,HCRV Leslie Hindle; coordine a través del personal de reinserción de la instalación o la guía de veteranos de VADOC.,VA business hours,salem|wise|veterans|HCRV|western-virginia|reentry,Prison pre-release outreach|VA enrollment assistance|Substance use treatment referrals|Housing navigation|Post-release case management,Salem,Wise|Lee|Scott|Dickenson|Tazewell|Buchanan|Pulaski,multi,accepts_criminal_record
252,Virginia DVS — Abingdon Veterans Services Office,veterans,Abingdon / Washington County,"The Virginia Department of Veterans Services Abingdon office helps veterans and families obtain federal and state benefits including disability compensation, health care enrollment, and discharge upgrades, serving justice-involved veterans in Bristol, Russell, Smyth, and Washington counties. Veterans Service Representatives also coordinate with VVFS Justice Involved Services co-located at this site. Benefits advocacy—not emergency mental health crisis response.","La oficina de Abingdon del Departamento de Servicios para Veteranos de Virginia ayuda a veteranos y familias a obtener beneficios federales y estatales incluyendo compensación por discapacidad e inscripción en atención médica, sirviendo a veteranos con antecedentes penales en Bristol, Russell, Smyth y Washington. Los representantes también coordinan con VVFS Justice Involved Services en este sitio.",202 Abingdon Place,Abingdon,276-525-6559,,https://www.dvs.virginia.gov/benefits-services/find-a-dvs-office-near-you,Veterans and eligible family members; justice-involved veterans welcome for benefits navigation.,Veteranos y familiares elegibles; veteranos con antecedentes penales bienvenidos para navegación de beneficios.,Appointments recommended Mon–Fri 9:00 a.m.–3:30 p.m.; monthly outreach in Marion; closed last business day of month.,Citas recomendadas lun–vie 9:00 a.m.–3:30 p.m.; alcance mensual en Marion; cerrado el último día hábil del mes.,Monday–Friday 8:00 a.m.–4:30 p.m.,abingdon|bristol|veterans|VSO|washington|russell|reentry,VA benefits claims assistance|Disability compensation|Health care enrollment|Discharge upgrade help|VVFS JIS coordination,Washington,Bristol|Russell|Smyth|Washington,multi,accepts_criminal_record
253,Virginia DVS — Big Stone Gap Veterans Services Office,veterans,Big Stone Gap / Wise County,"The Virginia Department of Veterans Services Big Stone Gap office assists veterans in Dickenson, Lee, Scott, and Wise counties and Norton with federal VA benefits, state veterans benefits, and referrals to VVFS behavioral health supports for justice-involved veterans returning to coalfield communities. Mobile outreach visits Clintwood, Grundy, and Haysi monthly. Veterans benefits office—not a probation reporting site.","La oficina de Big Stone Gap del Departamento de Servicios para Veteranos de Virginia asiste a veteranos en Dickenson, Lee, Scott y Wise y Norton con beneficios federales del VA, beneficios estatales y referencias a apoyos conductuales de VVFS para veteranos con antecedentes penales que regresan a comunidades carboníferas. Visitas móviles mensuales a Clintwood, Grundy y Haysi.","322 Cloverleaf Square, Suite E-1",Big Stone Gap,276-523-1411,,https://www.dvs.virginia.gov/benefits-services/find-a-dvs-office-near-you,"Veterans in Dickenson, Lee, Scott, Wise counties and Norton; appointments recommended.","Veteranos en los condados Dickenson, Lee, Scott, Wise y Norton; citas recomendadas.","Mobile outreach in Clintwood, Grundy, Haysi; request appointment online at dvs.virginia.gov.","Alcance móvil en Clintwood, Grundy, Haysi; solicite cita en línea en dvs.virginia.gov.",Monday–Friday 8:30 a.m.–4:30 p.m.,big-stone-gap|wise|veterans|VSO|norton|lee|reentry,VA benefits assistance|State veterans benefits|Mobile county outreach|VVFS referrals|Justice-involved veteran support,Wise,Dickenson|Lee|Scott|Wise|Norton,multi,accepts_criminal_record
254,Virginia DVS — Tazewell Veterans Services Office,veterans,Tazewell / Buchanan County,"The Virginia Department of Veterans Services Tazewell office serves veterans in Buchanan and Tazewell counties with benefits claims assistance, health care enrollment navigation, and connections to VVFS Justice Involved Services for veterans on supervision or recently released from regional jails and state prisons in southwest Virginia. Veterans Service Representatives by appointment— not emergency shelter intake.","La oficina de Tazewell del Departamento de Servicios para Veteranos de Virginia sirve a veteranos en los condados Buchanan y Tazewell con asistencia de reclamos de beneficios, navegación de inscripción en atención médica y conexiones con VVFS Justice Involved Services para veteranos bajo supervisión o recién liberados.",657 Main Street,Tazewell,276-988-3761,,https://www.dvs.virginia.gov/benefits-services/find-a-dvs-office-near-you,Veterans in Buchanan and Tazewell counties; justice-involved veterans welcome.,Veteranos en los condados Buchanan y Tazewell; veteranos con antecedentes penales bienvenidos.,Appointments recommended; closed last business day of month; pairs with VADOC District 43.,Citas recomendadas; cerrado el último día hábil del mes; se vincula con el Distrito 43 de VADOC.,Monday–Friday 8:30 a.m.–4:30 p.m.,tazewell|buchanan|veterans|VSO|rural|reentry,VA disability claims|Health care enrollment|Benefits counseling|VVFS JIS referrals|Rural veterans outreach,Tazewell,Buchanan|Tazewell,multi,accepts_criminal_record
255,Virginia DVS — Salem/Roanoke Veterans Services Office,veterans,Salem / Roanoke Valley,"The Virginia Department of Veterans Services office at Salem VA Medical Center helps veterans in Roanoke, Salem, Radford, Pulaski, Henry, Patrick, and surrounding localities file VA disability claims, access health care, and connect to VVFS supports for justice-involved veterans rebuilding stability after jail or prison. Co-located with VA campus services—not a DMV or legal aid office. Appointments strongly recommended.","La oficina del Departamento de Servicios para Veteranos en el Salem VA Medical Center ayuda a veteranos en Roanoke, Salem, Radford, Pulaski, Henry, Patrick y localidades circundantes a presentar reclamos de discapacidad del VA, acceder a atención médica y conectarse con apoyos de VVFS para veteranos con antecedentes penales. Citas muy recomendadas.","1970 Roanoke Boulevard, Building 8, Room 113",Salem,540-982-2463,,https://www.dvs.virginia.gov/Home/Components/FacilityDirectory/FacilityDirectory/63/,Veterans in Roanoke Valley and southwest Piedmont service area; walk-ins time permitting.,Veteranos en el área de servicio del valle de Roanoke y suroeste del Piedmont; sin cita según disponibilidad.,Call ext. 6547 for appointment; outreach in Rocky Mount and Clifton Forge; VJO co-located at Salem VA.,Llame ext. 6547 para cita; alcance en Rocky Mount y Clifton Forge; VJO en el mismo campus del Salem VA.,Monday–Friday 8:30 a.m.–4:30 p.m.,salem|roanoke|veterans|VSO|radford|pulaski|reentry,VA claims assistance|Health care enrollment|State veterans benefits|VVFS coordination|Rural outreach scheduling,Salem,Roanoke City|Roanoke|Salem|Radford|Pulaski|Henry|Patrick,multi,accepts_criminal_record
256,VDH Division of Vital Records,id-documentation,Statewide,"The Virginia Department of Health Division of Vital Records issues certified Virginia birth, death, marriage, and divorce certificates needed for DMV IDs, SNAP, Medicaid, and employment after release. Returning citizens born in Virginia may apply by mail to the Richmond office or in person at any DMV customer service center using forms DL-81 or DL-82. Vital records office—not a probation reporting location.","La División de Registros Vitales del Departamento de Salud de Virginia emite certificados oficiales de nacimiento, defunción, matrimonio y divorcio necesarios para identificaciones del DMV, SNAP, Medicaid y empleo después de la liberación. Los ciudadanos que regresan nacidos en Virginia pueden solicitar por correo a la oficina de Richmond o en persona en cualquier centro del DMV.","2001 Maywill Street, Suite 101",Richmond,804-662-6200,,https://www.vdh.virginia.gov/vital-records/,Virginia-born individuals and eligible immediate family requesting certified vital records with acceptable ID.,Personas nacidas en Virginia y familiares inmediatos elegibles que soliciten registros vitales certificados con identificación aceptable.,"Mail applications to P.O. Box 1000, Richmond, VA 23218; $12 mail fee; DMV in-person option prints many records immediately.","Envíe solicitudes a Apartado 1000, Richmond, VA 23218; tarifa por correo $12; opción en persona en DMV imprime muchos registros de inmediato.",Monday–Friday business hours,statewide|id-documentation|birth-certificate|vital-records|reentry,Birth certificate issuance|Marriage and divorce records|Death certificate copies|Mail-in applications|DMV partnership referrals,Richmond City,,statewide,accepts_criminal_record
257,Virginia DMV Connect — Community Mobile Offices,id-documentation,Statewide,"Virginia DMV Connect mobile teams bring driver's licenses, state ID cards, vital records ordering, and knowledge testing to libraries, colleges, employers, and community sites across Virginia when returning citizens cannot reach a fixed DMV office. Fourteen regional mobile units serve rural and justice-involved communities after release, with certificates mailed for vital records transactions. Mobile DMV—not emergency cash assistance.","Los equipos móviles Virginia DMV Connect llevan licencias de conducir, tarjetas de identificación estatal, pedidos de registros vitales y exámenes de conocimientos a bibliotecas, colegios y sitios comunitarios en toda Virginia cuando quienes regresan no pueden llegar a una oficina fija del DMV. Catorce unidades móviles regionales sirven comunidades rurales después de la liberación.",,Richmond,804-497-7100,,https://www.dmv.virginia.gov/locations/mobile-offices,Virginia residents needing DMV services at scheduled community visits; walk-ins at some locations per calendar.,Residentes de Virginia que necesitan servicios del DMV en visitas comunitarias programadas; sin cita en algunos sitios según calendario.,View full calendar at dmv.virginia.gov mobile offices; book appointment when required; vital records mailed from VDH.,Vea el calendario completo en oficinas móviles de dmv.virginia.gov; reserve cita cuando se requiera; registros vitales enviados por VDH.,Visit schedules vary by location; check online calendar,statewide|id-documentation|DMV-connect|mobile|reentry,State ID cards|Driver's licenses|Vital records ordering|Knowledge testing|Address changes,Richmond City,,statewide,accepts_criminal_record
258,Project ID — Virginia ID Assistance,id-documentation,Statewide,"Project ID Action Fund supports Virginia chapters that help justice-involved and low-income residents obtain birth certificates, state IDs, and voting documents by covering fees and navigating multi-step vital records processes. Chapters operate in Richmond, New River Valley, Hampton Roads, and other regions—volunteer-led ID navigation, not clinical treatment or legal representation. Request help through the statewide online form.","Project ID Action Fund apoya capítulos de Virginia que ayudan a residentes con antecedentes penales y de bajos ingresos a obtener certificados de nacimiento, identificaciones estatales y documentos de votación cubriendo tarifas y navegando procesos de registros vitales. Capítulos en Richmond, el valle New River y Hampton Roads; navegación de identificación liderada por voluntarios.",,Richmond,,,https://www.projectidaf.org/virginia,Virginia residents needing help obtaining government ID who cannot afford fees or navigate records processes alone.,Residentes de Virginia que necesitan ayuda para obtener identificación gubernamental y no pueden pagar tarifas o navegar procesos solos.,Apply at projectidaf.org/virginia; volunteer email idsforlife@projectid.org; chapters include New River Valley and Hampton Roads.,Solicite en projectidaf.org/virginia; correo de voluntarios idsforlife@projectid.org; capítulos incluyen New River Valley y Hampton Roads.,Contact chapter for availability,statewide|id-documentation|project-id|birth-certificate|reentry,ID fee assistance|Birth certificate navigation|DMV appointment help|Volunteer document coaching|Regional chapter referrals,Richmond City,,statewide,accepts_criminal_record
259,CommonHelp Virginia — Benefits Portal,state-agency,Statewide,"CommonHelp is the Virginia Department of Social Services secure online portal where returning citizens and families check eligibility and apply for SNAP, Medicaid, TANF, energy assistance, and child care help after release. Users create an account to submit applications, upload documents, report household changes, and track case status in English and Spanish. Online benefits portal—not a walk-in crisis shelter or legal aid office.","CommonHelp es el portal en línea seguro del Departamento de Servicios Sociales de Virginia donde quienes regresan y las familias verifican elegibilidad y solicitan SNAP, Medicaid, TANF, asistencia energética y ayuda de cuidado infantil después de la liberación. Los usuarios crean una cuenta para enviar solicitudes y rastrear el estado del caso en inglés y español.",,Richmond,833-522-5582,,https://www.commonhelp.virginia.gov,Virginia residents seeking public benefits; separate Medicaid line 855-242-8282 for health coverage only.,Residentes de Virginia que buscan beneficios públicos; línea separada de Medicaid 855-242-8282 solo para cobertura de salud.,Enterprise Call Center 833-5CALLVA; CoverVA 855-242-8282; pair with local VDSS office for document help.,Centro de llamadas 833-5CALLVA; CoverVA 855-242-8282; combínelo con la oficina local de VDSS para ayuda con documentos.,Online 24/7; phone support Monday–Friday business hours,statewide|state-agency|SNAP|Medicaid|benefits|reentry,SNAP applications|Medicaid enrollment|TANF screening|Energy assistance|Child care assistance,Richmond City,,statewide,accepts_criminal_record
260,Virginia DBHDS — Community Services Board Directory,state-agency,Statewide,"The Virginia Department of Behavioral Health and Developmental Services maintains the statewide Community Services Board and Behavioral Health Authority directory connecting justice-involved Virginians to local mental health, substance use, and crisis services including 988 and CSB emergency teams in every locality. Returning citizens use the directory to find their county CSB for Medicaid behavioral health intake—not a housing or employment office. Navigation resource with local direct services through CSBs.","El Departamento de Salud Conductual y de Servicios de Desarrollo de Virginia mantiene el directorio estatal de Juntas de Servicios Comunitarios que conecta a virginianos con antecedentes penales con servicios locales de salud mental, uso de sustancias y crisis incluyendo 988 en cada localidad. Recurso de navegación con servicios directos locales a través de CSB.",1220 Bank Street,Richmond,804-786-3921,,https://dbhds.virginia.gov/find-help,Virginia residents seeking public behavioral health or developmental services through their local CSB.,Residentes de Virginia que buscan servicios públicos de salud conductual o del desarrollo a través de su CSB local.,Call 988 for crisis; find local CSB at dbhds.virginia.gov/find-help or vacsb.org directory.,Llame al 988 para crisis; encuentre su CSB en dbhds.virginia.gov/find-help o el directorio vacsb.org.,988 available 24/7; CSB hours vary by locality,statewide|state-agency|behavioral-health|988|CSB|reentry,CSB locator|Crisis services navigation|Substance use treatment referrals|Mental health intake|988 crisis routing,Richmond City,,statewide,
261,Goodwill Industries of the Valleys — GoodStart Reentry Program,employment,Roanoke / Southwest Virginia,"Goodwill Industries of the Valleys GoodStart Reentry Program provides case management, soft-skills training, occupational skills pathways including welding and CDL preparation, and job placement for justice-involved adults ages 18 and older convicted in Virginia across 35 counties and 14 cities in central and southwest Virginia. The three-phase program reports low recidivism and connects participants to fair-chance employers—not emergency housing.","El programa GoodStart Reentry de Goodwill Industries of the Valleys ofrece manejo de casos, capacitación en habilidades blandas, vías de habilidades ocupacionales incluyendo soldadura y preparación CDL, y colocación laboral para adultos con antecedentes penales de 18 años o más en 35 condados y 14 ciudades del centro y suroeste de Virginia.",PO Box 2420,Roanoke,540-581-0620,,https://www.goodwillvalleys.com,Virginia adults age 18+ with adult convictions seeking reentry employment services in Goodwill Valleys territory.,Adultos de Virginia de 18 años o más con condenas como adultos que buscan servicios de empleo de reinserción en el territorio de Goodwill Valleys.,Contact Mission Services via goodwillvalleys.com; pairs with VADOC District 15 and Region 5 adult education.,Contacte Mission Services vía goodwillvalleys.com; se vincula con el Distrito 15 de VADOC y educación para adultos Región 5.,Contact for program intake hours,roanoke|salem|employment|goodwill|goodstart|fair-chance|reentry,GoodStart case management|Occupational skills training|Job placement|Resume and interview prep|Fair-chance employer connections,Roanoke City,Roanoke City|Roanoke|Salem|Radford|Pulaski|Henry|Martinsville|Danville,multi,accepts_criminal_record
262,Virginia Has Jobs — Fair Chance Careers,employment,Statewide,"Virginia Has Jobs Fair Chance is a VADOC and Virginia Works partnership portal helping justice-impacted Virginians explore career pathways, connect with fair-chance employers, and access training and registered apprenticeships after release from state custody or local jail. The site maps high-demand industries and skills needed for long-term career growth—not a probation office or emergency cash program. Online career navigation with statewide employer network.","Virginia Has Jobs Fair Chance es un portal de asociación entre VADOC y Virginia Works que ayuda a virginianos con antecedentes penales a explorar vías de carrera, conectarse con empleadores de segunda oportunidad y acceder a capacitación y aprendizajes registrados después de la liberación. El sitio mapea industrias de alta demanda; navegación de carrera en línea con red estatal de empleadores.",,Richmond,,,https://virginiahasjobs.com/fairchance,Justice-impacted Virginia residents seeking employment and training connections; open to those on supervision.,Residentes de Virginia con antecedentes penales que buscan conexiones de empleo y capacitación; abierto a quienes están bajo supervisión.,Launched with VADOC and VCHEP; complements Virginia Career Works center visits; not a job placement guarantee.,Lanzado con VADOC y VCHEP; complementa visitas a centros Virginia Career Works; no garantiza colocación laboral.,Available online 24/7,statewide|employment|fair-chance|VADOC|virginia-works|reentry,Fair-chance employer matching|Career mapping tool|Apprenticeship connections|Training pathway navigation|Industry exploration,Richmond City,,statewide,accepts_criminal_record
263,Appalachian Re-Entry Council,reentry-organizations,Norton / Southwest Virginia,"The Appalachian Re-Entry Council is a VADOC-facilitated quarterly network in District 18 connecting state agencies, employers, treatment providers, and community organizations serving returning citizens in Dickenson, Lee, Scott, Wise counties and Norton. The council strengthens collaboration and referral pathways for coalfield reentry but does not provide direct cash, housing, or legal representation. Contact the Norton P&P chief to join meetings.","El Consejo de Reinserción Apalache es una red trimestral facilitada por VADOC en el Distrito 18 que conecta agencias estatales, empleadores, proveedores de tratamiento y organizaciones comunitarias que sirven a ciudadanos que regresan en Dickenson, Lee, Scott, Wise y Norton. El consejo fortalece la colaboración pero no ofrece efectivo, vivienda ni representación legal directa.",1650 Park Avenue SW,Norton,276-679-9201,,https://vadoc.virginia.gov/inmates-and-probationers/reentry-resources/,Open to reentry stakeholders and returning citizens connected through District 18 partners; meetings are quarterly virtual.,Abierto a partes interesadas de reinserción y ciudadanos que regresan conectados a través de aliados del Distrito 18; reuniones trimestrales virtuales.,Contact Chief Jennifer Lester jennifer.lester@vadoc.virginia.gov or 276-365-3339; see VADOC reentry council schedule PDF.,Contacte a la Directora Jennifer Lester jennifer.lester@vadoc.virginia.gov o 276-365-3339; vea el PDF de consejos de reinserción de VADOC.,Quarterly virtual meetings; contact for schedule,norton|wise|reentry-organizations|council|appalachian|coalfield,Reentry network meetings|Agency coordination|Community partner referrals|Resource directory access|Coalfield stakeholder collaboration,Wise,Dickenson|Lee|Scott|Wise|Norton,multi,accepts_criminal_record
264,Highlands Community Collaboration Council,reentry-organizations,Abingdon / Highlands Region,"The Highlands Community Collaboration Council is a voluntary regional reentry and community collaboration network in southwest Virginia addressing housing, substance abuse, employment, and prisoner reentry across Bland, Bristol, Carroll, Grayson, Russell, Smyth, Washington, and Wythe counties. Member agencies coordinate services and identify gaps but the council does not provide direct financial assistance or case management to individuals. Networking body—not a walk-in service center.","El Highlands Community Collaboration Council es una red regional voluntaria de colaboración comunitaria y reinserción en el suroeste de Virginia que aborda vivienda, abuso de sustancias, empleo y reinserción en los condados Bland, Bristol, Carroll, Grayson, Russell, Smyth, Washington y Wythe. Las agencias miembros coordinan servicios pero el consejo no ofrece asistencia financiera directa.",,Abingdon,,,https://www.highlandsccc.org,Community agencies and justice-involved individuals participate through member organizations; no direct public intake.,Las agencias comunitarias y personas con antecedentes penales participan a través de organizaciones miembros; sin admisión pública directa.,"Covers Bristol, Carroll, Grayson, Russell, Smyth, Washington, Wythe; contact member agencies for direct services.","Cubre Bristol, Carroll, Grayson, Russell, Smyth, Washington, Wythe; contacte agencias miembros para servicios directos.",Contact member agencies for service hours,abingdon|bristol|reentry-organizations|council|highlands|carroll|reentry,Regional reentry coordination|Service gap identification|Cross-agency collaboration|Housing and SUD policy alignment|Member agency referrals,Washington,Bristol|Bland|Carroll|Grayson|Russell|Smyth|Washington|Wythe,multi,accepts_criminal_record
265,Feeding Southwest Virginia,food-nutrition,Salem / Southwest Virginia,"Feeding Southwest Virginia distributes more than 20 million pounds of food annually through 400 partner pantries and direct programs across 26 counties and nine cities in southwest Virginia, with distribution centers in Salem and Abingdon serving high-need rural localities including Buchanan, Dickenson, Lee, Norton, and Wise. Mobile pantries, SNAP outreach, and healthcare food partnerships support returning citizens establishing food security. Regional food bank—not a cash assistance office.","Feeding Southwest Virginia distribuye más de 20 millones de libras de alimentos anualmente a través de 400 despensas asociadas y programas directos en 26 condados y nueve ciudades del suroeste de Virginia, con centros en Salem y Abingdon que sirven localidades rurales de alta necesidad incluyendo Buchanan, Dickenson, Lee, Norton y Wise.",1025 Electric Road,Salem,540-342-3011,,https://feedingswva.org,Open to southwest Virginia residents needing food assistance through partner pantries; SNAP help available.,Abierto a residentes del suroeste de Virginia que necesitan asistencia alimentaria a través de despensas asociadas; ayuda SNAP disponible.,Find pantries at feedingswva.org/find-food; Abingdon center at 21452 Gravel Lake Road serves far southwest counties.,Encuentre despensas en feedingswva.org/find-food; centro de Abingdon en 21452 Gravel Lake Road sirve condados del extremo suroeste.,Office Monday–Friday business hours; pantry hours vary,salem|southwest-virginia|food-nutrition|food-bank|rural|buchanan|wise|reentry,Regional food bank distribution|Partner pantry network|Mobile food pantry|SNAP outreach|Senior food boxes,Salem,Bristol|Buchanan|Carroll|Dickenson|Galax|Grayson|Henry|Lee|Martinsville|Norton|Patrick|Pittsylvania|Pulaski|Radford|Russell|Scott|Smyth|Tazewell|Washington|Wise|Wythe|Danville,multi,accepts_criminal_record
266,Blue Ridge Area Food Bank — Lynchburg Branch,food-nutrition,Lynchburg / Southside Virginia,"Blue Ridge Area Food Bank Lynchburg branch distributes food through hundreds of partner pantries and program sites in Amherst, Appomattox, Bedford, Campbell, and Nelson counties and the city of Lynchburg, helping low-income and justice-involved residents access groceries and SNAP application support across rural Southside communities. Use the online food finder for nearest pantry. Regional food bank hub—not direct walk-in grocery distribution at the branch.","La sucursal de Lynchburg del Blue Ridge Area Food Bank distribuye alimentos a través de cientos de despensas asociadas en los condados Amherst, Appomattox, Bedford, Campbell y Nelson y la ciudad de Lynchburg, ayudando a residentes de bajos ingresos y con antecedentes penales a acceder a comestibles y apoyo para solicitudes SNAP.","501 12th Street, Suite B",Lynchburg,434-845-4099,,https://www.brafb.org,Residents in Lynchburg branch service area seeking food through partner pantries; no criminal-record restrictions stated.,Residentes en el área de servicio de la sucursal de Lynchburg que buscan alimentos a través de despensas asociadas; sin restricciones de antecedentes indicadas.,"Food finder at foodfinder.brafb.org; headquarters at 96 Laurel Hill Road, Verona, for western region inquiries.","Buscador de alimentos en foodfinder.brafb.org; sede en 96 Laurel Hill Road, Verona, para consultas de la región occidental.",Monday–Friday 8:00 a.m.–4:30 p.m.,lynchburg|campbell|food-nutrition|food-bank|southside|rural|reentry,Partner pantry network|SNAP outreach|Food distribution coordination|Rural pantry locator|Hunger relief programs,Lynchburg,Lynchburg|Amherst|Appomattox|Bedford|Campbell|Nelson,multi,accepts_criminal_record
267,Valley Mission — Emergency Shelter & Reentry Support,housing,Staunton / Augusta County,"Valley Mission in Staunton operates one of the few shelters within 100 miles that serves single men, single women, and families with 24/7 emergency beds, meals, case management, GED classes, housing-fund assistance, and pastoral counseling. Justice-involved adults returning to Augusta County, Staunton, or Waynesboro can call for bed availability and complete intake with photo ID. Direct shelter and reentry support—not a statewide benefits hotline or legal clinic.","Valley Mission en Staunton opera uno de los pocos refugios en un radio de 100 millas que atiende a hombres solteros, mujeres solteras y familias con camas de emergencia 24/7, comidas, manejo de caso, clases de GED, asistencia para fondos de vivienda y consejería pastoral. Adultos con antecedentes penales que regresan al condado Augusta, Staunton o Waynesboro pueden llamar para disponibilidad de camas y completar la admisión con identificación con foto.",1513 West Beverley Street,Staunton,540-886-4673,,https://valleymission.net/shelter/,"Homeless adults and families in Augusta County, Staunton, and Waynesboro; must function independently; children must be with a parent; call ahead for bed availability.","Adultos y familias sin hogar en el condado Augusta, Staunton y Waynesboro; deben funcionar de forma independiente; los niños deben estar con un padre; llame con anticipación para disponibilidad de camas.",Call 540-886-4673 before arriving; bring photo ID; dayroom open Monday–Friday 8 a.m.–5 p.m.; thrift store vouchers available for clothing.,Llame al 540-886-4673 antes de llegar; traiga identificación con foto; sala diurna abierta lunes a viernes de 8 a.m. a 5 p.m.; vales de tienda de segunda mano disponibles para ropa.,"Shelter 24/7; administrative hours Monday–Friday, 8:00 a.m.–4:30 p.m.",housing|emergency-shelter|case-management|GED|Staunton|Augusta|reentry,Emergency shelter|Meals|Case management|GED classes|Housing fund assistance|Thrift store vouchers,Staunton,Augusta|Staunton|Waynesboro,multi,
268,Southern Dominion Health System — Lunenburg Medical Center,healthcare,Lunenburg County / Southside,"Southern Dominion Health System operates Lunenburg Medical Center, a Federally Qualified Health Center in Victoria providing primary medical, dental, behavioral health, and sliding-fee care for uninsured and Medicaid patients in Lunenburg County and surrounding Southside communities. Justice-involved adults reestablishing healthcare after release can access same-week appointments, medication assistance, and counseling at the K-V Road clinic. Direct clinical care—not emergency room or SNAP intake.","Southern Dominion Health System opera el Lunenburg Medical Center, un Centro de Salud Calificado Federalmente en Victoria que ofrece atención médica primaria, dental, de salud conductual y tarifas móviles para pacientes sin seguro y Medicaid en el condado Lunenburg y comunidades del Southside. Adultos con antecedentes penales que restablecen atención médica pueden acceder a citas, asistencia con medicamentos y consejería en la clínica de K-V Road.",1508 K-V Road,Victoria,434-696-2165,,https://sdhsinc.com/locations/lunenburg/,Residents of Lunenburg and surrounding Southside localities; sliding-fee scale based on income; Medicaid and Medicare accepted; criminal record not a stated barrier.,Residentes de Lunenburg y localidades del Southside circundante; escala de tarifas según ingresos; se aceptan Medicaid y Medicare; los antecedentes penales no son una barrera indicada.,Call 434-696-2165 for appointments; behavioral health at Lunenburg and Dinwiddie sites; Saturday hours 8 a.m.–12 p.m.,Llame al 434-696-2165 para citas; salud conductual en sitios de Lunenburg y Dinwiddie; horario de sábado de 8 a.m. a 12 p.m.,"Monday–Friday, 8:00 a.m.–5:00 p.m.; Saturday, 8:00 a.m.–12:00 p.m.",healthcare|FQHC|primary-care|behavioral-health|Lunenburg|Southside|reentry,Primary medical care|Dental care|Behavioral health counseling|Sliding-fee program|Medication assistance,Lunenburg,Lunenburg,single,accepts_criminal_record
269,Virginia Career Works — South Hill Center,employment,Mecklenburg County / South Central Virginia,"The Virginia Career Works South Hill center connects job seekers in Mecklenburg, Lunenburg, Brunswick, and surrounding South Central Virginia localities to resume help, skills assessments, employer referrals, and WIOA training through the South Central Workforce Development Board. Justice-involved adults on probation or recently released can register on Virginia Workforce Connection for fair-chance job search support and case management when eligible. Workforce center—not emergency housing or legal aid.","El centro Virginia Career Works de South Hill conecta a buscadores de empleo en Mecklenburg, Lunenburg, Brunswick y localidades del sur central de Virginia con ayuda de currículum, evaluaciones de habilidades, referencias a empleadores y capacitación WIOA a través de la Junta de Desarrollo de la Fuerza Laboral del Sur Central. Adultos con antecedentes penales en libertad condicional o recién liberados pueden registrarse en Virginia Workforce Connection.",118 East Danville Street,South Hill,434-955-2252,,https://www.virginiaworks.gov/local-office/south-hill/,Open to South Central Virginia job seekers including justice-involved individuals; veterans receive priority services; register at vawc.virginia.gov.,Abierto a buscadores de empleo del sur central de Virginia incluidas personas con antecedentes penales; veteranos reciben servicios prioritarios; regístrese en vawc.virginia.gov.,"Hours Monday, Wednesday–Friday 8:30 a.m.–4:30 p.m., Tuesday 9:30 a.m.–4:30 p.m.; closed lunch 12–1 p.m.; board office in Charlotte Court House 434-542-5871.","Horario lunes y miércoles–viernes 8:30 a.m.–4:30 p.m., martes 9:30 a.m.–4:30 p.m.; cerrado almuerzo 12–1 p.m.; oficina de la junta en Charlotte Court House 434-542-5871.","Monday, Wednesday–Friday 8:30 a.m.–4:30 p.m.; Tuesday 9:30 a.m.–4:30 p.m.",employment|workforce|WIOA|fair-chance|Mecklenburg|Southside|reentry,Job search assistance|Resume writing|Skills assessment|Employer referrals|WIOA training navigation,Mecklenburg,Mecklenburg|Lunenburg|Brunswick|Charlotte|Halifax|Nottoway,multi,accepts_criminal_record
270,Centra Southside Community Hospital,healthcare,Farmville / Buckingham County,"Centra Southside Community Hospital in Farmville is a 100-bed acute care hospital serving Buckingham, Cumberland, Prince Edward, and surrounding South Central Virginia counties with emergency care, inpatient services, primary care referrals, and community health outreach. Returning citizens without a medical home can establish emergency and follow-up care through Centra's Farmville campus and affiliated primary care practices. Hospital services—not a walk-in SNAP or probation office.","Centra Southside Community Hospital en Farmville es un hospital de cuidados agudos de 100 camas que sirve a Buckingham, Cumberland, Prince Edward y condados del sur central de Virginia con atención de emergencia, servicios hospitalarios, referencias de atención primaria y alcance comunitario. Ciudadanos que regresan sin hogar médico pueden establecer atención de emergencia y seguimiento a través del campus de Farmville de Centra.",800 Oak Street,Farmville,434-392-8811,,https://www.centrahealth.com/locations/centra-southside-community-hospital,Open to residents of South Central Virginia; emergency care regardless of ability to pay; Medicaid and uninsured patients accepted for eligible services.,Abierto a residentes del sur central de Virginia; atención de emergencia independientemente de capacidad de pago; pacientes Medicaid y sin seguro aceptados para servicios elegibles.,Emergency department 24/7; main switchboard 434-392-8811; Centra primary care practices throughout Farmville and Buckingham County.,Departamento de emergencias 24/7; conmutador principal 434-392-8811; prácticas de atención primaria de Centra en Farmville y el condado Buckingham.,Emergency 24/7; hospital and clinic hours vary,healthcare|hospital|emergency-care|Buckingham|Farmville|Southside|reentry,Emergency care|Inpatient hospital services|Primary care referrals|Community health outreach|Specialty referrals,Prince Edward,Buckingham|Cumberland|Prince Edward|Charlotte|Lunenburg,multi,accepts_criminal_record
271,People Inc. — Clarke County Community Action,basic-needs,Berryville / Clarke County,"People Inc. is the community action agency serving Clarke, Frederick, Page, Shenandoah, and Warren counties with emergency assistance for rent, utilities, food, and clothing plus long-term self-sufficiency programs for low-income families. Justice-involved adults returning to Clarke County can apply for crisis assistance and connect to regional housing, employment, and benefits partners through the Berryville office. Direct assistance programs—not a statewide legal aid intake line.","People Inc. es la agencia de acción comunitaria que sirve a los condados Clarke, Frederick, Page, Shenandoah y Warren con asistencia de emergencia para renta, servicios públicos, alimentos y ropa, además de programas de autosuficiencia para familias de bajos ingresos. Adultos con antecedentes penales que regresan al condado Clarke pueden solicitar asistencia en crisis y conectarse con aliados regionales de vivienda, empleo y beneficios.",117 Commerce Street,Berryville,540-955-2460,,https://www.peopleinc.net/,"Low-income residents of Clarke, Frederick, Page, Shenandoah, and Warren counties; income documentation required; justice-involved households eligible for crisis assistance.","Residentes de bajos ingresos de los condados Clarke, Frederick, Page, Shenandoah y Warren; se requiere documentación de ingresos; hogares con antecedentes penales elegibles para asistencia en crisis.",Call 540-955-2460 for intake; emergency assistance by appointment; Head Start and weatherization programs also available.,Llame al 540-955-2460 para admisión; asistencia de emergencia con cita; también programas Head Start y de climatización.,Monday–Friday business hours; call for appointment,basic-needs|emergency-assistance|utilities|clothing|Clarke|reentry,Emergency rent and utility assistance|Food and clothing aid|Self-sufficiency coaching|Head Start referrals|Weatherization program,Clarke,Clarke|Frederick|Page|Shenandoah|Warren,multi,accepts_criminal_record
272,Virginia Fresh Food Distribution — Bath County,food-nutrition,Warm Springs / Bath,"Virginia Fresh Food Distribution — Bath County serves justice-involved adults and families rebuilding stability after incarceration in Bath County. Blue Ridge Area Food Bank partner services connect Bath County residents—including returning citizens—to SNAP application help and emergency food through regional pantry partners. Not a probation office or emergency cash program unless noted. Food assistance does not usually require a criminal-record disclosure; staff can help with SNAP applications and pantry locations by ZIP code. Contact this resource to confirm current intake steps, required documents, and whether walk-ins or referrals are accepted.","Virginia Fresh Food Distribution — Bath County sirve a adultos con antecedentes penales y familias que reconstruyen estabilidad después de la encarcelación en condado de Bath. La asistencia alimentaria generalmente no requiere declarar antecedentes penales; el personal puede ayudar con solicitudes SNAP y ubicaciones de despensas por código postal. Contacte este recurso para confirmar pasos de admisión, documentos requeridos y si aceptan visitas sin cita o referencias.",Blue Ridge Area Food Bank partner pantry network,Warm Springs,540-248-3663,,https://www.brafb.org,Residents of Bath; justice-involved adults welcome where services allow.,Residentes de Bath; adultos con antecedentes penales bienvenidos donde los servicios lo permitan.,Call 540-248-3663 or visit website for partner locations and hours.,Llame al 540-248-3663 o visite el sitio web para ubicaciones y horarios de aliados.,Contact for partner pantry or clinic hours,bath|food-nutrition|reentry|virginia,Partner referrals|SNAP enrollment|Nutrition programs,Bath,Bath,single,
273,Southern Virginia Regional Medical Center (serves Emporia),healthcare,Emporia / Emporia,"Southern Virginia Regional Medical Center (serves Emporia) serves justice-involved adults and families rebuilding stability after incarceration in Emporia County. Southern Virginia Regional Medical Center provides emergency and outpatient care for Emporia and Greensville area residents including justice-involved adults. Not a probation office or emergency cash program unless noted. Services are available on a sliding fee or Medicaid basis for eligible patients; bring ID and release paperwork when establishing care after incarceration. Contact this resource to confirm current intake steps, required documents, and whether walk-ins or referrals are accepted.","Southern Virginia Regional Medical Center (serves Emporia) sirve a adultos con antecedentes penales y familias que reconstruyen estabilidad después de la encarcelación en condado de Emporia. Los servicios están disponibles con tarifa móvil o Medicaid para pacientes elegibles; lleve identificación y documentos de liberación al establecer atención después de la encarcelación. Contacte este recurso para confirmar pasos de admisión, documentos requeridos y si aceptan visitas sin cita o referencias.",727 North Main Street,Emporia,434-348-4400,,https://www.svrmc.org,Residents of Emporia; justice-involved adults welcome where services allow.,Residentes de Emporia; adultos con antecedentes penales bienvenidos donde los servicios lo permitan.,Call 434-348-4400 or visit website for partner locations and hours.,Llame al 434-348-4400 o visite el sitio web para ubicaciones y horarios de aliados.,Contact for partner pantry or clinic hours,emporia|healthcare|reentry|virginia,Primary medical care|Partner referrals,Emporia,Emporia,single,accepts_criminal_record
274,Southern Virginia Regional Medical Center (serves Greensville County),healthcare,Emporia / Greensville,"Southern Virginia Regional Medical Center (serves Greensville County) serves justice-involved adults and families rebuilding stability after incarceration in Greensville County. Southern Virginia Regional Medical Center serves Greensville County residents with emergency and primary care including returning citizens establishing medical continuity. Not a probation office or emergency cash program unless noted. Services are available on a sliding fee or Medicaid basis for eligible patients; bring ID and release paperwork when establishing care after incarceration. Contact this resource to confirm current intake steps, required documents, and whether walk-ins or referrals are accepted.","Southern Virginia Regional Medical Center (serves Greensville County) sirve a adultos con antecedentes penales y familias que reconstruyen estabilidad después de la encarcelación en condado de Greensville. Los servicios están disponibles con tarifa móvil o Medicaid para pacientes elegibles; lleve identificación y documentos de liberación al establecer atención después de la encarcelación. Contacte este recurso para confirmar pasos de admisión, documentos requeridos y si aceptan visitas sin cita o referencias.",727 North Main Street,Emporia,434-348-4400,,https://www.svrmc.org,Residents of Greensville; justice-involved adults welcome where services allow.,Residentes de Greensville; adultos con antecedentes penales bienvenidos donde los servicios lo permitan.,Call 434-348-4400 or visit website for partner locations and hours.,Llame al 434-348-4400 o visite el sitio web para ubicaciones y horarios de aliados.,Contact for partner pantry or clinic hours,greensville|healthcare|reentry|virginia,Primary medical care|Partner referrals,Greensville,Greensville,single,accepts_criminal_record
275,Blue Ridge Area Food Bank — Highland County,food-nutrition,Monterey / Highland,"Blue Ridge Area Food Bank — Highland County serves justice-involved adults and families rebuilding stability after incarceration in Highland County. Blue Ridge Area Food Bank connects Highland County residents facing food insecurity—including reentry populations—to pantry partners and SNAP application assistance. Not a probation office or emergency cash program unless noted. Food assistance does not usually require a criminal-record disclosure; staff can help with SNAP applications and pantry locations by ZIP code. Contact this resource to confirm current intake steps, required documents, and whether walk-ins or referrals are accepted.","Blue Ridge Area Food Bank — Highland County sirve a adultos con antecedentes penales y familias que reconstruyen estabilidad después de la encarcelación en condado de Highland. La asistencia alimentaria generalmente no requiere declarar antecedentes penales; el personal puede ayudar con solicitudes SNAP y ubicaciones de despensas por código postal. Contacte este recurso para confirmar pasos de admisión, documentos requeridos y si aceptan visitas sin cita o referencias.",Partner pantry network,Monterey,540-248-3663,,https://www.brafb.org,Residents of Highland; justice-involved adults welcome where services allow.,Residentes de Highland; adultos con antecedentes penales bienvenidos donde los servicios lo permitan.,Call 540-248-3663 or visit website for partner locations and hours.,Llame al 540-248-3663 o visite el sitio web para ubicaciones y horarios de aliados.,Contact for partner pantry or clinic hours,highland|food-nutrition|reentry|virginia,Partner referrals|SNAP enrollment|Nutrition programs,Highland,Highland,single,
276,Riverside Health System — Peninsula Care (serves Poquoson),healthcare,Newport News / Poquoson,"Riverside Health System — Peninsula Care (serves Poquoson) is a statewide or regional referral resource for Virginians affected by the criminal justice system. Riverside Health serves Poquoson and Virginia Peninsula residents with primary care and emergency referrals including Medicaid and uninsured patients. Not a probation office or emergency cash program unless noted. Users can search by location, service type, or need to find active providers in Poquoson County. Specialists or online tools help match people to housing, treatment, employment, legal aid, or benefits resources operated by other organizations. This entry describes a navigation hub—staff here do not replace direct services at partner agencies.","Riverside Health System — Peninsula Care (serves Poquoson) es un recurso de referencia estatal o regional para virginianos afectados por el sistema de justicia penal. Los usuarios pueden buscar por ubicación, tipo de servicio o necesidad para encontrar proveedores activos en condado de Poquoson. Herramientas en línea o especialistas ayudan a conectar con vivienda, tratamiento, empleo, asistencia legal o beneficios operados por otras organizaciones. Esta entrada describe un centro de navegación—el personal no reemplaza servicios directos en agencias aliadas.",500 J Clyde Morris Boulevard,Newport News,757-534-5000,,https://www.riversideonline.com,Residents of Poquoson; justice-involved adults welcome where services allow.,Residentes de Poquoson; adultos con antecedentes penales bienvenidos donde los servicios lo permitan.,Call 757-534-5000 or visit website for partner locations and hours.,Llame al 757-534-5000 o visite el sitio web para ubicaciones y horarios de aliados.,Contact for partner pantry or clinic hours,poquoson|healthcare|reentry|virginia,Primary medical care|Partner referrals,Poquoson,Poquoson,single,
277,Blue Ridge Area Food Bank — Rockingham County,food-nutrition,Harrisonburg / Rockingham,"Blue Ridge Area Food Bank — Rockingham County serves justice-involved adults and families rebuilding stability after incarceration in Rockingham County. Blue Ridge Area Food Bank partner network serves Rockingham County residents with food assistance and SNAP navigation for households including returning citizens. Not a probation office or emergency cash program unless noted. Food assistance does not usually require a criminal-record disclosure; staff can help with SNAP applications and pantry locations by ZIP code. Contact this resource to confirm current intake steps, required documents, and whether walk-ins or referrals are accepted.","Blue Ridge Area Food Bank — Rockingham County sirve a adultos con antecedentes penales y familias que reconstruyen estabilidad después de la encarcelación en condado de Rockingham. La asistencia alimentaria generalmente no requiere declarar antecedentes penales; el personal puede ayudar con solicitudes SNAP y ubicaciones de despensas por código postal. Contacte este recurso para confirmar pasos de admisión, documentos requeridos y si aceptan visitas sin cita o referencias.",Partner pantry network,Harrisonburg,540-248-3663,,https://www.brafb.org,Residents of Rockingham; justice-involved adults welcome where services allow.,Residentes de Rockingham; adultos con antecedentes penales bienvenidos donde los servicios lo permitan.,Call 540-248-3663 or visit website for partner locations and hours.,Llame al 540-248-3663 o visite el sitio web para ubicaciones y horarios de aliados.,Contact for partner pantry or clinic hours,rockingham|food-nutrition|reentry|virginia,Partner referrals|SNAP enrollment|Nutrition programs,Rockingham,Rockingham,single,
278,Blue Ridge Area Food Bank — Winchester,food-nutrition,Winchester / Winchester,"Blue Ridge Area Food Bank — Winchester serves justice-involved adults and families rebuilding stability after incarceration in Winchester County. Blue Ridge Area Food Bank Winchester distribution center connects Frederick and Winchester area residents to food pantry partners and benefits navigation. Not a probation office or emergency cash program unless noted. Food assistance does not usually require a criminal-record disclosure; staff can help with SNAP applications and pantry locations by ZIP code. Contact this resource to confirm current intake steps, required documents, and whether walk-ins or referrals are accepted.","Blue Ridge Area Food Bank — Winchester sirve a adultos con antecedentes penales y familias que reconstruyen estabilidad después de la encarcelación en condado de Winchester. La asistencia alimentaria generalmente no requiere declarar antecedentes penales; el personal puede ayudar con solicitudes SNAP y ubicaciones de despensas por código postal. Contacte este recurso para confirmar pasos de admisión, documentos requeridos y si aceptan visitas sin cita o referencias.",96 Laurel Hill Road,Winchester,540-248-3663,,https://www.brafb.org,Residents of Winchester; justice-involved adults welcome where services allow.,Residentes de Winchester; adultos con antecedentes penales bienvenidos donde los servicios lo permitan.,Call 540-248-3663 or visit website for partner locations and hours.,Llame al 540-248-3663 o visite el sitio web para ubicaciones y horarios de aliados.,Contact for partner pantry or clinic hours,winchester|food-nutrition|reentry|virginia,Partner referrals|SNAP enrollment|Nutrition programs,Winchester,Winchester,single,
279,Riverside Shore Memorial Hospital (serves Accomack County),healthcare,Nassawadox / Accomack,"Riverside Shore Memorial Hospital (serves Accomack County) serves justice-involved adults and families rebuilding stability after incarceration in Accomack County. Riverside Shore Memorial Hospital provides Eastern Shore healthcare for Accomack County residents including uninsured and justice-involved adults. Not a probation office or emergency cash program unless noted. Services are available on a sliding fee or Medicaid basis for eligible patients; bring ID and release paperwork when establishing care after incarceration. Contact this resource to confirm current intake steps, required documents, and whether walk-ins or referrals are accepted.","Riverside Shore Memorial Hospital (serves Accomack County) sirve a adultos con antecedentes penales y familias que reconstruyen estabilidad después de la encarcelación en condado de Accomack. Los servicios están disponibles con tarifa móvil o Medicaid para pacientes elegibles; lleve identificación y documentos de liberación al establecer atención después de la encarcelación. Contacte este recurso para confirmar pasos de admisión, documentos requeridos y si aceptan visitas sin cita o referencias.",20480 Market Street,Nassawadox,757-442-6600,,https://www.riversideonline.com,Residents of Accomack; justice-involved adults welcome where services allow.,Residentes de Accomack; adultos con antecedentes penales bienvenidos donde los servicios lo permitan.,Call 757-442-6600 or visit website for partner locations and hours.,Llame al 757-442-6600 o visite el sitio web para ubicaciones y horarios de aliados.,Contact for partner pantry or clinic hours,accomack|healthcare|reentry|virginia,Primary medical care|Partner referrals,Accomack,Accomack,single,accepts_criminal_record
280,Southside Community Services Board — Amelia Outreach,healthcare,Amelia Court House / Amelia,"Southside Community Services Board — Amelia Outreach is a statewide or regional referral resource for Virginians affected by the criminal justice system. Southside CSB provides behavioral health and referrals for Amelia County residents including returning citizens needing SUD and mental health services. Not a probation office or emergency cash program unless noted. Users can search by location, service type, or need to find active providers in Amelia County. Specialists or online tools help match people to housing, treatment, employment, legal aid, or benefits resources operated by other organizations. This entry describes a navigation hub—staff here do not replace direct services at partner agencies.","Southside Community Services Board — Amelia Outreach es un recurso de referencia estatal o regional para virginianos afectados por el sistema de justicia penal. Los usuarios pueden buscar por ubicación, tipo de servicio o necesidad para encontrar proveedores activos en condado de Amelia. Herramientas en línea o especialistas ayudan a conectar con vivienda, tratamiento, empleo, asistencia legal o beneficios operados por otras organizaciones. Esta entrada describe un centro de navegación—el personal no reemplaza servicios directos en agencias aliadas.",Contact CSB for clinic site,Amelia Court House,434-392-2066,,https://www.sscsb.org,Residents of Amelia; justice-involved adults welcome where services allow.,Residentes de Amelia; adultos con antecedentes penales bienvenidos donde los servicios lo permitan.,Call 434-392-2066 or visit website for partner locations and hours.,Llame al 434-392-2066 o visite el sitio web para ubicaciones y horarios de aliados.,Contact for partner pantry or clinic hours,amelia|healthcare|reentry|virginia,Primary medical care|Partner referrals,Amelia,Amelia,single,
281,Blue Ridge Area Food Bank — Buckingham County,food-nutrition,Dillwyn / Buckingham,"Blue Ridge Area Food Bank — Buckingham County serves justice-involved adults and families rebuilding stability after incarceration in Buckingham County. Blue Ridge Area Food Bank partners serve Buckingham County residents with food assistance and SNAP application help. Not a probation office or emergency cash program unless noted. Food assistance does not usually require a criminal-record disclosure; staff can help with SNAP applications and pantry locations by ZIP code. Contact this resource to confirm current intake steps, required documents, and whether walk-ins or referrals are accepted.","Blue Ridge Area Food Bank — Buckingham County sirve a adultos con antecedentes penales y familias que reconstruyen estabilidad después de la encarcelación en condado de Buckingham. La asistencia alimentaria generalmente no requiere declarar antecedentes penales; el personal puede ayudar con solicitudes SNAP y ubicaciones de despensas por código postal. Contacte este recurso para confirmar pasos de admisión, documentos requeridos y si aceptan visitas sin cita o referencias.",Partner pantry network,Dillwyn,540-248-3663,,https://www.brafb.org,Residents of Buckingham; justice-involved adults welcome where services allow.,Residentes de Buckingham; adultos con antecedentes penales bienvenidos donde los servicios lo permitan.,Call 540-248-3663 or visit website for partner locations and hours.,Llame al 540-248-3663 o visite el sitio web para ubicaciones y horarios de aliados.,Contact for partner pantry or clinic hours,buckingham|food-nutrition|reentry|virginia,Partner referrals|SNAP enrollment|Nutrition programs,Buckingham,Buckingham,single,
282,Blue Ridge Area Food Bank — Buena Vista,food-nutrition,Buena Vista / Buena Vista,"Blue Ridge Area Food Bank — Buena Vista serves justice-involved adults and families rebuilding stability after incarceration in Buena Vista County. Blue Ridge Area Food Bank connects Buena Vista residents to pantry partners and nutrition programs. Not a probation office or emergency cash program unless noted. Food assistance does not usually require a criminal-record disclosure; staff can help with SNAP applications and pantry locations by ZIP code. Contact this resource to confirm current intake steps, required documents, and whether walk-ins or referrals are accepted.","Blue Ridge Area Food Bank — Buena Vista sirve a adultos con antecedentes penales y familias que reconstruyen estabilidad después de la encarcelación en condado de Buena Vista. La asistencia alimentaria generalmente no requiere declarar antecedentes penales; el personal puede ayudar con solicitudes SNAP y ubicaciones de despensas por código postal. Contacte este recurso para confirmar pasos de admisión, documentos requeridos y si aceptan visitas sin cita o referencias.",Partner pantry network,Buena Vista,540-248-3663,,https://www.brafb.org,Residents of Buena Vista; justice-involved adults welcome where services allow.,Residentes de Buena Vista; adultos con antecedentes penales bienvenidos donde los servicios lo permitan.,Call 540-248-3663 or visit website for partner locations and hours.,Llame al 540-248-3663 o visite el sitio web para ubicaciones y horarios de aliados.,Contact for partner pantry or clinic hours,buena-vista|food-nutrition|reentry|virginia,Partner referrals|SNAP enrollment|Nutrition programs,Buena Vista,Buena Vista,single,
283,Blue Ridge Area Food Bank — Clarke County,food-nutrition,Berryville / Clarke,"Blue Ridge Area Food Bank — Clarke County serves justice-involved adults and families rebuilding stability after incarceration in Clarke County. Blue Ridge Area Food Bank serves Clarke County through partner pantries and mobile distributions. Not a probation office or emergency cash program unless noted. Food assistance does not usually require a criminal-record disclosure; staff can help with SNAP applications and pantry locations by ZIP code. Contact this resource to confirm current intake steps, required documents, and whether walk-ins or referrals are accepted.","Blue Ridge Area Food Bank — Clarke County sirve a adultos con antecedentes penales y familias que reconstruyen estabilidad después de la encarcelación en condado de Clarke. La asistencia alimentaria generalmente no requiere declarar antecedentes penales; el personal puede ayudar con solicitudes SNAP y ubicaciones de despensas por código postal. Contacte este recurso para confirmar pasos de admisión, documentos requeridos y si aceptan visitas sin cita o referencias.",Partner pantry network,Berryville,540-248-3663,,https://www.brafb.org,Residents of Clarke; justice-involved adults welcome where services allow.,Residentes de Clarke; adultos con antecedentes penales bienvenidos donde los servicios lo permitan.,Call 540-248-3663 or visit website for partner locations and hours.,Llame al 540-248-3663 o visite el sitio web para ubicaciones y horarios de aliados.,Contact for partner pantry or clinic hours,clarke|food-nutrition|reentry|virginia,Partner referrals|SNAP enrollment|Nutrition programs,Clarke,Clarke,single,
284,Feed More — Essex County Pantry Partners,food-nutrition,Tappahannock / Essex,"Feed More — Essex County Pantry Partners serves justice-involved adults and families rebuilding stability after incarceration in Essex County. Feed More connects Essex County residents to partner food pantries and SNAP application assistance across the Northern Neck. Not a probation office or emergency cash program unless noted. Food assistance does not usually require a criminal-record disclosure; staff can help with SNAP applications and pantry locations by ZIP code. Contact this resource to confirm current intake steps, required documents, and whether walk-ins or referrals are accepted.","Feed More — Essex County Pantry Partners sirve a adultos con antecedentes penales y familias que reconstruyen estabilidad después de la encarcelación en condado de Essex. La asistencia alimentaria generalmente no requiere declarar antecedentes penales; el personal puede ayudar con solicitudes SNAP y ubicaciones de despensas por código postal. Contacte este recurso para confirmar pasos de admisión, documentos requeridos y si aceptan visitas sin cita o referencias.",Partner pantry network,Tappahannock,804-521-2500,,https://feedmore.org,Residents of Essex; justice-involved adults welcome where services allow.,Residentes de Essex; adultos con antecedentes penales bienvenidos donde los servicios lo permitan.,Call 804-521-2500 or visit website for partner locations and hours.,Llame al 804-521-2500 o visite el sitio web para ubicaciones y horarios de aliados.,Contact for partner pantry or clinic hours,essex|food-nutrition|reentry|virginia,Partner referrals|SNAP enrollment|Nutrition programs,Essex,Essex,single,
285,Blue Ridge Area Food Bank — Frederick County,food-nutrition,Winchester / Frederick,"Blue Ridge Area Food Bank — Frederick County serves justice-involved adults and families rebuilding stability after incarceration in Frederick County. Blue Ridge Area Food Bank serves Frederick County residents through pantry partners and mobile food distributions. Not a probation office or emergency cash program unless noted. Food assistance does not usually require a criminal-record disclosure; staff can help with SNAP applications and pantry locations by ZIP code. Contact this resource to confirm current intake steps, required documents, and whether walk-ins or referrals are accepted.","Blue Ridge Area Food Bank — Frederick County sirve a adultos con antecedentes penales y familias que reconstruyen estabilidad después de la encarcelación en condado de Frederick. La asistencia alimentaria generalmente no requiere declarar antecedentes penales; el personal puede ayudar con solicitudes SNAP y ubicaciones de despensas por código postal. Contacte este recurso para confirmar pasos de admisión, documentos requeridos y si aceptan visitas sin cita o referencias.",96 Laurel Hill Road,Winchester,540-248-3663,,https://www.brafb.org,Residents of Frederick; justice-involved adults welcome where services allow.,Residentes de Frederick; adultos con antecedentes penales bienvenidos donde los servicios lo permitan.,Call 540-248-3663 or visit website for partner locations and hours.,Llame al 540-248-3663 o visite el sitio web para ubicaciones y horarios de aliados.,Contact for partner pantry or clinic hours,frederick|food-nutrition|reentry|virginia,Partner referrals|SNAP enrollment|Nutrition programs,Frederick,Frederick,single,
286,Riverside Walter Reed Hospital (serves Gloucester County),healthcare,Gloucester / Gloucester,"Riverside Walter Reed Hospital (serves Gloucester County) serves justice-involved adults and families rebuilding stability after incarceration in Gloucester County. Riverside Walter Reed Hospital provides Gloucester County residents emergency and outpatient services including Medicaid patients. Not a probation office or emergency cash program unless noted. Services are available on a sliding fee or Medicaid basis for eligible patients; bring ID and release paperwork when establishing care after incarceration. Contact this resource to confirm current intake steps, required documents, and whether walk-ins or referrals are accepted.","Riverside Walter Reed Hospital (serves Gloucester County) sirve a adultos con antecedentes penales y familias que reconstruyen estabilidad después de la encarcelación en condado de Gloucester. Los servicios están disponibles con tarifa móvil o Medicaid para pacientes elegibles; lleve identificación y documentos de liberación al establecer atención después de la encarcelación. Contacte este recurso para confirmar pasos de admisión, documentos requeridos y si aceptan visitas sin cita o referencias.",7547 Medical Drive,Gloucester,804-693-8800,,https://www.riversideonline.com,Residents of Gloucester; justice-involved adults welcome where services allow.,Residentes de Gloucester; adultos con antecedentes penales bienvenidos donde los servicios lo permitan.,Call 804-693-8800 or visit website for partner locations and hours.,Llame al 804-693-8800 o visite el sitio web para ubicaciones y horarios de aliados.,Contact for partner pantry or clinic hours,gloucester|healthcare|reentry|virginia,Primary medical care|Partner referrals,Gloucester,Gloucester,single,accepts_criminal_record
287,Blue Ridge Area Food Bank — Lexington,food-nutrition,Lexington / Lexington,"Blue Ridge Area Food Bank — Lexington serves justice-involved adults and families rebuilding stability after incarceration in Lexington County. Blue Ridge Area Food Bank connects Lexington city residents to pantry partners and nutrition programs. Not a probation office or emergency cash program unless noted. Food assistance does not usually require a criminal-record disclosure; staff can help with SNAP applications and pantry locations by ZIP code. Contact this resource to confirm current intake steps, required documents, and whether walk-ins or referrals are accepted.","Blue Ridge Area Food Bank — Lexington sirve a adultos con antecedentes penales y familias que reconstruyen estabilidad después de la encarcelación en condado de Lexington. La asistencia alimentaria generalmente no requiere declarar antecedentes penales; el personal puede ayudar con solicitudes SNAP y ubicaciones de despensas por código postal. Contacte este recurso para confirmar pasos de admisión, documentos requeridos y si aceptan visitas sin cita o referencias.",Partner pantry network,Lexington,540-248-3663,,https://www.brafb.org,Residents of Lexington; justice-involved adults welcome where services allow.,Residentes de Lexington; adultos con antecedentes penales bienvenidos donde los servicios lo permitan.,Call 540-248-3663 or visit website for partner locations and hours.,Llame al 540-248-3663 o visite el sitio web para ubicaciones y horarios de aliados.,Contact for partner pantry or clinic hours,lexington|food-nutrition|reentry|virginia,Partner referrals|SNAP enrollment|Nutrition programs,Lexington,Lexington,single,
288,Riverside Health — Mathews County Primary Care,healthcare,Mathews / Mathews,"Riverside Health — Mathews County Primary Care serves justice-involved adults and families rebuilding stability after incarceration in Mathews County. Riverside Health primary care network serves Mathews County residents including returning citizens on the Middle Peninsula. Not a probation office or emergency cash program unless noted. Services are available on a sliding fee or Medicaid basis for eligible patients; bring ID and release paperwork when establishing care after incarceration. Contact this resource to confirm current intake steps, required documents, and whether walk-ins or referrals are accepted.","Riverside Health — Mathews County Primary Care sirve a adultos con antecedentes penales y familias que reconstruyen estabilidad después de la encarcelación en condado de Mathews. Los servicios están disponibles con tarifa móvil o Medicaid para pacientes elegibles; lleve identificación y documentos de liberación al establecer atención después de la encarcelación. Contacte este recurso para confirmar pasos de admisión, documentos requeridos y si aceptan visitas sin cita o referencias.",Contact Riverside for clinic,Mathews,757-534-5000,,https://www.riversideonline.com,Residents of Mathews; justice-involved adults welcome where services allow.,Residentes de Mathews; adultos con antecedentes penales bienvenidos donde los servicios lo permitan.,Call 757-534-5000 or visit website for partner locations and hours.,Llame al 757-534-5000 o visite el sitio web para ubicaciones y horarios de aliados.,Contact for partner pantry or clinic hours,mathews|healthcare|reentry|virginia,Primary medical care|Partner referrals,Mathews,Mathews,single,accepts_criminal_record
289,Riverside Health — Middlesex County,healthcare,Saluda / Middlesex,"Riverside Health — Middlesex County is a statewide or regional referral resource for Virginians affected by the criminal justice system. Riverside Health serves Middlesex County with primary care referrals and emergency services access. Not a probation office or emergency cash program unless noted. Users can search by location, service type, or need to find active providers in Middlesex County. Specialists or online tools help match people to housing, treatment, employment, legal aid, or benefits resources operated by other organizations. This entry describes a navigation hub—staff here do not replace direct services at partner agencies.","Riverside Health — Middlesex County es un recurso de referencia estatal o regional para virginianos afectados por el sistema de justicia penal. Los usuarios pueden buscar por ubicación, tipo de servicio o necesidad para encontrar proveedores activos en condado de Middlesex. Herramientas en línea o especialistas ayudan a conectar con vivienda, tratamiento, empleo, asistencia legal o beneficios operados por otras organizaciones. Esta entrada describe un centro de navegación—el personal no reemplaza servicios directos en agencias aliadas.",Contact Riverside for clinic,Saluda,757-534-5000,,https://www.riversideonline.com,Residents of Middlesex; justice-involved adults welcome where services allow.,Residentes de Middlesex; adultos con antecedentes penales bienvenidos donde los servicios lo permitan.,Call 757-534-5000 or visit website for partner locations and hours.,Llame al 757-534-5000 o visite el sitio web para ubicaciones y horarios de aliados.,Contact for partner pantry or clinic hours,middlesex|healthcare|reentry|virginia,Primary medical care|Partner referrals,Middlesex,Middlesex,single,
290,Riverside Shore Memorial Hospital (serves Northampton County),healthcare,Nassawadox / Northampton,"Riverside Shore Memorial Hospital (serves Northampton County) serves justice-involved adults and families rebuilding stability after incarceration in Northampton County. Riverside Shore Memorial Hospital serves Northampton County Eastern Shore residents including justice-involved adults. Not a probation office or emergency cash program unless noted. Services are available on a sliding fee or Medicaid basis for eligible patients; bring ID and release paperwork when establishing care after incarceration. Contact this resource to confirm current intake steps, required documents, and whether walk-ins or referrals are accepted.","Riverside Shore Memorial Hospital (serves Northampton County) sirve a adultos con antecedentes penales y familias que reconstruyen estabilidad después de la encarcelación en condado de Northampton. Los servicios están disponibles con tarifa móvil o Medicaid para pacientes elegibles; lleve identificación y documentos de liberación al establecer atención después de la encarcelación. Contacte este recurso para confirmar pasos de admisión, documentos requeridos y si aceptan visitas sin cita o referencias.",20480 Market Street,Nassawadox,757-442-6600,,https://www.riversideonline.com,Residents of Northampton; justice-involved adults welcome where services allow.,Residentes de Northampton; adultos con antecedentes penales bienvenidos donde los servicios lo permitan.,Call 757-442-6600 or visit website for partner locations and hours.,Llame al 757-442-6600 o visite el sitio web para ubicaciones y horarios de aliados.,Contact for partner pantry or clinic hours,northampton|healthcare|reentry|virginia,Primary medical care|Partner referrals,Northampton,Northampton,single,accepts_criminal_record
291,Blue Ridge Area Food Bank — Page County,food-nutrition,Luray / Page,"Blue Ridge Area Food Bank — Page County serves justice-involved adults and families rebuilding stability after incarceration in Page County. Blue Ridge Area Food Bank partner pantries serve Page County residents with food assistance and SNAP help. Not a probation office or emergency cash program unless noted. Food assistance does not usually require a criminal-record disclosure; staff can help with SNAP applications and pantry locations by ZIP code. Contact this resource to confirm current intake steps, required documents, and whether walk-ins or referrals are accepted.","Blue Ridge Area Food Bank — Page County sirve a adultos con antecedentes penales y familias que reconstruyen estabilidad después de la encarcelación en condado de Page. La asistencia alimentaria generalmente no requiere declarar antecedentes penales; el personal puede ayudar con solicitudes SNAP y ubicaciones de despensas por código postal. Contacte este recurso para confirmar pasos de admisión, documentos requeridos y si aceptan visitas sin cita o referencias.",Partner pantry network,Luray,540-248-3663,,https://www.brafb.org,Residents of Page; justice-involved adults welcome where services allow.,Residentes de Page; adultos con antecedentes penales bienvenidos donde los servicios lo permitan.,Call 540-248-3663 or visit website for partner locations and hours.,Llame al 540-248-3663 o visite el sitio web para ubicaciones y horarios de aliados.,Contact for partner pantry or clinic hours,page|food-nutrition|reentry|virginia,Partner referrals|SNAP enrollment|Nutrition programs,Page,Page,single,
292,Blue Ridge Area Food Bank — Rockbridge County,food-nutrition,Lexington / Rockbridge,"Blue Ridge Area Food Bank — Rockbridge County serves justice-involved adults and families rebuilding stability after incarceration in Rockbridge County. Blue Ridge Area Food Bank serves Rockbridge County through regional pantry partners. Not a probation office or emergency cash program unless noted. Food assistance does not usually require a criminal-record disclosure; staff can help with SNAP applications and pantry locations by ZIP code. Contact this resource to confirm current intake steps, required documents, and whether walk-ins or referrals are accepted.","Blue Ridge Area Food Bank — Rockbridge County sirve a adultos con antecedentes penales y familias que reconstruyen estabilidad después de la encarcelación en condado de Rockbridge. La asistencia alimentaria generalmente no requiere declarar antecedentes penales; el personal puede ayudar con solicitudes SNAP y ubicaciones de despensas por código postal. Contacte este recurso para confirmar pasos de admisión, documentos requeridos y si aceptan visitas sin cita o referencias.",Partner pantry network,Lexington,540-248-3663,,https://www.brafb.org,Residents of Rockbridge; justice-involved adults welcome where services allow.,Residentes de Rockbridge; adultos con antecedentes penales bienvenidos donde los servicios lo permitan.,Call 540-248-3663 or visit website for partner locations and hours.,Llame al 540-248-3663 o visite el sitio web para ubicaciones y horarios de aliados.,Contact for partner pantry or clinic hours,rockbridge|food-nutrition|reentry|virginia,Partner referrals|SNAP enrollment|Nutrition programs,Rockbridge,Rockbridge,single,
293,Blue Ridge Area Food Bank — Shenandoah County,food-nutrition,Woodstock / Shenandoah,"Blue Ridge Area Food Bank — Shenandoah County serves justice-involved adults and families rebuilding stability after incarceration in Shenandoah County. Blue Ridge Area Food Bank connects Shenandoah County residents to food pantry partners and mobile distributions. Not a probation office or emergency cash program unless noted. Food assistance does not usually require a criminal-record disclosure; staff can help with SNAP applications and pantry locations by ZIP code. Contact this resource to confirm current intake steps, required documents, and whether walk-ins or referrals are accepted.","Blue Ridge Area Food Bank — Shenandoah County sirve a adultos con antecedentes penales y familias que reconstruyen estabilidad después de la encarcelación en condado de Shenandoah. La asistencia alimentaria generalmente no requiere declarar antecedentes penales; el personal puede ayudar con solicitudes SNAP y ubicaciones de despensas por código postal. Contacte este recurso para confirmar pasos de admisión, documentos requeridos y si aceptan visitas sin cita o referencias.",Partner pantry network,Woodstock,540-248-3663,,https://www.brafb.org,Residents of Shenandoah; justice-involved adults welcome where services allow.,Residentes de Shenandoah; adultos con antecedentes penales bienvenidos donde los servicios lo permitan.,Call 540-248-3663 or visit website for partner locations and hours.,Llame al 540-248-3663 o visite el sitio web para ubicaciones y horarios de aliados.,Contact for partner pantry or clinic hours,shenandoah|food-nutrition|reentry|virginia,Partner referrals|SNAP enrollment|Nutrition programs,Shenandoah,Shenandoah,single,
294,Southern Virginia Regional Medical Center (serves Sussex County),healthcare,Emporia / Sussex,"Southern Virginia Regional Medical Center (serves Sussex County) serves justice-involved adults and families rebuilding stability after incarceration in Sussex County. Southern Virginia Regional Medical Center provides healthcare access for Sussex County residents including returning citizens. Not a probation office or emergency cash program unless noted. Services are available on a sliding fee or Medicaid basis for eligible patients; bring ID and release paperwork when establishing care after incarceration. Contact this resource to confirm current intake steps, required documents, and whether walk-ins or referrals are accepted.","Southern Virginia Regional Medical Center (serves Sussex County) sirve a adultos con antecedentes penales y familias que reconstruyen estabilidad después de la encarcelación en condado de Sussex. Los servicios están disponibles con tarifa móvil o Medicaid para pacientes elegibles; lleve identificación y documentos de liberación al establecer atención después de la encarcelación. Contacte este recurso para confirmar pasos de admisión, documentos requeridos y si aceptan visitas sin cita o referencias.",727 North Main Street,Emporia,434-348-4400,,https://www.svrmc.org,Residents of Sussex; justice-involved adults welcome where services allow.,Residentes de Sussex; adultos con antecedentes penales bienvenidos donde los servicios lo permitan.,Call 434-348-4400 or visit website for partner locations and hours.,Llame al 434-348-4400 o visite el sitio web para ubicaciones y horarios de aliados.,Contact for partner pantry or clinic hours,sussex|healthcare|reentry|virginia,Primary medical care|Partner referrals,Sussex,Sussex,single,accepts_criminal_record
295,Blue Ridge Area Food Bank — Warren County,food-nutrition,Front Royal / Warren,"Blue Ridge Area Food Bank — Warren County serves justice-involved adults and families rebuilding stability after incarceration in Warren County. Blue Ridge Area Food Bank serves Warren County residents through partner pantries and nutrition programs. Not a probation office or emergency cash program unless noted. Food assistance does not usually require a criminal-record disclosure; staff can help with SNAP applications and pantry locations by ZIP code. Contact this resource to confirm current intake steps, required documents, and whether walk-ins or referrals are accepted.","Blue Ridge Area Food Bank — Warren County sirve a adultos con antecedentes penales y familias que reconstruyen estabilidad después de la encarcelación en condado de Warren. La asistencia alimentaria generalmente no requiere declarar antecedentes penales; el personal puede ayudar con solicitudes SNAP y ubicaciones de despensas por código postal. Contacte este recurso para confirmar pasos de admisión, documentos requeridos y si aceptan visitas sin cita o referencias.",Partner pantry network,Front Royal,540-248-3663,,https://www.brafb.org,Residents of Warren; justice-involved adults welcome where services allow.,Residentes de Warren; adultos con antecedentes penales bienvenidos donde los servicios lo permitan.,Call 540-248-3663 or visit website for partner locations and hours.,Llame al 540-248-3663 o visite el sitio web para ubicaciones y horarios de aliados.,Contact for partner pantry or clinic hours,warren|food-nutrition|reentry|virginia,Partner referrals|SNAP enrollment|Nutrition programs,Warren,Warren,single,
296,Blue Ridge Area Food Bank — Alleghany County,food-nutrition,Covington / Alleghany,"Blue Ridge Area Food Bank — Alleghany County serves justice-involved adults and families rebuilding stability after incarceration in Alleghany County. Blue Ridge Area Food Bank partner network serves Alleghany County residents with food assistance. Not a probation office or emergency cash program unless noted. Food assistance does not usually require a criminal-record disclosure; staff can help with SNAP applications and pantry locations by ZIP code. Contact this resource to confirm current intake steps, required documents, and whether walk-ins or referrals are accepted.","Blue Ridge Area Food Bank — Alleghany County sirve a adultos con antecedentes penales y familias que reconstruyen estabilidad después de la encarcelación en condado de Alleghany. La asistencia alimentaria generalmente no requiere declarar antecedentes penales; el personal puede ayudar con solicitudes SNAP y ubicaciones de despensas por código postal. Contacte este recurso para confirmar pasos de admisión, documentos requeridos y si aceptan visitas sin cita o referencias.",Partner pantry network,Covington,540-248-3663,,https://www.brafb.org,Residents of Alleghany; justice-involved adults welcome where services allow.,Residentes de Alleghany; adultos con antecedentes penales bienvenidos donde los servicios lo permitan.,Call 540-248-3663 or visit website for partner locations and hours.,Llame al 540-248-3663 o visite el sitio web para ubicaciones y horarios de aliados.,Contact for partner pantry or clinic hours,alleghany|food-nutrition|reentry|virginia,Partner referrals|SNAP enrollment|Nutrition programs,Alleghany,Alleghany,single,
297,Blue Ridge Area Food Bank — Covington,food-nutrition,Covington / Covington,"Blue Ridge Area Food Bank — Covington serves justice-involved adults and families rebuilding stability after incarceration in Covington County. Blue Ridge Area Food Bank connects Covington city residents to pantry partners and SNAP navigation. Not a probation office or emergency cash program unless noted. Food assistance does not usually require a criminal-record disclosure; staff can help with SNAP applications and pantry locations by ZIP code. Contact this resource to confirm current intake steps, required documents, and whether walk-ins or referrals are accepted.","Blue Ridge Area Food Bank — Covington sirve a adultos con antecedentes penales y familias que reconstruyen estabilidad después de la encarcelación en condado de Covington. La asistencia alimentaria generalmente no requiere declarar antecedentes penales; el personal puede ayudar con solicitudes SNAP y ubicaciones de despensas por código postal. Contacte este recurso para confirmar pasos de admisión, documentos requeridos y si aceptan visitas sin cita o referencias.",Partner pantry network,Covington,540-248-3663,,https://www.brafb.org,Residents of Covington; justice-involved adults welcome where services allow.,Residentes de Covington; adultos con antecedentes penales bienvenidos donde los servicios lo permitan.,Call 540-248-3663 or visit website for partner locations and hours.,Llame al 540-248-3663 o visite el sitio web para ubicaciones y horarios de aliados.,Contact for partner pantry or clinic hours,covington|food-nutrition|reentry|virginia,Partner referrals|SNAP enrollment|Nutrition programs,Covington,Covington,single,
298,Blue Ridge Area Food Bank — Botetourt County,food-nutrition,Fincastle / Botetourt,"Blue Ridge Area Food Bank — Botetourt County serves justice-involved adults and families rebuilding stability after incarceration in Botetourt County. Blue Ridge Area Food Bank serves Botetourt County through partner food pantries. Not a probation office or emergency cash program unless noted. Food assistance does not usually require a criminal-record disclosure; staff can help with SNAP applications and pantry locations by ZIP code. Contact this resource to confirm current intake steps, required documents, and whether walk-ins or referrals are accepted.","Blue Ridge Area Food Bank — Botetourt County sirve a adultos con antecedentes penales y familias que reconstruyen estabilidad después de la encarcelación en condado de Botetourt. La asistencia alimentaria generalmente no requiere declarar antecedentes penales; el personal puede ayudar con solicitudes SNAP y ubicaciones de despensas por código postal. Contacte este recurso para confirmar pasos de admisión, documentos requeridos y si aceptan visitas sin cita o referencias.",Partner pantry network,Fincastle,540-248-3663,,https://www.brafb.org,Residents of Botetourt; justice-involved adults welcome where services allow.,Residentes de Botetourt; adultos con antecedentes penales bienvenidos donde los servicios lo permitan.,Call 540-248-3663 or visit website for partner locations and hours.,Llame al 540-248-3663 o visite el sitio web para ubicaciones y horarios de aliados.,Contact for partner pantry or clinic hours,botetourt|food-nutrition|reentry|virginia,Partner referrals|SNAP enrollment|Nutrition programs,Botetourt,Botetourt,single,
299,Blue Ridge Area Food Bank — Craig County,food-nutrition,New Castle / Craig,"Blue Ridge Area Food Bank — Craig County serves justice-involved adults and families rebuilding stability after incarceration in Craig County. Blue Ridge Area Food Bank connects Craig County residents to regional pantry partners. Not a probation office or emergency cash program unless noted. Food assistance does not usually require a criminal-record disclosure; staff can help with SNAP applications and pantry locations by ZIP code. Contact this resource to confirm current intake steps, required documents, and whether walk-ins or referrals are accepted.","Blue Ridge Area Food Bank — Craig County sirve a adultos con antecedentes penales y familias que reconstruyen estabilidad después de la encarcelación en condado de Craig. La asistencia alimentaria generalmente no requiere declarar antecedentes penales; el personal puede ayudar con solicitudes SNAP y ubicaciones de despensas por código postal. Contacte este recurso para confirmar pasos de admisión, documentos requeridos y si aceptan visitas sin cita o referencias.",Partner pantry network,New Castle,540-248-3663,,https://www.brafb.org,Residents of Craig; justice-involved adults welcome where services allow.,Residentes de Craig; adultos con antecedentes penales bienvenidos donde los servicios lo permitan.,Call 540-248-3663 or visit website for partner locations and hours.,Llame al 540-248-3663 o visite el sitio web para ubicaciones y horarios de aliados.,Contact for partner pantry or clinic hours,craig|food-nutrition|reentry|virginia,Partner referrals|SNAP enrollment|Nutrition programs,Craig,Craig,single,
